┏━━━━━━━┳━━━━━━━━━━┳━━━━━━━━━━┳━━━━━━━━━━━━━━━━━━━━━━━━━━━━━━━━━━━━━━━━━━━━━━━━━━━━━━━━━━━━━━━━━━━━━━━━━━━━━┳━━━━━━━━━━━━━━━━━━━━━━━━━━━━━━┳━━━━━━━┓
┃ P / R ┃ Partial  ┃ Required ┃ Net                                                                         ┃ Pin                          ┃ Layer ┃
┡━━━━━━━╇━━━━━━━━━━╇━━━━━━━━━━╇━━━━━━━━━━━━━━━━━━━━━━━━━━━━━━━━━━━━━━━━━━━━━━━━━━━━━━━━━━━━━━━━━━━━━━━━━━━━━╇━━━━━━━━━━━━━━━━━━━━━━━━━━━━━━╇━━━━━━━┩
│ 16.93 │ 6773.14  │ 400.00   │ net3050                                                                     │ _076810_/B                   │ met3  │
│ 15.32 │ 6129.71  │ 400.00   │ net816                                                                      │ wire814/A                    │ met3  │
│ 15.32 │ 6129.71  │ 400.00   │ net25419                                                                    │ wire25418/A                  │ met3  │
│ 15.32 │ 6129.71  │ 400.00   │ net25439                                                                    │ wire25438/A                  │ met3  │
│ 14.11 │ 5642.86  │ 400.00   │ net2551                                                                     │ _073878_/A0                  │ met3  │
│ 13.96 │ 5584.78  │ 400.00   │ _019835_                                                                    │ _074453_/A1                  │ met3  │
│ 13.43 │ 5370.67  │ 400.00   │ net4952                                                                     │ _073920_/B2                  │ met3  │
│ 12.31 │ 4924.74  │ 400.00   │ net8049                                                                     │ _078779_/A2                  │ met3  │
│ 11.67 │ 4668.95  │ 400.00   │ net13340                                                                    │ fanout13326/A                │ met3  │
│ 11.07 │ 4429.48  │ 400.00   │ _018685_                                                                    │ _073821_/A1                  │ met3  │
│ 10.45 │ 4178.67  │ 400.00   │ net6260                                                                     │ _089667_/A1                  │ met1  │
│ 10.32 │ 4127.05  │ 400.00   │ _022024_                                                                    │ _073377_/C                   │ met3  │
│ 10.27 │ 4108.32  │ 400.00   │ _024875_                                                                    │ _076254_/B1                  │ met3  │
│ 10.00 │ 3998.83  │ 400.00   │ net6261                                                                     │ _089663_/A1                  │ met1  │
│ 9.94  │ 3974.50  │ 400.00   │ net10513                                                                    │ _071888_/B                   │ met3  │
│ 9.93  │ 3971.77  │ 400.00   │ net3644                                                                     │ _076013_/A2_N                │ met3  │
│ 9.90  │ 3960.57  │ 400.00   │ net3026                                                                     │ _078666_/B                   │ met3  │
│ 9.71  │ 3885.28  │ 400.00   │ net2511                                                                     │ _077836_/A1                  │ met3  │
│ 9.71  │ 3885.28  │ 400.00   │ net2711                                                                     │ _077887_/A3                  │ met3  │
│ 9.71  │ 3885.28  │ 400.00   │ net3991                                                                     │ _074641_/A1                  │ met3  │
│ 9.61  │ 3845.14  │ 400.00   │ net3105                                                                     │ _073669_/A2                  │ met3  │
│ 9.49  │ 3794.48  │ 400.00   │ net4735                                                                     │ _072815_/C                   │ met3  │
│ 9.40  │ 3760.58  │ 400.00   │ net10254                                                                    │ _074459_/B1                  │ met3  │
│ 9.39  │ 3756.15  │ 400.00   │ net3920                                                                     │ _074254_/A1                  │ met3  │
│ 9.27  │ 3706.86  │ 400.00   │ net3076                                                                     │ _074953_/B1                  │ met3  │
│ 9.03  │ 3610.10  │ 400.00   │ net3755                                                                     │ _078130_/B                   │ met3  │
│ 9.00  │ 3601.33  │ 400.00   │ net3689                                                                     │ _073606_/D_N                 │ met3  │
│ 8.93  │ 3573.04  │ 400.00   │ net7698                                                                     │ _078680_/A1                  │ met3  │
│ 8.73  │ 3492.75  │ 400.00   │ net2072                                                                     │ _078701_/B2                  │ met3  │
│ 8.67  │ 3469.81  │ 400.00   │ net6671                                                                     │ _072555_/C                   │ met3  │
│ 8.67  │ 3469.81  │ 400.00   │ net6671                                                                     │ _077495_/B                   │ met3  │
│ 8.57  │ 3426.10  │ 400.00   │ net1885                                                                     │ _128334_/D                   │ met3  │
│ 8.52  │ 3409.36  │ 400.00   │ net22062                                                                    │ wire22061/A                  │ met3  │
│ 8.50  │ 3399.37  │ 400.00   │ net7672                                                                     │ _078377_/A2                  │ met3  │
│ 8.43  │ 3373.52  │ 400.00   │ net3119                                                                     │ _073153_/B                   │ met3  │
│ 8.41  │ 3363.49  │ 400.00   │ net11386                                                                    │ _078561_/A3                  │ met3  │
│ 8.29  │ 3314.42  │ 400.00   │ net11335                                                                    │ _075453_/A1                  │ met3  │
│ 8.26  │ 3305.41  │ 400.00   │ _019971_                                                                    │ _074507_/A2                  │ met3  │
│ 8.18  │ 3270.49  │ 400.00   │ net22068                                                                    │ wire22067/A                  │ met3  │
│ 8.15  │ 3260.80  │ 400.00   │ net2204                                                                     │ _077695_/B1                  │ met3  │
│ 8.13  │ 3250.86  │ 400.00   │ net14421                                                                    │ _076345_/A                   │ met3  │
│ 7.91  │ 3163.24  │ 400.00   │ _026060_                                                                    │ _077430_/C                   │ met3  │
│ 7.86  │ 3145.10  │ 400.00   │ net6356                                                                     │ _073056_/A2                  │ met3  │
│ 7.86  │ 3145.10  │ 400.00   │ net6356                                                                     │ _074709_/B                   │ met3  │
│ 7.84  │ 3135.90  │ 400.00   │ _022785_                                                                    │ _074141_/B1                  │ met3  │
│ 7.83  │ 3131.62  │ 400.00   │ net23668                                                                    │ wire23667/A                  │ met3  │
│ 7.71  │ 3083.22  │ 400.00   │ net12679                                                                    │ _074332_/A2                  │ met3  │
│ 7.71  │ 3083.22  │ 400.00   │ net12679                                                                    │ _074668_/B                   │ met3  │
│ 7.71  │ 3082.38  │ 400.00   │ _019969_                                                                    │ _077381_/B2                  │ met3  │
│ 7.69  │ 3075.62  │ 400.00   │ net4555                                                                     │ _094475_/A1                  │ met3  │
│ 7.63  │ 3051.41  │ 400.00   │ net5548                                                                     │ _079286_/A2                  │ met3  │
│ 7.61  │ 3042.36  │ 400.00   │ net7541                                                                     │ _078455_/A1                  │ met3  │
│ 7.61  │ 3042.33  │ 400.00   │ net12501                                                                    │ _072053_/B2                  │ met3  │
│ 7.52  │ 3007.13  │ 400.00   │ net14550                                                                    │ _076393_/A2                  │ met3  │
│ 7.43  │ 2971.67  │ 400.00   │ net29858                                                                    │ _100453_/A1                  │ met1  │
│ 7.41  │ 2962.92  │ 400.00   │ net2209                                                                     │ _075218_/A1                  │ met2  │
│ 7.37  │ 2948.56  │ 400.00   │ net4749                                                                     │ _077045_/B1                  │ met3  │
│ 7.37  │ 2948.56  │ 400.00   │ net8081                                                                     │ _075307_/A1                  │ met3  │
│ 7.33  │ 2933.13  │ 400.00   │ net3140                                                                     │ _075815_/A1                  │ met2  │
│ 7.33  │ 2930.84  │ 400.00   │ net10791                                                                    │ _072112_/B                   │ met3  │
│ 7.33  │ 2930.26  │ 400.00   │ yz_bram_ctrl_inst.yz_ram.u_mem.u_mem.g_2k[3\].u_cell.rdata[4\]              │ wire19600/A                  │ met3  │
│ 7.25  │ 2900.38  │ 400.00   │ _057044_                                                                    │ _116116_/A1                  │ met3  │
│ 7.25  │ 2900.38  │ 400.00   │ net14499                                                                    │ _078399_/A                   │ met3  │
│ 7.15  │ 2859.35  │ 400.00   │ net4940                                                                     │ _078412_/A2                  │ met3  │
│ 7.05  │ 2821.52  │ 400.00   │ net1682                                                                     │ _128313_/D                   │ met3  │
│ 7.04  │ 2814.74  │ 400.00   │ _021110_                                                                    │ _078412_/B1                  │ met3  │
│ 7.03  │ 2812.76  │ 400.00   │ net3029                                                                     │ _078516_/C                   │ met3  │
│ 6.94  │ 2774.69  │ 400.00   │ net10602                                                                    │ _078970_/A1                  │ met3  │
│ 6.93  │ 2770.13  │ 400.00   │ net10719                                                                    │ _074590_/A2                  │ met3  │
│ 6.93  │ 2770.13  │ 400.00   │ net23724                                                                    │ _084499_/A1                  │ met3  │
│ 6.84  │ 2737.15  │ 400.00   │ net2340                                                                     │ _076321_/A3                  │ met2  │
│ 6.82  │ 2729.03  │ 400.00   │ net4558                                                                     │ _094463_/A1                  │ met2  │
│ 6.81  │ 2725.14  │ 400.00   │ net12673                                                                    │ _077827_/B                   │ met3  │
│ 6.76  │ 2702.36  │ 400.00   │ net4561                                                                     │ _094451_/A1                  │ met2  │
│ 6.71  │ 2685.48  │ 400.00   │ _019316_                                                                    │ _072320_/A2                  │ met3  │
│ 6.71  │ 2683.96  │ 400.00   │ net4090                                                                     │ wire4088/A                   │ met2  │
│ 6.65  │ 2660.14  │ 400.00   │ net4562                                                                     │ _094447_/A1                  │ met2  │
│ 6.61  │ 2645.58  │ 400.00   │ net23479                                                                    │ wire23478/A                  │ met3  │
│ 6.61  │ 2645.33  │ 400.00   │ net11137                                                                    │ _075271_/A2                  │ met3  │
│ 6.59  │ 2636.32  │ 400.00   │ net6839                                                                     │ _073735_/A1                  │ met3  │
│ 6.52  │ 2607.59  │ 400.00   │ net10688                                                                    │ _072249_/A2                  │ met2  │
│ 6.49  │ 2596.27  │ 400.00   │ net8145                                                                     │ _074567_/A1                  │ met3  │
│ 6.48  │ 2592.00  │ 400.00   │ net4674                                                                     │ _076998_/B2                  │ met3  │
│ 6.48  │ 2591.71  │ 400.00   │ net5055                                                                     │ _076802_/B2                  │ met3  │
│ 6.44  │ 2576.15  │ 400.00   │ net21958                                                                    │ wire21957/A                  │ met3  │
│ 6.42  │ 2569.36  │ 400.00   │ net7152                                                                     │ _076498_/A1                  │ met3  │
│ 6.42  │ 2569.36  │ 400.00   │ net7152                                                                     │ _076501_/B1                  │ met3  │
│ 6.42  │ 2567.62  │ 400.00   │ net5069                                                                     │ _079006_/C                   │ met3  │
│ 6.40  │ 2560.58  │ 400.00   │ net10117                                                                    │ _074421_/B1                  │ met3  │
│ 6.40  │ 2558.98  │ 400.00   │ net8510                                                                     │ _071959_/A                   │ met3  │
│ 6.39  │ 2556.02  │ 400.00   │ net3027                                                                     │ _078629_/C1                  │ met3  │
│ 6.38  │ 2551.73  │ 400.00   │ net6647                                                                     │ _071908_/B1                  │ met3  │
│ 6.37  │ 2549.90  │ 400.00   │ _023400_                                                                    │ _074759_/C                   │ met3  │
│ 6.37  │ 2549.90  │ 400.00   │ net4560                                                                     │ _094455_/A1                  │ met3  │
│ 6.16  │ 2462.48  │ 400.00   │ net11654                                                                    │ _073183_/A1                  │ met3  │
│ 6.16  │ 2462.35  │ 400.00   │ net1883                                                                     │ _077889_/A2                  │ met3  │
│ 6.16  │ 2462.35  │ 400.00   │ net3738                                                                     │ _072313_/A2                  │ met3  │
│ 6.16  │ 2462.29  │ 400.00   │ net3091                                                                     │ _074392_/B                   │ met3  │
│ 6.09  │ 2437.28  │ 400.00   │ net6438                                                                     │ _073973_/A2_N                │ met3  │
│ 6.09  │ 2437.28  │ 400.00   │ net23584                                                                    │ wire23583/A                  │ met3  │
│ 6.03  │ 2413.41  │ 400.00   │ net8107                                                                     │ _078236_/A1                  │ met3  │
│ 5.94  │ 2377.73  │ 400.00   │ net6844                                                                     │ _072295_/A2                  │ met3  │
│ 5.94  │ 2374.67  │ 400.00   │ net4557                                                                     │ _094467_/A1                  │ met3  │
│ 5.92  │ 2368.68  │ 400.00   │ _020173_                                                                    │ _077280_/A1                  │ met3  │
│ 5.83  │ 2333.12  │ 400.00   │ net3140                                                                     │ _075815_/A1                  │ met3  │
│ 5.82  │ 2328.63  │ 400.00   │ net6915                                                                     │ _072380_/A1                  │ met3  │
│ 5.80  │ 2319.39  │ 400.00   │ net3375                                                                     │ _118136_/A1                  │ met1  │
│ 5.79  │ 2314.74  │ 400.00   │ net10684                                                                    │ _076159_/B2                  │ met2  │
│ 5.77  │ 2309.25  │ 400.00   │ net26824                                                                    │ output52/A                   │ met3  │
│ 5.77  │ 2308.56  │ 400.00   │ net10521                                                                    │ _074604_/A                   │ met3  │
│ 5.77  │ 2308.56  │ 400.00   │ net10521                                                                    │ _076142_/A2                  │ met3  │
│ 5.75  │ 2298.42  │ 400.00   │ net21936                                                                    │ wire21935/A                  │ met3  │
│ 5.75  │ 2298.42  │ 400.00   │ net22013                                                                    │ wire22012/A                  │ met3  │
│ 5.71  │ 2284.06  │ 400.00   │ _020716_                                                                    │ _073067_/A1                  │ met3  │
│ 5.71  │ 2283.93  │ 400.00   │ net6453                                                                     │ _074575_/B1                  │ met3  │
│ 5.63  │ 2252.23  │ 400.00   │ net12390                                                                    │ _073873_/B2                  │ met2  │
│ 5.63  │ 2251.95  │ 400.00   │ net2358                                                                     │ _071791_/B1                  │ met2  │
│ 5.59  │ 2237.04  │ 400.00   │ net8274                                                                     │ _072434_/A2                  │ met3  │
│ 5.59  │ 2237.04  │ 400.00   │ net8274                                                                     │ _075094_/A1                  │ met3  │
│ 5.59  │ 2234.86  │ 400.00   │ net3713                                                                     │ _076740_/B1                  │ met3  │
│ 5.54  │ 2217.27  │ 400.00   │ net10316                                                                    │ _073141_/B                   │ met3  │
│ 5.50  │ 2199.43  │ 400.00   │ _024376_                                                                    │ _075739_/C                   │ met3  │
│ 5.49  │ 2196.42  │ 400.00   │ net16349                                                                    │ _073261_/B                   │ met3  │
│ 5.49  │ 2196.42  │ 400.00   │ net16349                                                                    │ _074802_/A                   │ met3  │
│ 5.49  │ 2196.42  │ 400.00   │ net16349                                                                    │ _075659_/C                   │ met3  │
│ 5.49  │ 2195.04  │ 400.00   │ net5469                                                                     │ _074404_/A3                  │ met3  │
│ 5.49  │ 2194.84  │ 400.00   │ net4726                                                                     │ _077127_/A2                  │ met3  │
│ 5.48  │ 2190.33  │ 400.00   │ net10468                                                                    │ _071443_/B                   │ met3  │
│ 5.48  │ 2190.33  │ 400.00   │ net10468                                                                    │ _078354_/A2                  │ met3  │
│ 5.48  │ 2190.25  │ 400.00   │ net3038                                                                     │ _077877_/A3                  │ met3  │
│ 5.48  │ 2190.25  │ 400.00   │ net3127                                                                     │ _072573_/A1                  │ met3  │
│ 5.40  │ 2159.55  │ 400.00   │ net10696                                                                    │ _072765_/A2_N                │ met3  │
│ 5.40  │ 2159.55  │ 400.00   │ net23570                                                                    │ wire23569/A                  │ met3  │
│ 5.36  │ 2145.65  │ 400.00   │ net2508                                                                     │ _077862_/B1                  │ met3  │
│ 5.36  │ 2145.65  │ 400.00   │ net7585                                                                     │ _076972_/A1                  │ met3  │
│ 5.35  │ 2138.10  │ 400.00   │ net11132                                                                    │ _072630_/A                   │ met3  │
│ 5.31  │ 2123.81  │ 400.00   │ net28113                                                                    │ wire28112/A                  │ met1  │
│ 5.28  │ 2111.81  │ 400.00   │ _000074_                                                                    │ _128332_/D                   │ met3  │
│ 5.28  │ 2111.81  │ 400.00   │ _022989_                                                                    │ _074367_/B                   │ met3  │
│ 5.28  │ 2111.81  │ 400.00   │ net3903                                                                     │ _075358_/B                   │ met3  │
│ 5.27  │ 2107.89  │ 400.00   │ net28122                                                                    │ wire28121/A                  │ met1  │
│ 5.26  │ 2105.50  │ 400.00   │ net11022                                                                    │ _075857_/B2                  │ met3  │
│ 5.25  │ 2101.04  │ 400.00   │ net2507                                                                     │ _077868_/A2                  │ met3  │
│ 5.25  │ 2101.04  │ 400.00   │ net7445                                                                     │ _076562_/A2                  │ met3  │
│ 5.25  │ 2098.09  │ 400.00   │ net10040                                                                    │ _076454_/A3                  │ met2  │
│ 5.23  │ 2093.61  │ 400.00   │ QSPI_IO1                                                                    │ hold30268/A                  │ met1  │
│ 5.23  │ 2090.11  │ 400.00   │ net22189                                                                    │ wire22188/A                  │ met3  │
│ 5.19  │ 2074.28  │ 400.00   │ net5324                                                                     │ _074337_/A2                  │ met3  │
│ 5.15  │ 2061.19  │ 400.00   │ _021888_                                                                    │ _077812_/B1                  │ met3  │
│ 5.15  │ 2061.19  │ 400.00   │ net6399                                                                     │ _074336_/B1                  │ met3  │
│ 5.14  │ 2056.57  │ 400.00   │ net5080                                                                     │ _076173_/A2                  │ met3  │
│ 5.14  │ 2056.44  │ 400.00   │ _020302_                                                                    │ _071650_/A2                  │ met3  │
│ 5.14  │ 2056.44  │ 400.00   │ net4642                                                                     │ _074550_/B1                  │ met3  │
│ 5.14  │ 2056.44  │ 400.00   │ net5468                                                                     │ _075629_/A1                  │ met3  │
│ 5.14  │ 2056.44  │ 400.00   │ net7789                                                                     │ _076701_/B1                  │ met3  │
│ 5.12  │ 2047.28  │ 400.00   │ net22244                                                                    │ wire22243/A                  │ met2  │
│ 5.12  │ 2047.28  │ 400.00   │ net23591                                                                    │ wire23590/A                  │ met2  │
│ 5.12  │ 2047.28  │ 400.00   │ net23598                                                                    │ wire23597/A                  │ met2  │
│ 5.11  │ 2044.87  │ 400.00   │ net23626                                                                    │ wire23625/A                  │ met2  │
│ 5.11  │ 2044.20  │ 400.00   │ net23612                                                                    │ wire23611/A                  │ met2  │
│ 5.09  │ 2034.08  │ 400.00   │ net13857                                                                    │ _070351_/B                   │ met3  │
│ 5.09  │ 2034.08  │ 400.00   │ net13857                                                                    │ _077299_/A1                  │ met3  │
│ 5.06  │ 2024.19  │ 400.00   │ _056971_                                                                    │ _116018_/A1                  │ met3  │
│ 5.05  │ 2020.75  │ 400.00   │ net3043                                                                     │ _077693_/B1                  │ met3  │
│ 5.05  │ 2020.75  │ 400.00   │ net10768                                                                    │ _077181_/A1                  │ met3  │
│ 5.05  │ 2020.68  │ 400.00   │ net21903                                                                    │ wire21902/A                  │ met3  │
│ 5.04  │ 2016.39  │ 400.00   │ net4850                                                                     │ _074895_/B2                  │ met3  │
│ 5.04  │ 2016.29  │ 400.00   │ net8392                                                                     │ _073922_/B2                  │ met3  │
│ 4.92  │ 1967.22  │ 400.00   │ net2357                                                                     │ _071791_/B2                  │ met3  │
│ 4.92  │ 1967.22  │ 400.00   │ net3634                                                                     │ _077130_/A1                  │ met3  │
│ 4.90  │ 1958.19  │ 400.00   │ net2346                                                                     │ _074687_/B1                  │ met3  │
│ 4.88  │ 1951.25  │ 400.00   │ yz_bram_ctrl_inst.yz_ram.u_mem.u_mem.g_2k[3\].u_cell.rdata[12\]             │ wire19778/A                  │ met3  │
│ 4.85  │ 1940.56  │ 400.00   │ net8280                                                                     │ _070993_/B2                  │ met3  │
│ 4.84  │ 1937.27  │ 400.00   │ net1605                                                                     │ wire1599/A                   │ met1  │
│ 4.84  │ 1937.14  │ 400.00   │ net12484                                                                    │ _079200_/D                   │ met3  │
│ 4.84  │ 1936.57  │ 400.00   │ _020160_                                                                    │ _071508_/A1                  │ met3  │
│ 4.84  │ 1936.57  │ 400.00   │ _025426_                                                                    │ _076795_/D                   │ met3  │
│ 4.84  │ 1936.57  │ 400.00   │ net1890                                                                     │ _128317_/D                   │ met3  │
│ 4.84  │ 1936.57  │ 400.00   │ net3651                                                                     │ _075666_/D_N                 │ met3  │
│ 4.84  │ 1936.57  │ 400.00   │ net27702                                                                    │ _101949_/A1                  │ met3  │
│ 4.83  │ 1931.64  │ 400.00   │ net10118                                                                    │ _077065_/B1                  │ met3  │
│ 4.83  │ 1931.54  │ 400.00   │ net4977                                                                     │ _078761_/B1                  │ met3  │
│ 4.82  │ 1927.18  │ 400.00   │ net7447                                                                     │ _078167_/B2                  │ met3  │
│ 4.82  │ 1927.11  │ 400.00   │ _021680_                                                                    │ _073036_/A2                  │ met3  │
│ 4.80  │ 1920.56  │ 400.00   │ _055174_                                                                    │ _113722_/A1                  │ met1  │
│ 4.74  │ 1897.39  │ 400.00   │ net26410                                                                    │ output53/A                   │ met2  │
│ 4.74  │ 1897.22  │ 400.00   │ net5185                                                                     │ _074299_/A                   │ met1  │
│ 4.72  │ 1889.31  │ 400.00   │ net8168                                                                     │ _071338_/B                   │ met2  │
│ 4.72  │ 1887.09  │ 400.00   │ net5127                                                                     │ _072156_/B1                  │ met3  │
│ 4.72  │ 1886.56  │ 400.00   │ net10416                                                                    │ _075049_/B                   │ met1  │
│ 4.71  │ 1882.80  │ 400.00   │ net4664                                                                     │ _077481_/B1                  │ met3  │
│ 4.70  │ 1881.81  │ 400.00   │ net23675                                                                    │ wire23674/A                  │ met3  │
│ 4.70  │ 1878.17  │ 400.00   │ net10384                                                                    │ _072437_/A2                  │ met3  │
│ 4.70  │ 1878.01  │ 400.00   │ _024090_                                                                    │ _075453_/B1                  │ met3  │
│ 4.70  │ 1878.01  │ 400.00   │ net4581                                                                     │ _079299_/A2                  │ met3  │
│ 4.70  │ 1878.01  │ 400.00   │ net6403                                                                     │ _076217_/B1                  │ met3  │
│ 4.70  │ 1878.01  │ 400.00   │ net11109                                                                    │ _078524_/B2                  │ met3  │
│ 4.63  │ 1850.97  │ 400.00   │ net16349                                                                    │ _074802_/A                   │ met2  │
│ 4.62  │ 1848.95  │ 400.00   │ _000083_                                                                    │ _128340_/D                   │ met3  │
│ 4.60  │ 1838.67  │ 400.00   │ net10015                                                                    │ _076189_/B1                  │ met3  │
│ 4.60  │ 1838.67  │ 400.00   │ net10015                                                                    │ _077520_/D                   │ met3  │
│ 4.59  │ 1835.76  │ 400.00   │ net12364                                                                    │ _072453_/C                   │ met3  │
│ 4.59  │ 1835.76  │ 400.00   │ net12364                                                                    │ _078334_/B2                  │ met3  │
│ 4.58  │ 1833.54  │ 400.00   │ net7553                                                                     │ _078281_/B2                  │ met3  │
│ 4.58  │ 1831.13  │ 400.00   │ _026253_                                                                    │ _077687_/A1                  │ met3  │
│ 4.52  │ 1808.26  │ 400.00   │ net17925                                                                    │ fanout17880/A                │ met1  │
│ 4.48  │ 1793.26  │ 400.00   │ _020420_                                                                    │ _078757_/A2                  │ met3  │
│ 4.47  │ 1789.06  │ 400.00   │ net2471                                                                     │ _113716_/A1                  │ met1  │
│ 4.47  │ 1788.80  │ 400.00   │ _019509_                                                                    │ _072615_/B1                  │ met3  │
│ 4.47  │ 1788.80  │ 400.00   │ net6775                                                                     │ _073735_/A2                  │ met3  │
│ 4.45  │ 1781.17  │ 400.00   │ net6422                                                                     │ _072517_/B                   │ met1  │
│ 4.45  │ 1779.53  │ 400.00   │ net10300                                                                    │ _076387_/A3                  │ met3  │
│ 4.45  │ 1779.53  │ 400.00   │ net10300                                                                    │ _078048_/B                   │ met3  │
│ 4.43  │ 1770.69  │ 400.00   │ net1673                                                                     │ _128329_/D                   │ met2  │
│ 4.41  │ 1764.22  │ 400.00   │ net8498                                                                     │ _079273_/A1                  │ met3  │
│ 4.40  │ 1761.33  │ 400.00   │ net4835                                                                     │ _072254_/C_N                 │ met3  │
│ 4.39  │ 1757.71  │ 400.00   │ net7820                                                                     │ _079044_/A4                  │ met3  │
│ 4.39  │ 1757.58  │ 400.00   │ _027118_                                                                    │ _078493_/A3                  │ met3  │
│ 4.37  │ 1748.95  │ 400.00   │ net12567                                                                    │ _075410_/A2                  │ met3  │
│ 4.37  │ 1746.66  │ 400.00   │ net10829                                                                    │ _077419_/A3                  │ met2  │
│ 4.36  │ 1744.19  │ 400.00   │ net2506                                                                     │ _078041_/B1                  │ met3  │
│ 4.36  │ 1744.19  │ 400.00   │ net11257                                                                    │ _073809_/A2                  │ met3  │
│ 4.36  │ 1743.00  │ 400.00   │ net10327                                                                    │ _073116_/B1                  │ met2  │
│ 4.36  │ 1742.94  │ 400.00   │ net21886                                                                    │ wire21885/A                  │ met3  │
│ 4.30  │ 1720.37  │ 400.00   │ net5010                                                                     │ _077535_/B                   │ met3  │
│ 4.30  │ 1720.37  │ 400.00   │ net5010                                                                     │ _077891_/A2                  │ met3  │
│ 4.27  │ 1708.77  │ 400.00   │ net10154                                                                    │ _078533_/B1                  │ met3  │
│ 4.26  │ 1704.21  │ 400.00   │ net6935                                                                     │ _075251_/A2                  │ met3  │
│ 4.26  │ 1704.18  │ 400.00   │ _019952_                                                                    │ _076313_/A2                  │ met3  │
│ 4.26  │ 1704.05  │ 400.00   │ _021060_                                                                    │ _072410_/C1                  │ met3  │
│ 4.26  │ 1704.05  │ 400.00   │ net11104                                                                    │ _070316_/B                   │ met3  │
│ 4.26  │ 1702.42  │ 400.00   │ net5025                                                                     │ _078552_/C                   │ met1  │
│ 4.25  │ 1700.47  │ 400.00   │ net701                                                                      │ _113741_/B                   │ met1  │
│ 4.25  │ 1699.88  │ 400.00   │ net6940                                                                     │ _074570_/A2                  │ met3  │
│ 4.25  │ 1699.59  │ 400.00   │ _024201_                                                                    │ _075569_/A3                  │ met3  │
│ 4.25  │ 1699.59  │ 400.00   │ net10119                                                                    │ _072106_/B2                  │ met3  │
│ 4.24  │ 1697.31  │ 400.00   │ net2515                                                                     │ _077373_/B1                  │ met3  │
│ 4.24  │ 1697.31  │ 400.00   │ net2515                                                                     │ _077414_/C1                  │ met3  │
│ 4.21  │ 1682.48  │ 400.00   │ net11884                                                                    │ _072096_/B                   │ met3  │
│ 4.19  │ 1676.59  │ 400.00   │ clknet_6_46__leaf_clk_i_regs                                                │ _128324_/CLK                 │ met2  │
│ 4.18  │ 1673.71  │ 400.00   │ net3748                                                                     │ _072203_/C                   │ met3  │
│ 4.18  │ 1673.71  │ 400.00   │ net6802                                                                     │ _076991_/C                   │ met3  │
│ 4.18  │ 1673.71  │ 400.00   │ net10378                                                                    │ _074300_/C                   │ met3  │
│ 4.18  │ 1673.51  │ 400.00   │ _021847_                                                                    │ _073200_/A2                  │ met3  │
│ 4.16  │ 1664.80  │ 400.00   │ net5142                                                                     │ _076153_/A3                  │ met2  │
│ 4.16  │ 1663.40  │ 400.00   │ net1987                                                                     │ fanout1975/A                 │ met1  │
│ 4.16  │ 1662.54  │ 400.00   │ _024875_                                                                    │ _076254_/B1                  │ met2  │
│ 4.16  │ 1662.01  │ 400.00   │ net3227                                                                     │ wire3226/A                   │ met2  │
│ 4.15  │ 1661.24  │ 400.00   │ net10575                                                                    │ _077431_/C                   │ met3  │
│ 4.15  │ 1661.24  │ 400.00   │ net10575                                                                    │ _078725_/A2                  │ met3  │
│ 4.15  │ 12301.71 │ 2964.40  │ _024621_                                                                    │ _076067_/A_N                 │ met4  │
│ 4.15  │ 1659.54  │ 400.00   │ _019412_                                                                    │ _078481_/A3                  │ met3  │
│ 4.15  │ 1659.46  │ 400.00   │ net7415                                                                     │ _074528_/A2                  │ met3  │
│ 4.14  │ 1656.36  │ 400.00   │ net28104                                                                    │ wire28103/A                  │ met1  │
│ 4.14  │ 1655.27  │ 400.00   │ net10139                                                                    │ _076753_/B1                  │ met3  │
│ 4.14  │ 1654.98  │ 400.00   │ _024116_                                                                    │ _075485_/B1                  │ met3  │
│ 4.14  │ 1654.98  │ 400.00   │ _024289_                                                                    │ _075652_/B1                  │ met3  │
│ 4.14  │ 1654.98  │ 400.00   │ _026072_                                                                    │ _077442_/A2                  │ met3  │
│ 4.14  │ 1654.98  │ 400.00   │ net6296                                                                     │ _077117_/A2                  │ met3  │
│ 4.11  │ 1645.31  │ 400.00   │ net24                                                                       │ _063869_/C                   │ met1  │
│ 4.11  │ 1643.93  │ 400.00   │ net29740                                                                    │ wire29739/A                  │ met1  │
│ 4.10  │ 1639.33  │ 400.00   │ net3323                                                                     │ wire3322/A                   │ met2  │
│ 4.07  │ 1628.32  │ 400.00   │ net5152                                                                     │ _073471_/A2                  │ met3  │
│ 4.05  │ 1621.58  │ 400.00   │ _024712_                                                                    │ _076076_/A2                  │ met2  │
│ 4.04  │ 1614.97  │ 400.00   │ net6888                                                                     │ _072088_/B1                  │ met3  │
│ 4.04  │ 1614.80  │ 400.00   │ net4653                                                                     │ _075763_/B2                  │ met3  │
│ 4.04  │ 1614.80  │ 400.00   │ net4653                                                                     │ _078619_/B1                  │ met3  │
│ 4.03  │ 1610.38  │ 400.00   │ _024106_                                                                    │ _075486_/A3                  │ met3  │
│ 4.03  │ 1610.38  │ 400.00   │ net3112                                                                     │ _073356_/C1                  │ met3  │
│ 4.03  │ 1610.38  │ 400.00   │ net8187                                                                     │ _074875_/A1                  │ met3  │
│ 3.99  │ 1595.17  │ 400.00   │ net17082                                                                    │ _078409_/B                   │ met3  │
│ 3.99  │ 1594.86  │ 400.00   │ net5403                                                                     │ _073397_/B                   │ met3  │
│ 3.97  │ 1589.03  │ 400.00   │ net2900                                                                     │ wire2898/A                   │ met2  │
│ 3.97  │ 1589.03  │ 400.00   │ net2900                                                                     │ load_slew2899/A              │ met2  │
│ 3.97  │ 1586.10  │ 400.00   │ net8265                                                                     │ _076741_/A                   │ met3  │
│ 3.96  │ 1582.92  │ 400.00   │ net2690                                                                     │ _079177_/D_N                 │ met2  │
│ 3.95  │ 1580.81  │ 400.00   │ net5103                                                                     │ _071434_/A3                  │ met3  │
│ 3.95  │ 1580.81  │ 400.00   │ net5103                                                                     │ _076720_/A1_N                │ met3  │
│ 3.94  │ 1576.84  │ 400.00   │ _023549_                                                                    │ _074908_/B1                  │ met2  │
│ 3.94  │ 1574.82  │ 400.00   │ net4702                                                                     │ _077875_/B1                  │ met3  │
│ 3.92  │ 1566.94  │ 400.00   │ net11333                                                                    │ _071542_/A1                  │ met2  │
│ 3.91  │ 1565.90  │ 400.00   │ _019915_                                                                    │ _072489_/A3                  │ met3  │
│ 3.91  │ 1565.77  │ 400.00   │ _020827_                                                                    │ _072176_/B1                  │ met3  │
│ 3.91  │ 1565.77  │ 400.00   │ net7421                                                                     │ _078412_/B2                  │ met3  │
│ 3.91  │ 1564.38  │ 400.00   │ net27808                                                                    │ _089762_/A3                  │ met1  │
│ 3.90  │ 1559.30  │ 400.00   │ _023242_                                                                    │ _074603_/A2                  │ met2  │
│ 3.89  │ 1554.69  │ 400.00   │ _027315_                                                                    │ _078692_/B                   │ met1  │
│ 3.85  │ 1541.79  │ 400.00   │ net12582                                                                    │ _072822_/A1_N                │ met3  │
│ 3.85  │ 1540.69  │ 400.00   │ net6648                                                                     │ _075733_/C                   │ met2  │
│ 3.84  │ 1534.84  │ 400.00   │ net4823                                                                     │ _075775_/B2                  │ met3  │
│ 3.84  │ 1534.64  │ 400.00   │ net5442                                                                     │ _070593_/A1_N                │ met3  │
│ 3.83  │ 1530.08  │ 400.00   │ net7246                                                                     │ _074000_/B2                  │ met3  │
│ 3.81  │ 1523.21  │ 400.00   │ net3779                                                                     │ _076450_/A2                  │ met2  │
│ 3.81  │ 1522.69  │ 400.00   │ net16830                                                                    │ fanout16813/A                │ met3  │
│ 3.80  │ 1521.29  │ 400.00   │ net4753                                                                     │ _077644_/B2                  │ met3  │
│ 3.80  │ 1521.16  │ 400.00   │ net6575                                                                     │ _078599_/B2                  │ met3  │
│ 3.80  │ 1521.16  │ 400.00   │ net11024                                                                    │ _076142_/A1                  │ met3  │
│ 3.80  │ 1521.16  │ 400.00   │ net12943                                                                    │ _075314_/A1                  │ met3  │
│ 3.80  │ 1520.15  │ 400.00   │ net11218                                                                    │ _070922_/B                   │ met1  │
│ 3.80  │ 1518.86  │ 400.00   │ net12398                                                                    │ _073061_/C                   │ met1  │
│ 3.77  │ 1506.25  │ 400.00   │ _021937_                                                                    │ _073299_/B                   │ met2  │
│ 3.77  │ 1506.25  │ 400.00   │ net3217                                                                     │ _114366_/A1                  │ met2  │
│ 3.75  │ 1499.02  │ 400.00   │ net24098                                                                    │ _066341_/A1                  │ met1  │
│ 3.75  │ 1498.96  │ 400.00   │ net11647                                                                    │ _077472_/A1                  │ met3  │
│ 3.75  │ 1498.89  │ 400.00   │ net5575                                                                     │ _077128_/A1                  │ met3  │
│ 3.71  │ 1485.48  │ 400.00   │ _026729_                                                                    │ _078190_/C1                  │ met3  │
│ 3.71  │ 1483.97  │ 400.00   │ net10244                                                                    │ _075580_/D                   │ met3  │
│ 3.71  │ 1483.97  │ 400.00   │ net10244                                                                    │ _076973_/A1                  │ met3  │
│ 3.69  │ 1476.56  │ 400.00   │ net11487                                                                    │ _073658_/A1                  │ met3  │
│ 3.69  │ 1476.56  │ 400.00   │ net14683                                                                    │ _074601_/A1                  │ met3  │
│ 3.69  │ 1474.31  │ 400.00   │ axi_instr_bram_rdata[17\]                                                   │ _063024_/A1                  │ met3  │
│ 3.69  │ 1474.31  │ 400.00   │ axi_instr_bram_rdata[17\]                                                   │ _105404_/A1                  │ met3  │
│ 3.69  │ 1474.28  │ 400.00   │ net11383                                                                    │ _078376_/A1                  │ met3  │
│ 3.67  │ 1467.16  │ 400.00   │ net2800                                                                     │ wire2798/A                   │ met2  │
│ 3.67  │ 1467.16  │ 400.00   │ net2800                                                                     │ load_slew2799/A              │ met2  │
│ 3.66  │ 1463.34  │ 400.00   │ net6954                                                                     │ _071392_/A1                  │ met3  │
│ 3.66  │ 1463.34  │ 400.00   │ net6954                                                                     │ _073649_/B                   │ met3  │
│ 3.66  │ 1463.34  │ 400.00   │ net6954                                                                     │ _078393_/A2                  │ met3  │
│ 3.65  │ 1460.14  │ 400.00   │ net8166                                                                     │ _070331_/B1                  │ met3  │
│ 3.65  │ 1460.14  │ 400.00   │ net8166                                                                     │ _070670_/B                   │ met3  │
│ 3.65  │ 1460.14  │ 400.00   │ net8166                                                                     │ _078506_/B1                  │ met3  │
│ 3.65  │ 1458.81  │ 400.00   │ net8100                                                                     │ _073662_/A2                  │ met3  │
│ 3.65  │ 1458.81  │ 400.00   │ net8100                                                                     │ _073723_/A1                  │ met3  │
│ 3.63  │ 1452.07  │ 400.00   │ net8364                                                                     │ _072764_/A1                  │ met3  │
│ 3.63  │ 1452.07  │ 400.00   │ net8364                                                                     │ _074897_/A1                  │ met3  │
│ 3.62  │ 1448.24  │ 400.00   │ net4917                                                                     │ _071934_/B1                  │ met3  │
│ 3.62  │ 1448.24  │ 400.00   │ net4917                                                                     │ _074058_/B1                  │ met3  │
│ 3.62  │ 1448.24  │ 400.00   │ net4917                                                                     │ _077527_/A2                  │ met3  │
│ 3.61  │ 1445.33  │ 400.00   │ net3045                                                                     │ _077178_/A2                  │ met3  │
│ 3.61  │ 10658.11 │ 2956.40  │ _023865_                                                                    │ _075233_/A1                  │ met4  │
│ 3.60  │ 1441.67  │ 400.00   │ cpu_inst.CORE.core_i.alu_operand_b_ex[29\]                                  │ _101996_/A1                  │ met1  │
│ 3.60  │ 1439.53  │ 400.00   │ _009912_                                                                    │ _062393_/B                   │ met1  │
│ 3.60  │ 1438.69  │ 400.00   │ net16076                                                                    │ _071150_/A                   │ met3  │
│ 3.60  │ 1438.69  │ 400.00   │ net16076                                                                    │ _074922_/A2                  │ met3  │
│ 3.59  │ 1436.51  │ 400.00   │ net7043                                                                     │ _077113_/A2                  │ met3  │
│ 3.59  │ 1436.44  │ 400.00   │ net14126                                                                    │ _073549_/A1                  │ met3  │
│ 3.59  │ 1436.41  │ 400.00   │ net10631                                                                    │ _076038_/A2                  │ met3  │
│ 3.59  │ 1436.41  │ 400.00   │ net13007                                                                    │ _077921_/A1                  │ met3  │
│ 3.59  │ 1435.67  │ 400.00   │ net3139                                                                     │ _075049_/C                   │ met1  │
│ 3.58  │ 1431.95  │ 400.00   │ net6352                                                                     │ _074419_/B1                  │ met3  │
│ 3.58  │ 1431.95  │ 400.00   │ net6907                                                                     │ _071482_/A2                  │ met3  │
│ 3.58  │ 1431.95  │ 400.00   │ net14300                                                                    │ _076145_/B2                  │ met3  │
│ 3.57  │ 1429.53  │ 400.00   │ _026471_                                                                    │ _077843_/D                   │ met1  │
│ 3.57  │ 1427.75  │ 400.00   │ net6648                                                                     │ _073350_/B1                  │ met3  │
│ 3.57  │ 1427.75  │ 400.00   │ net6648                                                                     │ _075733_/C                   │ met3  │
│ 3.55  │ 1421.82  │ 400.00   │ net8098                                                                     │ _070407_/C                   │ met3  │
│ 3.55  │ 1421.82  │ 400.00   │ net8098                                                                     │ _073822_/A1                  │ met3  │
│ 3.55  │ 1419.62  │ 400.00   │ net3813                                                                     │ _071475_/B                   │ met3  │
│ 3.54  │ 1416.10  │ 400.00   │ net18626                                                                    │ fanout18575/A                │ met3  │
│ 3.53  │ 1412.66  │ 400.00   │ net7363                                                                     │ _076423_/A2                  │ met2  │
│ 3.53  │ 1410.95  │ 400.00   │ net10252                                                                    │ _078682_/A2                  │ met2  │
│ 3.53  │ 1410.86  │ 400.00   │ _023274_                                                                    │ _074633_/A0                  │ met3  │
│ 3.53  │ 1410.86  │ 400.00   │ _024334_                                                                    │ _075697_/D                   │ met3  │
│ 3.53  │ 1410.86  │ 400.00   │ _026874_                                                                    │ _078251_/A                   │ met3  │
│ 3.53  │ 1410.86  │ 400.00   │ net6343                                                                     │ _078845_/B                   │ met3  │
│ 3.52  │ 1407.50  │ 400.00   │ net6719                                                                     │ _075658_/A2                  │ met3  │
│ 3.52  │ 1407.50  │ 400.00   │ net6719                                                                     │ _078325_/A2                  │ met3  │
│ 3.50  │ 1401.25  │ 400.00   │ net11121                                                                    │ _077827_/C                   │ met1  │
│ 3.50  │ 1400.86  │ 400.00   │ net10532                                                                    │ _070906_/B2                  │ met3  │
│ 3.49  │ 1396.27  │ 400.00   │ net4939                                                                     │ _077237_/B1                  │ met3  │
│ 3.49  │ 1395.77  │ 400.00   │ yz_bram_ctrl_inst.yz_ram.u_mem.u_mem.g_1k.u_cell.rdata[0\]                  │ wire20797/A                  │ met3  │
│ 3.48  │ 1393.08  │ 400.00   │ net4100                                                                     │ _113841_/B                   │ met1  │
│ 3.48  │ 1392.29  │ 400.00   │ net10076                                                                    │ _075863_/B1                  │ met3  │
│ 3.48  │ 1391.94  │ 400.00   │ net7365                                                                     │ _071002_/B1                  │ met3  │
│ 3.48  │ 1391.94  │ 400.00   │ net11327                                                                    │ _076711_/B1                  │ met3  │
│ 3.48  │ 1391.81  │ 400.00   │ net6521                                                                     │ _075035_/A1                  │ met3  │
│ 3.47  │ 1389.61  │ 400.00   │ net2553                                                                     │ _073870_/A3                  │ met2  │
│ 3.47  │ 1387.64  │ 400.00   │ _020486_                                                                    │ _077634_/A3                  │ met3  │
│ 3.47  │ 1387.51  │ 400.00   │ net4717                                                                     │ _073016_/B1                  │ met3  │
│ 3.47  │ 1387.51  │ 400.00   │ net6518                                                                     │ _072338_/A1                  │ met3  │
│ 3.47  │ 1387.36  │ 400.00   │ net15937                                                                    │ _114230_/A1                  │ met2  │
│ 3.47  │ 1387.35  │ 400.00   │ _019821_                                                                    │ _071279_/B2                  │ met3  │
│ 3.47  │ 1387.35  │ 400.00   │ _020148_                                                                    │ _077666_/A2                  │ met3  │
│ 3.47  │ 1387.35  │ 400.00   │ net2718                                                                     │ _076945_/A3                  │ met3  │
│ 3.47  │ 1387.35  │ 400.00   │ net2772                                                                     │ _072573_/B2                  │ met3  │
│ 3.47  │ 1387.35  │ 400.00   │ net6916                                                                     │ _077132_/A1                  │ met3  │
│ 3.47  │ 1387.35  │ 400.00   │ net7168                                                                     │ _071323_/B1                  │ met3  │
│ 3.47  │ 1387.35  │ 400.00   │ net7910                                                                     │ _074871_/B2                  │ met3  │
│ 3.47  │ 1387.35  │ 400.00   │ net8269                                                                     │ _074919_/A1                  │ met3  │
│ 3.47  │ 1387.30  │ 400.00   │ net4628                                                                     │ _075304_/B1                  │ met3  │
│ 3.47  │ 1387.30  │ 400.00   │ net4628                                                                     │ _075541_/B1                  │ met3  │
│ 3.43  │ 1371.79  │ 400.00   │ net4931                                                                     │ _074135_/A3                  │ met2  │
│ 3.42  │ 1367.37  │ 400.00   │ net12499                                                                    │ _072640_/A1                  │ met3  │
│ 3.42  │ 1367.37  │ 400.00   │ net12499                                                                    │ _074724_/A2                  │ met3  │
│ 3.40  │ 1360.69  │ 400.00   │ net1680                                                                     │ _128316_/D                   │ met2  │
│ 3.39  │ 1356.50  │ 400.00   │ _020343_                                                                    │ _072590_/A                   │ met1  │
│ 3.38  │ 1351.95  │ 400.00   │ net22030                                                                    │ wire22029/A                  │ met1  │
│ 3.36  │ 1342.90  │ 400.00   │ net8070                                                                     │ _077433_/A1                  │ met3  │
│ 3.36  │ 1342.74  │ 400.00   │ net5424                                                                     │ _079028_/A3                  │ met3  │
│ 3.36  │ 1342.74  │ 400.00   │ net7913                                                                     │ _072364_/A2                  │ met3  │
│ 3.36  │ 1342.74  │ 400.00   │ net12614                                                                    │ _078341_/C1                  │ met3  │
│ 3.34  │ 1336.32  │ 400.00   │ net8146                                                                     │ _072465_/B1                  │ met3  │
│ 3.34  │ 1336.32  │ 400.00   │ net8146                                                                     │ _073468_/A1                  │ met3  │
│ 3.34  │ 1334.54  │ 400.00   │ net971                                                                      │ wire969/A                    │ met2  │
│ 3.33  │ 1333.75  │ 400.00   │ net7936                                                                     │ _076009_/B                   │ met2  │
│ 3.33  │ 1332.25  │ 400.00   │ net4978                                                                     │ _078211_/A                   │ met3  │
│ 3.33  │ 1332.25  │ 400.00   │ net7917                                                                     │ _073646_/B                   │ met3  │
│ 3.32  │ 1326.34  │ 400.00   │ yz_bram_ctrl_inst.yz_ram.u_mem.u_mem.g_2k[1\].u_cell.rdata[15\]             │ wire20017/A                  │ met3  │
│ 3.32  │ 1326.34  │ 400.00   │ net22444                                                                    │ wire22443/A                  │ met3  │
│ 3.30  │ 9743.24  │ 2956.40  │ _000083_                                                                    │ _128340_/D                   │ met4  │
│ 3.28  │ 1311.26  │ 400.00   │ net3991                                                                     │ _074641_/A1                  │ met2  │
│ 3.26  │ 1302.88  │ 400.00   │ net3714                                                                     │ _077210_/B2                  │ met3  │
│ 3.26  │ 1302.76  │ 400.00   │ net6724                                                                     │ _076159_/A2                  │ met3  │
│ 3.26  │ 1302.76  │ 400.00   │ net10314                                                                    │ _077707_/B1                  │ met3  │
│ 3.26  │ 1302.72  │ 400.00   │ net5479                                                                     │ _072067_/A1                  │ met3  │
│ 3.26  │ 1302.72  │ 400.00   │ net7141                                                                     │ _074652_/A1                  │ met3  │
│ 3.26  │ 1302.59  │ 400.00   │ net2757                                                                     │ _074503_/B1                  │ met3  │
│ 3.26  │ 1302.59  │ 400.00   │ net8393                                                                     │ _073837_/B2                  │ met3  │
│ 3.25  │ 1300.72  │ 400.00   │ net16728                                                                    │ fanout16657/A                │ met3  │
│ 3.25  │ 1300.72  │ 400.00   │ net16728                                                                    │ fanout16669/A                │ met3  │
│ 3.25  │ 1298.29  │ 400.00   │ net5583                                                                     │ _071484_/A1                  │ met3  │
│ 3.25  │ 1298.13  │ 400.00   │ _027266_                                                                    │ _078641_/A2                  │ met3  │
│ 3.25  │ 1298.13  │ 400.00   │ net8026                                                                     │ _078693_/A1                  │ met3  │
│ 3.24  │ 1297.53  │ 400.00   │ net769                                                                      │ wire767/A                    │ met1  │
│ 3.24  │ 1297.53  │ 400.00   │ net769                                                                      │ load_slew768/A               │ met1  │
│ 3.24  │ 1295.83  │ 400.00   │ net7583                                                                     │ _070822_/A2                  │ met2  │
│ 3.23  │ 1293.85  │ 400.00   │ net11455                                                                    │ _071788_/A1                  │ met2  │
│ 3.23  │ 1291.75  │ 400.00   │ _019340_                                                                    │ _077529_/B1                  │ met2  │
│ 3.22  │ 1287.39  │ 400.00   │ net4558                                                                     │ _094463_/A1                  │ met1  │
│ 3.22  │ 1287.19  │ 400.00   │ net7936                                                                     │ _076009_/B                   │ met1  │
│ 3.22  │ 1287.08  │ 400.00   │ net8068                                                                     │ _074473_/B2                  │ met3  │
│ 3.22  │ 1287.08  │ 400.00   │ net8068                                                                     │ _078351_/A1                  │ met3  │
│ 3.20  │ 1278.03  │ 400.00   │ net10149                                                                    │ _073863_/A2                  │ met3  │
│ 3.20  │ 1278.03  │ 400.00   │ net10149                                                                    │ _076398_/B1                  │ met3  │
│ 3.20  │ 1278.01  │ 400.00   │ net6932                                                                     │ _075607_/A2                  │ met3  │
│ 3.20  │ 1278.01  │ 400.00   │ net6932                                                                     │ _075859_/A2                  │ met3  │
│ 3.19  │ 1275.78  │ 400.00   │ _014207_                                                                    │ _079375_/A0                  │ met1  │
│ 3.19  │ 1275.09  │ 400.00   │ net7745                                                                     │ _078134_/B                   │ met1  │
│ 3.19  │ 1274.07  │ 400.00   │ net4836                                                                     │ _076001_/A2                  │ met2  │
│ 3.18  │ 1273.65  │ 400.00   │ net7973                                                                     │ _075127_/A2                  │ met3  │
│ 3.18  │ 1273.65  │ 400.00   │ net7973                                                                     │ _076207_/B2                  │ met3  │
│ 3.17  │ 1269.34  │ 400.00   │ net10457                                                                    │ _074482_/B1                  │ met1  │
│ 3.16  │ 1264.67  │ 400.00   │ net27697                                                                    │ _102006_/A1                  │ met1  │
│ 3.14  │ 9296.38  │ 2956.40  │ _019163_                                                                    │ _070510_/C_N                 │ met4  │
│ 3.14  │ 1256.91  │ 400.00   │ yz_bram_ctrl_inst.yz_ram.u_mem.u_mem.g_2k[2\].u_cell.rdata[31\]             │ wire19803/A                  │ met3  │
│ 3.14  │ 1256.91  │ 400.00   │ net7221                                                                     │ _072822_/B2                  │ met3  │
│ 3.14  │ 1256.91  │ 400.00   │ clknet_6_46__leaf_clk_i_regs                                                │ _128324_/CLK                 │ met3  │
│ 3.13  │ 1253.53  │ 400.00   │ net7914                                                                     │ _078099_/A1                  │ met3  │
│ 3.13  │ 1253.53  │ 400.00   │ net8028                                                                     │ _076179_/B2                  │ met3  │
│ 3.13  │ 1253.53  │ 400.00   │ net10990                                                                    │ _078260_/A2                  │ met3  │
│ 3.13  │ 1253.53  │ 400.00   │ net11372                                                                    │ _070116_/C1                  │ met3  │
│ 3.11  │ 1244.27  │ 400.00   │ _019617_                                                                    │ _070964_/B                   │ met1  │
│ 3.10  │ 1238.01  │ 400.00   │ net3342                                                                     │ _067727_/A1                  │ met2  │
│ 3.09  │ 1237.93  │ 400.00   │ net7749                                                                     │ _074720_/A                   │ met3  │
│ 3.09  │ 1235.64  │ 400.00   │ net5564                                                                     │ _072611_/A2                  │ met3  │
│ 3.09  │ 1235.64  │ 400.00   │ net5564                                                                     │ _075477_/A1                  │ met3  │
│ 3.09  │ 1235.62  │ 400.00   │ net12437                                                                    │ _078516_/B                   │ met3  │
│ 3.08  │ 1233.61  │ 400.00   │ _020998_                                                                    │ _077865_/A2                  │ met2  │
│ 3.08  │ 1231.32  │ 400.00   │ net5056                                                                     │ _071827_/A2                  │ met3  │
│ 3.08  │ 1231.32  │ 400.00   │ net5056                                                                     │ _073687_/B1                  │ met3  │
│ 3.06  │ 1223.78  │ 400.00   │ net3139                                                                     │ _075049_/C                   │ met3  │
│ 3.06  │ 1223.78  │ 400.00   │ net3139                                                                     │ _075331_/A1                  │ met3  │
│ 3.05  │ 1218.06  │ 400.00   │ net11458                                                                    │ _071040_/B                   │ met3  │
│ 3.05  │ 1218.06  │ 400.00   │ net11458                                                                    │ _074911_/A1                  │ met3  │
│ 3.04  │ 1217.97  │ 400.00   │ net10253                                                                    │ _073629_/A2                  │ met3  │
│ 3.04  │ 1216.13  │ 400.00   │ net7870                                                                     │ _078588_/A2                  │ met2  │
│ 3.03  │ 1213.48  │ 400.00   │ net6575                                                                     │ _078272_/B1                  │ met3  │
│ 3.03  │ 1213.38  │ 400.00   │ net3631                                                                     │ _077724_/A2                  │ met3  │
│ 3.03  │ 1213.38  │ 400.00   │ net3737                                                                     │ _073140_/B1                  │ met3  │
│ 3.03  │ 1213.38  │ 400.00   │ net6322                                                                     │ _073710_/B                   │ met3  │
│ 3.03  │ 1213.38  │ 400.00   │ net8070                                                                     │ _073016_/A1                  │ met3  │
│ 3.02  │ 1209.03  │ 400.00   │ net8077                                                                     │ _071291_/B                   │ met3  │
│ 3.02  │ 1209.03  │ 400.00   │ net8077                                                                     │ _077857_/A1                  │ met3  │
│ 3.02  │ 1208.94  │ 400.00   │ net10533                                                                    │ _075818_/A2                  │ met3  │
│ 3.02  │ 1208.94  │ 400.00   │ net10533                                                                    │ _078276_/A1                  │ met3  │
│ 3.02  │ 1208.92  │ 400.00   │ _024461_                                                                    │ _075846_/B1                  │ met3  │
│ 3.02  │ 1208.92  │ 400.00   │ net11461                                                                    │ _073802_/B2                  │ met3  │
│ 3.01  │ 1205.25  │ 400.00   │ net3806                                                                     │ _075069_/A_N                 │ met1  │
│ 3.01  │ 1204.45  │ 400.00   │ net22112                                                                    │ wire22111/A                  │ met1  │
│ 2.99  │ 1196.22  │ 400.00   │ net3487                                                                     │ _113944_/A1                  │ met1  │
│ 2.97  │ 1187.47  │ 400.00   │ yz_bram_ctrl_inst.yz_ram.u_mem.u_mem.g_2k[3\].u_cell.rdata[10\]             │ wire19793/A                  │ met3  │
│ 2.96  │ 1185.59  │ 400.00   │ net14989                                                                    │ fanout14966/A                │ met3  │
│ 2.96  │ 1184.57  │ 400.00   │ net4057                                                                     │ wire4056/A                   │ met2  │
│ 2.95  │ 1178.82  │ 400.00   │ net6526                                                                     │ _072093_/A3                  │ met3  │
│ 2.95  │ 1178.82  │ 400.00   │ net6526                                                                     │ _073646_/C                   │ met3  │
│ 2.95  │ 1178.82  │ 400.00   │ net6526                                                                     │ _078131_/A2                  │ met3  │
│ 2.95  │ 1178.74  │ 400.00   │ net23689                                                                    │ wire23688/A                  │ met1  │
│ 2.94  │ 1177.89  │ 400.00   │ net6414                                                                     │ _076658_/B2                  │ met3  │
│ 2.94  │ 1174.66  │ 400.00   │ net2703                                                                     │ _078441_/B1                  │ met2  │
│ 2.93  │ 1173.78  │ 400.00   │ _021527_                                                                    │ _072878_/A2_N                │ met1  │
│ 2.93  │ 1173.37  │ 400.00   │ net11291                                                                    │ _075819_/B2                  │ met3  │
│ 2.93  │ 1173.37  │ 400.00   │ net13008                                                                    │ _075334_/B2                  │ met3  │
│ 2.93  │ 1170.34  │ 400.00   │ conv_accelerator_inst.acc[173\]                                             │ _088789_/A0                  │ met1  │
│ 2.92  │ 1168.78  │ 400.00   │ net6298                                                                     │ _075269_/A3                  │ met3  │
│ 2.91  │ 1164.78  │ 400.00   │ net3424                                                                     │ _084528_/A1                  │ met1  │
│ 2.91  │ 1164.33  │ 400.00   │ net11848                                                                    │ _078124_/A2                  │ met3  │
│ 2.91  │ 1164.33  │ 400.00   │ net11848                                                                    │ _078176_/A1                  │ met3  │
│ 2.91  │ 1164.32  │ 400.00   │ _018950_                                                                    │ _071426_/A2                  │ met3  │
│ 2.91  │ 1164.32  │ 400.00   │ _020000_                                                                    │ _073365_/A1                  │ met3  │
│ 2.91  │ 1164.32  │ 400.00   │ _021888_                                                                    │ _076465_/B2                  │ met3  │
│ 2.91  │ 1164.32  │ 400.00   │ net4692                                                                     │ _077797_/B1                  │ met3  │
│ 2.91  │ 1164.32  │ 400.00   │ net5448                                                                     │ _071826_/B                   │ met3  │
│ 2.91  │ 1164.32  │ 400.00   │ net8390                                                                     │ _070116_/A2                  │ met3  │
│ 2.91  │ 1162.04  │ 400.00   │ net11407                                                                    │ _074441_/A1                  │ met3  │
│ 2.90  │ 1161.50  │ 400.00   │ net3996                                                                     │ _069296_/C_N                 │ met2  │
│ 2.90  │ 1158.95  │ 400.00   │ net6917                                                                     │ _076822_/A2                  │ met1  │
│ 2.89  │ 1156.76  │ 400.00   │ net16976                                                                    │ _071625_/A                   │ met3  │
│ 2.87  │ 1148.32  │ 400.00   │ net6925                                                                     │ _074884_/B                   │ met3  │
│ 2.86  │ 1144.94  │ 400.00   │ net7701                                                                     │ _075679_/B2                  │ met3  │
│ 2.86  │ 1144.94  │ 400.00   │ net7701                                                                     │ _076727_/C                   │ met3  │
│ 2.86  │ 1144.94  │ 400.00   │ net7701                                                                     │ _077873_/A1                  │ met3  │
│ 2.86  │ 1144.19  │ 400.00   │ net2073                                                                     │ _078454_/A3                  │ met3  │
│ 2.86  │ 1142.03  │ 400.00   │ net4991                                                                     │ _075814_/A2                  │ met3  │
│ 2.86  │ 1142.03  │ 400.00   │ net4991                                                                     │ _077875_/A2                  │ met3  │
│ 2.85  │ 1139.37  │ 400.00   │ data_bram_ctrl_inst.data_ram.u_mem.g_2k[1\].u_cell.rdata[2\]                │ _113624_/A1                  │ met4  │
│ 2.85  │ 1139.31  │ 400.00   │ net21964                                                                    │ wire21963/A                  │ met1  │
│ 2.84  │ 1137.76  │ 400.00   │ data_bram_ctrl_inst.data_ram.u_mem.g_2k[1\].u_cell.rdata[6\]                │ _113632_/A1                  │ met4  │
│ 2.84  │ 1136.16  │ 400.00   │ _018674_                                                                    │ _071195_/A3                  │ met1  │
│ 2.84  │ 1135.67  │ 400.00   │ net19328                                                                    │ _099775_/B2                  │ met1  │
│ 2.84  │ 1135.67  │ 400.00   │ net19328                                                                    │ fanout19302/A                │ met1  │
│ 2.84  │ 1135.44  │ 400.00   │ _055157_                                                                    │ _113683_/A1                  │ met1  │
│ 2.82  │ 1128.63  │ 400.00   │ net5353                                                                     │ _075563_/A1                  │ met3  │
│ 2.81  │ 1125.22  │ 400.00   │ net7852                                                                     │ _074225_/A                   │ met1  │
│ 2.81  │ 1124.33  │ 400.00   │ _019481_                                                                    │ _074453_/B2                  │ met3  │
│ 2.81  │ 1124.30  │ 400.00   │ net8074                                                                     │ _075727_/A2                  │ met3  │
│ 2.81  │ 1124.27  │ 400.00   │ _019789_                                                                    │ _075179_/A2                  │ met3  │
│ 2.81  │ 1124.22  │ 400.00   │ net3754                                                                     │ _072976_/A2                  │ met3  │
│ 2.81  │ 1124.22  │ 400.00   │ net3754                                                                     │ _073187_/B1                  │ met3  │
│ 2.81  │ 1124.17  │ 400.00   │ net8073                                                                     │ _073449_/B2                  │ met3  │
│ 2.81  │ 1123.78  │ 400.00   │ net4936                                                                     │ _071846_/C                   │ met1  │
│ 2.81  │ 1122.78  │ 400.00   │ net4837                                                                     │ _072532_/A2                  │ met3  │
│ 2.81  │ 1122.78  │ 400.00   │ net4837                                                                     │ _078045_/B1                  │ met3  │
│ 2.81  │ 1122.64  │ 400.00   │ net7699                                                                     │ _078258_/C                   │ met2  │
│ 2.81  │ 1122.07  │ 400.00   │ _019058_                                                                    │ _072971_/B2                  │ met3  │
│ 2.81  │ 1122.07  │ 400.00   │ _019058_                                                                    │ _074649_/B2                  │ met3  │
│ 2.80  │ 1121.99  │ 400.00   │ net7393                                                                     │ _071981_/B2                  │ met3  │
│ 2.80  │ 1121.99  │ 400.00   │ net7393                                                                     │ _077522_/A2                  │ met3  │
│ 2.80  │ 1120.00  │ 400.00   │ _018849_                                                                    │ _073557_/A1                  │ met3  │
│ 2.80  │ 1120.00  │ 400.00   │ net8026                                                                     │ _074078_/A2                  │ met3  │
│ 2.80  │ 1119.94  │ 400.00   │ net14722                                                                    │ _071040_/A                   │ met2  │
│ 2.80  │ 1119.76  │ 400.00   │ net5571                                                                     │ _070189_/B2                  │ met3  │
│ 2.80  │ 1119.76  │ 400.00   │ net5571                                                                     │ _071770_/A1                  │ met3  │
│ 2.80  │ 1119.76  │ 400.00   │ net5571                                                                     │ _074848_/A1                  │ met3  │
│ 2.80  │ 1119.73  │ 400.00   │ net10938                                                                    │ _074219_/A1                  │ met3  │
│ 2.80  │ 1119.71  │ 400.00   │ _019019_                                                                    │ _076274_/A2                  │ met3  │
│ 2.80  │ 1119.71  │ 400.00   │ _019282_                                                                    │ _078909_/A2                  │ met3  │
│ 2.80  │ 1119.71  │ 400.00   │ _020933_                                                                    │ _072283_/A3                  │ met3  │
│ 2.80  │ 1119.71  │ 400.00   │ _020945_                                                                    │ _075990_/A2                  │ met3  │
│ 2.80  │ 1119.71  │ 400.00   │ _025045_                                                                    │ _076590_/B1                  │ met3  │
│ 2.80  │ 1119.71  │ 400.00   │ net2884                                                                     │ wire2883/A                   │ met3  │
│ 2.80  │ 1119.71  │ 400.00   │ net4827                                                                     │ _075828_/A2                  │ met3  │
│ 2.80  │ 1119.71  │ 400.00   │ net6409                                                                     │ _074554_/A2                  │ met3  │
│ 2.80  │ 1119.71  │ 400.00   │ net6461                                                                     │ _072356_/A2                  │ met3  │
│ 2.80  │ 1119.71  │ 400.00   │ net11129                                                                    │ _078720_/A3                  │ met3  │
│ 2.80  │ 1119.71  │ 400.00   │ net27685                                                                    │ _062004_/B2                  │ met3  │
│ 2.80  │ 1119.03  │ 400.00   │ net3080                                                                     │ _077528_/C                   │ met2  │
│ 2.79  │ 1117.61  │ 400.00   │ net6331                                                                     │ _073863_/B1                  │ met3  │
│ 2.79  │ 1117.61  │ 400.00   │ net6331                                                                     │ _077962_/B1                  │ met3  │
│ 2.76  │ 1104.15  │ 400.00   │ net7987                                                                     │ _070506_/A2                  │ met3  │
│ 2.76  │ 1104.15  │ 400.00   │ net7987                                                                     │ _078643_/A2                  │ met3  │
│ 2.76  │ 1103.33  │ 400.00   │ net8447                                                                     │ _077461_/A1                  │ met3  │
│ 2.76  │ 1103.33  │ 400.00   │ net8447                                                                     │ _079270_/A1                  │ met3  │
│ 2.74  │ 1096.72  │ 400.00   │ net3398                                                                     │ _084526_/A1                  │ met1  │
│ 2.74  │ 1094.50  │ 400.00   │ net27698                                                                    │ _101988_/A1                  │ met1  │
│ 2.73  │ 1092.06  │ 400.00   │ net4559                                                                     │ _094459_/A1                  │ met1  │
│ 2.72  │ 1088.28  │ 400.00   │ net30020                                                                    │ _084002_/A1                  │ met1  │
│ 2.72  │ 1087.28  │ 400.00   │ net11196                                                                    │ _078594_/B                   │ met1  │
│ 2.72  │ 1086.94  │ 400.00   │ net2464                                                                     │ _113736_/A1                  │ met1  │
│ 2.72  │ 1086.28  │ 400.00   │ _011902_                                                                    │ _062379_/A                   │ met1  │
│ 2.71  │ 1084.83  │ 400.00   │ net10605                                                                    │ _072833_/B                   │ met2  │
│ 2.70  │ 1079.52  │ 400.00   │ net10355                                                                    │ _071832_/A2                  │ met3  │
│ 2.70  │ 1079.52  │ 400.00   │ net10355                                                                    │ _075609_/A3                  │ met3  │
│ 2.70  │ 1079.12  │ 400.00   │ _027263_                                                                    │ _078638_/C                   │ met1  │
│ 2.69  │ 1076.94  │ 400.00   │ net7708                                                                     │ _073952_/B                   │ met1  │
│ 2.69  │ 1075.39  │ 400.00   │ net11255                                                                    │ _076284_/B2                  │ met3  │
│ 2.69  │ 1075.26  │ 400.00   │ net5227                                                                     │ _078964_/A3                  │ met3  │
│ 2.69  │ 1075.26  │ 400.00   │ net7756                                                                     │ _076064_/A2                  │ met3  │
│ 2.69  │ 1075.23  │ 400.00   │ net8363                                                                     │ _077746_/A1                  │ met3  │
│ 2.69  │ 1075.10  │ 400.00   │ _019172_                                                                    │ _074428_/B2                  │ met3  │
│ 2.69  │ 1075.10  │ 400.00   │ _019317_                                                                    │ _077291_/A1                  │ met3  │
│ 2.69  │ 1075.10  │ 400.00   │ _021380_                                                                    │ _076423_/B1                  │ met3  │
│ 2.69  │ 1075.10  │ 400.00   │ _022453_                                                                    │ _075184_/B1                  │ met3  │
│ 2.69  │ 1075.10  │ 400.00   │ net2531                                                                     │ _076341_/A2                  │ met3  │
│ 2.69  │ 1075.10  │ 400.00   │ net5516                                                                     │ _077124_/A2                  │ met3  │
│ 2.69  │ 1075.10  │ 400.00   │ net6979                                                                     │ _078312_/B1                  │ met3  │
│ 2.69  │ 1075.10  │ 400.00   │ net10256                                                                    │ _073462_/B1                  │ met3  │
│ 2.68  │ 1072.96  │ 400.00   │ data_bram_ctrl_inst.data_ram.u_mem.g_2k[1\].u_cell.rdata[1\]                │ _113622_/A1                  │ met4  │
│ 2.68  │ 1070.54  │ 400.00   │ net21804                                                                    │ wire21803/A                  │ met1  │
│ 2.68  │ 1070.50  │ 400.00   │ net2466                                                                     │ _113730_/A1                  │ met1  │
│ 2.67  │ 1067.53  │ 400.00   │ net1680                                                                     │ _128316_/D                   │ met1  │
│ 2.67  │ 1067.14  │ 400.00   │ net7386                                                                     │ _070983_/B                   │ met3  │
│ 2.67  │ 1067.14  │ 400.00   │ net7386                                                                     │ _074863_/B1                  │ met3  │
│ 2.66  │ 1065.59  │ 400.00   │ net25333                                                                    │ fanout25305/A                │ met1  │
│ 2.65  │ 1060.84  │ 400.00   │ net21826                                                                    │ wire21825/A                  │ met1  │
│ 2.65  │ 1060.57  │ 400.00   │ net21799                                                                    │ wire21798/A                  │ met1  │
│ 2.65  │ 1060.38  │ 400.00   │ _025118_                                                                    │ _076486_/C_N                 │ met3  │
│ 2.65  │ 1060.38  │ 400.00   │ net5228                                                                     │ _071884_/A                   │ met3  │
│ 2.65  │ 1060.38  │ 400.00   │ net7084                                                                     │ _073080_/A                   │ met3  │
│ 2.65  │ 1059.28  │ 400.00   │ net6818                                                                     │ _078524_/A2                  │ met2  │
│ 2.64  │ 1056.24  │ 400.00   │ _019910_                                                                    │ _077011_/B1                  │ met1  │
│ 2.64  │ 1055.17  │ 400.00   │ net2468                                                                     │ _113726_/A1                  │ met1  │
│ 2.63  │ 1052.99  │ 400.00   │ net10395                                                                    │ _074428_/B1                  │ met3  │
│ 2.63  │ 1052.99  │ 400.00   │ net10395                                                                    │ _077029_/A3                  │ met3  │
│ 2.63  │ 1051.36  │ 400.00   │ net18625                                                                    │ _078841_/A                   │ met1  │
│ 2.63  │ 1050.82  │ 400.00   │ net27807                                                                    │ _089769_/A3                  │ met1  │
│ 2.63  │ 1050.55  │ 400.00   │ net6309                                                                     │ _075859_/B2                  │ met3  │
│ 2.63  │ 1050.55  │ 400.00   │ net6309                                                                     │ _078631_/A2                  │ met3  │
│ 2.63  │ 1050.52  │ 400.00   │ _021935_                                                                    │ _075154_/B1                  │ met3  │
│ 2.63  │ 1050.52  │ 400.00   │ _021935_                                                                    │ _076835_/B1                  │ met3  │
│ 2.62  │ 1049.25  │ 400.00   │ net3                                                                        │ _063874_/D                   │ met1  │
│ 2.61  │ 1042.36  │ 400.00   │ net3050                                                                     │ _076810_/B                   │ met2  │
│ 2.61  │ 1042.36  │ 400.00   │ net11182                                                                    │ _074198_/B                   │ met2  │
│ 2.60  │ 1040.65  │ 400.00   │ conv_accelerator_inst.cbuf_raddr[0\]                                        │ fanout29838/A                │ met1  │
│ 2.60  │ 1039.58  │ 400.00   │ net10071                                                                    │ _074664_/A3                  │ met3  │
│ 2.60  │ 1039.52  │ 400.00   │ net7406                                                                     │ _072642_/A1                  │ met3  │
│ 2.60  │ 1039.42  │ 400.00   │ net6979                                                                     │ _074486_/A2                  │ met3  │
│ 2.60  │ 1038.05  │ 400.00   │ net2204                                                                     │ _077695_/B1                  │ met2  │
│ 2.59  │ 1037.19  │ 400.00   │ net3771                                                                     │ _074064_/A2                  │ met3  │
│ 2.59  │ 1037.19  │ 400.00   │ net3771                                                                     │ _074638_/B1                  │ met3  │
│ 2.59  │ 1035.12  │ 400.00   │ net10776                                                                    │ _076111_/A1                  │ met3  │
│ 2.59  │ 1035.05  │ 400.00   │ net3869                                                                     │ _071052_/A2                  │ met3  │
│ 2.59  │ 1034.96  │ 400.00   │ net2333                                                                     │ _077770_/B1                  │ met3  │
│ 2.59  │ 1034.96  │ 400.00   │ net5236                                                                     │ _075292_/B2                  │ met3  │
│ 2.58  │ 1030.66  │ 400.00   │ net7903                                                                     │ _075171_/A2                  │ met3  │
│ 2.58  │ 1030.50  │ 400.00   │ _019122_                                                                    │ _078199_/B2                  │ met3  │
│ 2.58  │ 1030.50  │ 400.00   │ _019998_                                                                    │ _076603_/B1                  │ met3  │
│ 2.58  │ 1030.50  │ 400.00   │ _020057_                                                                    │ _078203_/A3                  │ met3  │
│ 2.58  │ 1030.50  │ 400.00   │ _021662_                                                                    │ _073017_/B                   │ met3  │
│ 2.58  │ 1030.50  │ 400.00   │ _024719_                                                                    │ _076083_/A2                  │ met3  │
│ 2.58  │ 1030.50  │ 400.00   │ net4751                                                                     │ _075025_/B1                  │ met3  │
│ 2.58  │ 1030.50  │ 400.00   │ net10138                                                                    │ _073140_/B2                  │ met3  │
│ 2.58  │ 1030.50  │ 400.00   │ net14468                                                                    │ _075048_/A3                  │ met3  │
│ 2.58  │ 1030.50  │ 400.00   │ net30015                                                                    │ _084494_/B2                  │ met3  │
│ 2.58  │ 1030.46  │ 400.00   │ net7443                                                                     │ _078049_/B1                  │ met3  │
│ 2.58  │ 1030.46  │ 400.00   │ net7443                                                                     │ _078459_/A1                  │ met3  │
│ 2.57  │ 1027.14  │ 400.00   │ net14308                                                                    │ _071098_/A1                  │ met1  │
│ 2.57  │ 1026.85  │ 400.00   │ net23493                                                                    │ wire23492/A                  │ met1  │
│ 2.55  │ 1021.57  │ 400.00   │ net26410                                                                    │ output53/A                   │ met1  │
│ 2.55  │ 1020.78  │ 400.00   │ net23500                                                                    │ wire23499/A                  │ met1  │
│ 2.55  │ 1020.37  │ 400.00   │ _021718_                                                                    │ _073070_/B1                  │ met2  │
│ 2.55  │ 1018.54  │ 400.00   │ net10064                                                                    │ _073567_/A3                  │ met2  │
│ 2.55  │ 1018.34  │ 400.00   │ net21931                                                                    │ wire21930/A                  │ met1  │
│ 2.54  │ 1017.31  │ 400.00   │ _018569_                                                                    │ _074300_/B                   │ met1  │
│ 2.53  │ 1011.03  │ 400.00   │ net4731                                                                     │ _078843_/A2                  │ met2  │
│ 2.53  │ 1010.41  │ 400.00   │ net6698                                                                     │ _076752_/B2                  │ met3  │
│ 2.53  │ 1010.41  │ 400.00   │ net6698                                                                     │ _077221_/A2                  │ met3  │
│ 2.52  │ 1009.81  │ 400.00   │ net17273                                                                    │ _076647_/A                   │ met1  │
│ 2.52  │ 1009.78  │ 400.00   │ net21925                                                                    │ wire21924/A                  │ met1  │
│ 2.52  │ 1008.23  │ 400.00   │ net7369                                                                     │ _071288_/A2                  │ met3  │
│ 2.52  │ 1008.23  │ 400.00   │ net7369                                                                     │ _072346_/B2                  │ met3  │
│ 2.52  │ 1008.19  │ 400.00   │ net5300                                                                     │ _072374_/B2                  │ met3  │
│ 2.52  │ 1008.19  │ 400.00   │ net5300                                                                     │ _074892_/A2                  │ met3  │
│ 2.52  │ 1008.15  │ 400.00   │ _019236_                                                                    │ _073008_/A1                  │ met3  │
│ 2.52  │ 1008.15  │ 400.00   │ _019236_                                                                    │ _076245_/A1                  │ met3  │
│ 2.52  │ 1008.02  │ 400.00   │ net5053                                                                     │ _074539_/D                   │ met3  │
│ 2.52  │ 1008.02  │ 400.00   │ net5053                                                                     │ _074950_/B2                  │ met3  │
│ 2.52  │ 1006.83  │ 400.00   │ net26960                                                                    │ _107407_/B                   │ met1  │
│ 2.51  │ 1005.92  │ 400.00   │ net3615                                                                     │ _079246_/B                   │ met3  │
│ 2.51  │ 1004.03  │ 400.00   │ _022498_                                                                    │ _073853_/C                   │ met2  │
│ 2.51  │ 1004.03  │ 400.00   │ _053377_                                                                    │ _110716_/A1                  │ met2  │
│ 2.49  │ 995.10   │ 400.00   │ net8092                                                                     │ _075449_/A1                  │ met3  │
│ 2.49  │ 994.81   │ 400.00   │ net2768                                                                     │ _072930_/A2                  │ met3  │
│ 2.48  │ 993.83   │ 400.00   │ net21836                                                                    │ wire21835/A                  │ met1  │
│ 2.48  │ 992.43   │ 400.00   │ net10701                                                                    │ _077365_/B                   │ met1  │
│ 2.48  │ 990.54   │ 400.00   │ net8196                                                                     │ _074882_/B                   │ met3  │
│ 2.48  │ 990.35   │ 400.00   │ net5399                                                                     │ _074444_/A2                  │ met3  │
│ 2.48  │ 990.35   │ 400.00   │ net7497                                                                     │ _074196_/A1                  │ met3  │
│ 2.48  │ 990.12   │ 400.00   │ net26870                                                                    │ _105878_/A1                  │ met1  │
│ 2.47  │ 988.20   │ 400.00   │ net4836                                                                     │ _072247_/B1                  │ met3  │
│ 2.47  │ 988.20   │ 400.00   │ net4836                                                                     │ _076001_/A2                  │ met3  │
│ 2.47  │ 987.42   │ 400.00   │ net21832                                                                    │ wire21831/A                  │ met1  │
│ 2.47  │ 986.08   │ 400.00   │ net7972                                                                     │ _074208_/A2                  │ met3  │
│ 2.47  │ 986.08   │ 400.00   │ net7972                                                                     │ _076990_/A1                  │ met3  │
│ 2.47  │ 986.05   │ 400.00   │ net13007                                                                    │ _073120_/A2                  │ met3  │
│ 2.46  │ 985.89   │ 400.00   │ _019913_                                                                    │ _074641_/A2                  │ met3  │
│ 2.46  │ 985.89   │ 400.00   │ _020268_                                                                    │ _073318_/A3                  │ met3  │
│ 2.46  │ 985.89   │ 400.00   │ _027339_                                                                    │ _078949_/B1                  │ met3  │
│ 2.46  │ 985.89   │ 400.00   │ net5068                                                                     │ _072969_/B1                  │ met3  │
│ 2.46  │ 985.89   │ 400.00   │ net10154                                                                    │ _077545_/B1                  │ met3  │
│ 2.46  │ 985.89   │ 400.00   │ net10773                                                                    │ _078098_/A1                  │ met3  │
│ 2.46  │ 984.41   │ 400.00   │ net28798                                                                    │ wire28797/A                  │ met1  │
│ 2.46  │ 984.09   │ 400.00   │ net7868                                                                     │ _078953_/A2                  │ met1  │
│ 2.46  │ 982.31   │ 400.00   │ net14711                                                                    │ _072743_/B                   │ met1  │
│ 2.46  │ 982.05   │ 400.00   │ net23507                                                                    │ wire23506/A                  │ met1  │
│ 2.45  │ 979.90   │ 400.00   │ net8116                                                                     │ _070387_/B1                  │ met2  │
│ 2.45  │ 979.17   │ 400.00   │ instr_bram_ctrl_inst.instr_ram.u_mem.g_2k[0\].u_cell.rdata[22\]             │ wire21661/A                  │ met3  │
│ 2.45  │ 979.17   │ 400.00   │ instr_bram_ctrl_inst.instr_ram.u_mem.g_2k[2\].u_cell.rdata[11\]             │ wire21492/A                  │ met3  │
│ 2.45  │ 979.17   │ 400.00   │ instr_bram_ctrl_inst.instr_ram.u_mem.g_2k[3\].u_cell.rdata[10\]             │ wire21259/A                  │ met3  │
│ 2.45  │ 979.17   │ 400.00   │ instr_bram_ctrl_inst.instr_ram.u_mem.g_2k[3\].u_cell.rdata[16\]             │ wire21171/A                  │ met3  │
│ 2.45  │ 979.17   │ 400.00   │ yz_bram_ctrl_inst.yz_ram.u_mem.u_mem.g_1k.u_cell.rdata[12\]                 │ wire20775/A                  │ met3  │
│ 2.45  │ 979.17   │ 400.00   │ yz_bram_ctrl_inst.yz_ram.u_mem.u_mem.g_2k[3\].u_cell.rdata[13\]             │ wire19768/A                  │ met3  │
│ 2.45  │ 979.17   │ 400.00   │ yz_bram_ctrl_inst.yz_ram.u_mem.u_mem.g_2k[3\].u_cell.rdata[23\]             │ wire19681/A                  │ met3  │
│ 2.44  │ 975.72   │ 400.00   │ net27744                                                                    │ _107443_/A0                  │ met1  │
│ 2.43  │ 972.76   │ 400.00   │ _025568_                                                                    │ _076936_/B                   │ met3  │
│ 2.42  │ 969.00   │ 400.00   │ net7567                                                                     │ _073403_/B2                  │ met3  │
│ 2.42  │ 969.00   │ 400.00   │ net7567                                                                     │ _075403_/A1                  │ met3  │
│ 2.42  │ 969.00   │ 400.00   │ net7567                                                                     │ _078298_/B2                  │ met3  │
│ 2.42  │ 967.39   │ 400.00   │ net3467                                                                     │ _114352_/A0                  │ met1  │
│ 2.42  │ 966.44   │ 400.00   │ net6820                                                                     │ _073241_/A2                  │ met1  │
│ 2.41  │ 965.37   │ 400.00   │ net4814                                                                     │ _074151_/A3                  │ met3  │
│ 2.41  │ 965.37   │ 400.00   │ net4814                                                                     │ _075033_/C                   │ met3  │
│ 2.41  │ 965.37   │ 400.00   │ net4814                                                                     │ _076574_/A2                  │ met3  │
│ 2.41  │ 963.54   │ 400.00   │ net6617                                                                     │ _073099_/A2                  │ met3  │
│ 2.41  │ 962.92   │ 400.00   │ net8463                                                                     │ _076112_/A1                  │ met1  │
│ 2.41  │ 962.10   │ 400.00   │ net3883                                                                     │ _077003_/A2                  │ met2  │
│ 2.40  │ 961.31   │ 400.00   │ net5413                                                                     │ _073351_/B                   │ met3  │
│ 2.40  │ 961.31   │ 400.00   │ net12537                                                                    │ _070436_/B                   │ met3  │
│ 2.40  │ 960.85   │ 400.00   │ net2802                                                                     │ load_slew2801/A              │ met3  │
│ 2.40  │ 960.85   │ 400.00   │ net16047                                                                    │ wire16046/A                  │ met3  │
│ 2.40  │ 960.85   │ 400.00   │ net16050                                                                    │ wire16049/A                  │ met3  │
│ 2.40  │ 960.85   │ 400.00   │ net25543                                                                    │ output54/A                   │ met3  │
│ 2.39  │ 8770.67  │ 3669.20  │ net4682                                                                     │ _073539_/B1_N                │ met4  │
│ 2.39  │ 954.72   │ 400.00   │ net8444                                                                     │ _070997_/B                   │ met3  │
│ 2.39  │ 954.72   │ 400.00   │ net8444                                                                     │ _071315_/B                   │ met3  │
│ 2.39  │ 954.72   │ 400.00   │ net8444                                                                     │ _071317_/A1                  │ met3  │
│ 2.39  │ 954.31   │ 400.00   │ net3455                                                                     │ _067740_/A1                  │ met2  │
│ 2.38  │ 951.67   │ 400.00   │ net23563                                                                    │ wire23562/A                  │ met1  │
│ 2.38  │ 951.59   │ 400.00   │ net22194                                                                    │ wire22193/A                  │ met1  │
│ 2.38  │ 951.37   │ 400.00   │ net4105                                                                     │ _113844_/A                   │ met1  │
│ 2.38  │ 950.37   │ 400.00   │ net8028                                                                     │ _070467_/B                   │ met3  │
│ 2.37  │ 947.99   │ 400.00   │ net10317                                                                    │ _071521_/B1                  │ met3  │
│ 2.37  │ 947.99   │ 400.00   │ net10317                                                                    │ _078339_/A2                  │ met3  │
│ 2.36  │ 945.97   │ 400.00   │ net8365                                                                     │ _078058_/A2                  │ met3  │
│ 2.36  │ 945.94   │ 400.00   │ _019789_                                                                    │ _075900_/A2                  │ met3  │
│ 2.36  │ 945.84   │ 400.00   │ _018507_                                                                    │ _077569_/A1                  │ met3  │
│ 2.36  │ 945.79   │ 400.00   │ net6525                                                                     │ _072100_/B1                  │ met3  │
│ 2.36  │ 945.79   │ 400.00   │ net6525                                                                     │ _076921_/B2                  │ met3  │
│ 2.36  │ 945.75   │ 400.00   │ net5402                                                                     │ _078984_/A2                  │ met3  │
│ 2.36  │ 945.75   │ 400.00   │ net10558                                                                    │ _074606_/A2                  │ met3  │
│ 2.35  │ 941.41   │ 400.00   │ _019236_                                                                    │ _077791_/A1                  │ met3  │
│ 2.35  │ 941.41   │ 400.00   │ net11261                                                                    │ _074512_/A2                  │ met3  │
│ 2.35  │ 941.37   │ 400.00   │ yz_bram_ctrl_inst.yz_ram.u_mem.u_mem.rbank_q[2\]                            │ fanout25354/A                │ met1  │
│ 2.35  │ 941.28   │ 400.00   │ _018816_                                                                    │ _071307_/A                   │ met3  │
│ 2.35  │ 941.28   │ 400.00   │ _019122_                                                                    │ _075912_/A1                  │ met3  │
│ 2.35  │ 941.28   │ 400.00   │ _021220_                                                                    │ _072572_/B1                  │ met3  │
│ 2.35  │ 941.28   │ 400.00   │ net3890                                                                     │ _074500_/A2                  │ met3  │
│ 2.35  │ 941.28   │ 400.00   │ net5585                                                                     │ _078603_/B2                  │ met3  │
│ 2.35  │ 941.28   │ 400.00   │ net6570                                                                     │ _074246_/A2                  │ met3  │
│ 2.35  │ 941.28   │ 400.00   │ net6967                                                                     │ _077356_/A2                  │ met3  │
│ 2.35  │ 941.28   │ 400.00   │ net7762                                                                     │ _075865_/A2                  │ met3  │
│ 2.35  │ 941.28   │ 400.00   │ net10612                                                                    │ _076116_/A1                  │ met3  │
│ 2.35  │ 941.25   │ 400.00   │ _016912_                                                                    │ _068068_/A_N                 │ met1  │
│ 2.35  │ 940.60   │ 400.00   │ net10602                                                                    │ _078970_/A1                  │ met2  │
│ 2.35  │ 939.18   │ 400.00   │ net4927                                                                     │ _075607_/B1                  │ met3  │
│ 2.35  │ 939.18   │ 400.00   │ net4927                                                                     │ _078328_/B1                  │ met3  │
│ 2.35  │ 939.06   │ 400.00   │ net12488                                                                    │ _076823_/B                   │ met1  │
│ 2.35  │ 939.01   │ 400.00   │ net5165                                                                     │ _074252_/A2                  │ met3  │
│ 2.35  │ 938.47   │ 400.00   │ net8477                                                                     │ _069990_/A                   │ met1  │
│ 2.34  │ 937.44   │ 400.00   │ net27700                                                                    │ _101965_/A1                  │ met1  │
│ 2.34  │ 935.78   │ 400.00   │ _018610_                                                                    │ _074894_/B                   │ met1  │
│ 2.33  │ 933.89   │ 400.00   │ net3390                                                                     │ _118641_/A1                  │ met1  │
│ 2.33  │ 931.23   │ 400.00   │ net22154                                                                    │ wire22153/A                  │ met1  │
│ 2.33  │ 930.47   │ 400.00   │ net8467                                                                     │ _069990_/B                   │ met1  │
│ 2.32  │ 926.66   │ 400.00   │ net21920                                                                    │ wire21919/A                  │ met1  │
│ 2.32  │ 926.62   │ 400.00   │ net6577                                                                     │ _077002_/B1                  │ met1  │
│ 2.31  │ 925.93   │ 400.00   │ net30064                                                                    │ _113768_/A1                  │ met1  │
│ 2.31  │ 925.43   │ 400.00   │ net7038                                                                     │ _073082_/B                   │ met3  │
│ 2.31  │ 925.43   │ 400.00   │ net7038                                                                     │ _073734_/B1                  │ met3  │
│ 2.31  │ 924.92   │ 400.00   │ net5320                                                                     │ _071077_/B                   │ met3  │
│ 2.31  │ 924.92   │ 400.00   │ net5320                                                                     │ _073697_/B1                  │ met3  │
│ 2.30  │ 921.29   │ 400.00   │ net23514                                                                    │ wire23513/A                  │ met1  │
│ 2.30  │ 921.28   │ 400.00   │ net7573                                                                     │ _074026_/B1                  │ met1  │
│ 2.30  │ 921.16   │ 400.00   │ net4870                                                                     │ _072787_/B1                  │ met3  │
│ 2.30  │ 921.16   │ 400.00   │ net4870                                                                     │ _079019_/A2                  │ met3  │
│ 2.30  │ 919.03   │ 400.00   │ net6974                                                                     │ _072159_/A1                  │ met3  │
│ 2.30  │ 919.03   │ 400.00   │ net6974                                                                     │ _078316_/A2                  │ met3  │
│ 2.30  │ 918.91   │ 400.00   │ net21914                                                                    │ wire21913/A                  │ met1  │
│ 2.29  │ 916.74   │ 400.00   │ net8237                                                                     │ _075087_/A2                  │ met3  │
│ 2.29  │ 916.74   │ 400.00   │ net8237                                                                     │ _078235_/B2                  │ met3  │
│ 2.29  │ 916.70   │ 400.00   │ _022517_                                                                    │ _073881_/A2                  │ met3  │
│ 2.28  │ 910.19   │ 400.00   │ net4889                                                                     │ _075898_/B1                  │ met3  │
│ 2.28  │ 910.09   │ 400.00   │ net2766                                                                     │ _073037_/A2                  │ met3  │
│ 2.27  │ 909.74   │ 400.00   │ instr_bram_ctrl_inst.instr_ram.u_mem.g_2k[0\].u_cell.rdata[7\]              │ wire21540/A                  │ met3  │
│ 2.27  │ 909.74   │ 400.00   │ instr_bram_ctrl_inst.instr_ram.u_mem.g_2k[2\].u_cell.rdata[6\]              │ wire21301/A                  │ met3  │
│ 2.27  │ 909.74   │ 400.00   │ instr_bram_ctrl_inst.instr_ram.u_mem.g_2k[3\].u_cell.rdata[15\]             │ wire21186/A                  │ met3  │
│ 2.27  │ 909.74   │ 400.00   │ instr_bram_ctrl_inst.instr_ram.u_mem.g_2k[3\].u_cell.rdata[24\]             │ wire21036/A                  │ met3  │
│ 2.27  │ 909.74   │ 400.00   │ yz_bram_ctrl_inst.yz_ram.u_mem.u_mem.g_2k[0\].u_cell.rdata[18\]             │ wire20418/A                  │ met3  │
│ 2.27  │ 909.74   │ 400.00   │ yz_bram_ctrl_inst.yz_ram.u_mem.u_mem.g_2k[0\].u_cell.rdata[1\]              │ wire20387/A                  │ met3  │
│ 2.27  │ 909.74   │ 400.00   │ yz_bram_ctrl_inst.yz_ram.u_mem.u_mem.g_2k[0\].u_cell.rdata[29\]             │ wire20232/A                  │ met3  │
│ 2.27  │ 909.74   │ 400.00   │ yz_bram_ctrl_inst.yz_ram.u_mem.u_mem.g_2k[0\].u_cell.rdata[3\]              │ wire20169/A                  │ met3  │
│ 2.27  │ 909.74   │ 400.00   │ yz_bram_ctrl_inst.yz_ram.u_mem.u_mem.g_2k[0\].u_cell.rdata[7\]              │ wire20108/A                  │ met3  │
│ 2.27  │ 909.74   │ 400.00   │ yz_bram_ctrl_inst.yz_ram.u_mem.u_mem.g_2k[1\].u_cell.rdata[27\]             │ wire19922/A                  │ met3  │
│ 2.27  │ 909.74   │ 400.00   │ yz_bram_ctrl_inst.yz_ram.u_mem.u_mem.g_2k[3\].u_cell.rdata[22\]             │ wire19688/A                  │ met3  │
│ 2.27  │ 909.74   │ 400.00   │ net22332                                                                    │ wire22331/A                  │ met3  │
│ 2.27  │ 906.06   │ 400.00   │ _019704_                                                                    │ _073931_/A                   │ met1  │
│ 2.26  │ 904.67   │ 400.00   │ _018718_                                                                    │ fanout16430/A                │ met3  │
│ 2.26  │ 904.56   │ 400.00   │ net25332                                                                    │ _095670_/A                   │ met1  │
│ 2.26  │ 903.40   │ 400.00   │ net8271                                                                     │ _074820_/A2                  │ met3  │
│ 2.26  │ 903.40   │ 400.00   │ net8271                                                                     │ _078840_/B2                  │ met3  │
│ 2.26  │ 903.12   │ 400.00   │ qspi_master_inst.tx_rd_ptr[1\]                                              │ fanout25673/A                │ met1  │
│ 2.26  │ 902.62   │ 400.00   │ net21909                                                                    │ wire21908/A                  │ met1  │
│ 2.25  │ 901.94   │ 400.00   │ net2948                                                                     │ _118646_/A1                  │ met1  │
│ 2.25  │ 901.43   │ 400.00   │ net11454                                                                    │ _070062_/B1                  │ met3  │
│ 2.25  │ 901.30   │ 400.00   │ net6933                                                                     │ _073981_/B2                  │ met3  │
│ 2.25  │ 901.27   │ 400.00   │ net4840                                                                     │ _078351_/A2                  │ met3  │
│ 2.25  │ 901.24   │ 400.00   │ net5606                                                                     │ _077982_/B2                  │ met3  │
│ 2.25  │ 901.17   │ 400.00   │ net4829                                                                     │ _076365_/A1                  │ met3  │
│ 2.25  │ 900.67   │ 400.00   │ _010255_                                                                    │ _060532_/A_N                 │ met1  │
│ 2.24  │ 896.97   │ 400.00   │ _019429_                                                                    │ _076109_/A1                  │ met3  │
│ 2.24  │ 896.84   │ 400.00   │ _022453_                                                                    │ _074639_/B1                  │ met3  │
│ 2.24  │ 896.81   │ 400.00   │ net3883                                                                     │ _072392_/B1                  │ met3  │
│ 2.24  │ 896.69   │ 400.00   │ net14164                                                                    │ _076369_/A2                  │ met3  │
│ 2.24  │ 896.68   │ 400.00   │ net4942                                                                     │ _078902_/B1                  │ met3  │
│ 2.24  │ 896.68   │ 400.00   │ net6971                                                                     │ _074419_/A2                  │ met3  │
│ 2.24  │ 896.68   │ 400.00   │ net6991                                                                     │ _074180_/A2                  │ met3  │
│ 2.24  │ 896.68   │ 400.00   │ net7233                                                                     │ _071139_/B1                  │ met3  │
│ 2.24  │ 896.68   │ 400.00   │ net7582                                                                     │ _071841_/B1                  │ met3  │
│ 2.24  │ 896.68   │ 400.00   │ net8344                                                                     │ _071940_/B                   │ met3  │
│ 2.24  │ 896.68   │ 400.00   │ net10627                                                                    │ _070785_/B2                  │ met3  │
│ 2.24  │ 896.68   │ 400.00   │ net10627                                                                    │ _074614_/A2                  │ met3  │
│ 2.24  │ 896.68   │ 400.00   │ net10627                                                                    │ _078410_/A1                  │ met3  │
│ 2.24  │ 896.68   │ 400.00   │ net11235                                                                    │ _076298_/A2                  │ met3  │
│ 2.24  │ 896.65   │ 400.00   │ _019925_                                                                    │ _078328_/A2                  │ met3  │
│ 2.24  │ 896.65   │ 400.00   │ _019925_                                                                    │ _078340_/B1                  │ met3  │
│ 2.24  │ 896.63   │ 400.00   │ net5531                                                                     │ _072519_/A1                  │ met3  │
│ 2.24  │ 896.63   │ 400.00   │ net5531                                                                     │ _078648_/B2                  │ met3  │
│ 2.24  │ 894.56   │ 400.00   │ net8069                                                                     │ _072475_/A2                  │ met3  │
│ 2.24  │ 894.56   │ 400.00   │ net8069                                                                     │ _076360_/A3                  │ met3  │
│ 2.24  │ 894.39   │ 400.00   │ net2843                                                                     │ _114364_/A1                  │ met1  │
│ 2.24  │ 894.16   │ 400.00   │ net7072                                                                     │ _077894_/B                   │ met3  │
│ 2.24  │ 894.10   │ 400.00   │ net11165                                                                    │ _077206_/C                   │ met3  │
│ 2.23  │ 893.65   │ 400.00   │ net6539                                                                     │ _074374_/B2                  │ met3  │
│ 2.23  │ 893.65   │ 400.00   │ net6539                                                                     │ _074400_/B1                  │ met3  │
│ 2.23  │ 893.65   │ 400.00   │ net6539                                                                     │ _075976_/B2                  │ met3  │
│ 2.23  │ 6588.95  │ 2956.40  │ _020160_                                                                    │ _071508_/A1                  │ met4  │
│ 2.23  │ 890.92   │ 400.00   │ net23556                                                                    │ wire23555/A                  │ met1  │
│ 2.23  │ 890.03   │ 400.00   │ net8072                                                                     │ _078478_/B1                  │ met1  │
│ 2.22  │ 889.28   │ 400.00   │ net4978                                                                     │ _078211_/A                   │ met2  │
│ 2.22  │ 889.03   │ 400.00   │ net3632                                                                     │ _077547_/B_N                 │ met2  │
│ 2.22  │ 888.27   │ 400.00   │ net21880                                                                    │ wire21879/A                  │ met1  │
│ 2.22  │ 887.38   │ 400.00   │ net16341                                                                    │ fanout16330/A                │ met1  │
│ 2.22  │ 887.06   │ 400.00   │ net11441                                                                    │ _072281_/B                   │ met2  │
│ 2.21  │ 885.14   │ 400.00   │ _000082_                                                                    │ _128339_/D                   │ met3  │
│ 2.21  │ 885.14   │ 400.00   │ _018764_                                                                    │ _077932_/B                   │ met3  │
│ 2.21  │ 885.14   │ 400.00   │ net1679                                                                     │ _128318_/D                   │ met3  │
│ 2.21  │ 885.14   │ 400.00   │ net11240                                                                    │ _074508_/B                   │ met3  │
│ 2.21  │ 885.14   │ 400.00   │ net13555                                                                    │ _071541_/A                   │ met3  │
│ 2.21  │ 883.91   │ 400.00   │ _023746_                                                                    │ _075214_/A1                  │ met2  │
│ 2.21  │ 882.11   │ 400.00   │ _018481_                                                                    │ wire14588/A                  │ met3  │
│ 2.20  │ 881.02   │ 400.00   │ net6615                                                                     │ _072426_/B1                  │ met3  │
│ 2.20  │ 881.02   │ 400.00   │ net6615                                                                     │ _073167_/B1                  │ met3  │
│ 2.20  │ 881.02   │ 400.00   │ net6615                                                                     │ _075389_/A2                  │ met3  │
│ 2.20  │ 881.02   │ 400.00   │ net6615                                                                     │ _075584_/A2                  │ met3  │
│ 2.20  │ 881.02   │ 400.00   │ net6615                                                                     │ _077027_/B                   │ met3  │
│ 2.20  │ 880.33   │ 400.00   │ net4907                                                                     │ _071941_/A2                  │ met3  │
│ 2.20  │ 880.33   │ 400.00   │ net4907                                                                     │ _072093_/B1                  │ met3  │
│ 2.20  │ 880.33   │ 400.00   │ net4907                                                                     │ _074773_/B2                  │ met3  │
│ 2.18  │ 872.27   │ 400.00   │ net5359                                                                     │ _072762_/B2                  │ met3  │
│ 2.18  │ 872.27   │ 400.00   │ net5359                                                                     │ _078553_/A2                  │ met3  │
│ 2.18  │ 872.15   │ 400.00   │ net5141                                                                     │ _073296_/A2                  │ met3  │
│ 2.18  │ 872.15   │ 400.00   │ net5141                                                                     │ _077466_/A2                  │ met3  │
│ 2.18  │ 872.12   │ 400.00   │ net5672                                                                     │ _115129_/A2                  │ met1  │
│ 2.18  │ 872.10   │ 400.00   │ net7673                                                                     │ _075508_/A3                  │ met3  │
│ 2.18  │ 872.10   │ 400.00   │ net11665                                                                    │ _074948_/A1                  │ met3  │
│ 2.18  │ 871.89   │ 400.00   │ net3454                                                                     │ _114382_/A1                  │ met1  │
│ 2.17  │ 869.60   │ 400.00   │ net8109                                                                     │ _078019_/A1                  │ met1  │
│ 2.16  │ 865.55   │ 400.00   │ net4809                                                                     │ _072925_/B1                  │ met3  │
│ 2.16  │ 864.25   │ 400.00   │ net6317                                                                     │ _075150_/B1                  │ met2  │
│ 2.16  │ 863.15   │ 400.00   │ net7907                                                                     │ _070577_/B1                  │ met1  │
│ 2.16  │ 862.87   │ 400.00   │ net5214                                                                     │ _076819_/A1                  │ met1  │
│ 2.16  │ 862.55   │ 400.00   │ net7868                                                                     │ _077602_/B2                  │ met2  │
│ 2.16  │ 862.55   │ 400.00   │ net7868                                                                     │ _078953_/A2                  │ met2  │
│ 2.15  │ 860.99   │ 400.00   │ net10077                                                                    │ _075252_/B1                  │ met3  │
│ 2.14  │ 856.82   │ 400.00   │ net10385                                                                    │ _074251_/A2                  │ met3  │
│ 2.14  │ 856.66   │ 400.00   │ net7262                                                                     │ _077736_/A2                  │ met3  │
│ 2.14  │ 856.53   │ 400.00   │ net10689                                                                    │ _074485_/B1                  │ met3  │
│ 2.14  │ 854.98   │ 400.00   │ net3571                                                                     │ _067751_/A1                  │ met3  │
│ 2.13  │ 853.19   │ 400.00   │ _021156_                                                                    │ _075178_/C                   │ met1  │
│ 2.13  │ 853.19   │ 400.00   │ net8188                                                                     │ _077509_/B                   │ met1  │
│ 2.13  │ 852.36   │ 400.00   │ net5570                                                                     │ _073165_/A2                  │ met3  │
│ 2.13  │ 852.23   │ 400.00   │ net5350                                                                     │ _078342_/A1                  │ met3  │
│ 2.13  │ 852.23   │ 400.00   │ net6371                                                                     │ _075123_/A2                  │ met3  │
│ 2.13  │ 852.12   │ 400.00   │ net11020                                                                    │ _074131_/A3                  │ met3  │
│ 2.13  │ 852.12   │ 400.00   │ net11020                                                                    │ _078299_/A1                  │ met3  │
│ 2.13  │ 852.11   │ 400.00   │ net11157                                                                    │ _073324_/A3                  │ met3  │
│ 2.13  │ 852.11   │ 400.00   │ net11157                                                                    │ _077238_/A2                  │ met3  │
│ 2.13  │ 852.07   │ 400.00   │ _018602_                                                                    │ _078502_/A1                  │ met3  │
│ 2.13  │ 852.07   │ 400.00   │ net4819                                                                     │ _075182_/B2                  │ met3  │
│ 2.13  │ 852.07   │ 400.00   │ net6940                                                                     │ _071399_/A2                  │ met3  │
│ 2.13  │ 851.90   │ 400.00   │ QSPI_IO3                                                                    │ load_slew30083/A             │ met2  │
│ 2.12  │ 848.49   │ 400.00   │ net4057                                                                     │ wire4056/A                   │ met3  │
│ 2.12  │ 848.49   │ 400.00   │ net16056                                                                    │ wire16055/A                  │ met3  │
│ 2.11  │ 844.31   │ 400.00   │ net3100                                                                     │ _074061_/A2                  │ met1  │
│ 2.11  │ 843.29   │ 400.00   │ _019472_                                                                    │ _077816_/B1                  │ met2  │
│ 2.11  │ 843.03   │ 400.00   │ net5100                                                                     │ _073779_/A2                  │ met2  │
│ 2.11  │ 842.90   │ 400.00   │ net8215                                                                     │ _074287_/A2                  │ met2  │
│ 2.11  │ 842.04   │ 400.00   │ net14626                                                                    │ _070094_/B                   │ met1  │
│ 2.10  │ 840.30   │ 400.00   │ instr_bram_ctrl_inst.instr_ram.u_mem.g_2k[0\].u_cell.rdata[1\]              │ wire21685/A                  │ met3  │
│ 2.10  │ 840.30   │ 400.00   │ instr_bram_ctrl_inst.instr_ram.u_mem.g_2k[0\].u_cell.rdata[5\]              │ wire21557/A                  │ met3  │
│ 2.10  │ 840.30   │ 400.00   │ instr_bram_ctrl_inst.instr_ram.u_mem.g_2k[0\].u_cell.rdata[9\]              │ wire21524/A                  │ met3  │
│ 2.10  │ 840.30   │ 400.00   │ instr_bram_ctrl_inst.instr_ram.u_mem.g_2k[2\].u_cell.rdata[29\]             │ wire21350/A                  │ met3  │
│ 2.10  │ 840.30   │ 400.00   │ instr_bram_ctrl_inst.instr_ram.u_mem.g_2k[3\].u_cell.rdata[11\]             │ wire21244/A                  │ met3  │
│ 2.10  │ 840.30   │ 400.00   │ instr_bram_ctrl_inst.instr_ram.u_mem.g_2k[3\].u_cell.rdata[13\]             │ wire21214/A                  │ met3  │
│ 2.10  │ 840.30   │ 400.00   │ instr_bram_ctrl_inst.instr_ram.u_mem.g_2k[3\].u_cell.rdata[20\]             │ wire21097/A                  │ met3  │
│ 2.10  │ 840.30   │ 400.00   │ yz_bram_ctrl_inst.yz_ram.u_mem.u_mem.g_1k.u_cell.rdata[9\]                  │ wire20557/A                  │ met3  │
│ 2.10  │ 840.30   │ 400.00   │ yz_bram_ctrl_inst.yz_ram.u_mem.u_mem.g_2k[0\].u_cell.rdata[0\]              │ wire20551/A                  │ met3  │
│ 2.10  │ 840.30   │ 400.00   │ yz_bram_ctrl_inst.yz_ram.u_mem.u_mem.g_2k[0\].u_cell.rdata[13\]             │ wire20491/A                  │ met3  │
│ 2.10  │ 840.30   │ 400.00   │ yz_bram_ctrl_inst.yz_ram.u_mem.u_mem.g_2k[0\].u_cell.rdata[16\]             │ wire20444/A                  │ met3  │
│ 2.10  │ 840.30   │ 400.00   │ yz_bram_ctrl_inst.yz_ram.u_mem.u_mem.g_2k[1\].u_cell.rdata[2\]              │ wire19897/A                  │ met3  │
│ 2.10  │ 840.30   │ 400.00   │ yz_bram_ctrl_inst.yz_ram.u_mem.u_mem.g_2k[1\].u_cell.rdata[5\]              │ wire19858/A                  │ met3  │
│ 2.10  │ 840.30   │ 400.00   │ yz_bram_ctrl_inst.yz_ram.u_mem.u_mem.g_2k[3\].u_cell.rdata[21\]             │ wire19695/A                  │ met3  │
│ 2.10  │ 840.30   │ 400.00   │ yz_bram_ctrl_inst.yz_ram.u_mem.u_mem.g_2k[3\].u_cell.rdata[30\]             │ wire19618/A                  │ met3  │
│ 2.10  │ 840.30   │ 400.00   │ yz_bram_ctrl_inst.yz_ram.u_mem.u_mem.g_2k[3\].u_cell.rdata[31\]             │ wire19613/A                  │ met3  │
│ 2.10  │ 840.30   │ 400.00   │ net2753                                                                     │ _074625_/A2_N                │ met3  │
│ 2.10  │ 840.25   │ 400.00   │ net2369                                                                     │ wire2363/A                   │ met3  │
│ 2.10  │ 840.25   │ 400.00   │ net2369                                                                     │ wire2368/A                   │ met3  │
│ 2.09  │ 836.35   │ 400.00   │ net3585                                                                     │ _115626_/B1                  │ met1  │
│ 2.09  │ 835.66   │ 400.00   │ net7195                                                                     │ _072769_/A2                  │ met3  │
│ 2.09  │ 835.66   │ 400.00   │ net7195                                                                     │ _076182_/A3                  │ met3  │
│ 2.09  │ 835.65   │ 400.00   │ net3981                                                                     │ _070266_/A3                  │ met3  │
│ 2.09  │ 835.65   │ 400.00   │ net3981                                                                     │ _071518_/A1                  │ met3  │
│ 2.09  │ 834.23   │ 400.00   │ net8276                                                                     │ _076168_/A1                  │ met3  │
│ 2.08  │ 5791.62  │ 2778.20  │ _000074_                                                                    │ _128332_/D                   │ met4  │
│ 2.08  │ 5791.62  │ 2778.20  │ _000082_                                                                    │ _128339_/D                   │ met4  │
│ 2.08  │ 832.38   │ 400.00   │ _019337_                                                                    │ _076513_/A2_N                │ met2  │
│ 2.08  │ 7631.62  │ 3669.20  │ net2470                                                                     │ _113718_/A1                  │ met3  │
│ 2.08  │ 831.95   │ 400.00   │ net10561                                                                    │ _079076_/B                   │ met3  │
│ 2.08  │ 830.78   │ 400.00   │ net8283                                                                     │ _074658_/A                   │ met3  │
│ 2.08  │ 830.78   │ 400.00   │ net8283                                                                     │ _078533_/A2                  │ met3  │
│ 2.07  │ 829.87   │ 400.00   │ net4681                                                                     │ _077010_/B2                  │ met3  │
│ 2.07  │ 829.87   │ 400.00   │ net4681                                                                     │ _078804_/B2                  │ met3  │
│ 2.07  │ 829.72   │ 400.00   │ net7960                                                                     │ _077966_/A1_N                │ met2  │
│ 2.07  │ 829.49   │ 400.00   │ net6871                                                                     │ _073483_/A2                  │ met2  │
│ 2.07  │ 827.56   │ 400.00   │ net7349                                                                     │ _072818_/B1                  │ met1  │
│ 2.07  │ 827.08   │ 400.00   │ _058072_                                                                    │ _117182_/A2                  │ met1  │
│ 2.07  │ 827.00   │ 400.00   │ net7569                                                                     │ _072450_/A2                  │ met1  │
│ 2.06  │ 6080.76  │ 2956.40  │ _026316_                                                                    │ _077701_/B                   │ met3  │
│ 2.06  │ 822.36   │ 400.00   │ net6536                                                                     │ _076678_/D_N                 │ met1  │
│ 2.05  │ 821.56   │ 400.00   │ net4102                                                                     │ _114372_/A1                  │ met2  │
│ 2.05  │ 821.54   │ 400.00   │ net18684                                                                    │ _075319_/A                   │ met1  │
│ 2.05  │ 821.51   │ 400.00   │ net7586                                                                     │ _070819_/B                   │ met3  │
│ 2.05  │ 821.51   │ 400.00   │ net7586                                                                     │ _070820_/B                   │ met3  │
│ 2.05  │ 820.94   │ 400.00   │ cpu_inst.CORE.core_i.ex_stage_i.mult_i.int_op_a_msu[15\]                    │ _109022_/A                   │ met1  │
│ 2.05  │ 819.83   │ 400.00   │ net27720                                                                    │ _101763_/A1                  │ met1  │
│ 2.05  │ 819.50   │ 400.00   │ net10243                                                                    │ _077495_/A                   │ met1  │
│ 2.03  │ 813.35   │ 400.00   │ _023895_                                                                    │ _075257_/B1_N                │ met1  │
│ 2.03  │ 813.28   │ 400.00   │ net6671                                                                     │ _072555_/C                   │ met2  │
│ 2.03  │ 812.36   │ 400.00   │ net23702                                                                    │ _091219_/A1                  │ met2  │
│ 2.03  │ 812.12   │ 400.00   │ net11644                                                                    │ _076943_/A2                  │ met3  │
│ 2.03  │ 812.09   │ 400.00   │ net3680                                                                     │ _074840_/B1                  │ met3  │
│ 2.03  │ 812.09   │ 400.00   │ net6426                                                                     │ _077182_/A2                  │ met3  │
│ 2.03  │ 812.06   │ 400.00   │ _019425_                                                                    │ _075304_/A3                  │ met3  │
│ 2.03  │ 812.02   │ 400.00   │ net5288                                                                     │ _073961_/B1                  │ met3  │
│ 2.03  │ 811.96   │ 400.00   │ net8054                                                                     │ _073045_/A2                  │ met3  │
│ 2.03  │ 811.94   │ 400.00   │ net10840                                                                    │ _070873_/B                   │ met1  │
│ 2.03  │ 811.93   │ 400.00   │ _018767_                                                                    │ _078723_/A2                  │ met3  │
│ 2.03  │ 811.93   │ 400.00   │ _027018_                                                                    │ _078394_/C1                  │ met3  │
│ 2.03  │ 811.72   │ 400.00   │ _046240_                                                                    │ _104445_/B                   │ met1  │
│ 2.03  │ 811.40   │ 400.00   │ _021120_                                                                    │ _072470_/B1                  │ met1  │
│ 2.03  │ 811.25   │ 400.00   │ _000085_                                                                    │ _128342_/D                   │ met1  │
│ 2.02  │ 809.69   │ 400.00   │ _023714_                                                                    │ _075074_/B1                  │ met1  │
│ 2.02  │ 809.50   │ 400.00   │ _023599_                                                                    │ _074959_/A2                  │ met1  │
│ 2.02  │ 808.94   │ 400.00   │ net7240                                                                     │ _071320_/A2                  │ met3  │
│ 2.02  │ 808.94   │ 400.00   │ net7240                                                                     │ _072551_/B2                  │ met3  │
│ 2.02  │ 808.94   │ 400.00   │ net7240                                                                     │ _076366_/B                   │ met3  │
│ 2.02  │ 808.43   │ 400.00   │ net23549                                                                    │ wire23548/A                  │ met1  │
│ 2.02  │ 807.76   │ 400.00   │ _021567_                                                                    │ _074040_/A1                  │ met1  │
│ 2.02  │ 807.76   │ 400.00   │ net5585                                                                     │ _077645_/B2                  │ met3  │
│ 2.02  │ 807.60   │ 400.00   │ net4645                                                                     │ _075272_/B1                  │ met3  │
│ 2.02  │ 807.60   │ 400.00   │ net4645                                                                     │ _076699_/B1                  │ met3  │
│ 2.02  │ 807.60   │ 400.00   │ net6819                                                                     │ _072774_/B2                  │ met3  │
│ 2.02  │ 807.60   │ 400.00   │ net6819                                                                     │ _074609_/A2                  │ met3  │
│ 2.02  │ 807.50   │ 400.00   │ net7871                                                                     │ _071075_/A1                  │ met3  │
│ 2.02  │ 807.50   │ 400.00   │ net7871                                                                     │ _074903_/A1                  │ met3  │
│ 2.02  │ 807.47   │ 400.00   │ _023156_                                                                    │ _074514_/B1                  │ met3  │
│ 2.02  │ 807.47   │ 400.00   │ net3770                                                                     │ _075316_/A3                  │ met3  │
│ 2.02  │ 807.47   │ 400.00   │ net4836                                                                     │ _076813_/B1                  │ met3  │
│ 2.02  │ 807.47   │ 400.00   │ net6575                                                                     │ _074025_/B1                  │ met3  │
│ 2.02  │ 807.47   │ 400.00   │ net6978                                                                     │ _074468_/A2                  │ met3  │
│ 2.02  │ 807.47   │ 400.00   │ net7411                                                                     │ _078037_/A1                  │ met3  │
│ 2.02  │ 807.47   │ 400.00   │ net7529                                                                     │ _078297_/A2                  │ met3  │
│ 2.02  │ 807.47   │ 400.00   │ net25352                                                                    │ _084494_/A1                  │ met3  │
│ 2.02  │ 807.45   │ 400.00   │ net7756                                                                     │ _075101_/B2                  │ met3  │
│ 2.02  │ 807.45   │ 400.00   │ net7756                                                                     │ _078271_/A1                  │ met3  │
│ 2.02  │ 807.42   │ 400.00   │ net2732                                                                     │ _076228_/A2                  │ met3  │
│ 2.01  │ 805.92   │ 400.00   │ net5189                                                                     │ _073979_/A2                  │ met3  │
│ 2.01  │ 805.92   │ 400.00   │ net5189                                                                     │ _078235_/A2                  │ met3  │
│ 2.01  │ 805.92   │ 400.00   │ net5189                                                                     │ _078921_/B2                  │ met3  │
│ 2.01  │ 805.69   │ 400.00   │ net22007                                                                    │ wire22006/A                  │ met1  │
│ 2.01  │ 805.43   │ 400.00   │ net3890                                                                     │ _073566_/A3                  │ met3  │
│ 2.01  │ 805.43   │ 400.00   │ net3890                                                                     │ _078783_/A2                  │ met3  │
│ 2.01  │ 805.22   │ 400.00   │ net5333                                                                     │ _071859_/A2                  │ met3  │
│ 2.01  │ 805.22   │ 400.00   │ net5333                                                                     │ _075622_/B2                  │ met3  │
│ 2.01  │ 805.20   │ 400.00   │ net10655                                                                    │ _072250_/A3                  │ met3  │
│ 2.01  │ 805.20   │ 400.00   │ net10655                                                                    │ _078482_/A2                  │ met3  │
│ 2.01  │ 804.05   │ 400.00   │ net3370                                                                     │ wire3369/A                   │ met3  │
│ 1.99  │ 797.52   │ 400.00   │ _020219_                                                                    │ _071568_/B1_N                │ met3  │
│ 1.99  │ 797.52   │ 400.00   │ _026905_                                                                    │ _078279_/C                   │ met3  │
│ 1.99  │ 797.52   │ 400.00   │ net1675                                                                     │ _128326_/D                   │ met3  │
│ 1.99  │ 797.52   │ 400.00   │ net7522                                                                     │ _073321_/D                   │ met3  │
│ 1.99  │ 797.52   │ 400.00   │ net10666                                                                    │ _071895_/B                   │ met3  │
│ 1.98  │ 792.31   │ 400.00   │ net3294                                                                     │ wire3292/A                   │ met3  │
│ 1.98  │ 792.27   │ 400.00   │ net7942                                                                     │ _070995_/B2                  │ met1  │
│ 1.98  │ 791.19   │ 400.00   │ net10517                                                                    │ _070930_/B1                  │ met3  │
│ 1.98  │ 791.19   │ 400.00   │ net10517                                                                    │ _072791_/A2                  │ met3  │
│ 1.98  │ 791.19   │ 400.00   │ net10517                                                                    │ _076991_/B                   │ met3  │
│ 1.97  │ 789.58   │ 400.00   │ _000103_                                                                    │ _119409_/D                   │ met1  │
│ 1.97  │ 787.35   │ 400.00   │ net5113                                                                     │ _075175_/A1                  │ met3  │
│ 1.97  │ 787.35   │ 400.00   │ net5113                                                                     │ _075800_/B2                  │ met3  │
│ 1.97  │ 786.72   │ 400.00   │ net11867                                                                    │ _076729_/A                   │ met2  │
│ 1.97  │ 786.46   │ 400.00   │ net8356                                                                     │ _077978_/A1                  │ met2  │
│ 1.97  │ 786.06   │ 400.00   │ net8292                                                                     │ _075746_/A2                  │ met2  │
│ 1.96  │ 785.26   │ 400.00   │ net4995                                                                     │ _079046_/B                   │ met3  │
│ 1.96  │ 785.12   │ 400.00   │ _019504_                                                                    │ _070856_/A2                  │ met3  │
│ 1.96  │ 785.12   │ 400.00   │ _019504_                                                                    │ _077871_/A2                  │ met3  │
│ 1.96  │ 7197.07  │ 3669.20  │ net25543                                                                    │ output54/A                   │ met4  │
│ 1.96  │ 784.53   │ 400.00   │ net14909                                                                    │ fanout14904/A                │ met1  │
│ 1.96  │ 784.02   │ 400.00   │ net10472                                                                    │ _076287_/B1                  │ met3  │
│ 1.96  │ 784.02   │ 400.00   │ net10472                                                                    │ _077815_/A1                  │ met3  │
│ 1.96  │ 782.92   │ 400.00   │ net7584                                                                     │ _076211_/B2                  │ met3  │
│ 1.96  │ 782.92   │ 400.00   │ net7584                                                                     │ _077762_/B2                  │ met3  │
│ 1.96  │ 782.91   │ 400.00   │ net5303                                                                     │ _075128_/B1                  │ met3  │
│ 1.96  │ 782.91   │ 400.00   │ net5303                                                                     │ _075273_/A2                  │ met3  │
│ 1.96  │ 782.91   │ 400.00   │ net5303                                                                     │ _076602_/A3                  │ met3  │
│ 1.96  │ 782.88   │ 400.00   │ _020975_                                                                    │ _072337_/B1                  │ met3  │
│ 1.96  │ 782.88   │ 400.00   │ _020975_                                                                    │ _077498_/B1                  │ met3  │
│ 1.96  │ 782.88   │ 400.00   │ net3725                                                                     │ _072565_/B                   │ met3  │
│ 1.96  │ 782.88   │ 400.00   │ net7428                                                                     │ _070951_/B                   │ met3  │
│ 1.96  │ 782.88   │ 400.00   │ net7428                                                                     │ _074477_/A2                  │ met3  │
│ 1.95  │ 781.75   │ 400.00   │ _000379_                                                                    │ wire594/A                    │ met3  │
│ 1.95  │ 781.75   │ 400.00   │ net25497                                                                    │ wire25496/A                  │ met3  │
│ 1.95  │ 779.36   │ 400.00   │ net6686                                                                     │ _073649_/C                   │ met1  │
│ 1.95  │ 778.06   │ 400.00   │ _019383_                                                                    │ _076720_/B1                  │ met3  │
│ 1.94  │ 776.89   │ 400.00   │ net4601                                                                     │ _076825_/C                   │ met1  │
│ 1.94  │ 776.31   │ 400.00   │ net7916                                                                     │ _071002_/A3                  │ met3  │
│ 1.94  │ 776.31   │ 400.00   │ net7916                                                                     │ _073658_/A3                  │ met3  │
│ 1.94  │ 776.31   │ 400.00   │ net7916                                                                     │ _074614_/B2                  │ met3  │
│ 1.94  │ 775.83   │ 400.00   │ net12969                                                                    │ _070879_/B                   │ met1  │
│ 1.94  │ 775.75   │ 400.00   │ net11315                                                                    │ _075974_/B                   │ met1  │
│ 1.94  │ 774.85   │ 400.00   │ yz_bram_ctrl_inst.yz_ram.u_mem.u_mem.re_eff                                 │ _119031_/S                   │ met1  │
│ 1.94  │ 7105.90  │ 3669.20  │ net1681                                                                     │ _128314_/D                   │ met4  │
│ 1.94  │ 774.03   │ 400.00   │ net3029                                                                     │ _078516_/C                   │ met2  │
│ 1.93  │ 6404.95  │ 3312.80  │ net4555                                                                     │ _094475_/A1                  │ met4  │
│ 1.93  │ 773.13   │ 400.00   │ net5026                                                                     │ _072898_/B2                  │ met1  │
│ 1.93  │ 772.88   │ 400.00   │ net14138                                                                    │ _075051_/A2                  │ met2  │
│ 1.93  │ 771.94   │ 400.00   │ net6831                                                                     │ _073084_/A3                  │ met3  │
│ 1.93  │ 771.72   │ 400.00   │ net8278                                                                     │ _070976_/B                   │ met3  │
│ 1.93  │ 771.72   │ 400.00   │ net8278                                                                     │ _076702_/B2                  │ met3  │
│ 1.93  │ 771.72   │ 400.00   │ net8278                                                                     │ _077113_/B2                  │ met3  │
│ 1.93  │ 771.22   │ 400.00   │ net7072                                                                     │ _077894_/B                   │ met1  │
│ 1.93  │ 770.87   │ 400.00   │ instr_bram_ctrl_inst.instr_ram.u_mem.g_2k[0\].u_cell.rdata[0\]              │ wire21777/A                  │ met3  │
│ 1.93  │ 770.87   │ 400.00   │ instr_bram_ctrl_inst.instr_ram.u_mem.g_2k[0\].u_cell.rdata[14\]             │ wire21735/A                  │ met3  │
│ 1.93  │ 770.87   │ 400.00   │ instr_bram_ctrl_inst.instr_ram.u_mem.g_2k[0\].u_cell.rdata[3\]              │ wire21573/A                  │ met3  │
│ 1.93  │ 770.87   │ 400.00   │ instr_bram_ctrl_inst.instr_ram.u_mem.g_2k[2\].u_cell.rdata[2\]              │ wire21343/A                  │ met3  │
│ 1.93  │ 770.87   │ 400.00   │ instr_bram_ctrl_inst.instr_ram.u_mem.g_2k[2\].u_cell.rdata[8\]              │ wire21288/A                  │ met3  │
│ 1.93  │ 770.87   │ 400.00   │ instr_bram_ctrl_inst.instr_ram.u_mem.g_2k[3\].u_cell.rdata[22\]             │ wire21067/A                  │ met3  │
│ 1.93  │ 770.87   │ 400.00   │ instr_bram_ctrl_inst.instr_ram.u_mem.g_2k[3\].u_cell.rdata[30\]             │ wire20930/A                  │ met3  │
│ 1.93  │ 770.87   │ 400.00   │ instr_bram_ctrl_inst.instr_ram.u_mem.g_2k[3\].u_cell.rdata[6\]              │ wire20856/A                  │ met3  │
│ 1.93  │ 770.87   │ 400.00   │ yz_bram_ctrl_inst.yz_ram.u_mem.u_mem.g_1k.u_cell.rdata[16\]                 │ wire20745/A                  │ met3  │
│ 1.93  │ 770.87   │ 400.00   │ yz_bram_ctrl_inst.yz_ram.u_mem.u_mem.g_1k.u_cell.rdata[25\]                 │ wire20667/A                  │ met3  │
│ 1.93  │ 770.87   │ 400.00   │ yz_bram_ctrl_inst.yz_ram.u_mem.u_mem.g_1k.u_cell.rdata[6\]                  │ wire20577/A                  │ met3  │
│ 1.93  │ 770.87   │ 400.00   │ yz_bram_ctrl_inst.yz_ram.u_mem.u_mem.g_2k[0\].u_cell.rdata[2\]              │ wire20216/A                  │ met3  │
│ 1.93  │ 770.87   │ 400.00   │ yz_bram_ctrl_inst.yz_ram.u_mem.u_mem.g_2k[0\].u_cell.rdata[5\]              │ wire20139/A                  │ met3  │
│ 1.93  │ 770.59   │ 400.00   │ net25481                                                                    │ wire25480/A                  │ met3  │
│ 1.93  │ 770.59   │ 400.00   │ net25489                                                                    │ wire25488/A                  │ met3  │
│ 1.93  │ 770.26   │ 400.00   │ data_bram_ctrl_inst.data_ram.u_mem.g_2k[1\].u_cell.rdata[4\]                │ _113628_/A1                  │ met4  │
│ 1.93  │ 770.08   │ 400.00   │ net13039                                                                    │ _075371_/A1                  │ met1  │
│ 1.92  │ 769.69   │ 400.00   │ net8112                                                                     │ _076847_/A1                  │ met1  │
│ 1.92  │ 767.48   │ 400.00   │ net12933                                                                    │ _075090_/A1                  │ met3  │
│ 1.92  │ 767.46   │ 400.00   │ net4097                                                                     │ _067730_/A1                  │ met3  │
│ 1.92  │ 767.42   │ 400.00   │ _020490_                                                                    │ _078952_/B1                  │ met3  │
│ 1.92  │ 767.35   │ 400.00   │ net2501                                                                     │ _078518_/B2                  │ met3  │
│ 1.92  │ 767.35   │ 400.00   │ net4809                                                                     │ _075439_/B1                  │ met3  │
│ 1.92  │ 767.32   │ 400.00   │ net6420                                                                     │ _074801_/A3                  │ met3  │
│ 1.92  │ 766.83   │ 400.00   │ net6494                                                                     │ _073844_/B2                  │ met1  │
│ 1.92  │ 766.35   │ 400.00   │ cpu_inst.CORE.core_i.ex_stage_i.mult_i.op_b_i[11\]                          │ fanout27270/A                │ met1  │
│ 1.91  │ 765.97   │ 400.00   │ net3719                                                                     │ _076621_/B1                  │ met3  │
│ 1.91  │ 765.97   │ 400.00   │ net3719                                                                     │ _079147_/A2_N                │ met3  │
│ 1.91  │ 765.19   │ 400.00   │ net10655                                                                    │ _078610_/A2                  │ met3  │
│ 1.91  │ 765.16   │ 400.00   │ net6412                                                                     │ _076739_/B1                  │ met3  │
│ 1.91  │ 765.16   │ 400.00   │ net6412                                                                     │ _077280_/B1                  │ met3  │
│ 1.91  │ 764.43   │ 400.00   │ clknet_6_52__leaf_clk_i_regs                                                │ _128017_/CLK                 │ met1  │
│ 1.91  │ 762.89   │ 400.00   │ net3912                                                                     │ _075187_/A1                  │ met3  │
│ 1.91  │ 762.89   │ 400.00   │ net3912                                                                     │ _077120_/A1                  │ met3  │
│ 1.91  │ 762.86   │ 400.00   │ _018796_                                                                    │ _073688_/A2                  │ met3  │
│ 1.91  │ 762.86   │ 400.00   │ net2510                                                                     │ _077802_/A2                  │ met3  │
│ 1.91  │ 762.86   │ 400.00   │ net5127                                                                     │ _078653_/A2                  │ met3  │
│ 1.91  │ 762.86   │ 400.00   │ net6470                                                                     │ _072520_/B1                  │ met3  │
│ 1.91  │ 762.86   │ 400.00   │ net7180                                                                     │ _079169_/A1                  │ met3  │
│ 1.91  │ 762.86   │ 400.00   │ net8134                                                                     │ _076638_/A1                  │ met3  │
│ 1.91  │ 762.86   │ 400.00   │ net10300                                                                    │ _075665_/A2                  │ met3  │
│ 1.91  │ 762.86   │ 400.00   │ net10752                                                                    │ _074613_/B2                  │ met3  │
│ 1.91  │ 762.86   │ 400.00   │ net14504                                                                    │ _072029_/A1                  │ met3  │
│ 1.91  │ 762.81   │ 400.00   │ net3146                                                                     │ _070551_/B                   │ met3  │
│ 1.90  │ 760.58   │ 400.00   │ _024086_                                                                    │ _075447_/B1                  │ met3  │
│ 1.90  │ 760.58   │ 400.00   │ _024086_                                                                    │ _075588_/B2                  │ met3  │
│ 1.90  │ 759.93   │ 400.00   │ net4887                                                                     │ _077549_/B2                  │ met3  │
│ 1.90  │ 759.93   │ 400.00   │ net4887                                                                     │ _078213_/B1                  │ met3  │
│ 1.90  │ 759.82   │ 400.00   │ QSPI_IO2                                                                    │ load_slew30085/A             │ met3  │
│ 1.89  │ 757.07   │ 400.00   │ net22001                                                                    │ wire22000/A                  │ met1  │
│ 1.89  │ 755.61   │ 400.00   │ net8052                                                                     │ _070454_/B1                  │ met1  │
│ 1.89  │ 755.57   │ 400.00   │ net1902                                                                     │ wire1896/A                   │ met3  │
│ 1.89  │ 755.57   │ 400.00   │ net1902                                                                     │ wire1901/A                   │ met3  │
│ 1.89  │ 755.56   │ 400.00   │ net6528                                                                     │ _077209_/A2                  │ met1  │
│ 1.89  │ 755.31   │ 400.00   │ net28043                                                                    │ _092467_/B                   │ met1  │
│ 1.88  │ 752.70   │ 400.00   │ net24097                                                                    │ fanout24086/A                │ met1  │
│ 1.88  │ 6229.71  │ 3312.80  │ net4557                                                                     │ _094467_/A1                  │ met4  │
│ 1.88  │ 750.95   │ 400.00   │ net14551                                                                    │ _070295_/A                   │ met3  │
│ 1.88  │ 750.95   │ 400.00   │ net14551                                                                    │ _076711_/A1                  │ met3  │
│ 1.88  │ 750.26   │ 400.00   │ net8168                                                                     │ _071338_/B                   │ met3  │
│ 1.88  │ 750.26   │ 400.00   │ net8168                                                                     │ _072813_/A3                  │ met3  │
│ 1.87  │ 749.47   │ 400.00   │ net7521                                                                     │ _076819_/B2                  │ met3  │
│ 1.87  │ 749.47   │ 400.00   │ net7521                                                                     │ _078496_/A                   │ met3  │
│ 1.87  │ 749.13   │ 400.00   │ clknet_6_46__leaf_clk_i_regs                                                │ _128324_/CLK                 │ met1  │
│ 1.87  │ 748.95   │ 400.00   │ net6593                                                                     │ _076663_/A2                  │ met1  │
│ 1.87  │ 6859.97  │ 3669.20  │ net26824                                                                    │ output52/A                   │ met4  │
│ 1.87  │ 6859.97  │ 3669.20  │ net29927                                                                    │ wire29926/A                  │ met4  │
│ 1.87  │ 747.44   │ 400.00   │ _018811_                                                                    │ _077231_/A2                  │ met1  │
│ 1.87  │ 5187.05  │ 2778.20  │ _025515_                                                                    │ _076884_/C                   │ met4  │
│ 1.87  │ 746.46   │ 400.00   │ net7172                                                                     │ _076624_/B                   │ met3  │
│ 1.87  │ 746.46   │ 400.00   │ net7172                                                                     │ _078026_/A1                  │ met3  │
│ 1.87  │ 746.45   │ 400.00   │ net6416                                                                     │ _072680_/B1                  │ met3  │
│ 1.87  │ 746.45   │ 400.00   │ net6416                                                                     │ _072817_/A2                  │ met3  │
│ 1.87  │ 746.45   │ 400.00   │ net6416                                                                     │ _074613_/B1                  │ met3  │
│ 1.86  │ 745.28   │ 400.00   │ net11950                                                                    │ _127706_/D                   │ met1  │
│ 1.86  │ 744.41   │ 400.00   │ net7937                                                                     │ _071156_/A1                  │ met2  │
│ 1.86  │ 744.41   │ 400.00   │ net7937                                                                     │ _078387_/A2                  │ met2  │
│ 1.86  │ 744.28   │ 400.00   │ _020644_                                                                    │ _077636_/B                   │ met1  │
│ 1.86  │ 744.08   │ 400.00   │ _018168_                                                                    │ _100937_/A0                  │ met1  │
│ 1.86  │ 744.08   │ 400.00   │ _018168_                                                                    │ _101227_/A0                  │ met1  │
│ 1.86  │ 742.80   │ 400.00   │ net6419                                                                     │ _074362_/B1                  │ met3  │
│ 1.86  │ 742.80   │ 400.00   │ net6419                                                                     │ _078559_/B1                  │ met3  │
│ 1.86  │ 742.76   │ 400.00   │ net5580                                                                     │ _074214_/A2                  │ met3  │
│ 1.86  │ 742.76   │ 400.00   │ net5580                                                                     │ _074859_/B2                  │ met3  │
│ 1.86  │ 742.29   │ 400.00   │ net12465                                                                    │ _073981_/B1                  │ met3  │
│ 1.86  │ 742.29   │ 400.00   │ net12465                                                                    │ wire12464/A                  │ met3  │
│ 1.85  │ 6803.79  │ 3669.20  │ net29931                                                                    │ wire29930/A                  │ met4  │
│ 1.85  │ 741.37   │ 400.00   │ _018485_                                                                    │ _075616_/A1                  │ met3  │
│ 1.85  │ 741.37   │ 400.00   │ _018485_                                                                    │ wire14550/A                  │ met3  │
│ 1.85  │ 740.69   │ 400.00   │ _022438_                                                                    │ _073893_/B                   │ met1  │
│ 1.85  │ 740.50   │ 400.00   │ net5317                                                                     │ _071920_/A1                  │ met3  │
│ 1.85  │ 740.50   │ 400.00   │ net5317                                                                     │ _075712_/A4                  │ met3  │
│ 1.85  │ 740.50   │ 400.00   │ net5317                                                                     │ _078159_/A1                  │ met3  │
│ 1.85  │ 739.16   │ 400.00   │ net26401                                                                    │ _067734_/A0                  │ met2  │
│ 1.85  │ 738.38   │ 400.00   │ net6391                                                                     │ _072845_/B2                  │ met3  │
│ 1.85  │ 738.38   │ 400.00   │ net6391                                                                     │ _078776_/B1                  │ met3  │
│ 1.84  │ 736.83   │ 400.00   │ net3367                                                                     │ _118639_/A1                  │ met1  │
│ 1.84  │ 736.12   │ 400.00   │ net3165                                                                     │ wire3163/A                   │ met3  │
│ 1.84  │ 736.12   │ 400.00   │ net29927                                                                    │ wire29926/A                  │ met3  │
│ 1.84  │ 5108.19  │ 2778.20  │ _025426_                                                                    │ _076795_/D                   │ met4  │
│ 1.84  │ 735.17   │ 400.00   │ _020729_                                                                    │ _075740_/A2                  │ met3  │
│ 1.84  │ 735.17   │ 400.00   │ _020729_                                                                    │ wire6539/A                   │ met3  │
│ 1.83  │ 733.08   │ 400.00   │ net8385                                                                     │ _078553_/A1                  │ met1  │
│ 1.83  │ 732.51   │ 400.00   │ net7346                                                                     │ _078876_/A3                  │ met1  │
│ 1.83  │ 732.20   │ 400.00   │ _019636_                                                                    │ _078273_/A1                  │ met1  │
│ 1.83  │ 730.72   │ 400.00   │ net28313                                                                    │ wire28312/A                  │ met1  │
│ 1.83  │ 730.59   │ 400.00   │ net7347                                                                     │ _073923_/A2                  │ met1  │
│ 1.83  │ 730.33   │ 400.00   │ _057013_                                                                    │ _116074_/A1                  │ met1  │
│ 1.83  │ 730.08   │ 400.00   │ net12705                                                                    │ _072919_/A1                  │ met3  │
│ 1.83  │ 730.08   │ 400.00   │ net12705                                                                    │ _076248_/A2                  │ met3  │
│ 1.82  │ 729.77   │ 400.00   │ net7364                                                                     │ _078592_/B1                  │ met2  │
│ 1.82  │ 728.64   │ 400.00   │ net7326                                                                     │ _072107_/B2                  │ met1  │
│ 1.82  │ 727.84   │ 400.00   │ _019816_                                                                    │ _077059_/B1                  │ met1  │
│ 1.82  │ 727.47   │ 400.00   │ net7398                                                                     │ _074875_/A2                  │ met3  │
│ 1.82  │ 727.43   │ 400.00   │ net4685                                                                     │ _073605_/C                   │ met3  │
│ 1.81  │ 725.81   │ 400.00   │ _025190_                                                                    │ _076568_/B2                  │ met2  │
│ 1.81  │ 6635.24  │ 3669.20  │ net29909                                                                    │ wire29908/A                  │ met4  │
│ 1.81  │ 6635.24  │ 3669.20  │ net29912                                                                    │ wire29911/A                  │ met4  │
│ 1.81  │ 6635.24  │ 3669.20  │ net29918                                                                    │ wire29917/A                  │ met4  │
│ 1.81  │ 6635.24  │ 3669.20  │ net29921                                                                    │ wire29920/A                  │ met4  │
│ 1.81  │ 6635.24  │ 3669.20  │ net29924                                                                    │ wire29923/A                  │ met4  │
│ 1.81  │ 722.84   │ 400.00   │ net13376                                                                    │ _077209_/B1                  │ met3  │
│ 1.81  │ 722.72   │ 400.00   │ net3116                                                                     │ _073298_/A2                  │ met3  │
│ 1.81  │ 722.72   │ 400.00   │ net4862                                                                     │ _072083_/B                   │ met3  │
│ 1.80  │ 720.83   │ 400.00   │ _019410_                                                                    │ _076437_/B                   │ met1  │
│ 1.80  │ 718.38   │ 400.00   │ net4895                                                                     │ _078004_/B1                  │ met3  │
│ 1.80  │ 718.38   │ 400.00   │ net6327                                                                     │ _073432_/A2                  │ met3  │
│ 1.80  │ 718.38   │ 400.00   │ net6327                                                                     │ _075871_/B2                  │ met3  │
│ 1.80  │ 718.37   │ 400.00   │ _059119_                                                                    │ _118527_/A0                  │ met1  │
│ 1.80  │ 718.35   │ 400.00   │ net7936                                                                     │ _074656_/B2                  │ met3  │
│ 1.80  │ 718.35   │ 400.00   │ net7936                                                                     │ _076009_/B                   │ met3  │
│ 1.80  │ 718.25   │ 400.00   │ _019820_                                                                    │ _071589_/A2                  │ met3  │
│ 1.80  │ 718.25   │ 400.00   │ _020529_                                                                    │ _075729_/A1                  │ met3  │
│ 1.80  │ 718.25   │ 400.00   │ _021788_                                                                    │ _076396_/A3                  │ met3  │
│ 1.80  │ 718.25   │ 400.00   │ net5570                                                                     │ _075829_/B2                  │ met3  │
│ 1.80  │ 718.25   │ 400.00   │ net6308                                                                     │ _074542_/A3                  │ met3  │
│ 1.80  │ 718.25   │ 400.00   │ net6702                                                                     │ _078986_/A1                  │ met3  │
│ 1.80  │ 718.25   │ 400.00   │ net17246                                                                    │ _074177_/A1                  │ met3  │
│ 1.80  │ 718.22   │ 400.00   │ net8091                                                                     │ wire8090/A                   │ met3  │
│ 1.80  │ 718.20   │ 400.00   │ net8082                                                                     │ _072705_/A1                  │ met3  │
│ 1.80  │ 718.20   │ 400.00   │ net8082                                                                     │ _078153_/A2                  │ met3  │
│ 1.80  │ 718.09   │ 400.00   │ _022147_                                                                    │ _073500_/B2                  │ met1  │
│ 1.79  │ 717.89   │ 400.00   │ net13546                                                                    │ _078145_/A3                  │ met1  │
│ 1.79  │ 716.70   │ 400.00   │ net10848                                                                    │ _074394_/B2                  │ met3  │
│ 1.79  │ 716.70   │ 400.00   │ net10848                                                                    │ _076539_/B2                  │ met3  │
│ 1.79  │ 716.70   │ 400.00   │ net10848                                                                    │ _078281_/B1                  │ met3  │
│ 1.79  │ 716.22   │ 400.00   │ net7262                                                                     │ _071903_/A2                  │ met3  │
│ 1.79  │ 716.22   │ 400.00   │ net7262                                                                     │ _076029_/B2                  │ met3  │
│ 1.79  │ 716.13   │ 400.00   │ _055942_                                                                    │ _114905_/A1                  │ met2  │
│ 1.79  │ 716.13   │ 400.00   │ _055942_                                                                    │ _116044_/B1                  │ met2  │
│ 1.79  │ 714.31   │ 400.00   │ _028650_                                                                    │ _084490_/B1_N                │ met1  │
│ 1.78  │ 713.77   │ 400.00   │ net5478                                                                     │ _073864_/A1                  │ met1  │
│ 1.78  │ 712.96   │ 400.00   │ net8552                                                                     │ _078576_/A                   │ met1  │
│ 1.78  │ 712.76   │ 400.00   │ net10517                                                                    │ _072791_/A2                  │ met2  │
│ 1.78  │ 712.72   │ 400.00   │ net5527                                                                     │ _077320_/C                   │ met1  │
│ 1.78  │ 712.42   │ 400.00   │ net4817                                                                     │ _073264_/B2                  │ met1  │
│ 1.78  │ 712.11   │ 400.00   │ net4944                                                                     │ _071807_/B2                  │ met1  │
│ 1.78  │ 711.26   │ 400.00   │ net26842                                                                    │ _079433_/A1                  │ met1  │
│ 1.78  │ 711.21   │ 400.00   │ _019697_                                                                    │ _078137_/B2                  │ met1  │
│ 1.77  │ 709.90   │ 400.00   │ net4978                                                                     │ _075429_/C                   │ met3  │
│ 1.77  │ 709.90   │ 400.00   │ net11893                                                                    │ _075326_/A                   │ met3  │
│ 1.77  │ 709.71   │ 400.00   │ net26406                                                                    │ _067727_/A0                  │ met2  │
│ 1.77  │ 709.03   │ 400.00   │ _023967_                                                                    │ _075328_/A                   │ met2  │
│ 1.77  │ 706.90   │ 400.00   │ net4893                                                                     │ _077214_/A1                  │ met1  │
│ 1.77  │ 706.75   │ 400.00   │ net4938                                                                     │ _077555_/B1                  │ met1  │
│ 1.77  │ 706.29   │ 400.00   │ _020309_                                                                    │ _076119_/A2                  │ met2  │
│ 1.77  │ 706.29   │ 400.00   │ _026261_                                                                    │ _077689_/A2                  │ met2  │
│ 1.77  │ 706.29   │ 400.00   │ net11418                                                                    │ _078270_/A1                  │ met2  │
│ 1.76  │ 705.95   │ 400.00   │ net6932                                                                     │ _075859_/A2                  │ met1  │
│ 1.76  │ 705.03   │ 400.00   │ net6631                                                                     │ _077297_/C                   │ met1  │
│ 1.76  │ 704.96   │ 400.00   │ clknet_4_6_0_clk_i_regs                                                     │ clkbuf_5_13_0_clk_i_regs/A   │ met3  │
│ 1.76  │ 704.83   │ 400.00   │ net29841                                                                    │ _070474_/B                   │ met1  │
│ 1.76  │ 704.60   │ 400.00   │ _012234_                                                                    │ fanout17395/A                │ met1  │
│ 1.76  │ 704.27   │ 400.00   │ conv_accelerator_inst.rd_q[5\]                                              │ fanout27968/A                │ met1  │
│ 1.76  │ 703.08   │ 400.00   │ _025742_                                                                    │ _077111_/C                   │ met1  │
│ 1.76  │ 702.37   │ 400.00   │ clknet_3_2_0_clk_i_regs                                                     │ clkbuf_4_4_0_clk_i_regs/A    │ met3  │
│ 1.75  │ 701.67   │ 400.00   │ _018110_                                                                    │ _069375_/A0                  │ met1  │
│ 1.75  │ 701.67   │ 400.00   │ _018110_                                                                    │ _069719_/A0                  │ met1  │
│ 1.75  │ 701.43   │ 400.00   │ instr_bram_ctrl_inst.instr_ram.u_mem.g_2k[1\].u_cell.rdata[12\]             │ _114241_/A1                  │ met3  │
│ 1.75  │ 701.43   │ 400.00   │ instr_bram_ctrl_inst.instr_ram.u_mem.g_2k[1\].u_cell.rdata[3\]              │ _114223_/A1                  │ met3  │
│ 1.75  │ 701.43   │ 400.00   │ instr_bram_ctrl_inst.instr_ram.u_mem.g_2k[2\].u_cell.rdata[4\]              │ wire21315/A                  │ met3  │
│ 1.75  │ 701.43   │ 400.00   │ instr_bram_ctrl_inst.instr_ram.u_mem.g_2k[3\].u_cell.rdata[26\]             │ wire21006/A                  │ met3  │
│ 1.75  │ 701.43   │ 400.00   │ yz_bram_ctrl_inst.yz_ram.u_mem.u_mem.g_2k[0\].u_cell.rdata[31\]             │ wire20186/A                  │ met3  │
│ 1.75  │ 700.41   │ 400.00   │ net6586                                                                     │ _073793_/B1                  │ met3  │
│ 1.75  │ 700.41   │ 400.00   │ net6586                                                                     │ _078747_/A2                  │ met3  │
│ 1.75  │ 700.36   │ 400.00   │ net22134                                                                    │ wire22133/A                  │ met1  │
│ 1.75  │ 700.20   │ 400.00   │ net3463                                                                     │ _067742_/A1                  │ met3  │
│ 1.75  │ 699.89   │ 400.00   │ net26396                                                                    │ _067751_/A0                  │ met2  │
│ 1.75  │ 699.89   │ 400.00   │ net26397                                                                    │ _067749_/A0                  │ met2  │
│ 1.75  │ 699.89   │ 400.00   │ net26405                                                                    │ _067729_/A0                  │ met2  │
│ 1.75  │ 698.29   │ 400.00   │ net8050                                                                     │ _070465_/A1                  │ met3  │
│ 1.75  │ 698.29   │ 400.00   │ net8050                                                                     │ _071470_/B1                  │ met3  │
│ 1.75  │ 6405.21  │ 3669.20  │ net6324                                                                     │ _078850_/B                   │ met3  │
│ 1.74  │ 697.36   │ 400.00   │ _048714_                                                                    │ _110669_/A1                  │ met2  │
│ 1.74  │ 696.99   │ 400.00   │ net11194                                                                    │ wire11193/A                  │ met3  │
│ 1.74  │ 696.33   │ 400.00   │ net22128                                                                    │ wire22127/A                  │ met1  │
│ 1.74  │ 695.76   │ 400.00   │ net13358                                                                    │ _070906_/A2                  │ met1  │
│ 1.74  │ 695.38   │ 400.00   │ net19440                                                                    │ _061504_/A1                  │ met1  │
│ 1.74  │ 695.29   │ 400.00   │ net4866                                                                     │ _076414_/A2                  │ met1  │
│ 1.74  │ 694.43   │ 400.00   │ net12475                                                                    │ _077725_/A1                  │ met1  │
│ 1.74  │ 694.06   │ 400.00   │ _059127_                                                                    │ _118537_/A0                  │ met1  │
│ 1.73  │ 693.77   │ 400.00   │ net5072                                                                     │ _074746_/A2                  │ met3  │
│ 1.73  │ 693.77   │ 400.00   │ net5072                                                                     │ _074756_/A1                  │ met3  │
│ 1.73  │ 693.47   │ 400.00   │ net747                                                                      │ _128146_/D                   │ met1  │
│ 1.73  │ 692.96   │ 400.00   │ net28793                                                                    │ fanout28660/A                │ met2  │
│ 1.73  │ 692.89   │ 400.00   │ conv_accelerator_inst.f_prod[45\]                                           │ _090804_/B1                  │ met1  │
│ 1.73  │ 692.75   │ 400.00   │ _021200_                                                                    │ _072550_/A3                  │ met1  │
│ 1.73  │ 692.35   │ 400.00   │ net10648                                                                    │ _078599_/B1                  │ met1  │
│ 1.73  │ 691.68   │ 400.00   │ net28427                                                                    │ wire28426/A                  │ met1  │
│ 1.73  │ 691.64   │ 400.00   │ net10486                                                                    │ _078374_/A3                  │ met1  │
│ 1.73  │ 690.53   │ 400.00   │ net5074                                                                     │ _071271_/A1                  │ met3  │
│ 1.73  │ 690.53   │ 400.00   │ net5074                                                                     │ _075882_/A2                  │ met3  │
│ 1.73  │ 690.53   │ 400.00   │ net5074                                                                     │ _075908_/B2                  │ met3  │
│ 1.73  │ 690.53   │ 400.00   │ net5074                                                                     │ _078098_/B1                  │ met3  │
│ 1.73  │ 690.35   │ 400.00   │ qspi_master_inst.shift_byte[12\]                                            │ _115920_/A0                  │ met1  │
│ 1.73  │ 690.32   │ 400.00   │ net10370                                                                    │ _071159_/B1                  │ met3  │
│ 1.73  │ 690.32   │ 400.00   │ net10370                                                                    │ _072326_/B                   │ met3  │
│ 1.73  │ 690.32   │ 400.00   │ net10370                                                                    │ _074376_/A3                  │ met3  │
│ 1.73  │ 690.32   │ 400.00   │ net10370                                                                    │ _078578_/A2                  │ met3  │
│ 1.72  │ 6326.10  │ 3669.20  │ net12472                                                                    │ _075580_/C                   │ met4  │
│ 1.72  │ 689.15   │ 400.00   │ net3727                                                                     │ _074497_/B1                  │ met2  │
│ 1.72  │ 688.76   │ 400.00   │ _024719_                                                                    │ _076083_/A2                  │ met2  │
│ 1.72  │ 688.75   │ 400.00   │ _020267_                                                                    │ _073080_/B                   │ met1  │
│ 1.72  │ 5704.00  │ 3312.80  │ net1676                                                                     │ _128325_/D                   │ met4  │
│ 1.72  │ 5704.00  │ 3312.80  │ net4556                                                                     │ _094471_/A1                  │ met4  │
│ 1.72  │ 687.50   │ 400.00   │ _023444_                                                                    │ _075491_/C1                  │ met1  │
│ 1.72  │ 687.16   │ 400.00   │ net10901                                                                    │ _076786_/A1                  │ met3  │
│ 1.72  │ 687.06   │ 400.00   │ net3043                                                                     │ _077693_/B1                  │ met2  │
│ 1.71  │ 685.56   │ 400.00   │ net5073                                                                     │ _071288_/B1                  │ met3  │
│ 1.71  │ 685.56   │ 400.00   │ net5073                                                                     │ _072452_/B1                  │ met3  │
│ 1.71  │ 685.56   │ 400.00   │ net5073                                                                     │ _078982_/A1                  │ met3  │
│ 1.71  │ 685.51   │ 400.00   │ net12956                                                                    │ _070733_/B1                  │ met3  │
│ 1.71  │ 685.51   │ 400.00   │ net12956                                                                    │ _074893_/A2                  │ met3  │
│ 1.71  │ 685.51   │ 400.00   │ net12956                                                                    │ _078551_/A2                  │ met3  │
│ 1.71  │ 685.35   │ 400.00   │ _020827_                                                                    │ _072176_/B1                  │ met2  │
│ 1.71  │ 684.83   │ 400.00   │ instr_bram_ctrl_inst.instr_ram.u_mem.g_2k[1\].u_cell.rdata[21\]             │ _114259_/A1                  │ met4  │
│ 1.71  │ 684.33   │ 400.00   │ net8270                                                                     │ _071450_/A1                  │ met1  │
│ 1.71  │ 684.33   │ 400.00   │ net8270                                                                     │ _073700_/A1                  │ met1  │
│ 1.71  │ 682.60   │ 400.00   │ net6763                                                                     │ _073042_/A2                  │ met3  │
│ 1.71  │ 4740.19  │ 2778.20  │ _023653_                                                                    │ _075013_/C_N                 │ met4  │
│ 1.71  │ 4740.19  │ 2778.20  │ _055431_                                                                    │ _114244_/A1                  │ met4  │
│ 1.71  │ 682.42   │ 400.00   │ _025526_                                                                    │ _078703_/A2                  │ met1  │
│ 1.70  │ 681.76   │ 400.00   │ net10975                                                                    │ _077500_/B1                  │ met1  │
│ 1.70  │ 679.94   │ 400.00   │ net29931                                                                    │ wire29930/A                  │ met3  │
│ 1.70  │ 679.89   │ 400.00   │ net6918                                                                     │ _072241_/A                   │ met1  │
│ 1.70  │ 679.26   │ 400.00   │ net8419                                                                     │ _076767_/B                   │ met1  │
│ 1.70  │ 678.27   │ 400.00   │ net4849                                                                     │ _074357_/A2                  │ met3  │
│ 1.70  │ 678.24   │ 400.00   │ net10140                                                                    │ _074215_/B1                  │ met3  │
│ 1.70  │ 678.24   │ 400.00   │ net10533                                                                    │ _078618_/A1                  │ met3  │
│ 1.70  │ 678.21   │ 400.00   │ net4993                                                                     │ _076030_/A2                  │ met3  │
│ 1.70  │ 5616.38  │ 3312.80  │ net15935                                                                    │ _114234_/A1                  │ met4  │
│ 1.70  │ 678.11   │ 400.00   │ net3062                                                                     │ _075904_/B1                  │ met3  │
│ 1.70  │ 678.11   │ 400.00   │ net4661                                                                     │ _074643_/A2                  │ met3  │
│ 1.70  │ 678.11   │ 400.00   │ net6978                                                                     │ _072295_/A1                  │ met3  │
│ 1.70  │ 678.11   │ 400.00   │ net7037                                                                     │ _071317_/A2                  │ met3  │
│ 1.70  │ 678.11   │ 400.00   │ net17482                                                                    │ _061515_/B1                  │ met3  │
│ 1.69  │ 677.97   │ 400.00   │ net25289                                                                    │ fanout24946/A                │ met1  │
│ 1.69  │ 676.82   │ 400.00   │ net10462                                                                    │ _075220_/A2                  │ met1  │
│ 1.69  │ 676.76   │ 400.00   │ net11622                                                                    │ _076695_/A1                  │ met1  │
│ 1.69  │ 676.29   │ 400.00   │ net7743                                                                     │ _079064_/A2                  │ met1  │
│ 1.69  │ 675.80   │ 400.00   │ net12409                                                                    │ _078586_/A2                  │ met1  │
│ 1.69  │ 674.18   │ 400.00   │ net5265                                                                     │ _071949_/B2                  │ met1  │
│ 1.68  │ 673.78   │ 400.00   │ _021649_                                                                    │ _073001_/B2                  │ met3  │
│ 1.68  │ 673.78   │ 400.00   │ net10718                                                                    │ _076453_/A1                  │ met3  │
│ 1.68  │ 673.78   │ 400.00   │ net11654                                                                    │ _073116_/A1                  │ met3  │
│ 1.68  │ 673.78   │ 400.00   │ net12974                                                                    │ _072354_/B                   │ met3  │
│ 1.68  │ 673.65   │ 400.00   │ _024688_                                                                    │ _076052_/B1                  │ met3  │
│ 1.68  │ 673.65   │ 400.00   │ net3118                                                                     │ _073166_/A1                  │ met3  │
│ 1.68  │ 673.65   │ 400.00   │ net6868                                                                     │ _071995_/B1                  │ met3  │
│ 1.68  │ 673.65   │ 400.00   │ net6976                                                                     │ _075062_/B2                  │ met3  │
│ 1.68  │ 673.65   │ 400.00   │ net11533                                                                    │ _070077_/A1                  │ met3  │
│ 1.68  │ 673.30   │ 400.00   │ net11680                                                                    │ _077434_/A1                  │ met2  │
│ 1.68  │ 673.16   │ 400.00   │ net4585                                                                     │ _078480_/B1                  │ met1  │
│ 1.68  │ 672.96   │ 400.00   │ net3674                                                                     │ _078191_/B2                  │ met1  │
│ 1.68  │ 671.67   │ 400.00   │ net30021                                                                    │ _084001_/A1                  │ met1  │
│ 1.68  │ 671.48   │ 400.00   │ net5331                                                                     │ _076604_/A1                  │ met3  │
│ 1.68  │ 671.48   │ 400.00   │ net5331                                                                     │ _076714_/A2                  │ met3  │
│ 1.68  │ 670.94   │ 400.00   │ net7038                                                                     │ _073082_/B                   │ met2  │
│ 1.68  │ 670.81   │ 400.00   │ net14500                                                                    │ fanout14470/A                │ met1  │
│ 1.67  │ 4652.57  │ 2778.20  │ _027686_                                                                    │ _079065_/B                   │ met4  │
│ 1.67  │ 669.71   │ 400.00   │ net11621                                                                    │ _074342_/A2                  │ met2  │
│ 1.67  │ 669.45   │ 400.00   │ net26398                                                                    │ _067740_/A0                  │ met2  │
│ 1.67  │ 669.45   │ 400.00   │ net26402                                                                    │ _067733_/A0                  │ met2  │
│ 1.67  │ 667.88   │ 400.00   │ net6723                                                                     │ _075806_/A3                  │ met1  │
│ 1.67  │ 667.59   │ 400.00   │ net3686                                                                     │ _073694_/B1                  │ met2  │
│ 1.67  │ 5528.76  │ 3312.80  │ net4560                                                                     │ _094455_/A1                  │ met4  │
│ 1.67  │ 667.43   │ 400.00   │ _021947_                                                                    │ _073623_/A1                  │ met1  │
│ 1.67  │ 667.26   │ 400.00   │ _019509_                                                                    │ _072615_/B1                  │ met2  │
│ 1.67  │ 666.82   │ 400.00   │ net3302                                                                     │ _113841_/D                   │ met1  │
│ 1.67  │ 666.39   │ 400.00   │ _027284_                                                                    │ _078659_/B                   │ met1  │
│ 1.66  │ 665.58   │ 400.00   │ net10973                                                                    │ _079023_/C                   │ met1  │
│ 1.66  │ 663.74   │ 400.00   │ qspi_master_inst.rx_rd_ptr[2\]                                              │ fanout25863/A                │ met1  │
│ 1.66  │ 663.17   │ 400.00   │ net5069                                                                     │ _079006_/C                   │ met2  │
│ 1.66  │ 663.08   │ 400.00   │ net4812                                                                     │ _073733_/B1                  │ met1  │
│ 1.66  │ 662.90   │ 400.00   │ net8097                                                                     │ _072463_/A2                  │ met3  │
│ 1.66  │ 662.90   │ 400.00   │ net8097                                                                     │ _076799_/A1                  │ met3  │
│ 1.66  │ 662.66   │ 400.00   │ net11475                                                                    │ _072684_/A1                  │ met1  │
│ 1.66  │ 662.66   │ 400.00   │ net11475                                                                    │ _078646_/A1                  │ met1  │
│ 1.66  │ 662.39   │ 400.00   │ _000078_                                                                    │ _128335_/D                   │ met2  │
│ 1.66  │ 662.10   │ 400.00   │ net4869                                                                     │ _078524_/B1                  │ met1  │
│ 1.65  │ 661.33   │ 400.00   │ net27717                                                                    │ _101794_/A1                  │ met1  │
│ 1.65  │ 661.32   │ 400.00   │ net5481                                                                     │ _074784_/B2                  │ met3  │
│ 1.65  │ 661.32   │ 400.00   │ net5481                                                                     │ _075634_/A1                  │ met3  │
│ 1.65  │ 661.32   │ 400.00   │ net5481                                                                     │ _076740_/A1                  │ met3  │
│ 1.65  │ 661.32   │ 400.00   │ net5481                                                                     │ _076990_/B2                  │ met3  │
│ 1.65  │ 660.62   │ 400.00   │ net26409                                                                    │ _067723_/A0                  │ met2  │
│ 1.65  │ 5449.90  │ 3312.80  │ net3748                                                                     │ _072203_/C                   │ met4  │
│ 1.64  │ 657.83   │ 400.00   │ net12517                                                                    │ _072435_/B                   │ met1  │
│ 1.64  │ 6028.19  │ 3669.20  │ net1892                                                                     │ _128315_/D                   │ met4  │
│ 1.64  │ 5441.14  │ 3312.80  │ net2704                                                                     │ _078378_/B                   │ met4  │
│ 1.64  │ 5441.14  │ 3312.80  │ net3730                                                                     │ _074985_/B                   │ met4  │
│ 1.64  │ 5441.14  │ 3312.80  │ net6413                                                                     │ _072708_/B                   │ met4  │
│ 1.64  │ 656.26   │ 400.00   │ _019396_                                                                    │ _072410_/A2                  │ met3  │
│ 1.64  │ 656.26   │ 400.00   │ _019396_                                                                    │ _073630_/C                   │ met3  │
│ 1.64  │ 656.22   │ 400.00   │ net8011                                                                     │ _078309_/A1                  │ met1  │
│ 1.64  │ 655.84   │ 400.00   │ net7813                                                                     │ _072388_/A1                  │ met1  │
│ 1.64  │ 655.74   │ 400.00   │ net6318                                                                     │ _073862_/B2                  │ met3  │
│ 1.64  │ 655.74   │ 400.00   │ net6318                                                                     │ _075634_/B1                  │ met3  │
│ 1.64  │ 655.74   │ 400.00   │ net6318                                                                     │ _076990_/B1                  │ met3  │
│ 1.63  │ 652.95   │ 400.00   │ net3273                                                                     │ _105097_/A                   │ met1  │
│ 1.63  │ 652.95   │ 400.00   │ net3273                                                                     │ _110454_/A                   │ met1  │
│ 1.63  │ 652.14   │ 400.00   │ net4869                                                                     │ _072063_/A2                  │ met3  │
│ 1.63  │ 652.14   │ 400.00   │ net4869                                                                     │ _072535_/A2                  │ met3  │
│ 1.63  │ 652.14   │ 400.00   │ net4869                                                                     │ _074299_/B                   │ met3  │
│ 1.63  │ 651.88   │ 400.00   │ net12614                                                                    │ _078360_/C1                  │ met1  │
│ 1.63  │ 651.83   │ 400.00   │ net11585                                                                    │ _075916_/A1                  │ met2  │
│ 1.63  │ 651.82   │ 400.00   │ net11709                                                                    │ _077733_/A1                  │ met1  │
│ 1.63  │ 651.65   │ 400.00   │ _055639_                                                                    │ _114595_/A1                  │ met2  │
│ 1.63  │ 651.65   │ 400.00   │ _055639_                                                                    │ _116016_/B1                  │ met2  │
│ 1.63  │ 651.52   │ 400.00   │ net26914                                                                    │ _060623_/A_N                 │ met1  │
│ 1.63  │ 651.52   │ 400.00   │ net26914                                                                    │ _106301_/B1                  │ met1  │
│ 1.63  │ 651.41   │ 400.00   │ net6476                                                                     │ _077247_/B1                  │ met3  │
│ 1.63  │ 651.41   │ 400.00   │ net6476                                                                     │ _079160_/B1                  │ met3  │
│ 1.63  │ 651.30   │ 400.00   │ net3750                                                                     │ _074976_/B1                  │ met3  │
│ 1.63  │ 651.30   │ 400.00   │ net3750                                                                     │ _076456_/B1                  │ met3  │
│ 1.63  │ 4520.15  │ 2778.20  │ net21886                                                                    │ wire21885/A                  │ met4  │
│ 1.63  │ 4520.15  │ 2778.20  │ net21903                                                                    │ wire21902/A                  │ met4  │
│ 1.63  │ 4520.15  │ 2778.20  │ net21936                                                                    │ wire21935/A                  │ met4  │
│ 1.63  │ 4520.15  │ 2778.20  │ net22189                                                                    │ wire22188/A                  │ met4  │
│ 1.63  │ 4520.15  │ 2778.20  │ net23479                                                                    │ wire23478/A                  │ met4  │
│ 1.63  │ 4520.15  │ 2778.20  │ net23570                                                                    │ wire23569/A                  │ met4  │
│ 1.63  │ 5967.68  │ 3669.20  │ net5049                                                                     │ _074557_/C                   │ met3  │
│ 1.62  │ 649.85   │ 400.00   │ net5608                                                                     │ _075802_/B2                  │ met2  │
│ 1.62  │ 649.80   │ 400.00   │ net16127                                                                    │ _074765_/B1                  │ met1  │
│ 1.62  │ 649.24   │ 400.00   │ net4684                                                                     │ _077542_/B2                  │ met3  │
│ 1.62  │ 649.24   │ 400.00   │ net4684                                                                     │ _077566_/A2                  │ met3  │
│ 1.62  │ 649.08   │ 400.00   │ net3711                                                                     │ _073866_/A2                  │ met3  │
│ 1.62  │ 649.08   │ 400.00   │ net3711                                                                     │ _074878_/B1                  │ met3  │
│ 1.62  │ 649.06   │ 400.00   │ net4953                                                                     │ _074108_/B1                  │ met3  │
│ 1.62  │ 649.06   │ 400.00   │ net4953                                                                     │ _074918_/A2                  │ met3  │
│ 1.62  │ 649.06   │ 400.00   │ net4953                                                                     │ _076498_/B2                  │ met3  │
│ 1.62  │ 649.06   │ 400.00   │ net4953                                                                     │ _078393_/B1                  │ met3  │
│ 1.62  │ 648.78   │ 400.00   │ net6974                                                                     │ _078009_/A3                  │ met1  │
│ 1.62  │ 648.32   │ 400.00   │ net10809                                                                    │ _078147_/A2                  │ met1  │
│ 1.62  │ 647.87   │ 400.00   │ net3920                                                                     │ _074254_/A1                  │ met2  │
│ 1.62  │ 647.85   │ 400.00   │ net26841                                                                    │ _079435_/A1                  │ met1  │
│ 1.62  │ 647.75   │ 400.00   │ _019913_                                                                    │ _074641_/A2                  │ met2  │
│ 1.62  │ 647.75   │ 400.00   │ net8506                                                                     │ _071889_/A3                  │ met2  │
│ 1.62  │ 647.75   │ 400.00   │ net10513                                                                    │ _071888_/B                   │ met2  │
│ 1.62  │ 647.42   │ 400.00   │ _000124_                                                                    │ _119428_/D                   │ met1  │
│ 1.62  │ 647.04   │ 400.00   │ _009900_                                                                    │ _060181_/A                   │ met1  │
│ 1.62  │ 647.04   │ 400.00   │ _009900_                                                                    │ _062394_/B                   │ met1  │
│ 1.62  │ 646.88   │ 400.00   │ _019346_                                                                    │ _071513_/A1                  │ met3  │
│ 1.62  │ 5353.52  │ 3312.80  │ net1670                                                                     │ _128341_/D                   │ met4  │
│ 1.62  │ 5353.52  │ 3312.80  │ net1887                                                                     │ _076844_/B                   │ met4  │
│ 1.61  │ 4477.33  │ 2778.20  │ _055179_                                                                    │ _113732_/A1                  │ met3  │
│ 1.61  │ 644.38   │ 400.00   │ _016987_                                                                    │ _068140_/B                   │ met1  │
│ 1.61  │ 643.97   │ 400.00   │ _022338_                                                                    │ _075784_/A2                  │ met1  │
│ 1.61  │ 643.54   │ 400.00   │ net11500                                                                    │ _073074_/B                   │ met2  │
│ 1.61  │ 643.54   │ 400.00   │ net11500                                                                    │ _074906_/B1                  │ met2  │
│ 1.61  │ 643.12   │ 400.00   │ net30055                                                                    │ _127716_/RESET_B             │ met2  │
│ 1.61  │ 643.12   │ 400.00   │ net30055                                                                    │ _127717_/RESET_B             │ met2  │
│ 1.61  │ 643.11   │ 400.00   │ _057051_                                                                    │ _116127_/A                   │ met1  │
│ 1.61  │ 642.52   │ 400.00   │ net7235                                                                     │ _071139_/A2                  │ met3  │
│ 1.61  │ 642.52   │ 400.00   │ net7235                                                                     │ _072214_/B1                  │ met3  │
│ 1.61  │ 642.52   │ 400.00   │ net7235                                                                     │ _076607_/A1                  │ met3  │
│ 1.61  │ 642.38   │ 400.00   │ net6342                                                                     │ _074389_/B1                  │ met3  │
│ 1.61  │ 642.38   │ 400.00   │ net6342                                                                     │ _078046_/B1                  │ met3  │
│ 1.61  │ 642.38   │ 400.00   │ net6342                                                                     │ _078535_/B2                  │ met3  │
│ 1.61  │ 642.37   │ 400.00   │ net10407                                                                    │ _071233_/B                   │ met3  │
│ 1.61  │ 642.37   │ 400.00   │ net10407                                                                    │ _074263_/A2                  │ met3  │
│ 1.61  │ 642.35   │ 400.00   │ net7544                                                                     │ _076020_/A2                  │ met1  │
│ 1.60  │ 641.88   │ 400.00   │ net25419                                                                    │ wire25418/A                  │ met2  │
│ 1.60  │ 640.99   │ 400.00   │ net6685                                                                     │ _073724_/A2                  │ met1  │
│ 1.60  │ 4450.72  │ 2778.20  │ net21958                                                                    │ wire21957/A                  │ met4  │
│ 1.60  │ 4450.72  │ 2778.20  │ net22013                                                                    │ wire22012/A                  │ met4  │
│ 1.60  │ 639.93   │ 400.00   │ net4884                                                                     │ _072542_/A2                  │ met1  │
│ 1.60  │ 639.01   │ 400.00   │ _018838_                                                                    │ _076395_/B                   │ met1  │
│ 1.60  │ 5852.61  │ 3669.20  │ net7532                                                                     │ _075488_/B2                  │ met3  │
│ 1.59  │ 637.82   │ 400.00   │ net7387                                                                     │ _078980_/A2                  │ met1  │
│ 1.59  │ 637.56   │ 400.00   │ net2902                                                                     │ _113609_/A0                  │ met1  │
│ 1.59  │ 636.61   │ 400.00   │ net27718                                                                    │ _101785_/A1                  │ met1  │
│ 1.59  │ 636.39   │ 400.00   │ _057038_                                                                    │ _116108_/A1                  │ met1  │
│ 1.59  │ 635.97   │ 400.00   │ net8768                                                                     │ _105390_/B1                  │ met1  │
│ 1.59  │ 635.88   │ 400.00   │ net5158                                                                     │ _078626_/A2                  │ met1  │
│ 1.59  │ 635.78   │ 400.00   │ _022356_                                                                    │ _074259_/B1                  │ met1  │
│ 1.59  │ 635.73   │ 400.00   │ net3662                                                                     │ _075077_/C1                  │ met1  │
│ 1.59  │ 635.11   │ 400.00   │ _019483_                                                                    │ _076769_/B                   │ met1  │
│ 1.59  │ 634.53   │ 400.00   │ _017831_                                                                    │ _069059_/C                   │ met1  │
│ 1.58  │ 633.92   │ 400.00   │ _024680_                                                                    │ _076046_/B                   │ met1  │
│ 1.58  │ 633.66   │ 400.00   │ _019478_                                                                    │ _072972_/A3                  │ met3  │
│ 1.58  │ 633.63   │ 400.00   │ net5008                                                                     │ _071513_/B2                  │ met3  │
│ 1.58  │ 633.63   │ 400.00   │ net11264                                                                    │ _071348_/A1                  │ met3  │
│ 1.58  │ 633.60   │ 400.00   │ net12466                                                                    │ _073508_/B1                  │ met3  │
│ 1.58  │ 633.57   │ 400.00   │ net10358                                                                    │ _072668_/B1                  │ met3  │
│ 1.58  │ 633.57   │ 400.00   │ net10358                                                                    │ _074783_/A1                  │ met3  │
│ 1.58  │ 633.54   │ 400.00   │ net3794                                                                     │ _073041_/B2                  │ met3  │
│ 1.58  │ 632.97   │ 400.00   │ net7558                                                                     │ _078175_/B                   │ met1  │
│ 1.58  │ 632.72   │ 400.00   │ net8478                                                                     │ _075707_/B2                  │ met1  │
│ 1.58  │ 4389.71  │ 2778.20  │ _055444_                                                                    │ _114270_/A1                  │ met4  │
│ 1.58  │ 632.00   │ 400.00   │ instr_bram_ctrl_inst.instr_ram.u_mem.g_2k[0\].u_cell.rdata[29\]             │ wire21605/A                  │ met3  │
│ 1.58  │ 632.00   │ 400.00   │ instr_bram_ctrl_inst.instr_ram.u_mem.g_2k[1\].u_cell.rdata[14\]             │ _114245_/A1                  │ met3  │
│ 1.58  │ 632.00   │ 400.00   │ instr_bram_ctrl_inst.instr_ram.u_mem.g_2k[1\].u_cell.rdata[9\]              │ _114235_/A1                  │ met3  │
│ 1.58  │ 632.00   │ 400.00   │ instr_bram_ctrl_inst.instr_ram.u_mem.g_2k[2\].u_cell.rdata[17\]             │ wire21449/A                  │ met3  │
│ 1.58  │ 632.00   │ 400.00   │ instr_bram_ctrl_inst.instr_ram.u_mem.g_2k[3\].u_cell.rdata[21\]             │ wire21082/A                  │ met3  │
│ 1.58  │ 632.00   │ 400.00   │ yz_bram_ctrl_inst.yz_ram.u_mem.u_mem.g_2k[3\].u_cell.rdata[28\]             │ wire19642/A                  │ met3  │
│ 1.58  │ 631.85   │ 400.00   │ _019138_                                                                    │ _072379_/A1                  │ met1  │
│ 1.58  │ 631.84   │ 400.00   │ net10079                                                                    │ _072433_/B                   │ met1  │
│ 1.58  │ 631.56   │ 400.00   │ _024591_                                                                    │ _075964_/A2                  │ met1  │
│ 1.58  │ 631.53   │ 400.00   │ net7084                                                                     │ _072344_/C                   │ met1  │
│ 1.58  │ 631.40   │ 400.00   │ data_bram_ctrl_inst.data_ram.u_mem.g_2k[1\].u_cell.rdata[15\]               │ _113650_/A1                  │ met4  │
│ 1.58  │ 631.05   │ 400.00   │ net2527                                                                     │ _076336_/B1_N                │ met3  │
│ 1.58  │ 631.00   │ 400.00   │ _027738_                                                                    │ _079117_/B                   │ met1  │
│ 1.58  │ 4381.28  │ 2778.20  │ net23584                                                                    │ wire23583/A                  │ met4  │
│ 1.58  │ 630.71   │ 400.00   │ _048801_                                                                    │ _105879_/B1                  │ met1  │
│ 1.58  │ 630.68   │ 400.00   │ net10821                                                                    │ _072675_/A2                  │ met1  │
│ 1.58  │ 630.68   │ 400.00   │ net11345                                                                    │ _079045_/B2                  │ met2  │
│ 1.58  │ 630.42   │ 400.00   │ _011916_                                                                    │ _110600_/A2                  │ met1  │
│ 1.58  │ 630.34   │ 400.00   │ net5007                                                                     │ _077657_/B1                  │ met2  │
│ 1.58  │ 630.34   │ 400.00   │ net8266                                                                     │ _075599_/A1                  │ met2  │
│ 1.58  │ 630.28   │ 400.00   │ net28497                                                                    │ _074258_/A                   │ met1  │
│ 1.58  │ 630.21   │ 400.00   │ net8283                                                                     │ _078533_/A2                  │ met2  │
│ 1.58  │ 630.16   │ 400.00   │ net27238                                                                    │ fanout27232/A                │ met1  │
│ 1.58  │ 630.10   │ 400.00   │ net5487                                                                     │ _076656_/A2                  │ met1  │
│ 1.57  │ 629.86   │ 400.00   │ net10101                                                                    │ _072355_/B                   │ met1  │
│ 1.57  │ 629.33   │ 400.00   │ net7530                                                                     │ _071148_/B2                  │ met3  │
│ 1.57  │ 629.17   │ 400.00   │ net7584                                                                     │ _072917_/A2                  │ met3  │
│ 1.57  │ 629.07   │ 400.00   │ net4794                                                                     │ _076668_/A2                  │ met3  │
│ 1.57  │ 629.04   │ 400.00   │ _024496_                                                                    │ _075861_/B1                  │ met3  │
│ 1.57  │ 629.04   │ 400.00   │ _025321_                                                                    │ _076688_/B1                  │ met3  │
│ 1.57  │ 629.04   │ 400.00   │ net4684                                                                     │ _074762_/A3                  │ met3  │
│ 1.57  │ 629.04   │ 400.00   │ net4796                                                                     │ _077107_/B1                  │ met3  │
│ 1.57  │ 629.04   │ 400.00   │ net5080                                                                     │ _073755_/A3                  │ met3  │
│ 1.57  │ 629.04   │ 400.00   │ net5290                                                                     │ _072660_/A2                  │ met3  │
│ 1.57  │ 629.04   │ 400.00   │ net5338                                                                     │ _077244_/A2                  │ met3  │
│ 1.57  │ 629.04   │ 400.00   │ net6423                                                                     │ _077603_/B1                  │ met3  │
│ 1.57  │ 629.04   │ 400.00   │ net10749                                                                    │ _078167_/A2                  │ met3  │
│ 1.57  │ 629.04   │ 400.00   │ net12453                                                                    │ _075504_/A3                  │ met3  │
│ 1.57  │ 629.04   │ 400.00   │ net28319                                                                    │ wire28318/A                  │ met3  │
│ 1.57  │ 628.99   │ 400.00   │ net5606                                                                     │ _069899_/A2                  │ met3  │
│ 1.57  │ 628.99   │ 400.00   │ net5606                                                                     │ _075669_/A1                  │ met3  │
│ 1.57  │ 628.23   │ 400.00   │ _019547_                                                                    │ _073365_/B2                  │ met2  │
│ 1.57  │ 628.13   │ 400.00   │ _021632_                                                                    │ _073843_/A2                  │ met1  │
│ 1.57  │ 627.64   │ 400.00   │ net10562                                                                    │ _073403_/A1                  │ met1  │
│ 1.57  │ 627.62   │ 400.00   │ net3918                                                                     │ _074189_/A2                  │ met1  │
│ 1.57  │ 627.06   │ 400.00   │ net12596                                                                    │ _076361_/A                   │ met1  │
│ 1.57  │ 626.80   │ 400.00   │ net6819                                                                     │ _071631_/B1                  │ met3  │
│ 1.57  │ 626.80   │ 400.00   │ net6819                                                                     │ _078615_/B2                  │ met3  │
│ 1.57  │ 626.76   │ 400.00   │ net2698                                                                     │ wire2697/A                   │ met3  │
│ 1.57  │ 626.76   │ 400.00   │ net5258                                                                     │ _074423_/B                   │ met3  │
│ 1.57  │ 626.69   │ 400.00   │ _028128_                                                                    │ fanout9663/A                 │ met1  │
│ 1.56  │ 626.00   │ 400.00   │ net11523                                                                    │ wire11522/A                  │ met3  │
│ 1.56  │ 625.77   │ 400.00   │ clknet_1_0_0_clk_i_regs                                                     │ clkbuf_1_0_1_clk_i_regs/A    │ met2  │
│ 1.56  │ 623.76   │ 400.00   │ net1598                                                                     │ wire1596/A                   │ met3  │
│ 1.56  │ 623.76   │ 400.00   │ net1692                                                                     │ wire1690/A                   │ met3  │
│ 1.56  │ 623.76   │ 400.00   │ net1693                                                                     │ wire1689/A                   │ met3  │
│ 1.56  │ 623.67   │ 400.00   │ _056968_                                                                    │ _116014_/A1                  │ met1  │
│ 1.56  │ 623.44   │ 400.00   │ net12609                                                                    │ _072614_/A                   │ met1  │
│ 1.56  │ 622.29   │ 400.00   │ net5183                                                                     │ _073071_/B                   │ met3  │
│ 1.56  │ 622.29   │ 400.00   │ net8154                                                                     │ _070474_/C                   │ met3  │
│ 1.56  │ 622.29   │ 400.00   │ net11700                                                                    │ _077658_/C                   │ met3  │
│ 1.55  │ 621.61   │ 400.00   │ net11867                                                                    │ _070407_/A                   │ met2  │
│ 1.55  │ 621.38   │ 400.00   │ net979                                                                      │ wire977/A                    │ met2  │
│ 1.55  │ 621.34   │ 400.00   │ net25288                                                                    │ _125531_/RESET_B             │ met1  │
│ 1.55  │ 621.22   │ 400.00   │ net5597                                                                     │ _069933_/B                   │ met2  │
│ 1.55  │ 621.22   │ 400.00   │ net5597                                                                     │ _072758_/A                   │ met2  │
│ 1.55  │ 4311.85  │ 2778.20  │ net21799                                                                    │ wire21798/A                  │ met4  │
│ 1.55  │ 4311.85  │ 2778.20  │ net22030                                                                    │ wire22029/A                  │ met4  │
│ 1.55  │ 4311.85  │ 2778.20  │ net22062                                                                    │ wire22061/A                  │ met4  │
│ 1.55  │ 4311.85  │ 2778.20  │ net23493                                                                    │ wire23492/A                  │ met4  │
│ 1.55  │ 4311.85  │ 2778.20  │ net23668                                                                    │ wire23667/A                  │ met4  │
│ 1.55  │ 4311.85  │ 2778.20  │ net23675                                                                    │ wire23674/A                  │ met4  │
│ 1.55  │ 620.79   │ 400.00   │ net10849                                                                    │ _077390_/B2                  │ met1  │
│ 1.55  │ 620.69   │ 400.00   │ _055436_                                                                    │ _114254_/A1                  │ met2  │
│ 1.55  │ 620.69   │ 400.00   │ net10885                                                                    │ _075881_/C                   │ met2  │
│ 1.55  │ 4302.10  │ 2778.20  │ _055173_                                                                    │ _113720_/A1                  │ met3  │
│ 1.55  │ 4302.10  │ 2778.20  │ _055436_                                                                    │ _114254_/A1                  │ met4  │
│ 1.55  │ 618.15   │ 400.00   │ net8142                                                                     │ _071111_/A1                  │ met1  │
│ 1.54  │ 617.54   │ 400.00   │ net7273                                                                     │ _075616_/A3                  │ met1  │
│ 1.54  │ 617.48   │ 400.00   │ net10954                                                                    │ _078994_/A3                  │ met1  │
│ 1.54  │ 616.48   │ 400.00   │ net6663                                                                     │ _076397_/B2                  │ met3  │
│ 1.54  │ 616.48   │ 400.00   │ net6663                                                                     │ wire6662/A                   │ met3  │
│ 1.54  │ 616.19   │ 400.00   │ net16979                                                                    │ _071364_/A1                  │ met1  │
│ 1.54  │ 5099.43  │ 3312.80  │ net6301                                                                     │ _074548_/D                   │ met4  │
│ 1.54  │ 615.05   │ 400.00   │ net11352                                                                    │ _078631_/A1                  │ met1  │
│ 1.54  │ 614.53   │ 400.00   │ net2743                                                                     │ _075620_/A2                  │ met1  │
│ 1.54  │ 614.47   │ 400.00   │ _018458_                                                                    │ wire17174/A                  │ met3  │
│ 1.54  │ 5633.90  │ 3669.20  │ net3642                                                                     │ _076144_/C                   │ met4  │
│ 1.53  │ 613.38   │ 400.00   │ _020604_                                                                    │ _073932_/B2                  │ met2  │
│ 1.53  │ 612.69   │ 400.00   │ _018945_                                                                    │ _078884_/A1                  │ met3  │
│ 1.53  │ 612.69   │ 400.00   │ _018945_                                                                    │ _078920_/A1                  │ met3  │
│ 1.53  │ 612.62   │ 400.00   │ net5530                                                                     │ _074019_/A2                  │ met3  │
│ 1.53  │ 612.62   │ 400.00   │ net5530                                                                     │ _076193_/A2                  │ met3  │
│ 1.53  │ 612.62   │ 400.00   │ net5530                                                                     │ _077661_/A1                  │ met3  │
│ 1.53  │ 612.61   │ 400.00   │ net5485                                                                     │ _073614_/A3                  │ met1  │
│ 1.53  │ 612.54   │ 400.00   │ net4953                                                                     │ _074108_/B1                  │ met2  │
│ 1.53  │ 612.41   │ 400.00   │ net2569                                                                     │ _101224_/A1                  │ met1  │
│ 1.53  │ 612.29   │ 400.00   │ net13284                                                                    │ _077451_/B1                  │ met1  │
│ 1.53  │ 5616.38  │ 3669.20  │ net1682                                                                     │ _128313_/D                   │ met4  │
│ 1.53  │ 612.22   │ 400.00   │ net5539                                                                     │ _074543_/A1                  │ met1  │
│ 1.53  │ 5069.78  │ 3312.80  │ QSPI_IO1                                                                    │ hold30268/A                  │ met2  │
│ 1.53  │ 612.10   │ 400.00   │ net7265                                                                     │ _075678_/A3                  │ met1  │
│ 1.53  │ 611.79   │ 400.00   │ GPIO_rdata[13\]                                                             │ _105889_/B2                  │ met1  │
│ 1.53  │ 611.56   │ 400.00   │ net7094                                                                     │ _074391_/A1                  │ met1  │
│ 1.53  │ 611.43   │ 400.00   │ _021391_                                                                    │ _072880_/B2                  │ met1  │
│ 1.53  │ 611.14   │ 400.00   │ net10049                                                                    │ wire10048/A                  │ met3  │
│ 1.53  │ 611.14   │ 400.00   │ net12940                                                                    │ wire12939/A                  │ met3  │
│ 1.53  │ 611.14   │ 400.00   │ net12963                                                                    │ wire12962/A                  │ met3  │
│ 1.53  │ 610.82   │ 400.00   │ net5056                                                                     │ _073687_/B1                  │ met2  │
│ 1.53  │ 610.29   │ 400.00   │ net5034                                                                     │ _071578_/A2                  │ met1  │
│ 1.52  │ 609.58   │ 400.00   │ net7220                                                                     │ _077106_/B1                  │ met1  │
│ 1.52  │ 608.92   │ 400.00   │ net12534                                                                    │ _074081_/B                   │ met3  │
│ 1.52  │ 608.72   │ 400.00   │ _019877_                                                                    │ _071226_/A1                  │ met2  │
│ 1.52  │ 607.89   │ 400.00   │ _025745_                                                                    │ _077116_/B                   │ met1  │
│ 1.52  │ 607.35   │ 400.00   │ net11435                                                                    │ _072545_/B                   │ met1  │
│ 1.52  │ 606.96   │ 400.00   │ net6341                                                                     │ _073602_/A3                  │ met1  │
│ 1.52  │ 606.84   │ 400.00   │ net11032                                                                    │ _076357_/A2                  │ met3  │
│ 1.52  │ 4214.48  │ 2778.20  │ _049732_                                                                    │ _106816_/C                   │ met4  │
│ 1.52  │ 606.69   │ 400.00   │ net12450                                                                    │ _072405_/C1                  │ met3  │
│ 1.52  │ 606.69   │ 400.00   │ net12450                                                                    │ _074303_/C1                  │ met3  │
│ 1.52  │ 606.68   │ 400.00   │ net10078                                                                    │ _074394_/B1                  │ met3  │
│ 1.52  │ 606.68   │ 400.00   │ net10078                                                                    │ _075762_/B2                  │ met3  │
│ 1.52  │ 606.68   │ 400.00   │ net10078                                                                    │ _076835_/A2                  │ met3  │
│ 1.52  │ 606.68   │ 400.00   │ net10078                                                                    │ max_cap10077/A               │ met3  │
│ 1.52  │ 4214.48  │ 2780.80  │ _023400_                                                                    │ _074759_/C                   │ met4  │
│ 1.51  │ 605.24   │ 400.00   │ net6440                                                                     │ _072386_/C                   │ met1  │
│ 1.51  │ 605.24   │ 400.00   │ net6440                                                                     │ _076635_/B                   │ met1  │
│ 1.51  │ 5011.81  │ 3312.80  │ net4614                                                                     │ _076213_/B                   │ met4  │
│ 1.51  │ 604.49   │ 400.00   │ net7045                                                                     │ _071304_/A2                  │ met3  │
│ 1.51  │ 604.49   │ 400.00   │ net7045                                                                     │ _071513_/A2                  │ met3  │
│ 1.51  │ 604.49   │ 400.00   │ net7045                                                                     │ _075784_/A1                  │ met3  │
│ 1.51  │ 604.49   │ 400.00   │ net7045                                                                     │ _077707_/A2                  │ met3  │
│ 1.51  │ 604.49   │ 400.00   │ net7175                                                                     │ _075990_/B2                  │ met3  │
│ 1.51  │ 604.49   │ 400.00   │ net7175                                                                     │ _077673_/A2                  │ met3  │
│ 1.51  │ 604.49   │ 400.00   │ net10389                                                                    │ _071594_/A1                  │ met3  │
│ 1.51  │ 604.49   │ 400.00   │ net10389                                                                    │ _075612_/A2                  │ met3  │
│ 1.51  │ 604.46   │ 400.00   │ net6798                                                                     │ _073066_/A2                  │ met3  │
│ 1.51  │ 604.46   │ 400.00   │ net6798                                                                     │ _077053_/A3                  │ met3  │
│ 1.51  │ 5537.52  │ 3669.20  │ net2527                                                                     │ _076336_/B1_N                │ met4  │
│ 1.50  │ 601.86   │ 400.00   │ net11842                                                                    │ _071335_/A1                  │ met1  │
│ 1.50  │ 601.11   │ 400.00   │ yz_bram_ctrl_inst.yz_ram.u_mem.u_mem.g_2k[2\].u_cell.rdata[14\]             │ _064925_/A2                  │ met4  │
│ 1.50  │ 600.03   │ 400.00   │ _020117_                                                                    │ _078642_/A2                  │ met1  │
│ 1.50  │ 599.58   │ 400.00   │ net7501                                                                     │ _070900_/A2                  │ met3  │
│ 1.50  │ 599.58   │ 400.00   │ net7501                                                                     │ _071929_/A1                  │ met3  │
│ 1.50  │ 599.58   │ 400.00   │ net7501                                                                     │ _074246_/A1                  │ met3  │
│ 1.50  │ 599.58   │ 400.00   │ net7501                                                                     │ _077008_/B2                  │ met3  │
│ 1.50  │ 599.58   │ 400.00   │ net7501                                                                     │ _077089_/B2                  │ met3  │
│ 1.50  │ 598.97   │ 400.00   │ net10439                                                                    │ _075726_/B                   │ met1  │
│ 1.49  │ 597.96   │ 400.00   │ net28063                                                                    │ _092428_/B                   │ met1  │
│ 1.49  │ 597.75   │ 400.00   │ net5164                                                                     │ wire5163/A                   │ met3  │
│ 1.49  │ 597.75   │ 400.00   │ net6408                                                                     │ _073707_/B1                  │ met3  │
│ 1.49  │ 597.75   │ 400.00   │ net6408                                                                     │ _074543_/B1                  │ met3  │
│ 1.49  │ 597.19   │ 400.00   │ net7241                                                                     │ _073045_/B1                  │ met1  │
│ 1.49  │ 596.80   │ 400.00   │ net796                                                                      │ wire794/A                    │ met2  │
│ 1.49  │ 596.27   │ 400.00   │ net11381                                                                    │ wire11380/A                  │ met3  │
│ 1.49  │ 595.51   │ 400.00   │ net17279                                                                    │ _073824_/A2                  │ met1  │
│ 1.49  │ 595.14   │ 400.00   │ net7757                                                                     │ _073245_/B1                  │ met2  │
│ 1.49  │ 594.86   │ 400.00   │ net8332                                                                     │ _070666_/A1                  │ met1  │
│ 1.49  │ 594.56   │ 400.00   │ _024312_                                                                    │ _075681_/A2                  │ met1  │
│ 1.48  │ 592.94   │ 400.00   │ net5292                                                                     │ _078718_/A2                  │ met1  │
│ 1.48  │ 592.84   │ 400.00   │ net10868                                                                    │ _076385_/A1                  │ met1  │
│ 1.48  │ 592.72   │ 400.00   │ net25439                                                                    │ wire25438/A                  │ met2  │
│ 1.48  │ 592.56   │ 400.00   │ _009368_                                                                    │ _093426_/C                   │ met1  │
│ 1.48  │ 592.44   │ 400.00   │ _023520_                                                                    │ _074879_/B                   │ met1  │
│ 1.48  │ 592.23   │ 400.00   │ net8343                                                                     │ _078283_/A3                  │ met1  │
│ 1.48  │ 591.96   │ 400.00   │ net13294                                                                    │ _072641_/A1                  │ met1  │
│ 1.48  │ 591.85   │ 400.00   │ net26913                                                                    │ _106423_/A1                  │ met1  │
│ 1.48  │ 591.73   │ 400.00   │ net25870                                                                    │ _116133_/A1_N                │ met1  │
│ 1.48  │ 591.73   │ 400.00   │ net25870                                                                    │ fanout25838/A                │ met1  │
│ 1.48  │ 591.50   │ 400.00   │ cpu_inst.CORE.core_i.ex_stage_i.alu_i.alu_div_i.AReg_DP[10\]                │ _101614_/C                   │ met1  │
│ 1.48  │ 591.50   │ 400.00   │ net11565                                                                    │ _070524_/A2                  │ met3  │
│ 1.48  │ 591.50   │ 400.00   │ net11565                                                                    │ wire11564/A                  │ met3  │
│ 1.48  │ 591.34   │ 400.00   │ _020044_                                                                    │ _072896_/B1                  │ met1  │
│ 1.48  │ 591.18   │ 400.00   │ net5530                                                                     │ _077661_/A1                  │ met2  │
│ 1.48  │ 590.73   │ 400.00   │ net7192                                                                     │ _076461_/A1                  │ met1  │
│ 1.48  │ 590.39   │ 400.00   │ net10669                                                                    │ _073147_/A_N                 │ met2  │
│ 1.47  │ 589.76   │ 400.00   │ net12403                                                                    │ _071469_/B                   │ met3  │
│ 1.47  │ 589.76   │ 400.00   │ net12403                                                                    │ _076640_/A3                  │ met3  │
│ 1.47  │ 589.72   │ 400.00   │ net5001                                                                     │ _071937_/B1                  │ met3  │
│ 1.47  │ 589.72   │ 400.00   │ net5001                                                                     │ max_cap5000/A                │ met3  │
│ 1.47  │ 589.62   │ 400.00   │ net2501                                                                     │ _078518_/B2                  │ met2  │
│ 1.47  │ 589.33   │ 400.00   │ net5100                                                                     │ _074775_/A2                  │ met2  │
│ 1.47  │ 589.09   │ 400.00   │ net4686                                                                     │ _073508_/A2                  │ met3  │
│ 1.47  │ 589.06   │ 400.00   │ net5399                                                                     │ _073113_/A2                  │ met3  │
│ 1.47  │ 589.03   │ 400.00   │ net6868                                                                     │ _071931_/B1                  │ met3  │
│ 1.47  │ 588.99   │ 400.00   │ net3882                                                                     │ _077791_/A2                  │ met3  │
│ 1.47  │ 588.99   │ 400.00   │ net7745                                                                     │ _074639_/A2                  │ met3  │
│ 1.47  │ 588.97   │ 400.00   │ net18716                                                                    │ _074884_/A                   │ met1  │
│ 1.47  │ 588.90   │ 400.00   │ net5063                                                                     │ _072950_/B1                  │ met3  │
│ 1.47  │ 588.90   │ 400.00   │ net10784                                                                    │ _076541_/B2                  │ met3  │
│ 1.47  │ 588.85   │ 400.00   │ net4724                                                                     │ _073049_/B1                  │ met3  │
│ 1.47  │ 588.85   │ 400.00   │ net4724                                                                     │ _076148_/B2                  │ met3  │
│ 1.47  │ 588.32   │ 400.00   │ _022593_                                                                    │ _073949_/A2                  │ met2  │
│ 1.47  │ 588.12   │ 400.00   │ net10521                                                                    │ _074604_/A                   │ met2  │
│ 1.47  │ 588.12   │ 400.00   │ net10521                                                                    │ _076142_/A2                  │ met2  │
│ 1.47  │ 588.03   │ 400.00   │ _024333_                                                                    │ _075697_/C                   │ met1  │
│ 1.47  │ 587.98   │ 400.00   │ net8146                                                                     │ _072465_/B1                  │ met2  │
│ 1.47  │ 587.98   │ 400.00   │ net8146                                                                     │ _073468_/A1                  │ met2  │
│ 1.47  │ 586.68   │ 400.00   │ net8141                                                                     │ _070367_/A                   │ met3  │
│ 1.46  │ 585.41   │ 400.00   │ yz_bram_ctrl_inst.yz_ram.u_mem.u_mem.g_2k[2\].u_cell.rdata[15\]             │ _064931_/A2                  │ met4  │
│ 1.46  │ 584.83   │ 400.00   │ net14749                                                                    │ _068953_/B                   │ met1  │
│ 1.46  │ 584.60   │ 400.00   │ net10022                                                                    │ _075371_/B1                  │ met3  │
│ 1.46  │ 584.57   │ 400.00   │ net6844                                                                     │ _071894_/A2                  │ met3  │
│ 1.46  │ 584.55   │ 400.00   │ net7427                                                                     │ _074196_/B1                  │ met3  │
│ 1.46  │ 584.55   │ 400.00   │ net7427                                                                     │ _074630_/B1                  │ met3  │
│ 1.46  │ 584.44   │ 400.00   │ _019877_                                                                    │ _071226_/A1                  │ met3  │
│ 1.46  │ 584.44   │ 400.00   │ _020486_                                                                    │ _074429_/A2                  │ met3  │
│ 1.46  │ 584.44   │ 400.00   │ net2535                                                                     │ _075842_/A2                  │ met3  │
│ 1.46  │ 584.44   │ 400.00   │ net3079                                                                     │ _074819_/B1                  │ met3  │
│ 1.46  │ 584.44   │ 400.00   │ net3753                                                                     │ _071925_/B2                  │ met3  │
│ 1.46  │ 584.44   │ 400.00   │ net5288                                                                     │ _078608_/A2                  │ met3  │
│ 1.46  │ 584.44   │ 400.00   │ net5583                                                                     │ _071848_/A1                  │ met3  │
│ 1.46  │ 584.44   │ 400.00   │ net5607                                                                     │ _072230_/A1                  │ met3  │
│ 1.46  │ 584.44   │ 400.00   │ net6671                                                                     │ _072506_/B2                  │ met3  │
│ 1.46  │ 584.44   │ 400.00   │ net7030                                                                     │ _071335_/B1                  │ met3  │
│ 1.46  │ 584.44   │ 400.00   │ net8269                                                                     │ _073728_/A1                  │ met3  │
│ 1.46  │ 584.44   │ 400.00   │ net8442                                                                     │ _075976_/A1                  │ met3  │
│ 1.46  │ 584.39   │ 400.00   │ net6314                                                                     │ _074046_/B2                  │ met3  │
│ 1.46  │ 584.39   │ 400.00   │ net6314                                                                     │ _075917_/B1                  │ met3  │
│ 1.46  │ 583.96   │ 400.00   │ qspi_master_inst.QSPI_CCR[8\]                                               │ _114414_/A                   │ met1  │
│ 1.46  │ 583.96   │ 400.00   │ qspi_master_inst.QSPI_CCR[8\]                                               │ _117718_/A                   │ met1  │
│ 1.46  │ 4126.86  │ 2831.00  │ _024993_                                                                    │ _076361_/B                   │ met4  │
│ 1.46  │ 4827.81  │ 3312.80  │ net2717                                                                     │ _077096_/C_N                 │ met4  │
│ 1.46  │ 582.88   │ 400.00   │ net11611                                                                    │ _072290_/A                   │ met3  │
│ 1.46  │ 582.88   │ 400.00   │ net11611                                                                    │ _074063_/A1                  │ met3  │
│ 1.46  │ 582.61   │ 400.00   │ _017437_                                                                    │ _068625_/C                   │ met2  │
│ 1.46  │ 582.36   │ 400.00   │ _000132_                                                                    │ _119435_/D                   │ met2  │
│ 1.46  │ 582.36   │ 400.00   │ _048574_                                                                    │ _105649_/A1                  │ met2  │
│ 1.46  │ 582.36   │ 400.00   │ _049857_                                                                    │ _106952_/B                   │ met2  │
│ 1.46  │ 582.36   │ 400.00   │ net3620                                                                     │ _078777_/A                   │ met2  │
│ 1.46  │ 582.19   │ 400.00   │ axi_instr_bram_rdata[13\]                                                   │ _079407_/A1                  │ met3  │
│ 1.46  │ 582.19   │ 400.00   │ axi_instr_bram_rdata[13\]                                                   │ _105884_/A1                  │ met3  │
│ 1.46  │ 582.18   │ 400.00   │ net7709                                                                     │ _071244_/B2                  │ met3  │
│ 1.46  │ 582.18   │ 400.00   │ net7709                                                                     │ _074125_/A2                  │ met3  │
│ 1.46  │ 582.18   │ 400.00   │ net7709                                                                     │ _077733_/A3                  │ met3  │
│ 1.46  │ 582.18   │ 400.00   │ net7709                                                                     │ _078236_/B2                  │ met3  │
│ 1.45  │ 581.89   │ 400.00   │ data_bram_ctrl_inst.data_ram.u_mem.g_2k[1\].u_cell.rdata[3\]                │ _113626_/A1                  │ met4  │
│ 1.45  │ 581.83   │ 400.00   │ _021608_                                                                    │ _072961_/A1                  │ met1  │
│ 1.45  │ 581.75   │ 400.00   │ net10842                                                                    │ _076939_/A2                  │ met1  │
│ 1.45  │ 4039.24  │ 2778.20  │ _022581_                                                                    │ _073937_/B1_N                │ met4  │
│ 1.45  │ 4039.24  │ 2778.20  │ _023536_                                                                    │ _074899_/B                   │ met4  │
│ 1.45  │ 4039.24  │ 2778.20  │ _048789_                                                                    │ _105876_/B                   │ met4  │
│ 1.45  │ 4039.24  │ 2778.20  │ _057016_                                                                    │ _116078_/A1                  │ met3  │
│ 1.45  │ 581.42   │ 400.00   │ net6696                                                                     │ _074028_/A2                  │ met3  │
│ 1.45  │ 581.42   │ 400.00   │ net6696                                                                     │ _075047_/B1                  │ met3  │
│ 1.45  │ 581.42   │ 400.00   │ net6696                                                                     │ _077826_/A2                  │ met3  │
│ 1.45  │ 581.02   │ 400.00   │ net3215                                                                     │ wire3214/A                   │ met3  │
│ 1.45  │ 581.02   │ 400.00   │ net30083                                                                    │ wire30082/A                  │ met3  │
│ 1.45  │ 580.17   │ 400.00   │ _011873_                                                                    │ _062389_/A1                  │ met1  │
│ 1.45  │ 579.31   │ 400.00   │ _021766_                                                                    │ _073118_/C                   │ met2  │
│ 1.44  │ 577.72   │ 400.00   │ net11297                                                                    │ _073812_/A2                  │ met1  │
│ 1.44  │ 576.56   │ 400.00   │ net4133                                                                     │ _117137_/A2                  │ met1  │
│ 1.44  │ 576.49   │ 400.00   │ net11123                                                                    │ _077721_/B2                  │ met1  │
│ 1.44  │ 576.35   │ 400.00   │ net26884                                                                    │ _106146_/A1                  │ met1  │
│ 1.44  │ 575.94   │ 400.00   │ net12187                                                                    │ fanout12181/A                │ met1  │
│ 1.44  │ 5281.36  │ 3669.20  │ net2351                                                                     │ _073615_/B1                  │ met4  │
│ 1.44  │ 575.49   │ 400.00   │ net36                                                                       │ _063792_/C                   │ met1  │
│ 1.44  │ 575.49   │ 400.00   │ net36                                                                       │ _113725_/A1                  │ met1  │
│ 1.44  │ 575.09   │ 400.00   │ net4937                                                                     │ _073813_/B1                  │ met1  │
│ 1.44  │ 574.57   │ 400.00   │ _024628_                                                                    │ _075992_/C1                  │ met1  │
│ 1.43  │ 573.86   │ 400.00   │ _016917_                                                                    │ _068067_/C                   │ met1  │
│ 1.43  │ 573.51   │ 400.00   │ _020040_                                                                    │ _078137_/A2                  │ met2  │
│ 1.43  │ 573.48   │ 400.00   │ net5351                                                                     │ _079183_/A1                  │ met1  │
│ 1.43  │ 573.46   │ 400.00   │ net8108                                                                     │ _073178_/B2                  │ met1  │
│ 1.43  │ 573.21   │ 400.00   │ net2536                                                                     │ wire2535/A                   │ met3  │
│ 1.43  │ 572.56   │ 400.00   │ net3080                                                                     │ _077528_/C                   │ met3  │
│ 1.43  │ 572.56   │ 400.00   │ net3080                                                                     │ _079173_/B1                  │ met3  │
│ 1.43  │ 572.53   │ 400.00   │ net27205                                                                    │ _104293_/A1                  │ met1  │
│ 1.43  │ 572.39   │ 400.00   │ _056207_                                                                    │ _115177_/B1                  │ met1  │
│ 1.43  │ 4740.19  │ 3312.80  │ net1672                                                                     │ _128331_/D                   │ met4  │
│ 1.43  │ 572.19   │ 400.00   │ net6764                                                                     │ _071714_/A2                  │ met3  │
│ 1.43  │ 572.19   │ 400.00   │ net6764                                                                     │ _073015_/B                   │ met3  │
│ 1.43  │ 572.19   │ 400.00   │ net6764                                                                     │ _074536_/B1                  │ met3  │
│ 1.43  │ 572.19   │ 400.00   │ net6764                                                                     │ _075730_/A3                  │ met3  │
│ 1.43  │ 572.13   │ 400.00   │ net6333                                                                     │ _078530_/B2                  │ met2  │
│ 1.43  │ 572.13   │ 400.00   │ net10777                                                                    │ _072764_/B1                  │ met2  │
│ 1.43  │ 571.61   │ 400.00   │ net6572                                                                     │ _076203_/B1                  │ met1  │
│ 1.43  │ 571.57   │ 400.00   │ qspi_master_inst.QSPI_ADR[27\]                                              │ _117504_/B2                  │ met1  │
│ 1.43  │ 571.51   │ 400.00   │ net5341                                                                     │ _075758_/A3                  │ met1  │
│ 1.43  │ 571.36   │ 400.00   │ net3731                                                                     │ _073763_/A1_N                │ met1  │
│ 1.43  │ 571.21   │ 400.00   │ net17806                                                                    │ _077362_/B2                  │ met1  │
│ 1.43  │ 571.05   │ 400.00   │ net1367                                                                     │ _102393_/B                   │ met1  │
│ 1.43  │ 571.05   │ 400.00   │ net1367                                                                     │ _102947_/B2                  │ met1  │
│ 1.43  │ 570.99   │ 400.00   │ net7403                                                                     │ _072649_/B2                  │ met1  │
│ 1.43  │ 570.63   │ 400.00   │ net2745                                                                     │ _075320_/A2                  │ met1  │
│ 1.43  │ 3971.62  │ 2784.80  │ _021081_                                                                    │ _072582_/A0                  │ met4  │
│ 1.43  │ 570.25   │ 400.00   │ net7129                                                                     │ _078513_/A1                  │ met1  │
│ 1.42  │ 569.81   │ 400.00   │ net7487                                                                     │ _078164_/B1                  │ met2  │
│ 1.42  │ 569.69   │ 400.00   │ _019582_                                                                    │ _071406_/A2                  │ met2  │
│ 1.42  │ 569.69   │ 400.00   │ _019928_                                                                    │ _076229_/A2                  │ met2  │
│ 1.42  │ 569.63   │ 400.00   │ net11440                                                                    │ _076552_/B2                  │ met1  │
│ 1.42  │ 569.56   │ 400.00   │ net7572                                                                     │ _073313_/A2                  │ met3  │
│ 1.42  │ 569.56   │ 400.00   │ net7572                                                                     │ _076913_/B                   │ met3  │
│ 1.42  │ 5221.43  │ 3669.20  │ net2533                                                                     │ _076076_/A0                  │ met4  │
│ 1.42  │ 568.60   │ 400.00   │ net13377                                                                    │ _077775_/B2                  │ met1  │
│ 1.42  │ 568.32   │ 400.00   │ net8256                                                                     │ _070653_/B                   │ met1  │
│ 1.42  │ 568.22   │ 400.00   │ net3517                                                                     │ _113797_/A1                  │ met1  │
│ 1.42  │ 568.22   │ 400.00   │ net3517                                                                     │ _113825_/A1                  │ met1  │
│ 1.42  │ 567.86   │ 400.00   │ net10790                                                                    │ _071406_/A1                  │ met1  │
│ 1.42  │ 3951.62  │ 2784.80  │ _049698_                                                                    │ _106782_/C                   │ met4  │
│ 1.42  │ 567.53   │ 400.00   │ net4050                                                                     │ wire4049/A                   │ met1  │
│ 1.42  │ 566.55   │ 400.00   │ _018903_                                                                    │ _077070_/A                   │ met3  │
│ 1.42  │ 566.55   │ 400.00   │ _018903_                                                                    │ _077748_/A3                  │ met3  │
│ 1.42  │ 566.53   │ 400.00   │ net10261                                                                    │ wire10260/A                  │ met3  │
│ 1.42  │ 566.53   │ 400.00   │ net11058                                                                    │ wire11057/A                  │ met3  │
│ 1.42  │ 566.53   │ 400.00   │ net12399                                                                    │ wire12398/A                  │ met3  │
│ 1.42  │ 4186.87  │ 2956.40  │ _024712_                                                                    │ _076076_/A2                  │ met4  │
│ 1.42  │ 5192.15  │ 3669.20  │ net2525                                                                     │ _076440_/A2                  │ met4  │
│ 1.41  │ 565.57   │ 400.00   │ net8367                                                                     │ _076612_/C                   │ met1  │
│ 1.41  │ 565.34   │ 400.00   │ _019512_                                                                    │ _078684_/C                   │ met1  │
│ 1.41  │ 564.49   │ 400.00   │ net4934                                                                     │ _074056_/A2                  │ met3  │
│ 1.41  │ 564.49   │ 400.00   │ net4934                                                                     │ _076523_/B2                  │ met3  │
│ 1.41  │ 563.89   │ 400.00   │ net7523                                                                     │ _070889_/B1                  │ met3  │
│ 1.41  │ 563.89   │ 400.00   │ net7523                                                                     │ _071401_/A3                  │ met3  │
│ 1.41  │ 563.89   │ 400.00   │ net7523                                                                     │ _071960_/B2                  │ met3  │
│ 1.41  │ 563.89   │ 400.00   │ net7523                                                                     │ _072239_/B1                  │ met3  │
│ 1.41  │ 563.89   │ 400.00   │ net7523                                                                     │ _077503_/B2                  │ met3  │
│ 1.41  │ 563.42   │ 400.00   │ _018617_                                                                    │ _075002_/A1                  │ met1  │
│ 1.41  │ 563.42   │ 400.00   │ _018617_                                                                    │ _077567_/A                   │ met1  │
│ 1.41  │ 563.27   │ 400.00   │ net3385                                                                     │ _067733_/A1                  │ met3  │
│ 1.41  │ 562.57   │ 400.00   │ instr_bram_ctrl_inst.instr_ram.u_mem.g_2k[0\].u_cell.rdata[12\]             │ wire21753/A                  │ met3  │
│ 1.41  │ 562.57   │ 400.00   │ instr_bram_ctrl_inst.instr_ram.u_mem.g_2k[1\].u_cell.rdata[17\]             │ wire21514/A                  │ met3  │
│ 1.41  │ 562.57   │ 400.00   │ instr_bram_ctrl_inst.instr_ram.u_mem.g_2k[3\].u_cell.rdata[25\]             │ wire21021/A                  │ met3  │
│ 1.41  │ 562.57   │ 400.00   │ instr_bram_ctrl_inst.instr_ram.u_mem.g_2k[3\].u_cell.rdata[29\]             │ wire20960/A                  │ met3  │
│ 1.41  │ 562.57   │ 400.00   │ instr_bram_ctrl_inst.instr_ram.u_mem.g_2k[3\].u_cell.rdata[4\]              │ wire20885/A                  │ met3  │
│ 1.41  │ 562.57   │ 400.00   │ yz_bram_ctrl_inst.yz_ram.u_mem.u_mem.g_2k[1\].u_cell.rdata[24\]             │ wire19946/A                  │ met3  │
│ 1.41  │ 562.03   │ 400.00   │ net12147                                                                    │ _104555_/C                   │ met1  │
│ 1.40  │ 561.23   │ 400.00   │ net30057                                                                    │ _113723_/A0                  │ met1  │
│ 1.40  │ 561.03   │ 400.00   │ net14162                                                                    │ _072305_/B                   │ met3  │
│ 1.40  │ 561.03   │ 400.00   │ net14162                                                                    │ _076970_/A1                  │ met3  │
│ 1.40  │ 560.95   │ 400.00   │ net6936                                                                     │ _073825_/A2                  │ met3  │
│ 1.40  │ 560.95   │ 400.00   │ net6936                                                                     │ _076702_/A2                  │ met3  │
│ 1.40  │ 560.95   │ 400.00   │ net6936                                                                     │ _079097_/A2                  │ met3  │
│ 1.40  │ 560.95   │ 400.00   │ net8098                                                                     │ _070407_/C                   │ met2  │
│ 1.40  │ 560.95   │ 400.00   │ net8098                                                                     │ _073822_/A1                  │ met2  │
│ 1.40  │ 560.59   │ 400.00   │ net11869                                                                    │ _075867_/A2                  │ met3  │
│ 1.40  │ 560.59   │ 400.00   │ net11869                                                                    │ _076621_/B2                  │ met3  │
│ 1.40  │ 560.59   │ 400.00   │ net11869                                                                    │ max_cap11866/A               │ met3  │
│ 1.40  │ 559.95   │ 400.00   │ net6402                                                                     │ _077133_/B1                  │ met3  │
│ 1.40  │ 559.95   │ 400.00   │ net6402                                                                     │ _077299_/B1                  │ met3  │
│ 1.40  │ 559.85   │ 400.00   │ _018849_                                                                    │ _078491_/A1                  │ met3  │
│ 1.40  │ 559.85   │ 400.00   │ _018909_                                                                    │ _074012_/B                   │ met3  │
│ 1.40  │ 559.85   │ 400.00   │ _019403_                                                                    │ _078548_/B                   │ met3  │
│ 1.40  │ 559.85   │ 400.00   │ net3669                                                                     │ _077467_/B                   │ met3  │
│ 1.40  │ 559.60   │ 400.00   │ net14697                                                                    │ _077707_/B2                  │ met1  │
│ 1.40  │ 558.81   │ 400.00   │ net13852                                                                    │ _076038_/A1                  │ met1  │
│ 1.40  │ 558.72   │ 400.00   │ QSPI_IO0                                                                    │ wire30089/A                  │ met3  │
│ 1.40  │ 558.47   │ 400.00   │ net7444                                                                     │ _075665_/B2                  │ met1  │
│ 1.40  │ 3951.62  │ 2831.00  │ _021712_                                                                    │ _073192_/A                   │ met3  │
│ 1.39  │ 557.53   │ 400.00   │ _022937_                                                                    │ _074294_/D                   │ met1  │
│ 1.39  │ 557.37   │ 400.00   │ net10391                                                                    │ _075745_/B1                  │ met1  │
│ 1.39  │ 557.37   │ 400.00   │ net10391                                                                    │ _078627_/B1                  │ met1  │
│ 1.39  │ 557.22   │ 400.00   │ _009197_                                                                    │ _061612_/A                   │ met1  │
│ 1.39  │ 557.10   │ 400.00   │ net7608                                                                     │ _075999_/A1                  │ met1  │
│ 1.39  │ 557.10   │ 400.00   │ net14697                                                                    │ _071962_/B                   │ met1  │
│ 1.39  │ 556.94   │ 400.00   │ cpu_inst.CORE.core_i.id_stage_i.csr_op_ex_o[0\]                             │ _100532_/A_N                 │ met1  │
│ 1.39  │ 556.77   │ 400.00   │ net6726                                                                     │ _078092_/B2                  │ met1  │
│ 1.39  │ 556.50   │ 400.00   │ _021718_                                                                    │ _073070_/B1                  │ met1  │
│ 1.39  │ 556.43   │ 400.00   │ _019381_                                                                    │ _075146_/A2                  │ met1  │
│ 1.39  │ 3864.00  │ 2778.20  │ _024857_                                                                    │ _076222_/B1_N                │ met3  │
│ 1.39  │ 3864.00  │ 2778.20  │ _025207_                                                                    │ _076573_/D                   │ met4  │
│ 1.39  │ 3864.00  │ 2778.20  │ _026711_                                                                    │ _078086_/B                   │ met3  │
│ 1.39  │ 3864.00  │ 2778.20  │ _055446_                                                                    │ _114274_/A1                  │ met4  │
│ 1.39  │ 3864.00  │ 2778.20  │ _057019_                                                                    │ _116082_/A1                  │ met3  │
│ 1.39  │ 3864.00  │ 2778.20  │ _058002_                                                                    │ _117110_/A1                  │ met3  │
│ 1.39  │ 556.23   │ 400.00   │ net5360                                                                     │ _078308_/B                   │ met1  │
│ 1.39  │ 555.69   │ 400.00   │ _056523_                                                                    │ _115536_/A2                  │ met1  │
│ 1.39  │ 555.39   │ 400.00   │ _057036_                                                                    │ _116107_/A                   │ met1  │
│ 1.39  │ 555.21   │ 400.00   │ net6676                                                                     │ _074544_/B1                  │ met1  │
│ 1.39  │ 554.85   │ 400.00   │ net4166                                                                     │ _115177_/B2                  │ met1  │
│ 1.39  │ 554.84   │ 400.00   │ net14406                                                                    │ _074218_/A1                  │ met1  │
│ 1.39  │ 554.56   │ 400.00   │ net26958                                                                    │ _061680_/A0                  │ met1  │
│ 1.39  │ 554.00   │ 400.00   │ net27185                                                                    │ _061647_/A                   │ met1  │
│ 1.38  │ 553.94   │ 400.00   │ _027306_                                                                    │ _078681_/C                   │ met1  │
│ 1.38  │ 553.86   │ 400.00   │ _022014_                                                                    │ _073367_/C                   │ met1  │
│ 1.38  │ 553.67   │ 400.00   │ net27191                                                                    │ _061654_/A1                  │ met1  │
│ 1.38  │ 553.41   │ 400.00   │ net4148                                                                     │ _116184_/A2                  │ met1  │
│ 1.38  │ 553.31   │ 400.00   │ net5589                                                                     │ _075550_/A1                  │ met3  │
│ 1.38  │ 553.14   │ 400.00   │ _055810_                                                                    │ _114774_/A2                  │ met1  │
│ 1.38  │ 553.14   │ 400.00   │ net11449                                                                    │ _074788_/B                   │ met1  │
│ 1.38  │ 552.97   │ 400.00   │ net4597                                                                     │ _077450_/B1                  │ met1  │
│ 1.38  │ 552.93   │ 400.00   │ net6881                                                                     │ _077065_/B2                  │ met1  │
│ 1.38  │ 552.56   │ 400.00   │ net5309                                                                     │ _070759_/B                   │ met1  │
│ 1.38  │ 552.49   │ 400.00   │ _026771_                                                                    │ _078196_/A1                  │ met1  │
│ 1.38  │ 552.39   │ 400.00   │ net7720                                                                     │ _071297_/B1                  │ met3  │
│ 1.38  │ 552.39   │ 400.00   │ net7720                                                                     │ _072252_/A2                  │ met3  │
│ 1.38  │ 552.39   │ 400.00   │ net7720                                                                     │ wire7719/A                   │ met3  │
│ 1.38  │ 552.15   │ 400.00   │ _020076_                                                                    │ _071424_/B2                  │ met2  │
│ 1.38  │ 552.15   │ 400.00   │ net5132                                                                     │ _075157_/A2                  │ met2  │
│ 1.38  │ 551.93   │ 400.00   │ _026294_                                                                    │ _077667_/B                   │ met1  │
│ 1.38  │ 551.30   │ 400.00   │ net11220                                                                    │ _074737_/A2                  │ met1  │
│ 1.38  │ 4564.95  │ 3312.80  │ net2331                                                                     │ _077960_/C                   │ met3  │
│ 1.38  │ 4564.95  │ 3312.80  │ net15942                                                                    │ _114220_/A1                  │ met4  │
│ 1.38  │ 551.08   │ 400.00   │ net10469                                                                    │ _076778_/B                   │ met1  │
│ 1.38  │ 550.94   │ 400.00   │ net3509                                                                     │ _114355_/A0                  │ met1  │
│ 1.38  │ 550.64   │ 400.00   │ net4850                                                                     │ _074895_/B2                  │ met2  │
│ 1.38  │ 550.17   │ 400.00   │ _050146_                                                                    │ _110759_/A1                  │ met2  │
│ 1.38  │ 550.17   │ 400.00   │ net6404                                                                     │ _079247_/B1                  │ met2  │
│ 1.37  │ 549.72   │ 400.00   │ _009354_                                                                    │ _090772_/A                   │ met1  │
│ 1.37  │ 549.72   │ 400.00   │ net4918                                                                     │ _071934_/A2                  │ met2  │
│ 1.37  │ 549.72   │ 400.00   │ net4918                                                                     │ _077591_/A2                  │ met2  │
│ 1.37  │ 549.44   │ 400.00   │ _055134_                                                                    │ _113637_/A1                  │ met1  │
│ 1.37  │ 5036.81  │ 3669.20  │ net3366                                                                     │ _064797_/B                   │ met2  │
│ 1.37  │ 549.03   │ 400.00   │ _012721_                                                                    │ _084536_/B                   │ met1  │
│ 1.37  │ 548.88   │ 400.00   │ net10067                                                                    │ _078864_/B1                  │ met3  │
│ 1.37  │ 548.83   │ 400.00   │ net3362                                                                     │ _114307_/A0                  │ met1  │
│ 1.37  │ 548.75   │ 400.00   │ net6664                                                                     │ _074943_/B2                  │ met3  │
│ 1.37  │ 548.75   │ 400.00   │ net7082                                                                     │ _078400_/A3                  │ met3  │
│ 1.37  │ 548.70   │ 400.00   │ _022541_                                                                    │ _073903_/A2                  │ met1  │
│ 1.37  │ 548.68   │ 400.00   │ net573                                                                      │ _062435_/A3                  │ met3  │
│ 1.37  │ 548.52   │ 400.00   │ net4954                                                                     │ _072286_/B1                  │ met1  │
│ 1.37  │ 548.50   │ 400.00   │ net3157                                                                     │ _079378_/A0                  │ met1  │
│ 1.37  │ 548.39   │ 400.00   │ net19366                                                                    │ _092090_/A                   │ met1  │
│ 1.37  │ 5020.57  │ 3669.20  │ net3632                                                                     │ _077547_/B_N                 │ met3  │
│ 1.37  │ 547.31   │ 400.00   │ net11431                                                                    │ _077297_/B                   │ met1  │
│ 1.37  │ 546.83   │ 400.00   │ net11560                                                                    │ _073096_/A                   │ met1  │
│ 1.37  │ 546.01   │ 400.00   │ _019648_                                                                    │ _077672_/B1                  │ met3  │
│ 1.37  │ 546.01   │ 400.00   │ _019648_                                                                    │ max_cap10483/A               │ met3  │
│ 1.36  │ 545.48   │ 400.00   │ net816                                                                      │ wire814/A                    │ met2  │
│ 1.36  │ 545.11   │ 400.00   │ net4630                                                                     │ _075673_/A1                  │ met3  │
│ 1.36  │ 545.11   │ 400.00   │ net4630                                                                     │ wire4629/A                   │ met3  │
│ 1.36  │ 3785.14  │ 2778.20  │ _023844_                                                                    │ _075204_/C                   │ met3  │
│ 1.36  │ 544.48   │ 400.00   │ net12368                                                                    │ _073410_/B2                  │ met3  │
│ 1.36  │ 544.45   │ 400.00   │ net6976                                                                     │ _071363_/A2                  │ met3  │
│ 1.36  │ 544.39   │ 400.00   │ net6797                                                                     │ _074190_/A2                  │ met3  │
│ 1.36  │ 544.32   │ 400.00   │ net4836                                                                     │ _074315_/A2                  │ met3  │
│ 1.36  │ 544.32   │ 400.00   │ net17215                                                                    │ _077717_/A2                  │ met3  │
│ 1.36  │ 544.29   │ 400.00   │ _019526_                                                                    │ _077998_/A1                  │ met3  │
│ 1.36  │ 544.29   │ 400.00   │ net5108                                                                     │ _077791_/B1                  │ met3  │
│ 1.36  │ 544.03   │ 400.00   │ net2219                                                                     │ _072893_/A0                  │ met2  │
│ 1.36  │ 544.03   │ 400.00   │ net3755                                                                     │ _078130_/B                   │ met2  │
│ 1.36  │ 543.76   │ 400.00   │ net4791                                                                     │ _074897_/B1                  │ met1  │
│ 1.36  │ 543.75   │ 400.00   │ _024760_                                                                    │ _076127_/B1                  │ met1  │
│ 1.36  │ 3776.38  │ 2778.20  │ _021857_                                                                    │ _073210_/B                   │ met4  │
│ 1.36  │ 3776.38  │ 2778.20  │ _023616_                                                                    │ _074980_/A                   │ met4  │
│ 1.36  │ 543.49   │ 400.00   │ net1681                                                                     │ _128314_/D                   │ met3  │
│ 1.36  │ 543.06   │ 400.00   │ net20552                                                                    │ _064896_/A1                  │ met1  │
│ 1.36  │ 542.95   │ 400.00   │ net4025                                                                     │ wire4024/A                   │ met1  │
│ 1.36  │ 3776.38  │ 2784.80  │ _020996_                                                                    │ _072352_/A                   │ met3  │
│ 1.35  │ 541.89   │ 400.00   │ net27732                                                                    │ _109823_/A0                  │ met1  │
│ 1.35  │ 540.74   │ 400.00   │ _023093_                                                                    │ _074456_/A2                  │ met1  │
│ 1.35  │ 4477.33  │ 3312.80  │ net3088                                                                     │ _074612_/C                   │ met3  │
│ 1.35  │ 4477.33  │ 3312.80  │ net15943                                                                    │ _114218_/A1                  │ met4  │
│ 1.35  │ 4477.33  │ 3312.80  │ net17337                                                                    │ _064941_/A0                  │ met3  │
│ 1.35  │ 4477.33  │ 3312.80  │ net17348                                                                    │ _064923_/A0                  │ met3  │
│ 1.35  │ 4477.33  │ 3312.80  │ net17355                                                                    │ _064911_/A0                  │ met3  │
│ 1.35  │ 4477.33  │ 3312.80  │ net17362                                                                    │ _064899_/A0                  │ met3  │
│ 1.35  │ 540.56   │ 400.00   │ net3859                                                                     │ _077109_/A                   │ met1  │
│ 1.35  │ 540.12   │ 400.00   │ net4994                                                                     │ _075897_/A1                  │ met3  │
│ 1.35  │ 540.12   │ 400.00   │ net6415                                                                     │ _073291_/A3                  │ met3  │
│ 1.35  │ 540.12   │ 400.00   │ net11395                                                                    │ _076429_/A1                  │ met3  │
│ 1.35  │ 540.12   │ 400.00   │ net11407                                                                    │ _078029_/B2                  │ met3  │
│ 1.35  │ 539.94   │ 400.00   │ net6329                                                                     │ _076643_/B2                  │ met3  │
│ 1.35  │ 539.94   │ 400.00   │ net6329                                                                     │ _078817_/B1                  │ met3  │
│ 1.35  │ 539.85   │ 400.00   │ net3142                                                                     │ _072506_/B1                  │ met3  │
│ 1.35  │ 539.85   │ 400.00   │ net3142                                                                     │ _074386_/A1                  │ met3  │
│ 1.35  │ 539.85   │ 400.00   │ net28613                                                                    │ _077098_/B1                  │ met1  │
│ 1.35  │ 539.83   │ 400.00   │ net5334                                                                     │ _078371_/A2                  │ met3  │
│ 1.35  │ 539.83   │ 400.00   │ net5510                                                                     │ _070370_/A2                  │ met3  │
│ 1.35  │ 539.83   │ 400.00   │ net6428                                                                     │ _072503_/A2                  │ met3  │
│ 1.35  │ 539.83   │ 400.00   │ net6920                                                                     │ _074858_/A2                  │ met3  │
│ 1.35  │ 539.83   │ 400.00   │ net8768                                                                     │ _105390_/B1                  │ met3  │
│ 1.35  │ 539.83   │ 400.00   │ net10198                                                                    │ _076260_/A2                  │ met3  │
│ 1.35  │ 539.83   │ 400.00   │ net10317                                                                    │ _071324_/B1                  │ met3  │
│ 1.35  │ 539.83   │ 400.00   │ net14665                                                                    │ wire14664/A                  │ met3  │
│ 1.35  │ 538.98   │ 400.00   │ _022584_                                                                    │ _078352_/B1                  │ met1  │
│ 1.35  │ 538.83   │ 400.00   │ net20572                                                                    │ _064923_/A1                  │ met1  │
│ 1.35  │ 538.28   │ 400.00   │ net6351                                                                     │ _074610_/B2                  │ met3  │
│ 1.35  │ 538.28   │ 400.00   │ net6351                                                                     │ _075625_/A2                  │ met3  │
│ 1.35  │ 538.28   │ 400.00   │ net6351                                                                     │ _078336_/B1                  │ met3  │
│ 1.35  │ 538.26   │ 400.00   │ net8162                                                                     │ _070331_/B2                  │ met3  │
│ 1.35  │ 538.26   │ 400.00   │ net8162                                                                     │ _070464_/B                   │ met3  │
│ 1.34  │ 537.55   │ 400.00   │ _019019_                                                                    │ _072567_/B                   │ met3  │
│ 1.34  │ 537.55   │ 400.00   │ _019384_                                                                    │ _077853_/A2                  │ met3  │
│ 1.34  │ 537.55   │ 400.00   │ _019384_                                                                    │ _078603_/A2                  │ met3  │
│ 1.34  │ 537.33   │ 400.00   │ net5299                                                                     │ _070977_/A2                  │ met1  │
│ 1.34  │ 537.08   │ 400.00   │ _020182_                                                                    │ _073276_/B1                  │ met3  │
│ 1.34  │ 537.08   │ 400.00   │ _020182_                                                                    │ wire6868/A                   │ met3  │
│ 1.34  │ 4926.61  │ 3669.20  │ net3364                                                                     │ _084523_/A1                  │ met2  │
│ 1.34  │ 536.87   │ 400.00   │ _019255_                                                                    │ _071433_/A1                  │ met1  │
│ 1.34  │ 536.87   │ 400.00   │ net4719                                                                     │ _073121_/B1                  │ met3  │
│ 1.34  │ 536.87   │ 400.00   │ net4719                                                                     │ _076224_/A2                  │ met3  │
│ 1.34  │ 536.87   │ 400.00   │ net4719                                                                     │ _076539_/B1                  │ met3  │
│ 1.34  │ 536.79   │ 400.00   │ net7265                                                                     │ _072398_/B2                  │ met3  │
│ 1.34  │ 536.79   │ 400.00   │ net7265                                                                     │ _073702_/A1                  │ met3  │
│ 1.34  │ 536.79   │ 400.00   │ net7265                                                                     │ _075678_/A3                  │ met3  │
│ 1.34  │ 536.78   │ 400.00   │ net10872                                                                    │ _075768_/A1                  │ met3  │
│ 1.34  │ 536.78   │ 400.00   │ net10872                                                                    │ wire10871/A                  │ met3  │
│ 1.34  │ 536.78   │ 400.00   │ net20565                                                                    │ _064929_/A1                  │ met1  │
│ 1.34  │ 536.64   │ 400.00   │ net5310                                                                     │ _075668_/A2                  │ met1  │
│ 1.34  │ 536.41   │ 400.00   │ net4714                                                                     │ wire4713/A                   │ met3  │
│ 1.34  │ 536.33   │ 400.00   │ net11310                                                                    │ _070160_/B                   │ met1  │
│ 1.34  │ 536.18   │ 400.00   │ _019055_                                                                    │ _079045_/A2                  │ met3  │
│ 1.34  │ 536.18   │ 400.00   │ _019055_                                                                    │ wire10939/A                  │ met3  │
│ 1.34  │ 535.97   │ 400.00   │ net5346                                                                     │ _071328_/B2                  │ met1  │
│ 1.34  │ 4915.43  │ 3669.20  │ net6496                                                                     │ _073715_/C                   │ met3  │
│ 1.34  │ 4915.43  │ 3669.20  │ net8630                                                                     │ _113457_/A1                  │ met3  │
│ 1.34  │ 535.06   │ 400.00   │ net12373                                                                    │ _075609_/B1                  │ met1  │
│ 1.34  │ 534.94   │ 400.00   │ net8493                                                                     │ _078648_/A1                  │ met2  │
│ 1.34  │ 534.89   │ 400.00   │ instr_bram_ctrl_inst.instr_ram.u_mem.g_2k[1\].u_cell.rdata[15\]             │ _114247_/A1                  │ met4  │
│ 1.34  │ 534.67   │ 400.00   │ net1680                                                                     │ _128316_/D                   │ met3  │
│ 1.34  │ 534.67   │ 400.00   │ net6336                                                                     │ _074548_/B                   │ met3  │
│ 1.34  │ 534.67   │ 400.00   │ net15943                                                                    │ _114218_/A1                  │ met3  │
│ 1.34  │ 534.62   │ 400.00   │ net4666                                                                     │ _073851_/B1                  │ met2  │
│ 1.33  │ 3707.77  │ 2778.20  │ _026805_                                                                    │ _078178_/B1                  │ met4  │
│ 1.33  │ 533.47   │ 400.00   │ net7160                                                                     │ _071216_/B                   │ met1  │
│ 1.33  │ 533.03   │ 400.00   │ net7972                                                                     │ _071923_/A2                  │ met2  │
│ 1.33  │ 532.99   │ 400.00   │ net13767                                                                    │ _078918_/A1                  │ met1  │
│ 1.33  │ 532.48   │ 400.00   │ instr_bram_ctrl_inst.instr_ram.u_mem.g_2k[1\].u_cell.rdata[25\]             │ _114267_/A1                  │ met4  │
│ 1.33  │ 532.14   │ 400.00   │ net7394                                                                     │ _077845_/B2                  │ met1  │
│ 1.33  │ 531.69   │ 400.00   │ net7984                                                                     │ _078009_/B2                  │ met1  │
│ 1.33  │ 531.32   │ 400.00   │ net28713                                                                    │ _077547_/D                   │ met1  │
│ 1.33  │ 3688.76  │ 2778.20  │ _014288_                                                                    │ _064974_/A0                  │ met3  │
│ 1.33  │ 3688.76  │ 2778.20  │ _020219_                                                                    │ _071568_/B1_N                │ met4  │
│ 1.33  │ 3688.76  │ 2778.20  │ _026154_                                                                    │ _077525_/B                   │ met3  │
│ 1.33  │ 3688.76  │ 2778.20  │ _054951_                                                                    │ _113248_/A0                  │ met4  │
│ 1.33  │ 3688.76  │ 2778.20  │ _055769_                                                                    │ _114728_/B                   │ met3  │
│ 1.33  │ 531.05   │ 400.00   │ net6977                                                                     │ _075873_/B1                  │ met2  │
│ 1.33  │ 530.85   │ 400.00   │ net7939                                                                     │ _072943_/B                   │ met3  │
│ 1.33  │ 530.85   │ 400.00   │ net7939                                                                     │ _075042_/A2                  │ met3  │
│ 1.33  │ 530.85   │ 400.00   │ net7939                                                                     │ wire7936/A                   │ met3  │
│ 1.33  │ 530.73   │ 400.00   │ net6919                                                                     │ _074511_/B1                  │ met1  │
│ 1.33  │ 530.66   │ 400.00   │ net7683                                                                     │ _071324_/B2                  │ met2  │
│ 1.33  │ 530.26   │ 400.00   │ instr_bram_ctrl_inst.instr_ram.u_mem.g_2k[1\].u_cell.rdata[20\]             │ _114257_/A1                  │ met4  │
│ 1.33  │ 4389.71  │ 3312.80  │ net1679                                                                     │ _128318_/D                   │ met4  │
│ 1.32  │ 3688.76  │ 2784.80  │ _021835_                                                                    │ _073189_/C_N                 │ met4  │
│ 1.32  │ 529.61   │ 400.00   │ net8333                                                                     │ _075937_/A1                  │ met3  │
│ 1.32  │ 529.61   │ 400.00   │ net8333                                                                     │ _077949_/A1                  │ met3  │
│ 1.32  │ 529.61   │ 400.00   │ net8333                                                                     │ wire8332/A                   │ met3  │
│ 1.32  │ 528.45   │ 400.00   │ net38                                                                       │ _063791_/A                   │ met1  │
│ 1.32  │ 528.45   │ 400.00   │ net38                                                                       │ output38/A                   │ met1  │
│ 1.32  │ 528.35   │ 400.00   │ instr_bram_ctrl_inst.instr_ram.u_mem.g_2k[1\].u_cell.rdata[29\]             │ _114275_/A1                  │ met4  │
│ 1.32  │ 528.25   │ 400.00   │ instr_bram_ctrl_inst.instr_ram.u_mem.g_2k[1\].u_cell.rdata[19\]             │ _114255_/A1                  │ met4  │
│ 1.32  │ 527.78   │ 400.00   │ net25460                                                                    │ wire25459/A                  │ met1  │
│ 1.32  │ 527.14   │ 400.00   │ net10440                                                                    │ _074316_/C                   │ met1  │
│ 1.32  │ 526.38   │ 400.00   │ _021133_                                                                    │ wire4776/A                   │ met3  │
│ 1.32  │ 526.38   │ 400.00   │ net5355                                                                     │ _072458_/A1                  │ met3  │
│ 1.32  │ 526.38   │ 400.00   │ net5355                                                                     │ _074929_/B2                  │ met3  │
│ 1.32  │ 526.38   │ 400.00   │ net5355                                                                     │ _076267_/A1                  │ met3  │
│ 1.32  │ 526.38   │ 400.00   │ net5355                                                                     │ _077506_/B                   │ met3  │
│ 1.31  │ 525.57   │ 400.00   │ _028173_                                                                    │ _081990_/S                   │ met1  │
│ 1.31  │ 524.98   │ 400.00   │ net6614                                                                     │ _072232_/A2                  │ met3  │
│ 1.31  │ 524.98   │ 400.00   │ net6614                                                                     │ _072704_/B2                  │ met3  │
│ 1.31  │ 524.98   │ 400.00   │ net6614                                                                     │ _078321_/B1                  │ met3  │
│ 1.31  │ 524.72   │ 400.00   │ _022523_                                                                    │ _073878_/A1                  │ met1  │
│ 1.31  │ 524.00   │ 400.00   │ _023889_                                                                    │ _075249_/A3                  │ met1  │
│ 1.31  │ 523.82   │ 400.00   │ instr_bram_ctrl_inst.instr_ram.u_mem.g_2k[1\].u_cell.rdata[9\]              │ _114235_/A1                  │ met4  │
│ 1.31  │ 523.19   │ 400.00   │ net6906                                                                     │ _077531_/C                   │ met1  │
│ 1.31  │ 522.29   │ 400.00   │ net1612                                                                     │ _062100_/B                   │ met1  │
│ 1.31  │ 4790.69  │ 3669.20  │ net10109                                                                    │ _076837_/B1                  │ met4  │
│ 1.30  │ 521.92   │ 400.00   │ net11618                                                                    │ wire11617/A                  │ met3  │
│ 1.30  │ 521.68   │ 400.00   │ net2345                                                                     │ _074694_/B1                  │ met1  │
│ 1.30  │ 521.61   │ 400.00   │ instr_bram_ctrl_inst.instr_ram.u_mem.g_2k[1\].u_cell.rdata[28\]             │ _114273_/A1                  │ met4  │
│ 1.30  │ 521.39   │ 400.00   │ net12682                                                                    │ _074043_/A1                  │ met1  │
│ 1.30  │ 4781.77  │ 3669.20  │ net3811                                                                     │ _071482_/B1                  │ met4  │
│ 1.30  │ 521.22   │ 400.00   │ net6932                                                                     │ _075607_/A2                  │ met2  │
│ 1.30  │ 521.22   │ 400.00   │ net6932                                                                     │ _075859_/A2                  │ met2  │
│ 1.30  │ 3688.76  │ 2831.00  │ _023319_                                                                    │ _074677_/C                   │ met3  │
│ 1.30  │ 520.96   │ 400.00   │ clknet_1_1_0_clk_i                                                          │ clkbuf_1_1_1_clk_i/A         │ met3  │
│ 1.30  │ 520.96   │ 400.00   │ clknet_4_2_0_clk_i_regs                                                     │ clkbuf_5_4_0_clk_i_regs/A    │ met3  │
│ 1.30  │ 520.84   │ 400.00   │ net11476                                                                    │ _073169_/A1                  │ met2  │
│ 1.30  │ 520.84   │ 400.00   │ net11476                                                                    │ _075775_/A2                  │ met2  │
│ 1.30  │ 4310.86  │ 3312.80  │ net11970                                                                    │ _060922_/B                   │ met3  │
│ 1.30  │ 519.97   │ 400.00   │ net7681                                                                     │ _078632_/B                   │ met1  │
│ 1.30  │ 4302.10  │ 3312.80  │ net5674                                                                     │ _115074_/B                   │ met3  │
│ 1.30  │ 519.19   │ 400.00   │ instr_bram_ctrl_inst.instr_ram.u_mem.g_2k[1\].u_cell.rdata[18\]             │ _114253_/A1                  │ met4  │
│ 1.30  │ 518.71   │ 400.00   │ _027098_                                                                    │ _078486_/A2                  │ met1  │
│ 1.30  │ 3601.14  │ 2778.20  │ _022454_                                                                    │ _073889_/A                   │ met4  │
│ 1.30  │ 518.33   │ 400.00   │ net4807                                                                     │ _072360_/A2                  │ met1  │
│ 1.29  │ 517.56   │ 400.00   │ net6832                                                                     │ _077141_/B                   │ met3  │
│ 1.29  │ 517.49   │ 400.00   │ net5594                                                                     │ _069970_/B1                  │ met3  │
│ 1.29  │ 517.49   │ 400.00   │ net5594                                                                     │ _078667_/A1                  │ met3  │
│ 1.29  │ 517.49   │ 400.00   │ net8092                                                                     │ _073798_/A1                  │ met3  │
│ 1.29  │ 517.49   │ 400.00   │ net8092                                                                     │ _075884_/B2                  │ met3  │
│ 1.29  │ 517.48   │ 400.00   │ net11253                                                                    │ _079046_/A                   │ met3  │
│ 1.29  │ 517.29   │ 400.00   │ net14171                                                                    │ _071029_/A                   │ met1  │
│ 1.29  │ 517.22   │ 400.00   │ net6689                                                                     │ _078694_/B1                  │ met1  │
│ 1.29  │ 4741.62  │ 3669.20  │ net3065                                                                     │ _076084_/A3                  │ met4  │
│ 1.29  │ 4740.44  │ 3669.20  │ net3747                                                                     │ _073301_/B                   │ met3  │
│ 1.29  │ 516.61   │ 400.00   │ _048689_                                                                    │ _105766_/B1                  │ met1  │
│ 1.29  │ 4048.00  │ 3134.60  │ net4605                                                                     │ _076635_/D                   │ met4  │
│ 1.29  │ 516.46   │ 400.00   │ net11476                                                                    │ _073169_/A1                  │ met1  │
│ 1.29  │ 516.37   │ 400.00   │ _026848_                                                                    │ _078224_/C1                  │ met1  │
│ 1.29  │ 515.43   │ 400.00   │ net13559                                                                    │ _078415_/A                   │ met3  │
│ 1.29  │ 515.43   │ 400.00   │ net13559                                                                    │ wire13557/A                  │ met3  │
│ 1.29  │ 515.33   │ 400.00   │ _018556_                                                                    │ _073577_/A1                  │ met1  │
│ 1.29  │ 515.26   │ 400.00   │ net6455                                                                     │ _072500_/B2                  │ met3  │
│ 1.29  │ 515.26   │ 400.00   │ net6455                                                                     │ _075929_/B1                  │ met3  │
│ 1.29  │ 515.25   │ 400.00   │ net5573                                                                     │ _078388_/A2                  │ met3  │
│ 1.29  │ 514.83   │ 400.00   │ net12326                                                                    │ _078672_/B1                  │ met1  │
│ 1.29  │ 514.56   │ 400.00   │ net26398                                                                    │ _067740_/A0                  │ met1  │
│ 1.29  │ 514.28   │ 400.00   │ net10993                                                                    │ _077636_/A                   │ met1  │
│ 1.29  │ 514.19   │ 400.00   │ net6941                                                                     │ _077726_/B                   │ met1  │
│ 1.29  │ 514.03   │ 400.00   │ net27671                                                                    │ _108343_/A                   │ met1  │
│ 1.28  │ 513.59   │ 400.00   │ net10273                                                                    │ _072985_/B2                  │ met2  │
│ 1.28  │ 513.25   │ 400.00   │ net3866                                                                     │ _078009_/B1                  │ met2  │
│ 1.28  │ 513.12   │ 400.00   │ net1889                                                                     │ _073903_/B1                  │ met2  │
│ 1.28  │ 513.08   │ 400.00   │ _019481_                                                                    │ _078591_/A1                  │ met1  │
│ 1.28  │ 513.06   │ 400.00   │ net11501                                                                    │ _074338_/A2                  │ met1  │
│ 1.28  │ 512.30   │ 400.00   │ net10078                                                                    │ _074394_/B1                  │ met2  │
│ 1.28  │ 512.30   │ 400.00   │ net10078                                                                    │ _076835_/A2                  │ met2  │
│ 1.28  │ 511.97   │ 400.00   │ net7499                                                                     │ _072277_/A2                  │ met1  │
│ 1.28  │ 511.97   │ 400.00   │ net7499                                                                     │ _072349_/A2                  │ met1  │
│ 1.28  │ 511.59   │ 400.00   │ net10417                                                                    │ _074042_/A2                  │ met1  │
│ 1.28  │ 511.27   │ 400.00   │ _020130_                                                                    │ _079130_/A2                  │ met2  │
│ 1.28  │ 511.23   │ 400.00   │ net8277                                                                     │ _070220_/B1                  │ met1  │
│ 1.28  │ 510.95   │ 400.00   │ net11535                                                                    │ _072439_/A1                  │ met1  │
│ 1.28  │ 510.95   │ 400.00   │ net11535                                                                    │ _072545_/A                   │ met1  │
│ 1.28  │ 510.86   │ 400.00   │ net6267                                                                     │ _079276_/A                   │ met1  │
│ 1.28  │ 3548.08  │ 2778.20  │ _021862_                                                                    │ _073215_/A2_N                │ met4  │
│ 1.28  │ 510.44   │ 400.00   │ net4111                                                                     │ _114383_/A1                  │ met1  │
│ 1.28  │ 510.25   │ 400.00   │ _000060_                                                                    │ _128189_/D                   │ met1  │
│ 1.28  │ 3548.08  │ 2781.50  │ _025736_                                                                    │ _077104_/A3                  │ met4  │
│ 1.28  │ 4679.85  │ 3669.20  │ net2742                                                                     │ _075632_/B1                  │ met3  │
│ 1.28  │ 510.11   │ 400.00   │ _057053_                                                                    │ _116128_/A1                  │ met1  │
│ 1.27  │ 4223.24  │ 3312.80  │ net4457                                                                     │ _107781_/B                   │ met3  │
│ 1.27  │ 509.85   │ 400.00   │ net8094                                                                     │ _075125_/A1                  │ met1  │
│ 1.27  │ 509.69   │ 400.00   │ _027141_                                                                    │ _078516_/D                   │ met1  │
│ 1.27  │ 509.42   │ 400.00   │ net7449                                                                     │ _072662_/A2                  │ met3  │
│ 1.27  │ 509.42   │ 400.00   │ net7449                                                                     │ wire7448/A                   │ met3  │
│ 1.27  │ 4214.48  │ 3312.80  │ net4142                                                                     │ _116621_/A0                  │ met3  │
│ 1.27  │ 4214.48  │ 3312.80  │ net17360                                                                    │ _064902_/A0                  │ met3  │
│ 1.27  │ 508.57   │ 400.00   │ net4618                                                                     │ _076062_/A2                  │ met3  │
│ 1.27  │ 508.54   │ 400.00   │ net10098                                                                    │ wire10097/A                  │ met3  │
│ 1.27  │ 508.47   │ 400.00   │ net7920                                                                     │ _075134_/C1                  │ met3  │
│ 1.27  │ 508.47   │ 400.00   │ net7920                                                                     │ _075430_/B                   │ met3  │
│ 1.27  │ 507.46   │ 400.00   │ net5492                                                                     │ wire5491/A                   │ met3  │
│ 1.27  │ 507.28   │ 400.00   │ net40                                                                       │ _063791_/C                   │ met1  │
│ 1.27  │ 507.28   │ 400.00   │ net40                                                                       │ output40/A                   │ met1  │
│ 1.27  │ 4652.57  │ 3669.20  │ net30088                                                                    │ _117024_/A0                  │ met4  │
│ 1.27  │ 3522.29  │ 2778.20  │ _027717_                                                                    │ _079095_/B                   │ met3  │
│ 1.27  │ 506.47   │ 400.00   │ net10370                                                                    │ _072326_/B                   │ met2  │
│ 1.27  │ 506.44   │ 400.00   │ net3345                                                                     │ _118418_/A1                  │ met1  │
│ 1.26  │ 505.94   │ 400.00   │ net6526                                                                     │ _073646_/C                   │ met2  │
│ 1.26  │ 505.94   │ 400.00   │ net7701                                                                     │ _076727_/C                   │ met2  │
│ 1.26  │ 3513.52  │ 2778.20  │ _020527_                                                                    │ _071880_/A                   │ met4  │
│ 1.26  │ 3513.52  │ 2778.20  │ _023579_                                                                    │ _074938_/D                   │ met3  │
│ 1.26  │ 3513.52  │ 2778.20  │ _054993_                                                                    │ _113296_/A0                  │ met4  │
│ 1.26  │ 505.69   │ 400.00   │ _021588_                                                                    │ _072959_/B                   │ met2  │
│ 1.26  │ 505.69   │ 400.00   │ _024775_                                                                    │ _076144_/A                   │ met2  │
│ 1.26  │ 505.69   │ 400.00   │ net16207                                                                    │ _073817_/A                   │ met2  │
│ 1.26  │ 505.56   │ 400.00   │ _025124_                                                                    │ _076492_/B1                  │ met1  │
│ 1.26  │ 505.41   │ 400.00   │ _019357_                                                                    │ _071250_/A1                  │ met1  │
│ 1.26  │ 3513.52  │ 2781.50  │ _054938_                                                                    │ _113233_/A0                  │ met4  │
│ 1.26  │ 504.73   │ 400.00   │ GPIO_rdata[3\]                                                              │ _105650_/B2                  │ met1  │
│ 1.26  │ 504.73   │ 400.00   │ GPIO_rdata[3\]                                                              │ _113712_/A0                  │ met1  │
│ 1.26  │ 3513.52  │ 2784.80  │ _024531_                                                                    │ _075895_/C                   │ met3  │
│ 1.26  │ 504.15   │ 400.00   │ net6821                                                                     │ _077819_/A2                  │ met3  │
│ 1.26  │ 504.11   │ 400.00   │ net11082                                                                    │ wire11081/A                  │ met3  │
│ 1.26  │ 504.11   │ 400.00   │ net11541                                                                    │ _071254_/A                   │ met1  │
│ 1.26  │ 504.07   │ 400.00   │ net30154                                                                    │ wire30153/A                  │ met3  │
│ 1.26  │ 4172.98  │ 3312.80  │ net6872                                                                     │ _072629_/A2_N                │ met4  │
│ 1.26  │ 502.11   │ 400.00   │ net3892                                                                     │ _075277_/A2                  │ met1  │
│ 1.26  │ 502.10   │ 400.00   │ net20826                                                                    │ wire20825/A                  │ met1  │
│ 1.25  │ 501.09   │ 400.00   │ net10141                                                                    │ _071969_/A2                  │ met1  │
│ 1.25  │ 500.45   │ 400.00   │ _020775_                                                                    │ _072655_/C                   │ met2  │
│ 1.25  │ 500.45   │ 400.00   │ _020775_                                                                    │ _074874_/B1                  │ met2  │
│ 1.25  │ 500.29   │ 400.00   │ _019830_                                                                    │ _073617_/A2                  │ met1  │
│ 1.25  │ 500.25   │ 400.00   │ net11476                                                                    │ _075775_/A2                  │ met1  │
│ 1.25  │ 499.85   │ 400.00   │ _018648_                                                                    │ _078416_/A1                  │ met3  │
│ 1.25  │ 499.81   │ 400.00   │ net5232                                                                     │ _074020_/A1                  │ met3  │
│ 1.25  │ 499.81   │ 400.00   │ net7540                                                                     │ _074353_/B1                  │ met3  │
│ 1.25  │ 499.78   │ 400.00   │ net10071                                                                    │ _072781_/B1                  │ met3  │
│ 1.25  │ 499.68   │ 400.00   │ net7574                                                                     │ _078089_/A2                  │ met3  │
│ 1.25  │ 499.68   │ 400.00   │ net12332                                                                    │ _072455_/C                   │ met3  │
│ 1.25  │ 499.68   │ 400.00   │ net12332                                                                    │ _076189_/A3                  │ met3  │
│ 1.25  │ 499.68   │ 400.00   │ net12332                                                                    │ _076388_/A2                  │ met3  │
│ 1.25  │ 499.63   │ 400.00   │ net6653                                                                     │ _078592_/B2                  │ met1  │
│ 1.25  │ 499.38   │ 400.00   │ net13037                                                                    │ _071710_/A                   │ met1  │
│ 1.25  │ 499.22   │ 400.00   │ net27181                                                                    │ rebuffer30220/A              │ met1  │
│ 1.25  │ 499.21   │ 400.00   │ net12365                                                                    │ _071359_/B1                  │ met1  │
│ 1.25  │ 499.15   │ 400.00   │ net10751                                                                    │ _075014_/B1                  │ met1  │
│ 1.25  │ 498.86   │ 400.00   │ conv_accelerator_inst.u_conv_buf_ram.u_mem.u_mem.g_2k[1\].u_cell.rdata[16\] │ _066819_/A1                  │ met4  │
│ 1.25  │ 498.78   │ 400.00   │ _027180_                                                                    │ _078556_/A3                  │ met1  │
│ 1.25  │ 498.72   │ 400.00   │ _025592_                                                                    │ _076960_/C1                  │ met1  │
│ 1.25  │ 4126.86  │ 3312.80  │ net3049                                                                     │ _076831_/D                   │ met3  │
│ 1.25  │ 4126.86  │ 3312.80  │ net23702                                                                    │ _091219_/A1                  │ met4  │
│ 1.24  │ 497.96   │ 400.00   │ net4752                                                                     │ _077087_/B1                  │ met1  │
│ 1.24  │ 497.86   │ 400.00   │ net12707                                                                    │ _070192_/B                   │ met1  │
│ 1.24  │ 497.61   │ 400.00   │ net3863                                                                     │ _074641_/B2                  │ met2  │
│ 1.24  │ 497.61   │ 400.00   │ net3863                                                                     │ _076836_/A2                  │ met2  │
│ 1.24  │ 4563.20  │ 3669.20  │ net2736                                                                     │ _076015_/C1                  │ met4  │
│ 1.24  │ 497.40   │ 400.00   │ _020008_                                                                    │ _076559_/A3                  │ met1  │
│ 1.24  │ 4560.96  │ 3669.20  │ net5183                                                                     │ _073071_/B                   │ met4  │
│ 1.24  │ 4560.96  │ 3669.20  │ net5183                                                                     │ _075330_/B2                  │ met4  │
│ 1.24  │ 497.13   │ 400.00   │ net5534                                                                     │ _075954_/A1                  │ met1  │
│ 1.24  │ 496.69   │ 400.00   │ _020275_                                                                    │ _077002_/A1                  │ met1  │
│ 1.24  │ 496.68   │ 400.00   │ net4888                                                                     │ _072734_/A2                  │ met3  │
│ 1.24  │ 496.68   │ 400.00   │ net4888                                                                     │ _073798_/B1                  │ met3  │
│ 1.24  │ 496.68   │ 400.00   │ net4888                                                                     │ _077191_/B1                  │ met3  │
│ 1.24  │ 496.57   │ 400.00   │ _018948_                                                                    │ fanout12590/A                │ met1  │
│ 1.24  │ 496.51   │ 400.00   │ net5446                                                                     │ _072840_/A2                  │ met1  │
│ 1.24  │ 496.32   │ 400.00   │ net2300                                                                     │ fanout2286/A                 │ met2  │
│ 1.24  │ 496.08   │ 400.00   │ net10871                                                                    │ _076152_/A1                  │ met1  │
│ 1.24  │ 495.95   │ 400.00   │ net4106                                                                     │ _067741_/A1                  │ met3  │
│ 1.24  │ 4103.55  │ 3312.80  │ net2078                                                                     │ _077104_/A2                  │ met4  │
│ 1.24  │ 495.39   │ 400.00   │ _018903_                                                                    │ _070573_/A                   │ met3  │
│ 1.24  │ 495.39   │ 400.00   │ net6840                                                                     │ _079216_/B1                  │ met3  │
│ 1.24  │ 495.22   │ 400.00   │ _011195_                                                                    │ _061467_/B1                  │ met3  │
│ 1.24  │ 495.22   │ 400.00   │ net4945                                                                     │ _076122_/B1                  │ met3  │
│ 1.24  │ 495.22   │ 400.00   │ net6322                                                                     │ _078011_/B1                  │ met3  │
│ 1.24  │ 495.22   │ 400.00   │ net6796                                                                     │ _075892_/A2                  │ met3  │
│ 1.24  │ 495.22   │ 400.00   │ net7399                                                                     │ _075418_/A1                  │ met3  │
│ 1.24  │ 495.22   │ 400.00   │ net7553                                                                     │ _072470_/A2                  │ met3  │
│ 1.24  │ 495.22   │ 400.00   │ net8069                                                                     │ _072431_/A2                  │ met3  │
│ 1.24  │ 495.22   │ 400.00   │ net12935                                                                    │ _073235_/A2                  │ met3  │
│ 1.24  │ 495.21   │ 400.00   │ net8029                                                                     │ _074504_/B1                  │ met3  │
│ 1.24  │ 495.21   │ 400.00   │ net8029                                                                     │ _077117_/A1                  │ met3  │
│ 1.24  │ 495.19   │ 400.00   │ net7313                                                                     │ _073696_/B1                  │ met1  │
│ 1.24  │ 495.18   │ 400.00   │ net6295                                                                     │ _078667_/B1                  │ met3  │
│ 1.24  │ 495.18   │ 400.00   │ net6295                                                                     │ _078843_/B1                  │ met3  │
│ 1.24  │ 494.67   │ 400.00   │ net3426                                                                     │ _067736_/A1                  │ met2  │
│ 1.24  │ 494.67   │ 400.00   │ net3426                                                                     │ _113838_/B                   │ met2  │
│ 1.24  │ 494.13   │ 400.00   │ net6674                                                                     │ _073152_/B1                  │ met3  │
│ 1.24  │ 494.13   │ 400.00   │ net6674                                                                     │ _074042_/B1                  │ met3  │
│ 1.24  │ 494.13   │ 400.00   │ net6674                                                                     │ _076493_/B1                  │ met3  │
│ 1.24  │ 494.04   │ 400.00   │ _019340_                                                                    │ _077529_/B1                  │ met1  │
│ 1.23  │ 493.95   │ 400.00   │ net8341                                                                     │ _072026_/A1                  │ met1  │
│ 1.23  │ 493.69   │ 400.00   │ net10831                                                                    │ _071332_/B                   │ met3  │
│ 1.23  │ 493.69   │ 400.00   │ net10831                                                                    │ _072675_/A1                  │ met3  │
│ 1.23  │ 493.69   │ 400.00   │ net10831                                                                    │ _074242_/A3                  │ met3  │
│ 1.23  │ 493.13   │ 400.00   │ instr_bram_ctrl_inst.instr_ram.u_mem.g_2k[0\].u_cell.rdata[17\]             │ wire21711/A                  │ met3  │
│ 1.23  │ 493.13   │ 400.00   │ instr_bram_ctrl_inst.instr_ram.u_mem.g_2k[3\].u_cell.rdata[18\]             │ wire21143/A                  │ met3  │
│ 1.23  │ 493.13   │ 400.00   │ yz_bram_ctrl_inst.yz_ram.u_mem.u_mem.g_2k[0\].u_cell.rdata[15\]             │ wire20460/A                  │ met3  │
│ 1.23  │ 493.08   │ 400.00   │ net11418                                                                    │ _078270_/A1                  │ met1  │
│ 1.23  │ 493.01   │ 400.00   │ _019599_                                                                    │ load_slew7437/A              │ met3  │
│ 1.23  │ 492.95   │ 400.00   │ _018981_                                                                    │ _076864_/A2                  │ met1  │
│ 1.23  │ 492.95   │ 400.00   │ net5021                                                                     │ _071410_/A2                  │ met3  │
│ 1.23  │ 492.95   │ 400.00   │ net5021                                                                     │ _072901_/B1                  │ met3  │
│ 1.23  │ 492.95   │ 400.00   │ net8461                                                                     │ _074303_/A1                  │ met3  │
│ 1.23  │ 492.95   │ 400.00   │ net8461                                                                     │ _075820_/B2                  │ met3  │
│ 1.23  │ 492.75   │ 400.00   │ net4709                                                                     │ _078641_/A1                  │ met1  │
│ 1.23  │ 492.25   │ 400.00   │ _018965_                                                                    │ _070317_/A                   │ met3  │
│ 1.23  │ 492.25   │ 400.00   │ _018965_                                                                    │ _074126_/B2                  │ met3  │
│ 1.23  │ 492.25   │ 400.00   │ net8497                                                                     │ _075029_/A1                  │ met3  │
│ 1.23  │ 492.25   │ 400.00   │ net8497                                                                     │ _076214_/A2                  │ met3  │
│ 1.23  │ 491.75   │ 400.00   │ net13857                                                                    │ _070351_/B                   │ met2  │
│ 1.23  │ 491.63   │ 400.00   │ _019820_                                                                    │ _071589_/A2                  │ met2  │
│ 1.23  │ 491.63   │ 400.00   │ _023139_                                                                    │ _074680_/C1                  │ met2  │
│ 1.23  │ 491.63   │ 400.00   │ _024090_                                                                    │ _075453_/B1                  │ met2  │
│ 1.23  │ 491.63   │ 400.00   │ _026072_                                                                    │ _077442_/A2                  │ met2  │
│ 1.23  │ 491.63   │ 400.00   │ net3634                                                                     │ _077130_/A1                  │ met2  │
│ 1.23  │ 491.63   │ 400.00   │ net3891                                                                     │ _070723_/B1                  │ met1  │
│ 1.23  │ 491.63   │ 400.00   │ net4581                                                                     │ _079299_/A2                  │ met2  │
│ 1.23  │ 491.63   │ 400.00   │ net4749                                                                     │ _077045_/B1                  │ met2  │
│ 1.23  │ 491.63   │ 400.00   │ net7963                                                                     │ _076232_/A1                  │ met2  │
│ 1.23  │ 4509.67  │ 3669.20  │ net3738                                                                     │ _072313_/A2                  │ met4  │
│ 1.23  │ 491.53   │ 400.00   │ net3726                                                                     │ _073170_/B2                  │ met2  │
│ 1.23  │ 491.53   │ 400.00   │ net3726                                                                     │ _076001_/B1                  │ met2  │
│ 1.23  │ 491.53   │ 400.00   │ net3726                                                                     │ _077797_/A2                  │ met2  │
│ 1.23  │ 491.53   │ 400.00   │ net3726                                                                     │ _078459_/B1                  │ met2  │
│ 1.23  │ 3478.64  │ 2831.00  │ _021847_                                                                    │ _073200_/A2                  │ met4  │
│ 1.23  │ 3409.21  │ 2778.20  │ _026710_                                                                    │ _078210_/A2_N                │ met3  │
│ 1.23  │ 490.62   │ 400.00   │ _009883_                                                                    │ _060165_/A                   │ met1  │
│ 1.23  │ 490.62   │ 400.00   │ _009883_                                                                    │ _062394_/A                   │ met1  │
│ 1.23  │ 490.54   │ 400.00   │ net8548                                                                     │ _073092_/B2                  │ met1  │
│ 1.22  │ 4740.19  │ 3872.32  │ net27656                                                                    │ _113454_/A1                  │ met3  │
│ 1.22  │ 4486.10  │ 3669.20  │ net3026                                                                     │ _078666_/B                   │ met4  │
│ 1.22  │ 488.75   │ 400.00   │ cpu_inst.CORE.core_i.ex_stage_i.mult_i.int_op_a_msu[1\]                     │ fanout27636/A                │ met1  │
│ 1.22  │ 487.91   │ 400.00   │ _018727_                                                                    │ _072644_/A                   │ met1  │
│ 1.22  │ 487.44   │ 400.00   │ _057022_                                                                    │ _116086_/A1                  │ met1  │
│ 1.22  │ 487.32   │ 400.00   │ net16360                                                                    │ _071321_/A                   │ met1  │
│ 1.22  │ 487.01   │ 400.00   │ _018598_                                                                    │ _074635_/A2                  │ met1  │
│ 1.22  │ 486.26   │ 400.00   │ net10497                                                                    │ _077349_/A2                  │ met3  │
│ 1.22  │ 486.26   │ 400.00   │ net10497                                                                    │ wire10496/A                  │ met3  │
│ 1.22  │ 486.22   │ 400.00   │ _018614_                                                                    │ _073016_/B2                  │ met1  │
│ 1.21  │ 485.16   │ 400.00   │ net5195                                                                     │ _073120_/B1                  │ met3  │
│ 1.21  │ 485.16   │ 400.00   │ net5195                                                                     │ _074354_/B2                  │ met3  │
│ 1.21  │ 485.16   │ 400.00   │ net5195                                                                     │ _075065_/A2                  │ met3  │
│ 1.21  │ 485.16   │ 400.00   │ net5195                                                                     │ _075920_/B1                  │ met3  │
│ 1.21  │ 485.12   │ 400.00   │ net30193                                                                    │ rebuffer30192/A              │ met1  │
│ 1.21  │ 484.48   │ 400.00   │ _019123_                                                                    │ _076215_/A1                  │ met3  │
│ 1.21  │ 484.48   │ 400.00   │ _019123_                                                                    │ wire10874/A                  │ met3  │
│ 1.21  │ 484.45   │ 400.00   │ _020172_                                                                    │ _073750_/A1                  │ met3  │
│ 1.21  │ 484.45   │ 400.00   │ _020172_                                                                    │ wire6871/A                   │ met3  │
│ 1.21  │ 484.14   │ 400.00   │ net6945                                                                     │ _073370_/B1                  │ met1  │
│ 1.21  │ 484.14   │ 400.00   │ net19792                                                                    │ wire19791/A                  │ met1  │
│ 1.21  │ 484.00   │ 400.00   │ net10185                                                                    │ _071919_/A                   │ met3  │
│ 1.21  │ 484.00   │ 400.00   │ net10185                                                                    │ _077732_/A2                  │ met3  │
│ 1.21  │ 484.00   │ 400.00   │ net10185                                                                    │ _078173_/B1                  │ met3  │
│ 1.21  │ 483.97   │ 400.00   │ _020013_                                                                    │ _075151_/A2                  │ met1  │
│ 1.21  │ 483.83   │ 400.00   │ net28929                                                                    │ _074152_/A                   │ met1  │
│ 1.21  │ 483.59   │ 400.00   │ net4662                                                                     │ _077763_/B1                  │ met3  │
│ 1.21  │ 483.59   │ 400.00   │ net4662                                                                     │ wire4661/A                   │ met3  │
│ 1.21  │ 483.36   │ 400.00   │ net5010                                                                     │ _077535_/B                   │ met2  │
│ 1.21  │ 483.36   │ 400.00   │ net5010                                                                     │ _077891_/A2                  │ met2  │
│ 1.21  │ 483.28   │ 400.00   │ net17290                                                                    │ _068711_/B                   │ met1  │
│ 1.21  │ 482.88   │ 400.00   │ net6410                                                                     │ wire6409/A                   │ met3  │
│ 1.21  │ 482.80   │ 400.00   │ net10064                                                                    │ _073567_/A3                  │ met1  │
│ 1.21  │ 482.61   │ 400.00   │ net20558                                                                    │ _064890_/A1                  │ met1  │
│ 1.20  │ 3346.72  │ 2778.20  │ _010682_                                                                    │ _060954_/B2                  │ met3  │
│ 1.20  │ 481.33   │ 400.00   │ net6489                                                                     │ _072338_/A2                  │ met1  │
│ 1.20  │ 481.33   │ 400.00   │ net6489                                                                     │ _072534_/A2_N                │ met1  │
│ 1.20  │ 481.32   │ 400.00   │ net10350                                                                    │ _078310_/A3                  │ met1  │
│ 1.20  │ 481.20   │ 400.00   │ cpu_inst.CORE.core_i.ex_stage_i.mult_en_i                                   │ _062660_/A4                  │ met1  │
│ 1.20  │ 481.00   │ 400.00   │ net29935                                                                    │ _090793_/C                   │ met1  │
│ 1.20  │ 480.67   │ 400.00   │ net19365                                                                    │ _089933_/B                   │ met1  │
│ 1.20  │ 3338.29  │ 2778.20  │ _023426_                                                                    │ _074785_/A                   │ met4  │
│ 1.20  │ 480.46   │ 400.00   │ net6616                                                                     │ _076110_/B1                  │ met2  │
│ 1.20  │ 480.29   │ 400.00   │ _012956_                                                                    │ fanout1711/A                 │ met1  │
│ 1.20  │ 480.17   │ 400.00   │ _015868_                                                                    │ _066838_/A1                  │ met1  │
│ 1.20  │ 480.00   │ 400.00   │ net2215                                                                     │ _073895_/C1                  │ met1  │
│ 1.20  │ 479.73   │ 400.00   │ net10628                                                                    │ _074556_/A2                  │ met3  │
│ 1.20  │ 479.73   │ 400.00   │ net10628                                                                    │ _074638_/A2                  │ met3  │
│ 1.20  │ 479.56   │ 400.00   │ cpu_inst.CORE.core_i.id_stage_i.decoder_i.instr_rdata_i[30\]                │ _061659_/A                   │ met1  │
│ 1.20  │ 3971.62  │ 3312.80  │ net2552                                                                     │ _073871_/A1                  │ met4  │
│ 1.20  │ 3338.29  │ 2784.80  │ _057772_                                                                    │ _116878_/B                   │ met3  │
│ 1.20  │ 479.49   │ 400.00   │ net26933                                                                    │ _110502_/A                   │ met1  │
│ 1.20  │ 479.38   │ 400.00   │ net13178                                                                    │ _078910_/B2                  │ met3  │
│ 1.20  │ 479.38   │ 400.00   │ net13178                                                                    │ _079129_/A                   │ met3  │
│ 1.20  │ 479.38   │ 400.00   │ net13178                                                                    │ _079136_/B1                  │ met3  │
│ 1.20  │ 479.38   │ 400.00   │ net13178                                                                    │ _079234_/B1                  │ met3  │
│ 1.20  │ 479.15   │ 400.00   │ net6354                                                                     │ _074475_/B1                  │ met1  │
│ 1.20  │ 479.15   │ 400.00   │ net11025                                                                    │ _074895_/A2                  │ met1  │
│ 1.20  │ 479.13   │ 400.00   │ net28336                                                                    │ fanout28270/A                │ met1  │
│ 1.20  │ 478.99   │ 400.00   │ net5226                                                                     │ _070922_/C                   │ met3  │
│ 1.20  │ 478.99   │ 400.00   │ net5226                                                                     │ _077185_/B1                  │ met3  │
│ 1.20  │ 478.92   │ 400.00   │ _020757_                                                                    │ _079169_/A2                  │ met1  │
│ 1.20  │ 478.92   │ 400.00   │ _022612_                                                                    │ _073969_/C                   │ met1  │
│ 1.20  │ 478.87   │ 400.00   │ net12578                                                                    │ _071380_/A2                  │ met3  │
│ 1.20  │ 478.87   │ 400.00   │ net12578                                                                    │ _072477_/A2                  │ met3  │
│ 1.20  │ 478.80   │ 400.00   │ net4645                                                                     │ _077051_/B2                  │ met3  │
│ 1.20  │ 478.80   │ 400.00   │ net4645                                                                     │ _079233_/B1                  │ met3  │
│ 1.20  │ 478.80   │ 400.00   │ net4810                                                                     │ _072335_/B1                  │ met3  │
│ 1.20  │ 478.80   │ 400.00   │ net4810                                                                     │ _074473_/B1                  │ met3  │
│ 1.20  │ 478.80   │ 400.00   │ net4810                                                                     │ _075595_/B1                  │ met3  │
│ 1.20  │ 478.80   │ 400.00   │ net10621                                                                    │ _072933_/A1                  │ met3  │
│ 1.20  │ 478.80   │ 400.00   │ net10621                                                                    │ _076457_/B1                  │ met3  │
│ 1.20  │ 4389.90  │ 3669.20  │ net10898                                                                    │ _072071_/A                   │ met3  │
│ 1.20  │ 478.55   │ 400.00   │ net6960                                                                     │ _074308_/A1                  │ met1  │
│ 1.20  │ 478.25   │ 400.00   │ net10249                                                                    │ _075695_/A3                  │ met1  │
│ 1.20  │ 3960.38  │ 3312.80  │ net3078                                                                     │ _074831_/B                   │ met3  │
│ 1.20  │ 3960.38  │ 3312.80  │ net3620                                                                     │ _078777_/A                   │ met4  │
│ 1.19  │ 477.91   │ 400.00   │ net7140                                                                     │ _074317_/A3                  │ met1  │
│ 1.19  │ 477.87   │ 400.00   │ _019058_                                                                    │ _073691_/A2                  │ met1  │
│ 1.19  │ 477.82   │ 400.00   │ net8053                                                                     │ _078061_/A1                  │ met1  │
│ 1.19  │ 3951.62  │ 3312.80  │ net2219                                                                     │ _072893_/A0                  │ met4  │
│ 1.19  │ 3951.62  │ 3312.80  │ net2979                                                                     │ _116503_/B                   │ met3  │
│ 1.19  │ 3951.62  │ 3312.80  │ net2980                                                                     │ _116456_/B                   │ met3  │
│ 1.19  │ 3951.62  │ 3312.80  │ net2981                                                                     │ _116256_/B                   │ met3  │
│ 1.19  │ 3951.62  │ 3312.80  │ net3676                                                                     │ _074162_/C                   │ met3  │
│ 1.19  │ 3951.62  │ 3312.80  │ net4561                                                                     │ _094451_/A1                  │ met3  │
│ 1.19  │ 476.83   │ 400.00   │ net8424                                                                     │ _073829_/A                   │ met1  │
│ 1.19  │ 476.17   │ 400.00   │ net397                                                                      │ _110758_/A1                  │ met1  │
│ 1.19  │ 475.95   │ 400.00   │ net4727                                                                     │ _073142_/A2                  │ met3  │
│ 1.19  │ 475.95   │ 400.00   │ net4727                                                                     │ _076566_/C                   │ met3  │
│ 1.19  │ 475.95   │ 400.00   │ net5103                                                                     │ _075308_/B                   │ met3  │
│ 1.19  │ 475.95   │ 400.00   │ net5103                                                                     │ _078105_/A2                  │ met3  │
│ 1.19  │ 475.93   │ 400.00   │ net7074                                                                     │ _072187_/A3                  │ met2  │
│ 1.19  │ 475.51   │ 400.00   │ net6950                                                                     │ _072471_/A2                  │ met1  │
│ 1.19  │ 475.46   │ 400.00   │ net7083                                                                     │ _072641_/A3                  │ met1  │
│ 1.19  │ 475.39   │ 400.00   │ net8152                                                                     │ _071022_/A3                  │ met1  │
│ 1.19  │ 475.20   │ 400.00   │ net4018                                                                     │ load_slew4017/A              │ met1  │
│ 1.19  │ 475.18   │ 400.00   │ net7728                                                                     │ load_slew7727/A              │ met1  │
│ 1.19  │ 475.15   │ 400.00   │ net8073                                                                     │ _074714_/A1                  │ met3  │
│ 1.19  │ 475.15   │ 400.00   │ net8073                                                                     │ _077922_/A2                  │ met3  │
│ 1.19  │ 475.07   │ 400.00   │ net10104                                                                    │ _072262_/B                   │ met1  │
│ 1.19  │ 475.00   │ 400.00   │ net11077                                                                    │ _076777_/B                   │ met1  │
│ 1.19  │ 474.69   │ 400.00   │ _026470_                                                                    │ _077843_/C                   │ met1  │
│ 1.19  │ 474.63   │ 400.00   │ net8179                                                                     │ _078955_/A1                  │ met1  │
│ 1.19  │ 474.44   │ 400.00   │ net7740                                                                     │ _071247_/A2                  │ met1  │
│ 1.19  │ 474.31   │ 400.00   │ instr_bram_ctrl_inst.instr_ram.u_mem.g_2k[1\].u_cell.rdata[16\]             │ _114249_/A1                  │ met4  │
│ 1.19  │ 474.26   │ 400.00   │ net16383                                                                    │ _074831_/A                   │ met1  │
│ 1.19  │ 474.13   │ 400.00   │ net5418                                                                     │ _075161_/A1                  │ met1  │
│ 1.19  │ 474.09   │ 400.00   │ net4868                                                                     │ _072073_/B1                  │ met2  │
│ 1.18  │ 473.65   │ 400.00   │ net4121                                                                     │ _114330_/A0                  │ met1  │
│ 1.18  │ 473.61   │ 400.00   │ net1349                                                                     │ _068082_/A                   │ met1  │
│ 1.18  │ 473.31   │ 400.00   │ net10239                                                                    │ _076250_/B2                  │ met1  │
│ 1.18  │ 473.10   │ 400.00   │ net11452                                                                    │ _073809_/A1                  │ met1  │
│ 1.18  │ 472.95   │ 400.00   │ net5579                                                                     │ _075097_/A1                  │ met3  │
│ 1.18  │ 472.95   │ 400.00   │ net5579                                                                     │ _076234_/B2                  │ met3  │
│ 1.18  │ 472.91   │ 400.00   │ net11462                                                                    │ _075062_/A1                  │ met3  │
│ 1.18  │ 472.91   │ 400.00   │ net11462                                                                    │ _077716_/A1                  │ met3  │
│ 1.18  │ 472.87   │ 400.00   │ net3732                                                                     │ _076426_/B1                  │ met3  │
│ 1.18  │ 472.87   │ 400.00   │ net3732                                                                     │ _076557_/B2                  │ met3  │
│ 1.18  │ 472.51   │ 400.00   │ net4836                                                                     │ _076001_/A2                  │ met1  │
│ 1.18  │ 472.34   │ 400.00   │ net10848                                                                    │ _074394_/B2                  │ met2  │
│ 1.18  │ 472.34   │ 400.00   │ net10848                                                                    │ _078281_/B1                  │ met2  │
│ 1.18  │ 472.17   │ 400.00   │ net7937                                                                     │ _078409_/C                   │ met2  │
│ 1.18  │ 472.11   │ 400.00   │ _019971_                                                                    │ _074507_/A2                  │ met2  │
│ 1.18  │ 472.11   │ 400.00   │ net3038                                                                     │ _077877_/A3                  │ met2  │
│ 1.18  │ 472.11   │ 400.00   │ net3790                                                                     │ _072625_/B1                  │ met2  │
│ 1.18  │ 472.11   │ 400.00   │ net4997                                                                     │ _071686_/A3                  │ met2  │
│ 1.18  │ 472.11   │ 400.00   │ net7585                                                                     │ _076972_/A1                  │ met2  │
│ 1.18  │ 472.11   │ 400.00   │ net8118                                                                     │ _072615_/A1                  │ met2  │
│ 1.18  │ 472.11   │ 400.00   │ net29789                                                                    │ wire29788/A                  │ met2  │
│ 1.18  │ 471.98   │ 400.00   │ net20105                                                                    │ wire20104/A                  │ met1  │
│ 1.18  │ 471.50   │ 400.00   │ net10614                                                                    │ _076991_/A                   │ met2  │
│ 1.18  │ 471.36   │ 400.00   │ _000093_                                                                    │ _128320_/D                   │ met1  │
│ 1.18  │ 470.89   │ 400.00   │ yz_bram_ctrl_inst.yz_ram.u_mem.u_mem.g_2k[2\].u_cell.rdata[6\]              │ _064922_/A2                  │ met4  │
│ 1.18  │ 3270.34  │ 2778.20  │ net22244                                                                    │ wire22243/A                  │ met3  │
│ 1.18  │ 470.72   │ 400.00   │ net5404                                                                     │ _077641_/A2                  │ met3  │
│ 1.18  │ 470.66   │ 400.00   │ net3889                                                                     │ wire3888/A                   │ met3  │
│ 1.18  │ 470.64   │ 400.00   │ _020148_                                                                    │ _072991_/A2                  │ met3  │
│ 1.18  │ 470.64   │ 400.00   │ _020148_                                                                    │ _076541_/A2                  │ met3  │
│ 1.18  │ 470.37   │ 400.00   │ net8503                                                                     │ _077285_/A1                  │ met1  │
│ 1.18  │ 3895.25  │ 3312.80  │ net10851                                                                    │ _071145_/A2_N                │ met4  │
│ 1.17  │ 469.94   │ 400.00   │ _015864_                                                                    │ _066830_/A1                  │ met1  │
│ 1.17  │ 469.58   │ 400.00   │ net28751                                                                    │ _078775_/A                   │ met1  │
│ 1.17  │ 469.52   │ 400.00   │ net8165                                                                     │ _073232_/A1                  │ met3  │
│ 1.17  │ 469.52   │ 400.00   │ net8165                                                                     │ _073542_/B2                  │ met3  │
│ 1.17  │ 469.52   │ 400.00   │ net8165                                                                     │ _077590_/B1                  │ met3  │
│ 1.17  │ 469.52   │ 400.00   │ net8165                                                                     │ _078956_/A1                  │ met3  │
│ 1.17  │ 469.51   │ 400.00   │ net6514                                                                     │ _078732_/B                   │ met3  │
│ 1.17  │ 469.51   │ 400.00   │ net6514                                                                     │ _079122_/B2                  │ met3  │
│ 1.17  │ 3259.43  │ 2778.20  │ _000374_                                                                    │ _128352_/D                   │ met3  │
│ 1.17  │ 3881.52  │ 3312.80  │ net2733                                                                     │ _076184_/B1_N                │ met3  │
│ 1.17  │ 468.14   │ 400.00   │ net11421                                                                    │ _071389_/A                   │ met2  │
│ 1.17  │ 3250.67  │ 2778.20  │ _000059_                                                                    │ _128188_/D                   │ met3  │
│ 1.17  │ 3250.67  │ 2778.20  │ _057555_                                                                    │ _116663_/A0                  │ met3  │
│ 1.17  │ 467.82   │ 400.00   │ net3302                                                                     │ _118669_/A1                  │ met2  │
│ 1.17  │ 467.82   │ 400.00   │ net3302                                                                     │ _118800_/A0                  │ met2  │
│ 1.17  │ 467.76   │ 400.00   │ net3144                                                                     │ _071122_/A1                  │ met1  │
│ 1.17  │ 3872.76  │ 3312.80  │ net2975                                                                     │ _116976_/B                   │ met3  │
│ 1.17  │ 3872.76  │ 3312.80  │ net3082                                                                     │ _074833_/B                   │ met3  │
│ 1.17  │ 467.50   │ 400.00   │ net24120                                                                    │ _093908_/A                   │ met1  │
│ 1.17  │ 467.36   │ 400.00   │ net6818                                                                     │ _071813_/A                   │ met2  │
│ 1.17  │ 467.28   │ 400.00   │ net20684                                                                    │ _064971_/A1                  │ met1  │
│ 1.17  │ 3864.00  │ 3312.80  │ net4771                                                                     │ _072499_/C                   │ met3  │
│ 1.17  │ 3864.00  │ 3312.80  │ net5255                                                                     │ _077004_/B                   │ met3  │
│ 1.17  │ 3864.00  │ 3312.80  │ net6336                                                                     │ _074548_/B                   │ met4  │
│ 1.17  │ 466.53   │ 400.00   │ _019492_                                                                    │ _074461_/A2                  │ met1  │
│ 1.17  │ 466.47   │ 400.00   │ yz_bram_ctrl_inst.yz_ram.u_mem.u_mem.g_2k[2\].u_cell.rdata[8\]              │ _064889_/A2                  │ met4  │
│ 1.17  │ 466.28   │ 400.00   │ net3157                                                                     │ _100509_/A0                  │ met1  │
│ 1.17  │ 466.28   │ 400.00   │ net11526                                                                    │ _073941_/B2                  │ met1  │
│ 1.17  │ 466.18   │ 400.00   │ net2703                                                                     │ _078441_/B1                  │ met1  │
│ 1.16  │ 465.76   │ 400.00   │ net7201                                                                     │ _071171_/B1                  │ met3  │
│ 1.16  │ 465.76   │ 400.00   │ net7201                                                                     │ _071788_/B1                  │ met3  │
│ 1.16  │ 465.76   │ 400.00   │ net7201                                                                     │ _075965_/A1                  │ met3  │
│ 1.16  │ 465.76   │ 400.00   │ net7201                                                                     │ _077089_/A2                  │ met3  │
│ 1.16  │ 465.76   │ 400.00   │ net7201                                                                     │ _077505_/B1                  │ met3  │
│ 1.16  │ 465.68   │ 400.00   │ _025682_                                                                    │ _077050_/B1                  │ met1  │
│ 1.16  │ 465.56   │ 400.00   │ net5391                                                                     │ _073815_/B2                  │ met1  │
│ 1.16  │ 465.49   │ 400.00   │ net7035                                                                     │ _076497_/A2                  │ met3  │
│ 1.16  │ 465.49   │ 400.00   │ net7035                                                                     │ _076545_/B2                  │ met3  │
│ 1.16  │ 465.49   │ 400.00   │ net7035                                                                     │ _078473_/B1                  │ met3  │
│ 1.16  │ 465.16   │ 400.00   │ net21141                                                                    │ wire21140/A                  │ met1  │
│ 1.16  │ 464.16   │ 400.00   │ net12573                                                                    │ _076265_/A1                  │ met1  │
│ 1.16  │ 464.10   │ 400.00   │ net6521                                                                     │ _074322_/A3                  │ met3  │
│ 1.16  │ 464.10   │ 400.00   │ net6521                                                                     │ _074939_/C                   │ met3  │
│ 1.16  │ 464.10   │ 400.00   │ net6521                                                                     │ _077564_/A2                  │ met3  │
│ 1.16  │ 464.07   │ 400.00   │ _028127_                                                                    │ _080953_/S                   │ met1  │
│ 1.16  │ 463.96   │ 400.00   │ net10778                                                                    │ _075141_/A2                  │ met3  │
│ 1.16  │ 463.96   │ 400.00   │ net10778                                                                    │ _079223_/A3                  │ met3  │
│ 1.16  │ 463.94   │ 400.00   │ net7052                                                                     │ wire7051/A                   │ met3  │
│ 1.16  │ 463.94   │ 400.00   │ net8095                                                                     │ wire8094/A                   │ met3  │
│ 1.16  │ 463.65   │ 400.00   │ net11664                                                                    │ _073099_/B2                  │ met2  │
│ 1.16  │ 463.65   │ 400.00   │ net11664                                                                    │ _073161_/A                   │ met2  │
│ 1.16  │ 463.25   │ 400.00   │ _045928_                                                                    │ fanout12261/A                │ met1  │
│ 1.16  │ 462.89   │ 400.00   │ _020639_                                                                    │ _074978_/A                   │ met1  │
│ 1.16  │ 462.69   │ 400.00   │ _019216_                                                                    │ _074527_/A1                  │ met2  │
│ 1.16  │ 462.69   │ 400.00   │ _019216_                                                                    │ _074708_/B2                  │ met2  │
│ 1.16  │ 462.65   │ 400.00   │ net2521                                                                     │ wire2520/A                   │ met1  │
│ 1.16  │ 462.58   │ 400.00   │ net10025                                                                    │ _074934_/B1                  │ met3  │
│ 1.16  │ 462.58   │ 400.00   │ net10025                                                                    │ _075897_/B1                  │ met3  │
│ 1.16  │ 462.58   │ 400.00   │ net10025                                                                    │ _078037_/B1                  │ met3  │
│ 1.16  │ 462.46   │ 400.00   │ net6870                                                                     │ _077750_/A2                  │ met1  │
│ 1.16  │ 462.42   │ 400.00   │ net12432                                                                    │ _073336_/B1                  │ met2  │
│ 1.16  │ 462.42   │ 400.00   │ net12432                                                                    │ _077943_/B1                  │ met2  │
│ 1.15  │ 461.98   │ 400.00   │ _013999_                                                                    │ _064613_/B2                  │ met1  │
│ 1.15  │ 461.43   │ 400.00   │ net7628                                                                     │ _076230_/A1                  │ met2  │
│ 1.15  │ 461.43   │ 400.00   │ net7628                                                                     │ _077108_/B2                  │ met2  │
│ 1.15  │ 461.09   │ 400.00   │ _021272_                                                                    │ _074475_/A2                  │ met1  │
│ 1.15  │ 461.02   │ 400.00   │ net20371                                                                    │ wire20370/A                  │ met1  │
│ 1.15  │ 460.97   │ 400.00   │ net3501                                                                     │ _117807_/B2                  │ met1  │
│ 1.15  │ 460.97   │ 400.00   │ net3501                                                                     │ _118149_/A1                  │ met1  │
│ 1.15  │ 460.93   │ 400.00   │ _018751_                                                                    │ _078227_/B2                  │ met1  │
│ 1.15  │ 460.93   │ 400.00   │ net10240                                                                    │ _075708_/A2                  │ met1  │
│ 1.15  │ 460.58   │ 400.00   │ _024633_                                                                    │ wire6280/A                   │ met3  │
│ 1.15  │ 460.41   │ 400.00   │ _019625_                                                                    │ _078502_/A2                  │ met1  │
│ 1.15  │ 460.29   │ 400.00   │ _025190_                                                                    │ _076568_/B2                  │ met1  │
│ 1.15  │ 459.70   │ 400.00   │ net8387                                                                     │ _075045_/A1                  │ met3  │
│ 1.15  │ 459.54   │ 400.00   │ net3617                                                                     │ _078937_/A2                  │ met3  │
│ 1.15  │ 3601.14  │ 3134.60  │ net5616                                                                     │ _114214_/B1_N                │ met4  │
│ 1.15  │ 459.47   │ 400.00   │ net10312                                                                    │ _073948_/B1                  │ met3  │
│ 1.15  │ 459.47   │ 400.00   │ net10312                                                                    │ _075970_/A2                  │ met3  │
│ 1.15  │ 459.09   │ 400.00   │ net8127                                                                     │ _070389_/A2                  │ met1  │
│ 1.15  │ 459.07   │ 400.00   │ net10143                                                                    │ _071928_/B                   │ met2  │
│ 1.15  │ 459.07   │ 400.00   │ net10143                                                                    │ _072400_/B1                  │ met2  │
│ 1.15  │ 458.58   │ 400.00   │ net3462                                                                     │ _114318_/A0                  │ met1  │
│ 1.15  │ 458.58   │ 400.00   │ net3462                                                                     │ _114350_/A0                  │ met1  │
│ 1.15  │ 4206.35  │ 3669.20  │ net3115                                                                     │ _073309_/A2                  │ met4  │
│ 1.15  │ 458.46   │ 400.00   │ net20767                                                                    │ wire20766/A                  │ met1  │
│ 1.15  │ 458.45   │ 400.00   │ net10542                                                                    │ _077978_/A2                  │ met1  │
│ 1.15  │ 458.39   │ 400.00   │ net4830                                                                     │ _074721_/A2                  │ met2  │
│ 1.15  │ 458.35   │ 400.00   │ net724                                                                      │ wire723/A                    │ met3  │
│ 1.15  │ 458.09   │ 400.00   │ _019227_                                                                    │ _079159_/A2                  │ met1  │
│ 1.15  │ 458.05   │ 400.00   │ net5507                                                                     │ _074711_/A1                  │ met1  │
│ 1.14  │ 4200.81  │ 3669.20  │ net6257                                                                     │ _089679_/A1                  │ met1  │
│ 1.14  │ 4200.81  │ 3669.20  │ net6259                                                                     │ _089671_/A1                  │ met1  │
│ 1.14  │ 457.80   │ 400.00   │ net7438                                                                     │ _078672_/B2                  │ met1  │
│ 1.14  │ 457.36   │ 400.00   │ net12333                                                                    │ _078334_/A3                  │ met1  │
│ 1.14  │ 3785.14  │ 3312.80  │ net3684                                                                     │ _073787_/B                   │ met3  │
│ 1.14  │ 456.97   │ 400.00   │ _019237_                                                                    │ _073815_/A2                  │ met1  │
│ 1.14  │ 456.91   │ 400.00   │ net8047                                                                     │ _076178_/A1                  │ met1  │
│ 1.14  │ 456.68   │ 400.00   │ net4685                                                                     │ _078771_/B1                  │ met2  │
│ 1.14  │ 456.23   │ 400.00   │ net10598                                                                    │ _074400_/B2                  │ met1  │
│ 1.14  │ 3776.38  │ 3312.80  │ net1675                                                                     │ _128326_/D                   │ met4  │
│ 1.14  │ 455.93   │ 400.00   │ _019590_                                                                    │ _071538_/A2                  │ met3  │
│ 1.14  │ 455.93   │ 400.00   │ _019590_                                                                    │ max_cap7447/A                │ met3  │
│ 1.14  │ 455.89   │ 400.00   │ net4822                                                                     │ _076637_/B1                  │ met3  │
│ 1.14  │ 455.89   │ 400.00   │ net4822                                                                     │ wire4821/A                   │ met3  │
│ 1.14  │ 455.77   │ 400.00   │ net8268                                                                     │ _073221_/B1                  │ met3  │
│ 1.14  │ 455.77   │ 400.00   │ net8268                                                                     │ _073489_/A1                  │ met3  │
│ 1.14  │ 455.77   │ 400.00   │ net8268                                                                     │ max_cap8267/A                │ met3  │
│ 1.14  │ 455.72   │ 400.00   │ net7268                                                                     │ _077313_/B2                  │ met1  │
│ 1.14  │ 455.70   │ 400.00   │ net30167                                                                    │ clkbuf_leaf_140_clk_i_regs/A │ met2  │
│ 1.14  │ 455.61   │ 400.00   │ net25995                                                                    │ fanout25938/A                │ met1  │
│ 1.14  │ 455.21   │ 400.00   │ net10777                                                                    │ _072764_/B1                  │ met3  │
│ 1.14  │ 3769.89  │ 3312.80  │ net16056                                                                    │ wire16055/A                  │ met4  │
│ 1.14  │ 455.18   │ 400.00   │ net4012                                                                     │ wire4011/A                   │ met1  │
│ 1.14  │ 455.18   │ 400.00   │ net5013                                                                     │ _074402_/B1                  │ met3  │
│ 1.14  │ 455.08   │ 400.00   │ net4690                                                                     │ _073425_/A3                  │ met3  │
│ 1.14  │ 455.08   │ 400.00   │ net10516                                                                    │ _073347_/B1                  │ met3  │
│ 1.14  │ 455.08   │ 400.00   │ net12447                                                                    │ _079212_/A1                  │ met3  │
│ 1.14  │ 455.08   │ 400.00   │ net27930                                                                    │ _094149_/C                   │ met1  │
│ 1.14  │ 455.07   │ 400.00   │ net9108                                                                     │ _083002_/S                   │ met1  │
│ 1.14  │ 454.97   │ 400.00   │ _020416_                                                                    │ _072508_/A2                  │ met1  │
│ 1.14  │ 454.70   │ 400.00   │ net5400                                                                     │ _071856_/B2                  │ met2  │
│ 1.14  │ 454.70   │ 400.00   │ net8057                                                                     │ _072873_/A1                  │ met2  │
│ 1.14  │ 4168.97  │ 3669.20  │ net6258                                                                     │ _089675_/A1                  │ met1  │
│ 1.14  │ 454.43   │ 400.00   │ net10312                                                                    │ _072088_/A2                  │ met2  │
│ 1.14  │ 454.39   │ 400.00   │ _020756_                                                                    │ _075125_/B1                  │ met3  │
│ 1.14  │ 454.39   │ 400.00   │ _020756_                                                                    │ _075988_/A2                  │ met3  │
│ 1.14  │ 454.39   │ 400.00   │ _020756_                                                                    │ wire6522/A                   │ met3  │
│ 1.14  │ 454.39   │ 400.00   │ net12430                                                                    │ _078265_/A1                  │ met1  │
│ 1.14  │ 454.33   │ 400.00   │ net7319                                                                     │ _077767_/A1                  │ met1  │
│ 1.14  │ 454.00   │ 400.00   │ net7047                                                                     │ _072042_/B2                  │ met1  │
│ 1.13  │ 453.85   │ 400.00   │ net21227                                                                    │ wire21226/A                  │ met1  │
│ 1.13  │ 453.75   │ 400.00   │ net20212                                                                    │ wire20211/A                  │ met1  │
│ 1.13  │ 453.33   │ 400.00   │ net7966                                                                     │ _075876_/A3                  │ met1  │
│ 1.13  │ 453.22   │ 400.00   │ net14116                                                                    │ _073850_/A                   │ met1  │
│ 1.13  │ 453.06   │ 400.00   │ net4902                                                                     │ _076738_/B2                  │ met2  │
│ 1.13  │ 4154.47  │ 3669.20  │ net3398                                                                     │ _084526_/A1                  │ met2  │
│ 1.13  │ 452.88   │ 400.00   │ net3866                                                                     │ _078009_/B1                  │ met3  │
│ 1.13  │ 452.88   │ 400.00   │ net3866                                                                     │ _078627_/A2                  │ met3  │
│ 1.13  │ 452.88   │ 400.00   │ net6989                                                                     │ _078336_/A2                  │ met1  │
│ 1.13  │ 3347.05  │ 2956.40  │ _000088_                                                                    │ _128344_/D                   │ met4  │
│ 1.13  │ 4152.82  │ 3669.20  │ net26888                                                                    │ _105380_/A1                  │ met3  │
│ 1.13  │ 452.60   │ 400.00   │ _020771_                                                                    │ _078484_/B1                  │ met2  │
│ 1.13  │ 452.60   │ 400.00   │ net2072                                                                     │ _078701_/B2                  │ met2  │
│ 1.13  │ 452.38   │ 400.00   │ yz_bram_ctrl_inst.yz_ram.u_mem.u_mem.g_2k[2\].u_cell.rdata[26\]             │ _064949_/A2                  │ met4  │
│ 1.13  │ 452.31   │ 400.00   │ _049700_                                                                    │ fanout297/A                  │ met2  │
│ 1.13  │ 452.25   │ 400.00   │ net11681                                                                    │ _074629_/B                   │ met1  │
│ 1.13  │ 452.15   │ 400.00   │ net26879                                                                    │ _105750_/A1                  │ met1  │
│ 1.13  │ 451.82   │ 400.00   │ _020134_                                                                    │ _077700_/B1                  │ met1  │
│ 1.13  │ 451.79   │ 400.00   │ net10959                                                                    │ _075736_/A3                  │ met1  │
│ 1.13  │ 451.13   │ 400.00   │ _021165_                                                                    │ _073702_/B1                  │ met1  │
│ 1.13  │ 451.13   │ 400.00   │ net7619                                                                     │ _077424_/B1                  │ met1  │
│ 1.13  │ 451.05   │ 400.00   │ net3076                                                                     │ _074953_/B1                  │ met2  │
│ 1.13  │ 450.91   │ 400.00   │ net3870                                                                     │ _075598_/A2                  │ met3  │
│ 1.13  │ 3131.47  │ 2778.20  │ net22079                                                                    │ wire22078/A                  │ met3  │
│ 1.13  │ 450.78   │ 400.00   │ net11257                                                                    │ _076917_/A2                  │ met3  │
│ 1.13  │ 450.75   │ 400.00   │ net7908                                                                     │ _071457_/B2                  │ met3  │
│ 1.13  │ 450.75   │ 400.00   │ net8004                                                                     │ _076399_/A1                  │ met3  │
│ 1.13  │ 450.64   │ 400.00   │ _000131_                                                                    │ _119434_/D                   │ met1  │
│ 1.13  │ 450.62   │ 400.00   │ _020389_                                                                    │ _076278_/A2                  │ met3  │
│ 1.13  │ 450.62   │ 400.00   │ _021649_                                                                    │ _073502_/B1                  │ met3  │
│ 1.13  │ 450.62   │ 400.00   │ _027010_                                                                    │ _078423_/A1                  │ met3  │
│ 1.13  │ 450.62   │ 400.00   │ _027571_                                                                    │ _078948_/A3                  │ met3  │
│ 1.13  │ 450.62   │ 400.00   │ net1840                                                                     │ wire1835/A                   │ met3  │
│ 1.13  │ 450.62   │ 400.00   │ net5023                                                                     │ _072652_/B2                  │ met3  │
│ 1.13  │ 450.62   │ 400.00   │ net6539                                                                     │ _076041_/B1                  │ met3  │
│ 1.13  │ 450.62   │ 400.00   │ net6756                                                                     │ _073403_/B1                  │ met3  │
│ 1.13  │ 450.62   │ 400.00   │ net6930                                                                     │ _071976_/B                   │ met3  │
│ 1.13  │ 450.62   │ 400.00   │ net6930                                                                     │ _078285_/A2                  │ met3  │
│ 1.13  │ 450.62   │ 400.00   │ net7427                                                                     │ _077232_/A2                  │ met3  │
│ 1.13  │ 450.62   │ 400.00   │ net7554                                                                     │ _070856_/B2                  │ met3  │
│ 1.13  │ 450.62   │ 400.00   │ net7554                                                                     │ _078664_/B1                  │ met3  │
│ 1.13  │ 450.62   │ 400.00   │ net7910                                                                     │ _072154_/B2                  │ met3  │
│ 1.13  │ 450.62   │ 400.00   │ net8039                                                                     │ _073810_/A3                  │ met3  │
│ 1.13  │ 450.62   │ 400.00   │ net8501                                                                     │ _072993_/A1                  │ met3  │
│ 1.13  │ 450.62   │ 400.00   │ net11428                                                                    │ _075146_/A1                  │ met3  │
│ 1.13  │ 450.62   │ 400.00   │ net14146                                                                    │ _072124_/A2                  │ met3  │
│ 1.13  │ 450.62   │ 400.00   │ net14364                                                                    │ _074216_/A1                  │ met3  │
│ 1.13  │ 450.61   │ 400.00   │ net11464                                                                    │ _078751_/A2                  │ met3  │
│ 1.13  │ 450.61   │ 400.00   │ net11464                                                                    │ _079191_/A1                  │ met3  │
│ 1.13  │ 450.19   │ 400.00   │ net9802                                                                     │ fanout9794/A                 │ met1  │
│ 1.13  │ 450.06   │ 400.00   │ data_bram_ctrl_inst.data_ram.u_mem.g_2k[1\].u_cell.rdata[18\]               │ _113656_/A1                  │ met4  │
│ 1.12  │ 449.94   │ 400.00   │ net27716                                                                    │ _060069_/A                   │ met1  │
│ 1.12  │ 449.94   │ 400.00   │ net27716                                                                    │ _101807_/A1                  │ met1  │
│ 1.12  │ 4126.86  │ 3669.20  │ net4673                                                                     │ _075755_/C_N                 │ met4  │
│ 1.12  │ 449.39   │ 400.00   │ net20792                                                                    │ _064887_/A1                  │ met1  │
│ 1.12  │ 449.37   │ 400.00   │ net10416                                                                    │ _072662_/B1                  │ met3  │
│ 1.12  │ 449.37   │ 400.00   │ net10416                                                                    │ _075049_/B                   │ met3  │
│ 1.12  │ 4121.60  │ 3669.20  │ net3639                                                                     │ _076306_/A2                  │ met4  │
│ 1.12  │ 449.24   │ 400.00   │ net13543                                                                    │ wire13542/A                  │ met1  │
│ 1.12  │ 449.12   │ 400.00   │ net10466                                                                    │ _072394_/B1                  │ met3  │
│ 1.12  │ 449.12   │ 400.00   │ net10466                                                                    │ _076737_/B2                  │ met3  │
│ 1.12  │ 449.12   │ 400.00   │ net10466                                                                    │ _077083_/A1                  │ met3  │
│ 1.12  │ 3513.52  │ 3134.60  │ net3036                                                                     │ _077912_/D                   │ met3  │
│ 1.12  │ 448.34   │ 400.00   │ _018792_                                                                    │ _075159_/A1                  │ met3  │
│ 1.12  │ 448.34   │ 400.00   │ _018792_                                                                    │ _077569_/A2                  │ met3  │
│ 1.12  │ 448.34   │ 400.00   │ _024632_                                                                    │ _076011_/A2                  │ met3  │
│ 1.12  │ 448.34   │ 400.00   │ net4879                                                                     │ _073809_/B2                  │ met3  │
│ 1.12  │ 448.34   │ 400.00   │ net4879                                                                     │ _077378_/A1                  │ met3  │
│ 1.12  │ 448.34   │ 400.00   │ net8087                                                                     │ _073325_/B2                  │ met3  │
│ 1.12  │ 447.85   │ 400.00   │ _028200_                                                                    │ _082500_/S                   │ met1  │
│ 1.12  │ 447.51   │ 400.00   │ net21086                                                                    │ wire21085/A                  │ met1  │
│ 1.12  │ 447.50   │ 400.00   │ net3985                                                                     │ _075924_/B2                  │ met1  │
│ 1.12  │ 447.33   │ 400.00   │ net19724                                                                    │ wire19723/A                  │ met1  │
│ 1.12  │ 447.22   │ 400.00   │ net7468                                                                     │ _071609_/A1                  │ met3  │
│ 1.12  │ 447.22   │ 400.00   │ net7468                                                                     │ _077070_/B                   │ met3  │
│ 1.12  │ 447.22   │ 400.00   │ net7763                                                                     │ _071894_/A1                  │ met3  │
│ 1.12  │ 447.22   │ 400.00   │ net7763                                                                     │ _074281_/A2                  │ met3  │
│ 1.12  │ 447.22   │ 400.00   │ net7763                                                                     │ _074904_/A1                  │ met3  │
│ 1.12  │ 447.22   │ 400.00   │ net7763                                                                     │ _077648_/A1                  │ met3  │
│ 1.12  │ 447.17   │ 400.00   │ net3427                                                                     │ _118644_/A1                  │ met1  │
│ 1.12  │ 447.05   │ 400.00   │ _026654_                                                                    │ _078027_/B                   │ met3  │
│ 1.12  │ 447.05   │ 400.00   │ net7529                                                                     │ _073715_/B                   │ met3  │
│ 1.12  │ 447.05   │ 400.00   │ net10037                                                                    │ _076988_/C                   │ met3  │
│ 1.12  │ 446.64   │ 400.00   │ _000020_                                                                    │ _119238_/D                   │ met1  │
│ 1.12  │ 446.35   │ 400.00   │ _025044_                                                                    │ _076410_/B1                  │ met1  │
│ 1.11  │ 445.94   │ 400.00   │ net20709                                                                    │ _064893_/A1                  │ met1  │
│ 1.11  │ 445.75   │ 400.00   │ net21258                                                                    │ wire21257/A                  │ met1  │
│ 1.11  │ 445.48   │ 400.00   │ net20965                                                                    │ wire20964/A                  │ met1  │
│ 1.11  │ 3688.76  │ 3312.80  │ net2074                                                                     │ _078433_/B                   │ met3  │
│ 1.11  │ 3688.76  │ 3312.80  │ net4610                                                                     │ _077800_/B                   │ met3  │
│ 1.11  │ 445.16   │ 400.00   │ net7531                                                                     │ _074396_/A1                  │ met1  │
│ 1.11  │ 444.97   │ 400.00   │ net11262                                                                    │ _077685_/A1                  │ met1  │
│ 1.11  │ 444.94   │ 400.00   │ net6675                                                                     │ _075425_/C                   │ met2  │
│ 1.11  │ 444.94   │ 400.00   │ net6675                                                                     │ _079201_/A2                  │ met2  │
│ 1.11  │ 4076.99  │ 3669.20  │ net3112                                                                     │ _073356_/C1                  │ met4  │
│ 1.11  │ 3084.19  │ 2778.20  │ _057041_                                                                    │ _116112_/A1                  │ met3  │
│ 1.11  │ 443.71   │ 400.00   │ net20704                                                                    │ wire20703/A                  │ met1  │
│ 1.11  │ 443.71   │ 400.00   │ net20779                                                                    │ wire20778/A                  │ met1  │
│ 1.11  │ 443.63   │ 400.00   │ net20673                                                                    │ wire20672/A                  │ met1  │
│ 1.11  │ 3278.55  │ 2956.40  │ _021117_                                                                    │ _072574_/B1                  │ met4  │
│ 1.11  │ 443.53   │ 400.00   │ cpu_inst.CORE.core_i.ex_stage_i.alu_i.alu_div_i.AReg_DP[9\]                 │ _101614_/B                   │ met1  │
│ 1.11  │ 443.52   │ 400.00   │ net4602                                                                     │ _076800_/C1                  │ met1  │
│ 1.11  │ 4068.07  │ 3669.20  │ net3118                                                                     │ _073166_/A1                  │ met4  │
│ 1.11  │ 443.42   │ 400.00   │ net10470                                                                    │ _078552_/B                   │ met1  │
│ 1.11  │ 3084.19  │ 2784.80  │ _023698_                                                                    │ _075245_/C                   │ met3  │
│ 1.11  │ 442.97   │ 400.00   │ net3142                                                                     │ _072506_/B1                  │ met2  │
│ 1.11  │ 442.97   │ 400.00   │ net3142                                                                     │ _074386_/A1                  │ met2  │
│ 1.11  │ 442.95   │ 400.00   │ _019955_                                                                    │ _077542_/A2                  │ met1  │
│ 1.11  │ 3075.43  │ 2778.20  │ _019455_                                                                    │ _070802_/C                   │ met3  │
│ 1.11  │ 3075.43  │ 2778.20  │ _024568_                                                                    │ _075934_/B                   │ met3  │
│ 1.11  │ 442.20   │ 400.00   │ net12173                                                                    │ _104407_/A2_N                │ met1  │
│ 1.11  │ 442.15   │ 400.00   │ _019518_                                                                    │ _079072_/A1                  │ met2  │
│ 1.11  │ 442.15   │ 400.00   │ net7448                                                                     │ _076574_/A1                  │ met1  │
│ 1.11  │ 442.11   │ 400.00   │ _015874_                                                                    │ _066850_/A1                  │ met1  │
│ 1.11  │ 442.09   │ 400.00   │ net5524                                                                     │ _076531_/A2                  │ met1  │
│ 1.11  │ 442.03   │ 400.00   │ net19627                                                                    │ wire19626/A                  │ met1  │
│ 1.11  │ 442.03   │ 400.00   │ net20178                                                                    │ wire20177/A                  │ met1  │
│ 1.11  │ 442.03   │ 400.00   │ net20310                                                                    │ wire20309/A                  │ met1  │
│ 1.10  │ 441.97   │ 400.00   │ _020775_                                                                    │ _072655_/C                   │ met1  │
│ 1.10  │ 441.95   │ 400.00   │ net21048                                                                    │ wire21047/A                  │ met1  │
│ 1.10  │ 441.95   │ 400.00   │ net21300                                                                    │ wire21299/A                  │ met1  │
│ 1.10  │ 441.95   │ 400.00   │ net21644                                                                    │ wire21643/A                  │ met1  │
│ 1.10  │ 3068.98  │ 2778.20  │ _022234_                                                                    │ _073588_/A2_N                │ met3  │
│ 1.10  │ 441.60   │ 400.00   │ _012021_                                                                    │ _110593_/A2                  │ met1  │
│ 1.10  │ 3259.43  │ 2956.40  │ _000087_                                                                    │ _128343_/D                   │ met4  │
│ 1.10  │ 440.94   │ 400.00   │ net7766                                                                     │ _071906_/B                   │ met1  │
│ 1.10  │ 440.89   │ 400.00   │ net21392                                                                    │ wire21391/A                  │ met1  │
│ 1.10  │ 440.89   │ 400.00   │ net21439                                                                    │ wire21438/A                  │ met1  │
│ 1.10  │ 3062.04  │ 2778.20  │ _023573_                                                                    │ _074957_/A1                  │ met3  │
│ 1.10  │ 3062.04  │ 2778.20  │ net23612                                                                    │ wire23611/A                  │ met3  │
│ 1.10  │ 440.60   │ 400.00   │ data_bram_ctrl_inst.data_ram.u_mem.g_2k[1\].u_cell.rdata[27\]               │ _113674_/A1                  │ met4  │
│ 1.10  │ 440.51   │ 400.00   │ net11451                                                                    │ _070906_/A3                  │ met1  │
│ 1.10  │ 440.47   │ 400.00   │ net19577                                                                    │ _064922_/A3                  │ met1  │
│ 1.10  │ 4039.24  │ 3669.20  │ net8631                                                                     │ _113458_/A1                  │ met3  │
│ 1.10  │ 440.34   │ 400.00   │ net14076                                                                    │ _078680_/C1                  │ met1  │
│ 1.10  │ 440.19   │ 400.00   │ net3670                                                                     │ _076205_/A2                  │ met3  │
│ 1.10  │ 440.19   │ 400.00   │ net3670                                                                     │ _076947_/B1                  │ met3  │
│ 1.10  │ 440.19   │ 400.00   │ net3670                                                                     │ max_cap3669/A                │ met3  │
│ 1.10  │ 440.16   │ 400.00   │ net11309                                                                    │ _071828_/A                   │ met3  │
│ 1.10  │ 440.16   │ 400.00   │ net11309                                                                    │ wire11308/A                  │ met3  │
│ 1.10  │ 440.13   │ 400.00   │ net4718                                                                     │ _078309_/B1                  │ met3  │
│ 1.10  │ 440.13   │ 400.00   │ net4718                                                                     │ _078351_/B1                  │ met3  │
│ 1.10  │ 440.13   │ 400.00   │ net4718                                                                     │ wire4717/A                   │ met3  │
│ 1.10  │ 440.11   │ 400.00   │ net6537                                                                     │ _073932_/B1                  │ met3  │
│ 1.10  │ 440.11   │ 400.00   │ net6537                                                                     │ _075477_/B2                  │ met3  │
│ 1.10  │ 440.05   │ 400.00   │ net6889                                                                     │ _074961_/B1                  │ met1  │
│ 1.10  │ 440.04   │ 400.00   │ net2805                                                                     │ wire2804/A                   │ met1  │
│ 1.10  │ 440.04   │ 400.00   │ net3170                                                                     │ wire3169/A                   │ met1  │
│ 1.10  │ 439.85   │ 400.00   │ _024484_                                                                    │ _075850_/C1                  │ met1  │
│ 1.10  │ 439.47   │ 400.00   │ net8402                                                                     │ _076232_/B2                  │ met1  │
│ 1.10  │ 439.33   │ 400.00   │ net3411                                                                     │ _113935_/A1                  │ met1  │
│ 1.10  │ 439.23   │ 400.00   │ net3960                                                                     │ _074328_/B2                  │ met1  │
│ 1.10  │ 439.23   │ 400.00   │ net20981                                                                    │ wire20980/A                  │ met1  │
│ 1.10  │ 439.13   │ 400.00   │ net21588                                                                    │ wire21587/A                  │ met1  │
│ 1.10  │ 439.04   │ 400.00   │ net19913                                                                    │ wire19912/A                  │ met1  │
│ 1.10  │ 439.04   │ 400.00   │ net20339                                                                    │ wire20338/A                  │ met1  │
│ 1.10  │ 439.04   │ 400.00   │ net20584                                                                    │ wire20583/A                  │ met1  │
│ 1.10  │ 439.04   │ 400.00   │ net20606                                                                    │ wire20605/A                  │ met1  │
│ 1.10  │ 439.04   │ 400.00   │ net20631                                                                    │ wire20630/A                  │ met1  │
│ 1.10  │ 439.04   │ 400.00   │ net20698                                                                    │ wire20697/A                  │ met1  │
│ 1.10  │ 439.03   │ 400.00   │ net19609                                                                    │ _064979_/A3                  │ met1  │
│ 1.10  │ 438.95   │ 400.00   │ _019339_                                                                    │ _072667_/A                   │ met2  │
│ 1.10  │ 438.95   │ 400.00   │ _019339_                                                                    │ _075017_/A2                  │ met2  │
│ 1.10  │ 438.95   │ 400.00   │ net16715                                                                    │ fanout16687/A                │ met1  │
│ 1.10  │ 438.68   │ 400.00   │ net5189                                                                     │ _078921_/B2                  │ met1  │
│ 1.10  │ 438.59   │ 400.00   │ data_bram_ctrl_inst.data_ram.u_mem.g_2k[1\].u_cell.rdata[13\]               │ _113646_/A1                  │ met4  │
│ 1.10  │ 438.42   │ 400.00   │ net16412                                                                    │ _072952_/B1                  │ met1  │
│ 1.10  │ 438.36   │ 400.00   │ _019156_                                                                    │ _075646_/B2                  │ met1  │
│ 1.09  │ 438.00   │ 400.00   │ net10135                                                                    │ _075170_/A2                  │ met1  │
│ 1.09  │ 437.99   │ 400.00   │ net3799                                                                     │ _072495_/B2                  │ met1  │
│ 1.09  │ 437.94   │ 400.00   │ net1164                                                                     │ _068021_/A                   │ met1  │
│ 1.09  │ 437.37   │ 400.00   │ net19644                                                                    │ wire19643/A                  │ met1  │
│ 1.09  │ 437.37   │ 400.00   │ net20163                                                                    │ wire20162/A                  │ met1  │
│ 1.09  │ 437.37   │ 400.00   │ net20365                                                                    │ wire20364/A                  │ met1  │
│ 1.09  │ 437.37   │ 400.00   │ net20469                                                                    │ wire20468/A                  │ met1  │
│ 1.09  │ 437.37   │ 400.00   │ net20512                                                                    │ wire20511/A                  │ met1  │
│ 1.09  │ 437.37   │ 400.00   │ net20545                                                                    │ wire20544/A                  │ met1  │
│ 1.09  │ 437.37   │ 400.00   │ net20655                                                                    │ wire20654/A                  │ met1  │
│ 1.09  │ 437.37   │ 400.00   │ net20741                                                                    │ wire20740/A                  │ met1  │
│ 1.09  │ 437.35   │ 400.00   │ net3519                                                                     │ _118654_/A1                  │ met3  │
│ 1.09  │ 437.35   │ 400.00   │ net3519                                                                     │ _118821_/A0                  │ met3  │
│ 1.09  │ 437.35   │ 400.00   │ net3519                                                                     │ wire3517/A                   │ met3  │
│ 1.09  │ 437.34   │ 400.00   │ _018897_                                                                    │ _076004_/A2                  │ met1  │
│ 1.09  │ 437.25   │ 400.00   │ _022146_                                                                    │ _073562_/B1                  │ met1  │
│ 1.09  │ 437.19   │ 400.00   │ axi_data_bram_rdata[29\]                                                    │ _105892_/A1                  │ met1  │
│ 1.09  │ 437.01   │ 400.00   │ net10690                                                                    │ _071749_/B                   │ met2  │
│ 1.09  │ 437.01   │ 400.00   │ net10690                                                                    │ _072102_/B2                  │ met2  │
│ 1.09  │ 437.01   │ 400.00   │ net10690                                                                    │ _073913_/A2                  │ met2  │
│ 1.09  │ 436.69   │ 400.00   │ net14580                                                                    │ wire14579/A                  │ met1  │
│ 1.09  │ 436.66   │ 400.00   │ net10083                                                                    │ _076010_/A3                  │ met1  │
│ 1.09  │ 436.62   │ 400.00   │ _022181_                                                                    │ _073541_/A2                  │ met1  │
│ 1.09  │ 436.58   │ 400.00   │ net19579                                                                    │ wire19578/A                  │ met1  │
│ 1.09  │ 436.58   │ 400.00   │ net19780                                                                    │ wire19779/A                  │ met1  │
│ 1.09  │ 436.58   │ 400.00   │ net20507                                                                    │ wire20506/A                  │ met1  │
│ 1.09  │ 436.48   │ 400.00   │ net26912                                                                    │ _060577_/A2                  │ met1  │
│ 1.09  │ 436.48   │ 400.00   │ net26912                                                                    │ _106545_/A1                  │ met1  │
│ 1.09  │ 436.47   │ 400.00   │ net10515                                                                    │ _077536_/A2                  │ met1  │
│ 1.09  │ 436.05   │ 400.00   │ net11291                                                                    │ wire11290/A                  │ met3  │
│ 1.09  │ 435.94   │ 400.00   │ net6966                                                                     │ _073803_/A2                  │ met1  │
│ 1.09  │ 435.80   │ 400.00   │ net12494                                                                    │ _074507_/A1                  │ met1  │
│ 1.09  │ 435.68   │ 400.00   │ net7410                                                                     │ _070965_/B2                  │ met3  │
│ 1.09  │ 435.68   │ 400.00   │ net7410                                                                     │ _071748_/A1                  │ met3  │
│ 1.09  │ 435.68   │ 400.00   │ net7410                                                                     │ _072731_/A2                  │ met3  │
│ 1.09  │ 435.52   │ 400.00   │ net21545                                                                    │ wire21544/A                  │ met1  │
│ 1.09  │ 435.52   │ 400.00   │ net21561                                                                    │ wire21560/A                  │ met1  │
│ 1.09  │ 435.37   │ 400.00   │ net4033                                                                     │ wire4031/A                   │ met1  │
│ 1.09  │ 435.35   │ 400.00   │ net20473                                                                    │ wire20472/A                  │ met1  │
│ 1.09  │ 435.25   │ 400.00   │ net21169                                                                    │ wire21168/A                  │ met1  │
│ 1.09  │ 435.19   │ 400.00   │ net11874                                                                    │ _076821_/A1                  │ met2  │
│ 1.09  │ 435.18   │ 400.00   │ net20120                                                                    │ wire20119/A                  │ met1  │
│ 1.09  │ 435.06   │ 400.00   │ _018836_                                                                    │ _074429_/A1                  │ met2  │
│ 1.09  │ 435.06   │ 400.00   │ net14407                                                                    │ _076827_/C1                  │ met2  │
│ 1.09  │ 434.98   │ 400.00   │ _026981_                                                                    │ _078361_/A1                  │ met1  │
│ 1.09  │ 434.95   │ 400.00   │ net8390                                                                     │ _072275_/A1                  │ met1  │
│ 1.09  │ 434.93   │ 400.00   │ net14010                                                                    │ wire14009/A                  │ met1  │
│ 1.09  │ 434.92   │ 400.00   │ _019425_                                                                    │ _075304_/A3                  │ met2  │
│ 1.09  │ 3601.14  │ 3312.80  │ net3103                                                                     │ _073883_/C                   │ met3  │
│ 1.09  │ 434.81   │ 400.00   │ net19678                                                                    │ wire19677/A                  │ met1  │
│ 1.09  │ 434.81   │ 400.00   │ net20383                                                                    │ wire20382/A                  │ met1  │
│ 1.09  │ 434.81   │ 400.00   │ net20599                                                                    │ wire20598/A                  │ met1  │
│ 1.09  │ 434.81   │ 400.00   │ net20744                                                                    │ wire20743/A                  │ met1  │
│ 1.09  │ 434.73   │ 400.00   │ net20884                                                                    │ wire20883/A                  │ met1  │
│ 1.09  │ 434.73   │ 400.00   │ net20899                                                                    │ wire20898/A                  │ met1  │
│ 1.09  │ 434.48   │ 400.00   │ net8532                                                                     │ _071323_/B2                  │ met1  │
│ 1.09  │ 434.47   │ 400.00   │ net26963                                                                    │ _061340_/A                   │ met1  │
│ 1.09  │ 434.46   │ 400.00   │ net20953                                                                    │ wire20952/A                  │ met1  │
│ 1.09  │ 434.46   │ 400.00   │ net20967                                                                    │ wire20966/A                  │ met1  │
│ 1.09  │ 434.46   │ 400.00   │ net21043                                                                    │ wire21042/A                  │ met1  │
│ 1.09  │ 434.46   │ 400.00   │ net21121                                                                    │ wire21120/A                  │ met1  │
│ 1.09  │ 434.46   │ 400.00   │ net21135                                                                    │ wire21134/A                  │ met1  │
│ 1.09  │ 434.46   │ 400.00   │ net21165                                                                    │ wire21164/A                  │ met1  │
│ 1.09  │ 434.46   │ 400.00   │ net21178                                                                    │ wire21177/A                  │ met1  │
│ 1.09  │ 434.46   │ 400.00   │ net21189                                                                    │ wire21188/A                  │ met1  │
│ 1.09  │ 434.46   │ 400.00   │ net21520                                                                    │ wire21519/A                  │ met1  │
│ 1.09  │ 434.46   │ 400.00   │ net21534                                                                    │ wire21533/A                  │ met1  │
│ 1.09  │ 434.46   │ 400.00   │ net21609                                                                    │ wire21608/A                  │ met1  │
│ 1.09  │ 434.46   │ 400.00   │ net21618                                                                    │ wire21617/A                  │ met1  │
│ 1.09  │ 434.46   │ 400.00   │ net21681                                                                    │ wire21680/A                  │ met1  │
│ 1.09  │ 434.46   │ 400.00   │ net21773                                                                    │ wire21772/A                  │ met1  │
│ 1.09  │ 434.35   │ 400.00   │ net30215                                                                    │ _061529_/A2                  │ met1  │
│ 1.09  │ 434.24   │ 400.00   │ net7407                                                                     │ _075318_/A2                  │ met3  │
│ 1.09  │ 434.24   │ 400.00   │ net7407                                                                     │ _077446_/A2                  │ met3  │
│ 1.09  │ 434.22   │ 400.00   │ conv_accelerator_inst.out_x[1\]                                             │ _084011_/A1                  │ met1  │
│ 1.09  │ 434.16   │ 400.00   │ data_bram_ctrl_inst.data_ram.u_mem.g_2k[1\].u_cell.rdata[16\]               │ _113652_/A1                  │ met4  │
│ 1.08  │ 434.00   │ 400.00   │ net10503                                                                    │ _073471_/B2                  │ met1  │
│ 1.08  │ 433.83   │ 400.00   │ net16355                                                                    │ _071639_/A                   │ met2  │
│ 1.08  │ 433.76   │ 400.00   │ net21345                                                                    │ wire21344/A                  │ met1  │
│ 1.08  │ 3978.86  │ 3669.20  │ net4703                                                                     │ _077357_/B1                  │ met4  │
│ 1.08  │ 433.55   │ 400.00   │ net10041                                                                    │ _073151_/B1                  │ met1  │
│ 1.08  │ 433.49   │ 400.00   │ net11461                                                                    │ _071984_/B                   │ met1  │
│ 1.08  │ 433.48   │ 400.00   │ net12997                                                                    │ _072119_/B                   │ met2  │
│ 1.08  │ 433.41   │ 400.00   │ net19637                                                                    │ wire19636/A                  │ met1  │
│ 1.08  │ 433.41   │ 400.00   │ net19653                                                                    │ wire19652/A                  │ met1  │
│ 1.08  │ 433.41   │ 400.00   │ net20453                                                                    │ wire20452/A                  │ met1  │
│ 1.08  │ 433.41   │ 400.00   │ net20561                                                                    │ wire20560/A                  │ met1  │
│ 1.08  │ 433.41   │ 400.00   │ net20636                                                                    │ wire20635/A                  │ met1  │
│ 1.08  │ 433.41   │ 400.00   │ net20678                                                                    │ wire20677/A                  │ met1  │
│ 1.08  │ 433.41   │ 400.00   │ net20726                                                                    │ wire20725/A                  │ met1  │
│ 1.08  │ 433.21   │ 400.00   │ net6317                                                                     │ _075150_/B1                  │ met1  │
│ 1.08  │ 433.09   │ 400.00   │ net10193                                                                    │ _072452_/B2                  │ met1  │
│ 1.08  │ 433.08   │ 400.00   │ _024106_                                                                    │ _075486_/A3                  │ met2  │
│ 1.08  │ 433.08   │ 400.00   │ net2332                                                                     │ _077926_/B1                  │ met2  │
│ 1.08  │ 433.08   │ 400.00   │ net6804                                                                     │ _072767_/A2                  │ met2  │
│ 1.08  │ 432.71   │ 400.00   │ net7089                                                                     │ wire7088/A                   │ met3  │
│ 1.08  │ 432.71   │ 400.00   │ net11162                                                                    │ wire11161/A                  │ met3  │
│ 1.08  │ 432.64   │ 400.00   │ net7174                                                                     │ _072444_/C                   │ met2  │
│ 1.08  │ 432.61   │ 400.00   │ net19607                                                                    │ wire19606/A                  │ met1  │
│ 1.08  │ 432.50   │ 400.00   │ net11150                                                                    │ _078799_/C                   │ met1  │
│ 1.08  │ 432.44   │ 400.00   │ net13335                                                                    │ _074785_/B                   │ met1  │
│ 1.08  │ 432.26   │ 400.00   │ net5386                                                                     │ _074206_/A2                  │ met1  │
│ 1.08  │ 432.04   │ 400.00   │ net8403                                                                     │ _070104_/A1                  │ met3  │
│ 1.08  │ 432.04   │ 400.00   │ net8403                                                                     │ _076620_/B2                  │ met3  │
│ 1.08  │ 432.04   │ 400.00   │ net8403                                                                     │ _077730_/C                   │ met3  │
│ 1.08  │ 432.02   │ 400.00   │ conv_accelerator_inst.wb_bytes[12\]                                         │ _089755_/A1                  │ met1  │
│ 1.08  │ 431.95   │ 400.00   │ data_bram_ctrl_inst.data_ram.u_mem.g_2k[1\].u_cell.rdata[9\]                │ _113638_/A1                  │ met4  │
│ 1.08  │ 431.77   │ 400.00   │ _021144_                                                                    │ _076006_/A2                  │ met1  │
│ 1.08  │ 431.63   │ 400.00   │ net4778                                                                     │ _074711_/B1                  │ met2  │
│ 1.08  │ 431.63   │ 400.00   │ net4778                                                                     │ _076187_/C                   │ met2  │
│ 1.08  │ 431.61   │ 400.00   │ net2214                                                                     │ _074158_/A2                  │ met1  │
│ 1.08  │ 431.45   │ 400.00   │ net19874                                                                    │ _064979_/A1                  │ met1  │
│ 1.08  │ 2996.57  │ 2778.20  │ _000375_                                                                    │ _128354_/D                   │ met3  │
│ 1.08  │ 2996.57  │ 2778.20  │ _026905_                                                                    │ _078279_/C                   │ met4  │
│ 1.08  │ 2993.07  │ 2778.20  │ _025269_                                                                    │ _076636_/A2                  │ met4  │
│ 1.08  │ 3184.87  │ 2956.40  │ _024734_                                                                    │ _076098_/B1                  │ met4  │
│ 1.08  │ 430.91   │ 400.00   │ net6972                                                                     │ _071714_/A1                  │ met3  │
│ 1.08  │ 430.91   │ 400.00   │ net6972                                                                     │ wire6971/A                   │ met3  │
│ 1.08  │ 2992.60  │ 2778.20  │ net22274                                                                    │ wire22273/A                  │ met3  │
│ 1.08  │ 430.61   │ 400.00   │ net5334                                                                     │ _072160_/A1                  │ met3  │
│ 1.08  │ 430.61   │ 400.00   │ net5334                                                                     │ _075972_/A1                  │ met3  │
│ 1.08  │ 430.53   │ 400.00   │ net11706                                                                    │ _078734_/B                   │ met1  │
│ 1.08  │ 430.19   │ 400.00   │ yz_bram_ctrl_inst.yz_ram.u_mem.u_mem.g_2k[2\].u_cell.rdata[11\]             │ _064907_/A2                  │ met4  │
│ 1.08  │ 430.19   │ 400.00   │ yz_bram_ctrl_inst.yz_ram.u_mem.u_mem.g_2k[2\].u_cell.rdata[22\]             │ _064970_/A2                  │ met4  │
│ 1.08  │ 2987.81  │ 2778.20  │ _021056_                                                                    │ _072406_/D                   │ met4  │
│ 1.08  │ 2987.81  │ 2778.20  │ _023874_                                                                    │ _075234_/B                   │ met3  │
│ 1.08  │ 2987.81  │ 2778.20  │ _049094_                                                                    │ _106173_/A1                  │ met4  │
│ 1.08  │ 2987.81  │ 2778.20  │ _057047_                                                                    │ _116120_/A1                  │ met3  │
│ 1.08  │ 430.15   │ 400.00   │ net19797                                                                    │ wire19796/A                  │ met1  │
│ 1.08  │ 430.15   │ 400.00   │ net19832                                                                    │ wire19831/A                  │ met1  │
│ 1.08  │ 430.15   │ 400.00   │ net19847                                                                    │ wire19846/A                  │ met1  │
│ 1.08  │ 430.15   │ 400.00   │ net20270                                                                    │ wire20269/A                  │ met1  │
│ 1.08  │ 430.15   │ 400.00   │ net20574                                                                    │ wire20573/A                  │ met1  │
│ 1.08  │ 430.09   │ 400.00   │ _020188_                                                                    │ _074600_/A2                  │ met3  │
│ 1.08  │ 430.09   │ 400.00   │ _020188_                                                                    │ wire6857/A                   │ met3  │
│ 1.07  │ 429.94   │ 400.00   │ net7502                                                                     │ _076033_/B                   │ met2  │
│ 1.07  │ 429.80   │ 400.00   │ net21071                                                                    │ wire21070/A                  │ met1  │
│ 1.07  │ 3938.72  │ 3669.20  │ net7525                                                                     │ _077362_/B1                  │ met4  │
│ 1.07  │ 429.28   │ 400.00   │ net3567                                                                     │ _114392_/A1                  │ met2  │
│ 1.07  │ 3555.02  │ 3312.80  │ net2196                                                                     │ _078210_/B1                  │ met3  │
│ 1.07  │ 429.10   │ 400.00   │ net18030                                                                    │ fanout17996/A                │ met1  │
│ 1.07  │ 429.03   │ 400.00   │ _017070_                                                                    │ _068234_/A                   │ met2  │
│ 1.07  │ 429.03   │ 400.00   │ net4098                                                                     │ _084522_/A1                  │ met2  │
│ 1.07  │ 3934.25  │ 3669.20  │ net3056                                                                     │ _076114_/B1                  │ met4  │
│ 1.07  │ 3934.25  │ 3669.20  │ net7986                                                                     │ _073458_/A2                  │ met4  │
│ 1.07  │ 428.41   │ 400.00   │ net7961                                                                     │ _074039_/A1                  │ met3  │
│ 1.07  │ 428.36   │ 400.00   │ net21184                                                                    │ wire21183/A                  │ met1  │
│ 1.07  │ 428.33   │ 400.00   │ net8494                                                                     │ _070705_/B                   │ met3  │
│ 1.07  │ 428.23   │ 400.00   │ net10496                                                                    │ _070982_/B                   │ met3  │
│ 1.07  │ 428.23   │ 400.00   │ net10496                                                                    │ _075996_/A3                  │ met3  │
│ 1.07  │ 428.23   │ 400.00   │ net10496                                                                    │ _076233_/A3                  │ met3  │
│ 1.07  │ 428.17   │ 400.00   │ net21033                                                                    │ wire21032/A                  │ met1  │
│ 1.07  │ 428.17   │ 400.00   │ net21287                                                                    │ wire21286/A                  │ met1  │
│ 1.07  │ 428.08   │ 400.00   │ net19905                                                                    │ wire19904/A                  │ met1  │
│ 1.07  │ 428.08   │ 400.00   │ net20323                                                                    │ wire20322/A                  │ met1  │
│ 1.07  │ 427.92   │ 400.00   │ net19362                                                                    │ _090154_/B                   │ met1  │
│ 1.07  │ 427.91   │ 400.00   │ net7851                                                                     │ _074461_/B2                  │ met1  │
│ 1.07  │ 427.63   │ 400.00   │ net6452                                                                     │ _072378_/A2                  │ met3  │
│ 1.07  │ 427.63   │ 400.00   │ net6452                                                                     │ _072684_/B1                  │ met3  │
│ 1.07  │ 427.63   │ 400.00   │ net6452                                                                     │ wire6451/A                   │ met3  │
│ 1.07  │ 427.42   │ 400.00   │ net8028                                                                     │ _078495_/A3                  │ met2  │
│ 1.07  │ 427.19   │ 400.00   │ net30204                                                                    │ _107430_/B                   │ met1  │
│ 1.07  │ 426.37   │ 400.00   │ net20247                                                                    │ wire20246/A                  │ met1  │
│ 1.07  │ 426.28   │ 400.00   │ net21660                                                                    │ wire21659/A                  │ met1  │
│ 1.07  │ 426.07   │ 400.00   │ _019216_                                                                    │ _078049_/A2                  │ met3  │
│ 1.07  │ 426.07   │ 400.00   │ _019216_                                                                    │ _078535_/A2                  │ met3  │
│ 1.07  │ 426.04   │ 400.00   │ _026389_                                                                    │ _077761_/B1                  │ met3  │
│ 1.07  │ 426.04   │ 400.00   │ net5574                                                                     │ _072621_/A1                  │ met3  │
│ 1.07  │ 426.04   │ 400.00   │ net10208                                                                    │ _076449_/A2                  │ met3  │
│ 1.07  │ 426.04   │ 400.00   │ net12426                                                                    │ _074799_/B                   │ met3  │
│ 1.07  │ 426.02   │ 400.00   │ net20757                                                                    │ wire20756/A                  │ met1  │
│ 1.06  │ 424.90   │ 400.00   │ net7847                                                                     │ _070645_/A2                  │ met3  │
│ 1.06  │ 3513.52  │ 3312.80  │ net2978                                                                     │ _116686_/B                   │ met3  │
│ 1.06  │ 3513.52  │ 3312.80  │ net3039                                                                     │ _077809_/D                   │ met3  │
│ 1.06  │ 3513.52  │ 3312.80  │ net4562                                                                     │ _094447_/A1                  │ met3  │
│ 1.06  │ 3513.52  │ 3312.80  │ net7556                                                                     │ _077810_/C                   │ met3  │
│ 1.06  │ 3513.52  │ 3312.80  │ net15941                                                                    │ _114222_/A1                  │ met4  │
│ 1.06  │ 3886.81  │ 3669.20  │ net3207                                                                     │ _084516_/A1                  │ met2  │
│ 1.06  │ 423.70   │ 400.00   │ instr_bram_ctrl_inst.instr_ram.u_mem.g_2k[0\].u_cell.rdata[16\]             │ wire21719/A                  │ met3  │
│ 1.06  │ 423.70   │ 400.00   │ instr_bram_ctrl_inst.instr_ram.u_mem.g_2k[0\].u_cell.rdata[21\]             │ wire21669/A                  │ met3  │
│ 1.06  │ 423.70   │ 400.00   │ instr_bram_ctrl_inst.instr_ram.u_mem.g_2k[2\].u_cell.rdata[0\]              │ wire21507/A                  │ met3  │
│ 1.06  │ 423.70   │ 400.00   │ instr_bram_ctrl_inst.instr_ram.u_mem.g_2k[2\].u_cell.rdata[30\]             │ wire21336/A                  │ met3  │
│ 1.06  │ 423.70   │ 400.00   │ yz_bram_ctrl_inst.yz_ram.u_mem.u_mem.g_2k[0\].u_cell.rdata[27\]             │ wire20264/A                  │ met3  │
│ 1.06  │ 423.70   │ 400.00   │ yz_bram_ctrl_inst.yz_ram.u_mem.u_mem.g_2k[1\].u_cell.rdata[17\]             │ wire20001/A                  │ met3  │
│ 1.06  │ 423.70   │ 400.00   │ yz_bram_ctrl_inst.yz_ram.u_mem.u_mem.g_2k[1\].u_cell.rdata[22\]             │ wire19959/A                  │ met3  │
│ 1.06  │ 423.70   │ 400.00   │ yz_bram_ctrl_inst.yz_ram.u_mem.u_mem.g_2k[1\].u_cell.rdata[25\]             │ wire19938/A                  │ met3  │
│ 1.06  │ 423.70   │ 400.00   │ yz_bram_ctrl_inst.yz_ram.u_mem.u_mem.g_2k[1\].u_cell.rdata[8\]              │ wire19836/A                  │ met3  │
│ 1.06  │ 423.70   │ 400.00   │ yz_bram_ctrl_inst.yz_ram.u_mem.u_mem.g_2k[3\].u_cell.rdata[19\]             │ wire19719/A                  │ met3  │
│ 1.06  │ 3885.19  │ 3669.20  │ net15993                                                                    │ _089774_/A2                  │ met3  │
│ 1.06  │ 3425.90  │ 3236.16  │ net10366                                                                    │ _076033_/C                   │ met4  │
│ 1.06  │ 423.44   │ 400.00   │ _028652_                                                                    │ fanout1864/A                 │ met1  │
│ 1.06  │ 423.26   │ 400.00   │ net10780                                                                    │ _077058_/A2                  │ met2  │
│ 1.06  │ 423.26   │ 400.00   │ net10780                                                                    │ _078883_/A2                  │ met2  │
│ 1.06  │ 423.21   │ 400.00   │ net21361                                                                    │ wire21360/A                  │ met1  │
│ 1.06  │ 423.14   │ 400.00   │ net2147                                                                     │ wire2146/A                   │ met1  │
│ 1.06  │ 422.93   │ 400.00   │ net2299                                                                     │ wire2298/A                   │ met1  │
│ 1.06  │ 422.69   │ 400.00   │ net3240                                                                     │ wire3239/A                   │ met1  │
│ 1.06  │ 422.28   │ 400.00   │ net11548                                                                    │ _076725_/A2                  │ met1  │
│ 1.06  │ 2987.81  │ 2831.00  │ _023885_                                                                    │ _075246_/B                   │ met3  │
│ 1.05  │ 421.99   │ 400.00   │ net3060                                                                     │ _076075_/B1                  │ met1  │
│ 1.05  │ 421.87   │ 400.00   │ _019338_                                                                    │ _078592_/A2                  │ met1  │
│ 1.05  │ 421.71   │ 400.00   │ net19630                                                                    │ wire19629/A                  │ met1  │
│ 1.05  │ 421.71   │ 400.00   │ net20597                                                                    │ wire20596/A                  │ met1  │
│ 1.05  │ 421.70   │ 400.00   │ net19835                                                                    │ wire19834/A                  │ met1  │
│ 1.05  │ 421.70   │ 400.00   │ net20143                                                                    │ wire20142/A                  │ met1  │
│ 1.05  │ 421.64   │ 400.00   │ net16916                                                                    │ wire16915/A                  │ met1  │
│ 1.05  │ 421.46   │ 400.00   │ net6830                                                                     │ _074842_/A2                  │ met1  │
│ 1.05  │ 421.30   │ 400.00   │ net10825                                                                    │ _077657_/A2                  │ met1  │
│ 1.05  │ 3864.19  │ 3669.20  │ net26907                                                                    │ _060598_/A_N                 │ met3  │
│ 1.05  │ 421.20   │ 400.00   │ net12666                                                                    │ _070236_/B2                  │ met1  │
│ 1.05  │ 421.18   │ 400.00   │ net21376                                                                    │ wire21375/A                  │ met1  │
│ 1.05  │ 420.91   │ 400.00   │ net20040                                                                    │ wire20039/A                  │ met1  │
│ 1.05  │ 2923.17  │ 2778.20  │ net23626                                                                    │ wire23625/A                  │ met3  │
│ 1.05  │ 420.83   │ 400.00   │ net7066                                                                     │ _073920_/A2                  │ met3  │
│ 1.05  │ 420.83   │ 400.00   │ net7066                                                                     │ _075242_/B2                  │ met3  │
│ 1.05  │ 420.83   │ 400.00   │ net7066                                                                     │ _078089_/A3                  │ met3  │
│ 1.05  │ 420.37   │ 400.00   │ _019864_                                                                    │ _076764_/A2                  │ met1  │
│ 1.05  │ 420.27   │ 400.00   │ conv_accelerator_inst.rd_q[7\]                                              │ fanout27919/A                │ met1  │
│ 1.05  │ 420.21   │ 400.00   │ net11588                                                                    │ _076633_/A1                  │ met3  │
│ 1.05  │ 420.21   │ 400.00   │ net11588                                                                    │ _078623_/A1                  │ met3  │
│ 1.05  │ 420.19   │ 400.00   │ net6918                                                                     │ _076759_/A1                  │ met1  │
│ 1.05  │ 419.93   │ 400.00   │ net24952                                                                    │ fanout24277/A                │ met1  │
│ 1.05  │ 419.81   │ 400.00   │ net10469                                                                    │ _076778_/B                   │ met3  │
│ 1.05  │ 419.81   │ 400.00   │ net10469                                                                    │ _077999_/B1                  │ met3  │
│ 1.05  │ 419.68   │ 400.00   │ net20066                                                                    │ wire20065/A                  │ met1  │
│ 1.05  │ 419.68   │ 400.00   │ net20128                                                                    │ wire20127/A                  │ met1  │
│ 1.05  │ 419.68   │ 400.00   │ net20646                                                                    │ wire20645/A                  │ met1  │
│ 1.05  │ 419.51   │ 400.00   │ net7362                                                                     │ _077558_/A1                  │ met2  │
│ 1.05  │ 419.41   │ 400.00   │ net26021                                                                    │ wire26020/A                  │ met1  │
│ 1.05  │ 419.33   │ 400.00   │ net8538                                                                     │ wire8537/A                   │ met3  │
│ 1.05  │ 419.33   │ 400.00   │ net11019                                                                    │ wire11018/A                  │ met3  │
│ 1.05  │ 419.33   │ 400.00   │ net13286                                                                    │ wire13285/A                  │ met3  │
│ 1.05  │ 419.33   │ 400.00   │ net20074                                                                    │ wire20073/A                  │ met1  │
│ 1.05  │ 419.21   │ 400.00   │ net4821                                                                     │ _077882_/B1                  │ met1  │
│ 1.05  │ 3845.27  │ 3669.20  │ net6938                                                                     │ _078536_/B1                  │ met3  │
│ 1.05  │ 419.15   │ 400.00   │ net19965                                                                    │ wire19964/A                  │ met1  │
│ 1.05  │ 419.12   │ 400.00   │ _021007_                                                                    │ _072360_/A1                  │ met1  │
│ 1.05  │ 3844.58  │ 3669.20  │ net3424                                                                     │ _084528_/A1                  │ met2  │
│ 1.05  │ 419.10   │ 400.00   │ _038294_                                                                    │ _094748_/D                   │ met1  │
│ 1.05  │ 419.00   │ 400.00   │ net15996                                                                    │ _089737_/A2                  │ met1  │
│ 1.05  │ 2908.95  │ 2778.20  │ _054838_                                                                    │ _113116_/A0                  │ met4  │
│ 1.05  │ 418.80   │ 400.00   │ net21723                                                                    │ wire21722/A                  │ met1  │
│ 1.05  │ 418.78   │ 400.00   │ net10129                                                                    │ _072731_/B2                  │ met2  │
│ 1.05  │ 418.78   │ 400.00   │ net10129                                                                    │ _073656_/B                   │ met2  │
│ 1.05  │ 418.76   │ 400.00   │ net11289                                                                    │ _076889_/A1                  │ met1  │
│ 1.05  │ 418.66   │ 400.00   │ net5155                                                                     │ _075772_/A2                  │ met1  │
│ 1.05  │ 418.57   │ 400.00   │ net18315                                                                    │ _072199_/A                   │ met1  │
│ 1.05  │ 418.37   │ 400.00   │ _019212_                                                                    │ _073159_/A3                  │ met1  │
│ 1.05  │ 418.26   │ 400.00   │ net3726                                                                     │ _078459_/B1                  │ met1  │
│ 1.05  │ 4048.00  │ 3872.32  │ net3029                                                                     │ _078516_/C                   │ met4  │
│ 1.05  │ 2903.85  │ 2778.20  │ _023121_                                                                    │ _074681_/A2                  │ met4  │
│ 1.05  │ 418.09   │ 400.00   │ net21688                                                                    │ wire21687/A                  │ met1  │
│ 1.04  │ 417.87   │ 400.00   │ net10797                                                                    │ _074605_/A                   │ met3  │
│ 1.04  │ 417.87   │ 400.00   │ net10797                                                                    │ wire10796/A                  │ met3  │
│ 1.04  │ 417.86   │ 400.00   │ net4794                                                                     │ _074282_/B                   │ met3  │
│ 1.04  │ 417.86   │ 400.00   │ net4794                                                                     │ _076231_/A3                  │ met3  │
│ 1.04  │ 417.84   │ 400.00   │ net5167                                                                     │ wire5166/A                   │ met3  │
│ 1.04  │ 417.66   │ 400.00   │ net21116                                                                    │ wire21115/A                  │ met1  │
│ 1.04  │ 417.65   │ 400.00   │ _020716_                                                                    │ _076897_/B2                  │ met2  │
│ 1.04  │ 417.57   │ 400.00   │ net21018                                                                    │ wire21017/A                  │ met1  │
│ 1.04  │ 2900.19  │ 2778.20  │ _057456_                                                                    │ _116552_/A1                  │ met3  │
│ 1.04  │ 417.45   │ 400.00   │ net12340                                                                    │ _077349_/A3                  │ met1  │
│ 1.04  │ 417.38   │ 400.00   │ net30079                                                                    │ _113744_/A1                  │ met1  │
│ 1.04  │ 417.30   │ 400.00   │ net11720                                                                    │ _077048_/A1                  │ met1  │
│ 1.04  │ 417.23   │ 400.00   │ net7320                                                                     │ _071041_/A3                  │ met1  │
│ 1.04  │ 417.17   │ 400.00   │ net3311                                                                     │ wire3310/A                   │ met1  │
│ 1.04  │ 417.13   │ 400.00   │ net21601                                                                    │ wire21600/A                  │ met1  │
│ 1.04  │ 416.84   │ 400.00   │ _019391_                                                                    │ _071516_/A2                  │ met1  │
│ 1.04  │ 416.78   │ 400.00   │ net21013                                                                    │ wire21012/A                  │ met1  │
│ 1.04  │ 416.76   │ 400.00   │ net5196                                                                     │ _074228_/B2                  │ met1  │
│ 1.04  │ 416.55   │ 400.00   │ _018275_                                                                    │ _069785_/A1                  │ met1  │
│ 1.04  │ 415.98   │ 400.00   │ net10255                                                                    │ wire10254/A                  │ met3  │
│ 1.04  │ 415.81   │ 400.00   │ net30193                                                                    │ fanout27017/A                │ met3  │
│ 1.04  │ 415.81   │ 400.00   │ net30193                                                                    │ fanout27055/A                │ met3  │
│ 1.04  │ 415.81   │ 400.00   │ net30193                                                                    │ rebuffer30192/A              │ met3  │
│ 1.04  │ 3443.43  │ 3312.80  │ net3022                                                                     │ _079065_/D                   │ met4  │
│ 1.04  │ 415.67   │ 400.00   │ net11328                                                                    │ _078035_/A2                  │ met2  │
│ 1.04  │ 415.63   │ 400.00   │ net20575                                                                    │ wire20574/A                  │ met1  │
│ 1.04  │ 415.55   │ 400.00   │ _021336_                                                                    │ _072688_/C1                  │ met2  │
│ 1.04  │ 415.47   │ 400.00   │ net10453                                                                    │ _071420_/B                   │ met1  │
│ 1.04  │ 415.40   │ 400.00   │ net12337                                                                    │ _075696_/A1                  │ met1  │
│ 1.04  │ 415.31   │ 400.00   │ _021360_                                                                    │ _077299_/A2                  │ met1  │
│ 1.04  │ 415.28   │ 400.00   │ net19696                                                                    │ _064958_/A3                  │ met1  │
│ 1.04  │ 415.28   │ 400.00   │ net21265                                                                    │ wire21264/A                  │ met1  │
│ 1.04  │ 415.15   │ 400.00   │ net4911                                                                     │ _074020_/A2                  │ met1  │
│ 1.04  │ 415.11   │ 400.00   │ _023177_                                                                    │ _074685_/A1                  │ met1  │
│ 1.04  │ 415.10   │ 400.00   │ net20649                                                                    │ wire20648/A                  │ met1  │
│ 1.04  │ 415.10   │ 400.00   │ net20721                                                                    │ wire20720/A                  │ met1  │
│ 1.04  │ 415.02   │ 400.00   │ net19795                                                                    │ wire19794/A                  │ met1  │
│ 1.04  │ 415.02   │ 400.00   │ net20855                                                                    │ wire20854/A                  │ met1  │
│ 1.04  │ 3806.92  │ 3669.20  │ net3357                                                                     │ _084521_/A1                  │ met2  │
│ 1.04  │ 414.94   │ 400.00   │ net14606                                                                    │ wire14605/A                  │ met1  │
│ 1.04  │ 414.89   │ 400.00   │ _019192_                                                                    │ _078952_/A2                  │ met1  │
│ 1.04  │ 414.86   │ 400.00   │ _019203_                                                                    │ wire3958/A                   │ met3  │
│ 1.04  │ 414.84   │ 400.00   │ net20268                                                                    │ wire20267/A                  │ met1  │
│ 1.04  │ 414.75   │ 400.00   │ net21235                                                                    │ wire21234/A                  │ met1  │
│ 1.04  │ 414.75   │ 400.00   │ net21250                                                                    │ wire21249/A                  │ met1  │
│ 1.04  │ 414.75   │ 400.00   │ net21650                                                                    │ wire21649/A                  │ met1  │
│ 1.04  │ 3882.38  │ 3744.80  │ _018460_                                                                    │ fanout17125/A                │ met3  │
│ 1.04  │ 414.66   │ 400.00   │ net28450                                                                    │ fanout28375/A                │ met1  │
│ 1.04  │ 414.56   │ 400.00   │ _020076_                                                                    │ _073211_/A2                  │ met2  │
│ 1.04  │ 414.56   │ 400.00   │ _020076_                                                                    │ _074308_/A2                  │ met2  │
│ 1.04  │ 414.49   │ 400.00   │ net19684                                                                    │ wire19683/A                  │ met1  │
│ 1.04  │ 414.26   │ 400.00   │ net2182                                                                     │ wire2181/A                   │ met1  │
│ 1.04  │ 414.23   │ 400.00   │ net22959                                                                    │ _113662_/A0                  │ met1  │
│ 1.03  │ 413.96   │ 400.00   │ _019316_                                                                    │ _072320_/A2                  │ met2  │
│ 1.03  │ 413.96   │ 400.00   │ net10756                                                                    │ _072508_/A1                  │ met2  │
│ 1.03  │ 413.93   │ 400.00   │ net8458                                                                     │ _074057_/A1                  │ met2  │
│ 1.03  │ 413.93   │ 400.00   │ net8458                                                                     │ _077979_/A2                  │ met2  │
│ 1.03  │ 413.91   │ 400.00   │ net7835                                                                     │ _076822_/A1                  │ met1  │
│ 1.03  │ 413.86   │ 400.00   │ _000061_                                                                    │ _128190_/D                   │ met1  │
│ 1.03  │ 413.85   │ 400.00   │ _020635_                                                                    │ _078897_/A2                  │ met1  │
│ 1.03  │ 413.78   │ 400.00   │ net21652                                                                    │ wire21651/A                  │ met1  │
│ 1.03  │ 413.69   │ 400.00   │ net7720                                                                     │ _072252_/A2                  │ met2  │
│ 1.03  │ 3425.90  │ 3312.80  │ net2563                                                                     │ _072169_/B                   │ met3  │
│ 1.03  │ 3425.90  │ 3312.80  │ net12437                                                                    │ _078516_/B                   │ met4  │
│ 1.03  │ 413.63   │ 400.00   │ _012239_                                                                    │ _063125_/B1                  │ met1  │
│ 1.03  │ 413.61   │ 400.00   │ net7435                                                                     │ _078749_/A1                  │ met1  │
│ 1.03  │ 413.61   │ 400.00   │ net19751                                                                    │ wire19750/A                  │ met1  │
│ 1.03  │ 413.57   │ 400.00   │ _020013_                                                                    │ _075151_/A2                  │ met2  │
│ 1.03  │ 413.57   │ 400.00   │ _021110_                                                                    │ _078412_/B1                  │ met2  │
│ 1.03  │ 413.57   │ 400.00   │ _022291_                                                                    │ _077808_/A2                  │ met2  │
│ 1.03  │ 413.57   │ 400.00   │ net4967                                                                     │ _072829_/B2                  │ met2  │
│ 1.03  │ 413.57   │ 400.00   │ net6384                                                                     │ _072957_/B1                  │ met2  │
│ 1.03  │ 413.57   │ 400.00   │ net6910                                                                     │ _077562_/A2                  │ met2  │
│ 1.03  │ 413.57   │ 400.00   │ net8053                                                                     │ _076043_/A1                  │ met2  │
│ 1.03  │ 413.57   │ 400.00   │ net8557                                                                     │ _073488_/A2                  │ met2  │
│ 1.03  │ 413.55   │ 400.00   │ net4045                                                                     │ wire4043/A                   │ met1  │
│ 1.03  │ 413.47   │ 400.00   │ net28251                                                                    │ wire28250/A                  │ met1  │
│ 1.03  │ 413.17   │ 400.00   │ net20559                                                                    │ wire20558/A                  │ met1  │
│ 1.03  │ 413.08   │ 400.00   │ net19558                                                                    │ wire19557/A                  │ met1  │
│ 1.03  │ 413.08   │ 400.00   │ net20797                                                                    │ wire20796/A                  │ met1  │
│ 1.03  │ 412.99   │ 400.00   │ net21111                                                                    │ wire21110/A                  │ met1  │
│ 1.03  │ 412.94   │ 400.00   │ net27719                                                                    │ _101775_/A1                  │ met1  │
│ 1.03  │ 412.90   │ 400.00   │ net21633                                                                    │ wire21632/A                  │ met1  │
│ 1.03  │ 412.73   │ 400.00   │ net20983                                                                    │ wire20982/A                  │ met1  │
│ 1.03  │ 412.73   │ 400.00   │ net21393                                                                    │ wire21392/A                  │ met1  │
│ 1.03  │ 412.73   │ 400.00   │ net21440                                                                    │ wire21439/A                  │ met1  │
│ 1.03  │ 412.73   │ 400.00   │ net21461                                                                    │ wire21460/A                  │ met1  │
│ 1.03  │ 412.72   │ 400.00   │ net21697                                                                    │ wire21696/A                  │ met1  │
│ 1.03  │ 412.41   │ 400.00   │ _017828_                                                                    │ _069056_/A0                  │ met1  │
│ 1.03  │ 412.31   │ 400.00   │ _000057_                                                                    │ _128186_/D                   │ met1  │
│ 1.03  │ 411.94   │ 400.00   │ net3210                                                                     │ _063701_/A1                  │ met1  │
│ 1.03  │ 411.89   │ 400.00   │ net19739                                                                    │ _064934_/A3                  │ met1  │
│ 1.03  │ 3409.21  │ 3312.80  │ net3592                                                                     │ _114593_/A2_N                │ met3  │
│ 1.03  │ 411.59   │ 400.00   │ _022035_                                                                    │ _073389_/A2                  │ met1  │
│ 1.03  │ 411.58   │ 400.00   │ net19758                                                                    │ wire19757/A                  │ met1  │
│ 1.03  │ 411.58   │ 400.00   │ net20117                                                                    │ wire20116/A                  │ met1  │
│ 1.03  │ 411.58   │ 400.00   │ net20272                                                                    │ wire20271/A                  │ met1  │
│ 1.03  │ 411.58   │ 400.00   │ net20687                                                                    │ wire20686/A                  │ met1  │
│ 1.03  │ 411.30   │ 400.00   │ _020641_                                                                    │ _072738_/A2                  │ met3  │
│ 1.03  │ 411.30   │ 400.00   │ _020641_                                                                    │ wire3751/A                   │ met3  │
│ 1.03  │ 411.23   │ 400.00   │ net20570                                                                    │ wire20569/A                  │ met1  │
│ 1.03  │ 411.23   │ 400.00   │ net21666                                                                    │ wire21665/A                  │ met1  │
│ 1.03  │ 3771.81  │ 3669.20  │ net3432                                                                     │ _084529_/A1                  │ met2  │
│ 1.03  │ 411.17   │ 400.00   │ net12760                                                                    │ _077046_/B2                  │ met1  │
│ 1.03  │ 2853.74  │ 2778.20  │ net22219                                                                    │ wire22218/A                  │ met3  │
│ 1.03  │ 410.84   │ 400.00   │ net10934                                                                    │ _077143_/A1_N                │ met1  │
│ 1.03  │ 410.82   │ 400.00   │ _054728_                                                                    │ _113000_/B                   │ met1  │
│ 1.03  │ 410.79   │ 400.00   │ net21144                                                                    │ _114251_/A3                  │ met1  │
│ 1.03  │ 410.60   │ 400.00   │ _019346_                                                                    │ _070702_/A2                  │ met3  │
│ 1.03  │ 410.60   │ 400.00   │ net7411                                                                     │ _072972_/B1                  │ met3  │
│ 1.03  │ 410.60   │ 400.00   │ net8547                                                                     │ _076501_/A1                  │ met3  │
│ 1.03  │ 410.60   │ 400.00   │ net12703                                                                    │ _079143_/A2                  │ met3  │
│ 1.03  │ 410.51   │ 400.00   │ net4741                                                                     │ _072773_/B1                  │ met3  │
│ 1.03  │ 2853.74  │ 2780.80  │ _057630_                                                                    │ _116734_/A1_N                │ met3  │
│ 1.03  │ 410.43   │ 400.00   │ net20058                                                                    │ wire20057/A                  │ met1  │
│ 1.03  │ 3763.57  │ 3669.20  │ net8296                                                                     │ _079069_/B1                  │ met3  │
│ 1.03  │ 410.09   │ 400.00   │ net19601                                                                    │ _064904_/A3                  │ met1  │
│ 1.03  │ 410.09   │ 400.00   │ net19747                                                                    │ _064931_/A3                  │ met1  │
│ 1.03  │ 410.09   │ 400.00   │ net22663                                                                    │ _113678_/A0                  │ met1  │
│ 1.02  │ 409.81   │ 400.00   │ net22846                                                                    │ wire22845/A                  │ met1  │
│ 1.02  │ 3208.18  │ 3134.60  │ _009497_                                                                    │ fanout18326/A                │ met3  │
│ 1.02  │ 409.21   │ 400.00   │ net19711                                                                    │ wire19710/A                  │ met1  │
│ 1.02  │ 409.21   │ 400.00   │ net21076                                                                    │ wire21075/A                  │ met1  │
│ 1.02  │ 409.12   │ 400.00   │ _028166_                                                                    │ _081919_/S                   │ met1  │
│ 1.02  │ 409.11   │ 400.00   │ net19953                                                                    │ wire19952/A                  │ met1  │
│ 1.02  │ 409.10   │ 400.00   │ net22859                                                                    │ wire22858/A                  │ met1  │
│ 1.02  │ 408.85   │ 400.00   │ net21415                                                                    │ wire21414/A                  │ met1  │
│ 1.02  │ 408.84   │ 400.00   │ net22850                                                                    │ wire22849/A                  │ met1  │
│ 1.02  │ 408.84   │ 400.00   │ net23296                                                                    │ wire23295/A                  │ met1  │
│ 1.02  │ 408.71   │ 400.00   │ net15959                                                                    │ _113677_/S                   │ met1  │
│ 1.02  │ 408.68   │ 400.00   │ net21433                                                                    │ wire21432/A                  │ met1  │
│ 1.02  │ 408.66   │ 400.00   │ net19944                                                                    │ wire19943/A                  │ met1  │
│ 1.02  │ 408.41   │ 400.00   │ net19564                                                                    │ wire19563/A                  │ met1  │
│ 1.02  │ 408.41   │ 400.00   │ net19781                                                                    │ wire19780/A                  │ met1  │
│ 1.02  │ 408.41   │ 400.00   │ net19869                                                                    │ wire19868/A                  │ met1  │
│ 1.02  │ 408.41   │ 400.00   │ net20013                                                                    │ wire20012/A                  │ met1  │
│ 1.02  │ 408.41   │ 400.00   │ net20543                                                                    │ wire20542/A                  │ met1  │
│ 1.02  │ 408.31   │ 400.00   │ net22596                                                                    │ wire22595/A                  │ met1  │
│ 1.02  │ 408.17   │ 400.00   │ net3417                                                                     │ wire3413/A                   │ met3  │
│ 1.02  │ 408.17   │ 400.00   │ net3417                                                                     │ wire3416/A                   │ met3  │
│ 1.02  │ 407.97   │ 400.00   │ net21599                                                                    │ wire21598/A                  │ met1  │
│ 1.02  │ 407.96   │ 400.00   │ net8422                                                                     │ _073454_/A1                  │ met3  │
│ 1.02  │ 407.96   │ 400.00   │ net8422                                                                     │ _074733_/A2_N                │ met3  │
│ 1.02  │ 407.96   │ 400.00   │ net8422                                                                     │ _075028_/A2                  │ met3  │
│ 1.02  │ 407.83   │ 400.00   │ net28813                                                                    │ fanout28693/A                │ met1  │
│ 1.02  │ 407.69   │ 400.00   │ net22752                                                                    │ wire22751/A                  │ met1  │
│ 1.02  │ 407.41   │ 400.00   │ net22291                                                                    │ _113638_/A0                  │ met1  │
│ 1.02  │ 407.24   │ 400.00   │ net5338                                                                     │ _073736_/B1                  │ met2  │
│ 1.02  │ 407.24   │ 400.00   │ net5338                                                                     │ _075448_/A1                  │ met2  │
│ 1.02  │ 407.24   │ 400.00   │ net5338                                                                     │ _079158_/A1                  │ met2  │
│ 1.02  │ 407.18   │ 400.00   │ net21454                                                                    │ wire21453/A                  │ met1  │
│ 1.02  │ 407.08   │ 400.00   │ net22349                                                                    │ wire22348/A                  │ met1  │
│ 1.02  │ 406.99   │ 400.00   │ net19565                                                                    │ wire19564/A                  │ met1  │
│ 1.02  │ 406.99   │ 400.00   │ net20059                                                                    │ wire20058/A                  │ met1  │
│ 1.02  │ 406.99   │ 400.00   │ net20750                                                                    │ wire20749/A                  │ met1  │
│ 1.02  │ 3732.56  │ 3669.20  │ net2463                                                                     │ _113843_/C                   │ met2  │
│ 1.02  │ 406.77   │ 400.00   │ net16433                                                                    │ fanout16410/A                │ met1  │
│ 1.02  │ 406.68   │ 400.00   │ _012717_                                                                    │ _110687_/A                   │ met1  │
│ 1.02  │ 406.64   │ 400.00   │ net21615                                                                    │ wire21614/A                  │ met1  │
│ 1.02  │ 406.64   │ 400.00   │ net23328                                                                    │ wire23327/A                  │ met1  │
│ 1.02  │ 406.44   │ 400.00   │ net11495                                                                    │ _077662_/A                   │ met1  │
│ 1.02  │ 406.20   │ 400.00   │ net19563                                                                    │ wire19562/A                  │ met1  │
│ 1.02  │ 406.20   │ 400.00   │ net19756                                                                    │ wire19755/A                  │ met1  │
│ 1.02  │ 406.17   │ 400.00   │ net6926                                                                     │ _078021_/B1                  │ met3  │
│ 1.02  │ 406.17   │ 400.00   │ net10895                                                                    │ _076946_/A2                  │ met3  │
│ 1.02  │ 406.17   │ 400.00   │ net11161                                                                    │ _074969_/A3                  │ met3  │
│ 1.02  │ 406.17   │ 400.00   │ net18490                                                                    │ _078697_/A1                  │ met3  │
│ 1.02  │ 406.14   │ 400.00   │ net4388                                                                     │ _111334_/B1                  │ met3  │
│ 1.02  │ 406.06   │ 400.00   │ net7320                                                                     │ _071041_/A3                  │ met3  │
│ 1.02  │ 406.06   │ 400.00   │ net7320                                                                     │ _074904_/A2                  │ met3  │
│ 1.02  │ 406.01   │ 400.00   │ net2769                                                                     │ _072703_/C1                  │ met3  │
│ 1.02  │ 406.01   │ 400.00   │ net3069                                                                     │ _075656_/A2                  │ met3  │
│ 1.02  │ 406.01   │ 400.00   │ net3624                                                                     │ _078564_/A1                  │ met3  │
│ 1.02  │ 406.01   │ 400.00   │ net4777                                                                     │ _072481_/A1                  │ met3  │
│ 1.02  │ 406.01   │ 400.00   │ net4791                                                                     │ _074897_/B1                  │ met3  │
│ 1.02  │ 406.01   │ 400.00   │ net4903                                                                     │ _071949_/B1                  │ met3  │
│ 1.02  │ 406.01   │ 400.00   │ net5348                                                                     │ _070702_/B1                  │ met3  │
│ 1.02  │ 406.01   │ 400.00   │ net5588                                                                     │ _076058_/A1                  │ met3  │
│ 1.02  │ 406.01   │ 400.00   │ net6831                                                                     │ _076528_/A2                  │ met3  │
│ 1.02  │ 406.01   │ 400.00   │ net6870                                                                     │ _073967_/A2                  │ met3  │
│ 1.02  │ 406.01   │ 400.00   │ net6906                                                                     │ _078248_/B2                  │ met3  │
│ 1.02  │ 406.01   │ 400.00   │ net6949                                                                     │ _071392_/A2                  │ met3  │
│ 1.02  │ 406.01   │ 400.00   │ net7572                                                                     │ _076643_/A1                  │ met3  │
│ 1.02  │ 406.01   │ 400.00   │ net8117                                                                     │ _072506_/A2                  │ met3  │
│ 1.02  │ 406.01   │ 400.00   │ net10518                                                                    │ _076276_/A2                  │ met3  │
│ 1.02  │ 406.01   │ 400.00   │ net10531                                                                    │ _075252_/A2                  │ met3  │
│ 1.02  │ 406.01   │ 400.00   │ net10717                                                                    │ _072541_/A3                  │ met3  │
│ 1.02  │ 406.01   │ 400.00   │ net10723                                                                    │ _075383_/B2                  │ met3  │
│ 1.02  │ 406.01   │ 400.00   │ net10895                                                                    │ _076121_/B2                  │ met3  │
│ 1.02  │ 406.01   │ 400.00   │ net11627                                                                    │ _077584_/B2                  │ met3  │
│ 1.01  │ 406.00   │ 400.00   │ net2474                                                                     │ _113710_/A1                  │ met1  │
│ 1.01  │ 405.98   │ 400.00   │ net5015                                                                     │ _077347_/B1                  │ met3  │
│ 1.01  │ 405.98   │ 400.00   │ net5015                                                                     │ _078743_/B1                  │ met3  │
│ 1.01  │ 405.96   │ 400.00   │ net7333                                                                     │ _075771_/A1                  │ met3  │
│ 1.01  │ 405.95   │ 400.00   │ net7455                                                                     │ _073571_/A3                  │ met3  │
│ 1.01  │ 405.95   │ 400.00   │ net7455                                                                     │ _076912_/A2                  │ met3  │
│ 1.01  │ 2819.10  │ 2778.20  │ _022546_                                                                    │ _073901_/B1                  │ met4  │
│ 1.01  │ 405.85   │ 400.00   │ net21158                                                                    │ wire21157/A                  │ met1  │
│ 1.01  │ 405.72   │ 400.00   │ _048222_                                                                    │ wire355/A                    │ met1  │
│ 1.01  │ 405.60   │ 400.00   │ net21558                                                                    │ _114225_/A0                  │ met1  │
│ 1.01  │ 405.59   │ 400.00   │ net20717                                                                    │ wire20716/A                  │ met1  │
│ 1.01  │ 405.41   │ 400.00   │ net22668                                                                    │ wire22667/A                  │ met1  │
│ 1.01  │ 405.39   │ 400.00   │ net7414                                                                     │ _073941_/A2                  │ met1  │
│ 1.01  │ 405.34   │ 400.00   │ net4912                                                                     │ _074068_/B1                  │ met1  │
│ 1.01  │ 405.14   │ 400.00   │ net21498                                                                    │ wire21497/A                  │ met1  │
│ 1.01  │ 404.97   │ 400.00   │ net7837                                                                     │ _078399_/C                   │ met1  │
│ 1.01  │ 2993.07  │ 2956.40  │ _033665_                                                                    │ _089753_/A2                  │ met3  │
│ 1.01  │ 2812.57  │ 2778.20  │ _023330_                                                                    │ _074688_/B                   │ met3  │
│ 1.01  │ 2812.57  │ 2778.20  │ _049857_                                                                    │ _106952_/B                   │ met4  │
│ 1.01  │ 404.90   │ 400.00   │ _048172_                                                                    │ _105245_/B1                  │ met1  │
│ 1.01  │ 404.89   │ 400.00   │ net19578                                                                    │ wire19577/A                  │ met1  │
│ 1.01  │ 404.86   │ 400.00   │ net10894                                                                    │ _075225_/A1_N                │ met1  │
│ 1.01  │ 3713.71  │ 3669.20  │ net16047                                                                    │ wire16046/A                  │ met4  │
│ 1.01  │ 3713.71  │ 3669.20  │ net16050                                                                    │ wire16049/A                  │ met4  │
│ 1.01  │ 404.83   │ 400.00   │ net13375                                                                    │ _078376_/B1                  │ met2  │
│ 1.01  │ 404.80   │ 400.00   │ net21494                                                                    │ wire21493/A                  │ met1  │
│ 1.01  │ 404.63   │ 400.00   │ net21354                                                                    │ wire21353/A                  │ met1  │
│ 1.01  │ 404.63   │ 400.00   │ net21362                                                                    │ wire21361/A                  │ met1  │
│ 1.01  │ 404.61   │ 400.00   │ net7211                                                                     │ _078048_/A                   │ met1  │
│ 1.01  │ 404.56   │ 400.00   │ net25180                                                                    │ fanout25168/A                │ met1  │
│ 1.01  │ 404.36   │ 400.00   │ net20794                                                                    │ wire20793/A                  │ met1  │
│ 1.01  │ 404.26   │ 400.00   │ net23258                                                                    │ wire23257/A                  │ met1  │
│ 1.01  │ 404.13   │ 400.00   │ net4090                                                                     │ wire4088/A                   │ met1  │
│ 1.01  │ 3706.76  │ 3669.20  │ net30065                                                                    │ _113766_/A1                  │ met3  │
│ 1.01  │ 404.08   │ 400.00   │ net20928                                                                    │ wire20927/A                  │ met1  │
│ 1.01  │ 2812.57  │ 2784.80  │ _023158_                                                                    │ _074534_/B                   │ met4  │
│ 1.01  │ 403.98   │ 400.00   │ net5316                                                                     │ _071905_/A1                  │ met3  │
│ 1.01  │ 403.98   │ 400.00   │ net5316                                                                     │ _078313_/A1                  │ met3  │
│ 1.01  │ 403.82   │ 400.00   │ net22862                                                                    │ wire22861/A                  │ met1  │
│ 1.01  │ 403.81   │ 400.00   │ net21445                                                                    │ _114251_/A2                  │ met1  │
│ 1.01  │ 403.75   │ 400.00   │ net3718                                                                     │ _076986_/A2                  │ met3  │
│ 1.01  │ 403.75   │ 400.00   │ net3718                                                                     │ _077582_/B1                  │ met3  │
│ 1.01  │ 403.73   │ 400.00   │ _052287_                                                                    │ _109386_/A2                  │ met3  │
│ 1.01  │ 403.73   │ 400.00   │ net5227                                                                     │ _078489_/A2                  │ met3  │
│ 1.01  │ 403.72   │ 400.00   │ net3346                                                                     │ _113806_/A1                  │ met1  │
│ 1.01  │ 403.72   │ 400.00   │ net3482                                                                     │ _114385_/A1                  │ met1  │
│ 1.01  │ 403.71   │ 400.00   │ net10573                                                                    │ wire10572/A                  │ met3  │
│ 1.01  │ 403.64   │ 400.00   │ net22601                                                                    │ wire22600/A                  │ met1  │
│ 1.01  │ 403.64   │ 400.00   │ net22676                                                                    │ wire22675/A                  │ met1  │
│ 1.01  │ 403.57   │ 400.00   │ net19685                                                                    │ wire19684/A                  │ met1  │
│ 1.01  │ 403.57   │ 400.00   │ net20580                                                                    │ wire20579/A                  │ met1  │
│ 1.01  │ 403.50   │ 400.00   │ net19362                                                                    │ _089972_/A                   │ met1  │
│ 1.01  │ 403.38   │ 400.00   │ net21431                                                                    │ wire21430/A                  │ met1  │
│ 1.01  │ 3338.29  │ 3312.80  │ net1890                                                                     │ _128317_/D                   │ met4  │
│ 1.01  │ 403.06   │ 400.00   │ net8378                                                                     │ _075312_/A2                  │ met3  │
│ 1.01  │ 403.06   │ 400.00   │ net8378                                                                     │ _075484_/A1                  │ met3  │
│ 1.01  │ 403.06   │ 400.00   │ net8378                                                                     │ _075564_/A2                  │ met3  │
│ 1.01  │ 403.03   │ 400.00   │ net19782                                                                    │ wire19781/A                  │ met1  │
│ 1.01  │ 403.03   │ 400.00   │ net20795                                                                    │ wire20794/A                  │ met1  │
│ 1.01  │ 402.97   │ 400.00   │ net4948                                                                     │ wire4947/A                   │ met3  │
│ 1.01  │ 402.97   │ 400.00   │ net6738                                                                     │ wire6737/A                   │ met3  │
│ 1.01  │ 402.97   │ 400.00   │ net8313                                                                     │ wire8310/A                   │ met3  │
│ 1.01  │ 402.97   │ 400.00   │ net10480                                                                    │ _074348_/A2                  │ met3  │
│ 1.01  │ 402.97   │ 400.00   │ net10480                                                                    │ _076475_/A2                  │ met3  │
│ 1.01  │ 402.97   │ 400.00   │ net10480                                                                    │ _076752_/A2                  │ met3  │
│ 1.01  │ 402.97   │ 400.00   │ net11185                                                                    │ wire11184/A                  │ met3  │
│ 1.01  │ 402.78   │ 400.00   │ net17391                                                                    │ wire17390/A                  │ met1  │
│ 1.01  │ 402.78   │ 400.00   │ net20563                                                                    │ wire20562/A                  │ met1  │
│ 1.01  │ 402.78   │ 400.00   │ net20681                                                                    │ wire20680/A                  │ met1  │
│ 1.01  │ 402.65   │ 400.00   │ net12477                                                                    │ _074177_/B1                  │ met1  │
│ 1.01  │ 402.59   │ 400.00   │ _018746_                                                                    │ wire11398/A                  │ met3  │
│ 1.01  │ 402.59   │ 400.00   │ _018816_                                                                    │ wire11291/A                  │ met3  │
│ 1.01  │ 402.59   │ 400.00   │ net21347                                                                    │ wire21346/A                  │ met1  │
│ 1.01  │ 402.59   │ 400.00   │ net21416                                                                    │ wire21415/A                  │ met1  │
│ 1.01  │ 402.59   │ 400.00   │ net21495                                                                    │ wire21494/A                  │ met1  │
│ 1.01  │ 402.59   │ 400.00   │ net21690                                                                    │ wire21689/A                  │ met1  │
│ 1.01  │ 402.59   │ 400.00   │ net21716                                                                    │ wire21715/A                  │ met1  │
│ 1.01  │ 402.59   │ 400.00   │ net21764                                                                    │ wire21763/A                  │ met1  │
│ 1.01  │ 402.54   │ 400.00   │ net8491                                                                     │ _077730_/A                   │ met1  │
│ 1.01  │ 402.49   │ 400.00   │ net6608                                                                     │ _072673_/A3                  │ met1  │
│ 1.01  │ 402.38   │ 400.00   │ net21321                                                                    │ wire21320/A                  │ met1  │
│ 1.01  │ 402.29   │ 400.00   │ net20416                                                                    │ wire20415/A                  │ met1  │
│ 1.01  │ 402.19   │ 400.00   │ net14744                                                                    │ _068833_/B                   │ met1  │
│ 1.01  │ 402.18   │ 400.00   │ net10614                                                                    │ _076991_/A                   │ met1  │
│ 1.01  │ 402.18   │ 400.00   │ net16962                                                                    │ wire16961/A                  │ met1  │
│ 1.01  │ 3689.08  │ 3669.20  │ net4849                                                                     │ _076366_/C                   │ met3  │
│ 1.01  │ 3689.02  │ 3669.20  │ net4848                                                                     │ _072241_/B                   │ met3  │
│ 1.01  │ 402.15   │ 400.00   │ net3782                                                                     │ _072638_/B2                  │ met1  │
│ 1.01  │ 402.13   │ 400.00   │ net26949                                                                    │ wire26948/A                  │ met1  │
│ 1.01  │ 402.11   │ 400.00   │ net6781                                                                     │ _076220_/A3                  │ met1  │
│ 1.01  │ 402.03   │ 400.00   │ net19189                                                                    │ fanout18984/A                │ met1  │
│ 1.00  │ 401.45   │ 400.00   │ net12421                                                                    │ _074062_/B1                  │ met1  │
│ 1.00  │ 401.42   │ 400.00   │ _057816_                                                                    │ _116920_/A2                  │ met1  │
│ 1.00  │ 400.96   │ 400.00   │ net19803                                                                    │ _064979_/A2                  │ met1  │
│ 1.00  │ 2784.30  │ 2778.20  │ _022408_                                                                    │ _073763_/B1                  │ met4  │
│ 1.00  │ 2784.30  │ 2778.20  │ net23682                                                                    │ wire23681/A                  │ met3  │
│ 1.00  │ 400.85   │ 400.00   │ net4953                                                                     │ _074108_/B1                  │ met1  │
│ 1.00  │ 400.80   │ 400.00   │ net6507                                                                     │ _072828_/B                   │ met1  │
│ 1.00  │ 400.71   │ 400.00   │ net6307                                                                     │ _074783_/B1                  │ met1  │
│ 1.00  │ 400.47   │ 400.00   │ net20012                                                                    │ wire20011/A                  │ met1  │
│ 1.00  │ 400.47   │ 400.00   │ net20573                                                                    │ wire20572/A                  │ met1  │
│ 1.00  │ 400.46   │ 400.00   │ net13317                                                                    │ _072053_/C1                  │ met1  │
│ 1.00  │ 400.39   │ 400.00   │ net23407                                                                    │ wire23406/A                  │ met1  │
│ 1.00  │ 400.21   │ 400.00   │ net21276                                                                    │ wire21275/A                  │ met1  │
│ 1.00  │ 400.21   │ 400.00   │ net21453                                                                    │ wire21452/A                  │ met1  │
│ 1.00  │ 3671.08  │ 3669.20  │ net10671                                                                    │ _076208_/B2                  │ met3  │
│ 1.00  │ 400.20   │ 400.00   │ net10645                                                                    │ _076542_/A1                  │ met1  │
│ 1.00  │ 2957.38  │ 2956.40  │ _025733_                                                                    │ _077102_/A2                  │ met4  │
│ 1.00  │ 400.02   │ 400.00   │ _019359_                                                                    │ _074967_/B2                  │ met1  │
│ 1.00  │ 400.02   │ 400.00   │ _019359_                                                                    │ _076916_/B2                  │ met1  │
└───────┴──────────┴──────────┴─────────────────────────────────────────────────────────────────────────────┴──────────────────────────────┴───────┘
