┏━━━━━━━┳━━━━━━━━━┳━━━━━━━━━━┳━━━━━━━━━━━━━━━━━━━━━━━━━━━━━━━━━━━━━━━━━━━━━━━━━━━━━━━━━━━━━━━━━━━━━━━━━━━━━┳━━━━━━━━━━━━━━━━━━━━━━━━━━━━┳━━━━━━━┓
┃ P / R ┃ Partial ┃ Required ┃ Net                                                                         ┃ Pin                        ┃ Layer ┃
┡━━━━━━━╇━━━━━━━━━╇━━━━━━━━━━╇━━━━━━━━━━━━━━━━━━━━━━━━━━━━━━━━━━━━━━━━━━━━━━━━━━━━━━━━━━━━━━━━━━━━━━━━━━━━━╇━━━━━━━━━━━━━━━━━━━━━━━━━━━━╇━━━━━━━┩
│ 14.52 │ 5807.81 │ 400.00   │ net2635                                                                     │ _072650_/B1                │ met3  │
│ 14.30 │ 5718.59 │ 400.00   │ net2253                                                                     │ _073095_/A3                │ met3  │
│ 13.89 │ 5555.24 │ 400.00   │ net10278                                                                    │ _073307_/B                 │ met3  │
│ 13.04 │ 5214.64 │ 400.00   │ net1960                                                                     │ _075138_/A2                │ met3  │
│ 11.75 │ 4701.74 │ 400.00   │ net4942                                                                     │ _074606_/A1                │ met3  │
│ 11.73 │ 4692.65 │ 400.00   │ net10477                                                                    │ _073551_/A1                │ met3  │
│ 10.78 │ 4311.05 │ 400.00   │ net31900                                                                    │ _071935_/B                 │ met3  │
│ 10.42 │ 4166.43 │ 400.00   │ net31559                                                                    │ _071537_/A2                │ met3  │
│ 9.68  │ 3873.02 │ 400.00   │ net1504                                                                     │ _128283_/D                 │ met3  │
│ 9.44  │ 3777.41 │ 400.00   │ _027495_                                                                    │ _078853_/A2                │ met3  │
│ 9.29  │ 3715.78 │ 400.00   │ net2904                                                                     │ _074846_/A3                │ met3  │
│ 9.24  │ 3697.71 │ 400.00   │ _024742_                                                                    │ _076097_/C                 │ met3  │
│ 8.87  │ 3548.23 │ 400.00   │ net2399                                                                     │ _073584_/A1                │ met3  │
│ 8.87  │ 3548.23 │ 400.00   │ net32513                                                                    │ wire22385/A                │ met3  │
│ 8.87  │ 3548.23 │ 400.00   │ net32708                                                                    │ wire22578/A                │ met3  │
│ 8.85  │ 3540.19 │ 400.00   │ net6106                                                                     │ _074772_/C                 │ met3  │
│ 8.78  │ 3513.71 │ 400.00   │ _022105_                                                                    │ _073446_/B                 │ met3  │
│ 8.52  │ 3409.36 │ 400.00   │ net32653                                                                    │ wire22582/A                │ met3  │
│ 8.30  │ 3318.79 │ 400.00   │ net6727                                                                     │ _078270_/A2                │ met3  │
│ 8.18  │ 3270.49 │ 400.00   │ net32562                                                                    │ wire23998/A                │ met3  │
│ 8.04  │ 3215.81 │ 400.00   │ net4206                                                                     │ _074887_/B                 │ met3  │
│ 8.00  │ 3201.71 │ 400.00   │ net30801                                                                    │ _074670_/A2_N              │ met3  │
│ 8.00  │ 3201.06 │ 400.00   │ net32710                                                                    │ wire22568/A                │ met3  │
│ 7.83  │ 3131.62 │ 400.00   │ net32561                                                                    │ wire24005/A                │ met3  │
│ 7.72  │ 3087.16 │ 400.00   │ net11547                                                                    │ _078251_/A1                │ met3  │
│ 7.71  │ 3082.38 │ 400.00   │ net31954                                                                    │ _073549_/A2                │ met3  │
│ 7.47  │ 2988.00 │ 400.00   │ net4203                                                                     │ _076669_/C                 │ met3  │
│ 7.31  │ 2923.32 │ 400.00   │ net32560                                                                    │ wire24012/A                │ met3  │
│ 7.26  │ 2903.95 │ 400.00   │ net2577                                                                     │ _077397_/A1                │ met3  │
│ 7.15  │ 2859.35 │ 400.00   │ net30466                                                                    │ _074355_/B1                │ met3  │
│ 7.13  │ 2853.89 │ 400.00   │ net32510                                                                    │ wire22440/A                │ met3  │
│ 7.13  │ 2853.89 │ 400.00   │ net32514                                                                    │ wire22309/A                │ met3  │
│ 7.04  │ 2814.74 │ 400.00   │ net31265                                                                    │ _074419_/B2                │ met3  │
│ 6.96  │ 2784.45 │ 400.00   │ net32582                                                                    │ wire23823/A                │ met3  │
│ 6.96  │ 2784.45 │ 400.00   │ net32583                                                                    │ wire23816/A                │ met3  │
│ 6.79  │ 2715.02 │ 400.00   │ net32650                                                                    │ wire22607/A                │ met3  │
│ 6.74  │ 2694.30 │ 400.00   │ net7625                                                                     │ _075152_/A1                │ met3  │
│ 6.61  │ 2645.58 │ 400.00   │ net32599                                                                    │ wire22115/A                │ met3  │
│ 6.60  │ 2640.91 │ 400.00   │ net6427                                                                     │ _078440_/A2                │ met3  │
│ 6.60  │ 2640.78 │ 400.00   │ net3618                                                                     │ _076405_/B1                │ met3  │
│ 6.48  │ 2591.84 │ 400.00   │ net31518                                                                    │ _074493_/B1                │ met3  │
│ 6.46  │ 2585.58 │ 400.00   │ net31355                                                                    │ _078075_/A3                │ met3  │
│ 6.46  │ 2585.58 │ 400.00   │ net31355                                                                    │ _078535_/B2                │ met3  │
│ 6.39  │ 2556.19 │ 400.00   │ net30763                                                                    │ _078236_/A3                │ met3  │
│ 6.37  │ 2549.90 │ 400.00   │ net31504                                                                    │ _076291_/B                 │ met3  │
│ 6.26  │ 2502.63 │ 400.00   │ net31510                                                                    │ _077811_/A1                │ met3  │
│ 6.26  │ 2502.50 │ 400.00   │ net6105                                                                     │ _073892_/A2                │ met3  │
│ 6.26  │ 2502.50 │ 400.00   │ net31439                                                                    │ _076334_/A1                │ met3  │
│ 6.20  │ 2480.38 │ 400.00   │ net10738                                                                    │ _072781_/B                 │ met3  │
│ 6.17  │ 2466.81 │ 400.00   │ _019146_                                                                    │ _074123_/A2                │ met3  │
│ 6.15  │ 2458.11 │ 400.00   │ net2351                                                                     │ _078853_/A3                │ met3  │
│ 6.06  │ 2422.53 │ 400.00   │ net31306                                                                    │ _070237_/A2                │ met3  │
│ 5.94  │ 2377.89 │ 400.00   │ net31374                                                                    │ _069808_/A2                │ met3  │
│ 5.94  │ 2377.60 │ 400.00   │ net3514                                                                     │ _075358_/B1                │ met3  │
│ 5.93  │ 2373.24 │ 400.00   │ net31586                                                                    │ _073586_/B1                │ met3  │
│ 5.93  │ 2373.14 │ 400.00   │ net3504                                                                     │ _075690_/B1                │ met3  │
│ 5.93  │ 2373.14 │ 400.00   │ net8076                                                                     │ _077811_/B2                │ met3  │
│ 5.85  │ 2341.92 │ 400.00   │ net30603                                                                    │ _075974_/A3                │ met3  │
│ 5.72  │ 2288.55 │ 400.00   │ net30781                                                                    │ _074453_/A1                │ met3  │
│ 5.72  │ 2287.05 │ 400.00   │ net32007                                                                    │ _075593_/C                 │ met3  │
│ 5.71  │ 2283.93 │ 400.00   │ net30880                                                                    │ _075037_/A1                │ met3  │
│ 5.71  │ 2282.00 │ 400.00   │ net31924                                                                    │ _071628_/B                 │ met3  │
│ 5.71  │ 2282.00 │ 400.00   │ net31924                                                                    │ _078889_/C                 │ met3  │
│ 5.59  │ 2235.92 │ 400.00   │ yz_bram_ctrl_inst.yz_ram.u_mem.u_mem.g_2k[2\].u_cell.rdata[5\]              │ _064792_/A2                │ met3  │
│ 5.57  │ 2228.98 │ 400.00   │ net31338                                                                    │ _072047_/A1_N              │ met3  │
│ 5.57  │ 2228.98 │ 400.00   │ net32581                                                                    │ wire23830/A                │ met3  │
│ 5.50  │ 2199.21 │ 400.00   │ net6117                                                                     │ _072779_/A1                │ met3  │
│ 5.49  │ 2196.89 │ 400.00   │ net13937                                                                    │ fanout13920/A              │ met3  │
│ 5.49  │ 2194.72 │ 400.00   │ net31651                                                                    │ _078285_/A2                │ met3  │
│ 5.40  │ 2159.16 │ 400.00   │ net10346                                                                    │ _077050_/A3                │ met3  │
│ 5.40  │ 2159.03 │ 400.00   │ net4646                                                                     │ _073003_/B1                │ met3  │
│ 5.39  │ 2154.73 │ 400.00   │ net30974                                                                    │ _075509_/A1                │ met3  │
│ 5.38  │ 2150.24 │ 400.00   │ net6261                                                                     │ _074949_/B2                │ met3  │
│ 5.28  │ 2111.81 │ 400.00   │ net10918                                                                    │ _071250_/B                 │ met3  │
│ 5.25  │ 2101.04 │ 400.00   │ net3560                                                                     │ _073550_/A2                │ met3  │
│ 5.25  │ 2101.04 │ 400.00   │ net30582                                                                    │ _073848_/B1                │ met3  │
│ 5.25  │ 2101.04 │ 400.00   │ net30691                                                                    │ _070148_/B2                │ met3  │
│ 5.14  │ 2056.60 │ 400.00   │ net31102                                                                    │ _078972_/B2                │ met3  │
│ 5.14  │ 2056.57 │ 400.00   │ net31914                                                                    │ _075650_/A2                │ met3  │
│ 5.14  │ 2056.44 │ 400.00   │ net2894                                                                     │ _075383_/A1                │ met3  │
│ 5.06  │ 2025.37 │ 400.00   │ net10254                                                                    │ _076523_/A2                │ met3  │
│ 5.06  │ 2024.51 │ 400.00   │ _020486_                                                                    │ _077797_/C                 │ met3  │
│ 5.06  │ 2024.51 │ 400.00   │ net31274                                                                    │ _076739_/A                 │ met3  │
│ 5.05  │ 2020.88 │ 400.00   │ net31027                                                                    │ _071431_/B1                │ met3  │
│ 5.03  │ 2011.83 │ 400.00   │ net30749                                                                    │ _071907_/B1                │ met3  │
│ 4.95  │ 1980.61 │ 400.00   │ net5196                                                                     │ _074920_/A1                │ met3  │
│ 4.94  │ 1976.24 │ 400.00   │ net8069                                                                     │ _077893_/A2                │ met3  │
│ 4.93  │ 1971.68 │ 400.00   │ net2132                                                                     │ _074323_/A3                │ met3  │
│ 4.92  │ 1967.22 │ 400.00   │ net6124                                                                     │ _074110_/B1                │ met3  │
│ 4.88  │ 1951.25 │ 400.00   │ net30935                                                                    │ _072047_/B1                │ met3  │
│ 4.84  │ 1936.57 │ 400.00   │ net1644                                                                     │ _128287_/D                 │ met3  │
│ 4.81  │ 1922.75 │ 400.00   │ net31692                                                                    │ _075968_/A1                │ met3  │
│ 4.81  │ 1922.62 │ 400.00   │ net30988                                                                    │ _075236_/B1                │ met3  │
│ 4.72  │ 1886.93 │ 400.00   │ net4316                                                                     │ _078814_/B1                │ met3  │
│ 4.71  │ 1882.47 │ 400.00   │ net17272                                                                    │ _078086_/B1                │ met3  │
│ 4.59  │ 1838.00 │ 400.00   │ net31771                                                                    │ _075591_/B2                │ met3  │
│ 4.59  │ 1837.87 │ 400.00   │ net2601                                                                     │ _075709_/A2                │ met3  │
│ 4.59  │ 1837.87 │ 400.00   │ net31422                                                                    │ _075889_/A1                │ met3  │
│ 4.58  │ 1833.41 │ 400.00   │ net31461                                                                    │ _076530_/A2                │ met3  │
│ 4.58  │ 1833.41 │ 400.00   │ net31631                                                                    │ _075631_/A1                │ met3  │
│ 4.58  │ 1833.36 │ 400.00   │ net30982                                                                    │ _075103_/A2                │ met3  │
│ 4.58  │ 1833.36 │ 400.00   │ net30982                                                                    │ _075924_/A1                │ met3  │
│ 4.53  │ 1812.38 │ 400.00   │ yz_bram_ctrl_inst.yz_ram.u_mem.u_mem.g_2k[3\].u_cell.rdata[21\]             │ wire20178/A                │ met3  │
│ 4.53  │ 1812.38 │ 400.00   │ net22558                                                                    │ wire22557/A                │ met3  │
│ 4.51  │ 1803.60 │ 400.00   │ net32548                                                                    │ output52/A                 │ met3  │
│ 4.51  │ 1803.60 │ 400.00   │ net32549                                                                    │ output53/A                 │ met3  │
│ 4.49  │ 1797.72 │ 400.00   │ net31199                                                                    │ _073331_/A3                │ met3  │
│ 4.49  │ 1797.72 │ 400.00   │ net31329                                                                    │ _075581_/A2                │ met3  │
│ 4.48  │ 1793.55 │ 400.00   │ net31579                                                                    │ _077097_/A2                │ met3  │
│ 4.47  │ 1788.80 │ 400.00   │ cpu_inst.CORE.core_i.cs_registers_i.mhpmevent_load_i                        │ _101051_/A2                │ met3  │
│ 4.47  │ 1788.80 │ 400.00   │ net12359                                                                    │ _075710_/A1                │ met3  │
│ 4.44  │ 1777.58 │ 400.00   │ net3569                                                                     │ _073157_/A2_N              │ met3  │
│ 4.44  │ 1777.58 │ 400.00   │ net3569                                                                     │ _073451_/A1_N              │ met3  │
│ 4.40  │ 1761.59 │ 400.00   │ net4213                                                                     │ _078932_/B1_N              │ met3  │
│ 4.39  │ 1757.71 │ 400.00   │ net31202                                                                    │ _078808_/B2                │ met3  │
│ 4.38  │ 1753.28 │ 400.00   │ net31289                                                                    │ _077891_/B1                │ met3  │
│ 4.37  │ 1748.78 │ 400.00   │ _018482_                                                                    │ _074784_/A3                │ met3  │
│ 4.36  │ 1744.36 │ 400.00   │ net30747                                                                    │ _078639_/B1                │ met3  │
│ 4.36  │ 1744.36 │ 400.00   │ net31288                                                                    │ _077906_/A2                │ met3  │
│ 4.36  │ 1744.19 │ 400.00   │ net4160                                                                     │ _079023_/A3                │ met3  │
│ 4.36  │ 1744.19 │ 400.00   │ net4184                                                                     │ _076452_/B1                │ met3  │
│ 4.36  │ 1744.19 │ 400.00   │ net30538                                                                    │ _076024_/A1                │ met3  │
│ 4.36  │ 1744.19 │ 400.00   │ net30780                                                                    │ _073396_/B2                │ met3  │
│ 4.36  │ 1744.19 │ 400.00   │ net31369                                                                    │ _078346_/B1                │ met3  │
│ 4.35  │ 1738.93 │ 400.00   │ clk_i                                                                       │ wire30350/A                │ met3  │
│ 4.30  │ 1721.94 │ 400.00   │ net31762                                                                    │ _074554_/B1                │ met3  │
│ 4.30  │ 1721.94 │ 400.00   │ net31762                                                                    │ _074791_/A3                │ met3  │
│ 4.27  │ 1708.80 │ 400.00   │ net8181                                                                     │ _074008_/A1                │ met3  │
│ 4.26  │ 1704.18 │ 400.00   │ net7279                                                                     │ _078335_/A2                │ met3  │
│ 4.26  │ 1704.18 │ 400.00   │ net30707                                                                    │ _074419_/B1                │ met3  │
│ 4.26  │ 1704.05 │ 400.00   │ net4175                                                                     │ _076805_/C1                │ met3  │
│ 4.25  │ 1699.59 │ 400.00   │ _019663_                                                                    │ _078521_/B1                │ met3  │
│ 4.25  │ 1699.59 │ 400.00   │ net4382                                                                     │ _076761_/A2                │ met3  │
│ 4.25  │ 1699.59 │ 400.00   │ net30672                                                                    │ _077627_/B1                │ met3  │
│ 4.21  │ 1682.48 │ 400.00   │ _022413_                                                                    │ _073753_/B                 │ met3  │
│ 4.20  │ 1680.45 │ 400.00   │ net4656                                                                     │ _073218_/B1                │ met3  │
│ 4.14  │ 1654.98 │ 400.00   │ net30682                                                                    │ _073920_/B2                │ met3  │
│ 4.14  │ 1654.98 │ 400.00   │ net31352                                                                    │ _075582_/A1                │ met3  │
│ 4.14  │ 1654.98 │ 400.00   │ net32882                                                                    │ _084420_/A1                │ met3  │
│ 4.14  │ 1654.97 │ 400.00   │ net4533                                                                     │ _072130_/A3                │ met3  │
│ 4.14  │ 1654.97 │ 400.00   │ net4533                                                                     │ _074833_/A3                │ met3  │
│ 4.08  │ 1630.91 │ 400.00   │ net1564                                                                     │ _109560_/B                 │ met3  │
│ 4.08  │ 1630.91 │ 400.00   │ net1564                                                                     │ _109564_/A2_N              │ met3  │
│ 4.04  │ 1614.84 │ 400.00   │ net10073                                                                    │ _074040_/A1                │ met3  │
│ 4.02  │ 1608.10 │ 400.00   │ net8066                                                                     │ _071441_/A2                │ met3  │
│ 4.02  │ 1608.10 │ 400.00   │ net8066                                                                     │ _075472_/A2                │ met3  │
│ 3.99  │ 1594.86 │ 400.00   │ _017768_                                                                    │ _068983_/B                 │ met3  │
│ 3.99  │ 1594.86 │ 400.00   │ net3541                                                                     │ _074372_/B                 │ met3  │
│ 3.97  │ 1586.35 │ 400.00   │ net16503                                                                    │ _076907_/A                 │ met3  │
│ 3.95  │ 1579.18 │ 400.00   │ net2611                                                                     │ _074710_/B1                │ met3  │
│ 3.93  │ 1572.69 │ 400.00   │ net31722                                                                    │ _071304_/B                 │ met3  │
│ 3.93  │ 1572.69 │ 400.00   │ net31722                                                                    │ _074649_/B1                │ met3  │
│ 3.93  │ 1570.33 │ 400.00   │ net31538                                                                    │ _075990_/A1                │ met3  │
│ 3.91  │ 1565.77 │ 400.00   │ net2228                                                                     │ _078586_/B1                │ met3  │
│ 3.91  │ 1565.77 │ 400.00   │ net30553                                                                    │ _073840_/A2                │ met3  │
│ 3.91  │ 1563.49 │ 400.00   │ _018853_                                                                    │ _076002_/A1                │ met3  │
│ 3.88  │ 1551.08 │ 400.00   │ net30939                                                                    │ _072903_/B                 │ met3  │
│ 3.88  │ 1551.08 │ 400.00   │ net30939                                                                    │ _073296_/B                 │ met3  │
│ 3.86  │ 1543.42 │ 400.00   │ net30853                                                                    │ _077435_/A2                │ met3  │
│ 3.81  │ 1525.62 │ 400.00   │ _023896_                                                                    │ _075239_/A2                │ met3  │
│ 3.81  │ 1525.62 │ 400.00   │ net4798                                                                     │ _072386_/A3                │ met3  │
│ 3.81  │ 1525.62 │ 400.00   │ net6988                                                                     │ _073238_/A2                │ met3  │
│ 3.80  │ 1521.45 │ 400.00   │ net4869                                                                     │ _071521_/A2                │ met3  │
│ 3.80  │ 1521.29 │ 400.00   │ net31459                                                                    │ _074233_/A2                │ met3  │
│ 3.80  │ 1521.28 │ 400.00   │ net6359                                                                     │ _075928_/B1                │ met3  │
│ 3.80  │ 1521.28 │ 400.00   │ net6359                                                                     │ _078310_/B1                │ met3  │
│ 3.80  │ 1521.16 │ 400.00   │ net10528                                                                    │ _072678_/B2                │ met3  │
│ 3.80  │ 1521.16 │ 400.00   │ net30737                                                                    │ _072964_/B1                │ met3  │
│ 3.80  │ 1521.16 │ 400.00   │ net31365                                                                    │ _076335_/A2                │ met3  │
│ 3.79  │ 1516.40 │ 400.00   │ net31949                                                                    │ _073181_/A2                │ met3  │
│ 3.79  │ 1516.40 │ 400.00   │ net31949                                                                    │ _077449_/A                 │ met3  │
│ 3.75  │ 1501.04 │ 400.00   │ net31472                                                                    │ _071765_/A2                │ met3  │
│ 3.75  │ 1501.04 │ 400.00   │ net31472                                                                    │ _074038_/A2                │ met3  │
│ 3.75  │ 1498.48 │ 400.00   │ net4479                                                                     │ _071852_/B                 │ met3  │
│ 3.75  │ 1498.48 │ 400.00   │ net14841                                                                    │ _075430_/B                 │ met3  │
│ 3.75  │ 1498.48 │ 400.00   │ net31635                                                                    │ _074856_/C                 │ met3  │
│ 3.74  │ 1495.82 │ 400.00   │ net6247                                                                     │ _072872_/B2                │ met3  │
│ 3.74  │ 1495.82 │ 400.00   │ net6247                                                                     │ _074125_/A2                │ met3  │
│ 3.74  │ 1495.82 │ 400.00   │ net6247                                                                     │ _074608_/B2                │ met3  │
│ 3.70  │ 1481.02 │ 400.00   │ net2398                                                                     │ _073774_/B1                │ met3  │
│ 3.69  │ 1476.72 │ 400.00   │ net31913                                                                    │ _073555_/B1                │ met3  │
│ 3.69  │ 1476.56 │ 400.00   │ net8091                                                                     │ _078505_/A1                │ met3  │
│ 3.69  │ 1476.56 │ 400.00   │ net10154                                                                    │ _076631_/B1                │ met3  │
│ 3.69  │ 1476.56 │ 400.00   │ net30606                                                                    │ _073907_/A2                │ met3  │
│ 3.63  │ 1451.42 │ 400.00   │ net4308                                                                     │ _072800_/B                 │ met3  │
│ 3.63  │ 1451.42 │ 400.00   │ net4308                                                                     │ _073547_/B1                │ met3  │
│ 3.60  │ 1441.16 │ 400.00   │ net4677                                                                     │ _076769_/A1                │ met3  │
│ 3.60  │ 1441.00 │ 400.00   │ net4948                                                                     │ _078825_/B2                │ met3  │
│ 3.60  │ 1440.91 │ 400.00   │ net31842                                                                    │ _073688_/A2                │ met3  │
│ 3.59  │ 1436.44 │ 400.00   │ net4619                                                                     │ _073216_/B1                │ met3  │
│ 3.58  │ 1432.11 │ 400.00   │ net30925                                                                    │ _078812_/A2                │ met3  │
│ 3.58  │ 1431.95 │ 400.00   │ net2605                                                                     │ _075388_/B1                │ met3  │
│ 3.58  │ 1431.95 │ 400.00   │ net30797                                                                    │ _073041_/B1                │ met3  │
│ 3.58  │ 1431.95 │ 400.00   │ net32071                                                                    │ _078377_/C1                │ met3  │
│ 3.55  │ 1419.87 │ 400.00   │ net3384                                                                     │ _114420_/A0                │ met3  │
│ 3.55  │ 1419.62 │ 400.00   │ net2586                                                                     │ _076668_/C_N               │ met3  │
│ 3.48  │ 1392.30 │ 400.00   │ net11763                                                                    │ _070146_/A2                │ met3  │
│ 3.48  │ 1392.30 │ 400.00   │ net11763                                                                    │ _072806_/B                 │ met3  │
│ 3.48  │ 1391.81 │ 400.00   │ net3656                                                                     │ _074662_/A3                │ met3  │
│ 3.48  │ 1391.81 │ 400.00   │ net10055                                                                    │ _076597_/B1                │ met3  │
│ 3.48  │ 1391.77 │ 400.00   │ net4360                                                                     │ _072678_/B1                │ met3  │
│ 3.48  │ 1391.77 │ 400.00   │ net4360                                                                     │ _078118_/B2                │ met3  │
│ 3.47  │ 1387.77 │ 400.00   │ net30698                                                                    │ _073649_/B1                │ met3  │
│ 3.47  │ 1387.51 │ 400.00   │ net31529                                                                    │ _074845_/A2                │ met3  │
│ 3.47  │ 1387.35 │ 400.00   │ net2390                                                                     │ _074575_/A2                │ met3  │
│ 3.47  │ 1387.35 │ 400.00   │ net31604                                                                    │ _078148_/B1                │ met3  │
│ 3.47  │ 1387.35 │ 400.00   │ net31665                                                                    │ _077472_/A2                │ met3  │
│ 3.42  │ 1369.60 │ 400.00   │ net6188                                                                     │ _076817_/B1                │ met3  │
│ 3.41  │ 1362.76 │ 400.00   │ net30572                                                                    │ _075287_/B1                │ met3  │
│ 3.37  │ 1347.20 │ 400.00   │ net3532                                                                     │ _074732_/A3                │ met3  │
│ 3.36  │ 1342.74 │ 400.00   │ net6315                                                                     │ _076383_/A2                │ met3  │
│ 3.36  │ 1342.74 │ 400.00   │ net7525                                                                     │ _077521_/A1                │ met3  │
│ 3.35  │ 1340.83 │ 400.00   │ net31110                                                                    │ _071568_/B                 │ met3  │
│ 3.35  │ 1340.56 │ 400.00   │ net4757                                                                     │ _071577_/A2                │ met3  │
│ 3.35  │ 1340.56 │ 400.00   │ net4757                                                                     │ _073124_/B2                │ met3  │
│ 3.33  │ 1332.00 │ 400.00   │ net7538                                                                     │ _073036_/B                 │ met3  │
│ 3.31  │ 1325.04 │ 400.00   │ net6187                                                                     │ _072368_/B1                │ met3  │
│ 3.31  │ 1325.04 │ 400.00   │ net6187                                                                     │ _078336_/B1                │ met3  │
│ 3.31  │ 1324.85 │ 400.00   │ net4448                                                                     │ _072371_/A2                │ met3  │
│ 3.31  │ 1324.85 │ 400.00   │ net4448                                                                     │ _073468_/B2                │ met3  │
│ 3.31  │ 1324.34 │ 400.00   │ clknet_1_0_1_clk_i                                                          │ clkbuf_leaf_8_clk_i/A      │ met3  │
│ 3.31  │ 1323.24 │ 400.00   │ net11874                                                                    │ _074458_/A                 │ met3  │
│ 3.31  │ 1323.20 │ 400.00   │ net32095                                                                    │ fanout19021/A              │ met3  │
│ 3.31  │ 1323.20 │ 400.00   │ net32095                                                                    │ fanout19037/A              │ met3  │
│ 3.30  │ 1320.55 │ 400.00   │ net30833                                                                    │ _074510_/A1                │ met3  │
│ 3.30  │ 1320.55 │ 400.00   │ net30833                                                                    │ _074737_/A1                │ met3  │
│ 3.30  │ 1320.47 │ 400.00   │ net1572                                                                     │ _112873_/B2                │ met3  │
│ 3.30  │ 1320.47 │ 400.00   │ net1572                                                                     │ fanout1565/A               │ met3  │
│ 3.26  │ 1302.72 │ 400.00   │ net30610                                                                    │ _072537_/B1                │ met3  │
│ 3.26  │ 1302.72 │ 400.00   │ net31363                                                                    │ _078275_/B2                │ met3  │
│ 3.26  │ 1302.69 │ 400.00   │ net30742                                                                    │ _076822_/B1                │ met3  │
│ 3.25  │ 1298.29 │ 400.00   │ net31433                                                                    │ _072285_/B1                │ met3  │
│ 3.25  │ 1298.13 │ 400.00   │ _020582_                                                                    │ _071917_/A1                │ met3  │
│ 3.25  │ 1298.13 │ 400.00   │ net4917                                                                     │ _073018_/B2                │ met3  │
│ 3.25  │ 1298.13 │ 400.00   │ net31891                                                                    │ _077203_/A2                │ met3  │
│ 3.25  │ 1298.10 │ 400.00   │ net4283                                                                     │ _073071_/A2                │ met3  │
│ 3.25  │ 1298.10 │ 400.00   │ net4283                                                                     │ _078217_/A2                │ met3  │
│ 3.25  │ 1298.08 │ 400.00   │ net7221                                                                     │ _071184_/A2                │ met3  │
│ 3.25  │ 1298.08 │ 400.00   │ net7221                                                                     │ _076753_/A2                │ met3  │
│ 3.20  │ 1278.19 │ 400.00   │ net30695                                                                    │ _074497_/B                 │ met3  │
│ 3.20  │ 1278.19 │ 400.00   │ net30695                                                                    │ _074636_/B2                │ met3  │
│ 3.17  │ 1268.41 │ 400.00   │ net4622                                                                     │ _071381_/A1                │ met3  │
│ 3.17  │ 1268.41 │ 400.00   │ net4622                                                                     │ _073658_/A3                │ met3  │
│ 3.17  │ 1268.41 │ 400.00   │ net4622                                                                     │ _076706_/B2                │ met3  │
│ 3.17  │ 1267.01 │ 400.00   │ net31463                                                                    │ _076313_/A1                │ met3  │
│ 3.16  │ 1262.74 │ 400.00   │ net6835                                                                     │ _077553_/B1                │ met3  │
│ 3.15  │ 1260.27 │ 400.00   │ net4763                                                                     │ _072839_/B1                │ met3  │
│ 3.15  │ 1260.27 │ 400.00   │ net4763                                                                     │ _078357_/A2                │ met3  │
│ 3.15  │ 1258.08 │ 400.00   │ _020164_                                                                    │ _074942_/B1                │ met3  │
│ 3.14  │ 1257.99 │ 400.00   │ net12648                                                                    │ _076048_/A1                │ met3  │
│ 3.14  │ 1257.99 │ 400.00   │ net30785                                                                    │ _076673_/B2                │ met3  │
│ 3.13  │ 1253.82 │ 400.00   │ net10158                                                                    │ _071591_/B1                │ met3  │
│ 3.13  │ 1253.53 │ 400.00   │ net11244                                                                    │ _078498_/A2                │ met3  │
│ 3.13  │ 1253.53 │ 400.00   │ net30453                                                                    │ _078353_/B1                │ met3  │
│ 3.13  │ 1253.51 │ 400.00   │ net6746                                                                     │ _072766_/A1                │ met3  │
│ 3.13  │ 1253.51 │ 400.00   │ net6746                                                                     │ _078412_/A1                │ met3  │
│ 3.11  │ 1244.57 │ 400.00   │ net6269                                                                     │ _077807_/C                 │ met3  │
│ 3.11  │ 1244.49 │ 400.00   │ net10513                                                                    │ _073893_/A                 │ met3  │
│ 3.11  │ 1244.49 │ 400.00   │ net10513                                                                    │ _076387_/C1                │ met3  │
│ 3.09  │ 1235.87 │ 400.00   │ _022342_                                                                    │ _073679_/D_N               │ met3  │
│ 3.09  │ 1235.62 │ 400.00   │ net11051                                                                    │ _075962_/A                 │ met3  │
│ 3.08  │ 1231.21 │ 400.00   │ net31299                                                                    │ _071413_/B1                │ met3  │
│ 3.08  │ 1231.21 │ 400.00   │ net31299                                                                    │ _078755_/B1                │ met3  │
│ 3.06  │ 1222.30 │ 400.00   │ net31929                                                                    │ _073007_/A1                │ met3  │
│ 3.06  │ 1222.30 │ 400.00   │ net31929                                                                    │ _074757_/A1                │ met3  │
│ 3.06  │ 1222.30 │ 400.00   │ net31929                                                                    │ _074787_/B2                │ met3  │
│ 3.04  │ 1217.84 │ 400.00   │ net4366                                                                     │ _072907_/B1                │ met3  │
│ 3.04  │ 1217.84 │ 400.00   │ net14119                                                                    │ _078937_/A1                │ met3  │
│ 3.03  │ 1213.38 │ 400.00   │ _019545_                                                                    │ _075049_/B1                │ met3  │
│ 3.02  │ 1209.08 │ 400.00   │ net6309                                                                     │ _072457_/A2                │ met3  │
│ 3.02  │ 1209.05 │ 400.00   │ net30963                                                                    │ _077861_/A2                │ met3  │
│ 3.02  │ 1208.97 │ 400.00   │ net32093                                                                    │ _072814_/A1                │ met3  │
│ 3.02  │ 1208.97 │ 400.00   │ net32093                                                                    │ _077857_/A1                │ met3  │
│ 3.02  │ 1208.89 │ 400.00   │ net31104                                                                    │ _073852_/B1                │ met3  │
│ 3.02  │ 1208.89 │ 400.00   │ net31104                                                                    │ _077626_/B1                │ met3  │
│ 3.02  │ 1206.82 │ 400.00   │ net31206                                                                    │ _078035_/A1                │ met3  │
│ 3.02  │ 1206.82 │ 400.00   │ net31206                                                                    │ _078551_/A1                │ met3  │
│ 3.02  │ 1206.64 │ 400.00   │ net4310                                                                     │ _076521_/B1                │ met3  │
│ 3.02  │ 1206.64 │ 400.00   │ net4310                                                                     │ _079049_/A2                │ met3  │
│ 2.98  │ 1191.33 │ 400.00   │ net18991                                                                    │ fanout18930/A              │ met3  │
│ 2.97  │ 1186.87 │ 400.00   │ data_bram_ctrl_inst.data_ram.u_mem.g_2k[1\].u_cell.rdata[10\]               │ _113662_/A1                │ met4  │
│ 2.97  │ 1186.59 │ 400.00   │ net11717                                                                    │ _070366_/A1                │ met3  │
│ 2.97  │ 1186.59 │ 400.00   │ net11717                                                                    │ _071359_/A1                │ met3  │
│ 2.97  │ 1186.57 │ 400.00   │ net31627                                                                    │ _075432_/A2                │ met3  │
│ 2.97  │ 1186.57 │ 400.00   │ net31627                                                                    │ _076273_/A1                │ met3  │
│ 2.93  │ 1173.37 │ 400.00   │ net7461                                                                     │ _072535_/A1                │ met3  │
│ 2.92  │ 1168.78 │ 400.00   │ _022338_                                                                    │ _073675_/C1                │ met3  │
│ 2.92  │ 1168.78 │ 400.00   │ net30668                                                                    │ _071919_/A2                │ met3  │
│ 2.91  │ 1164.61 │ 400.00   │ net30838                                                                    │ _076571_/B2                │ met3  │
│ 2.91  │ 1164.48 │ 400.00   │ net7825                                                                     │ _075787_/A2                │ met3  │
│ 2.91  │ 1164.48 │ 400.00   │ net31500                                                                    │ _077875_/B1                │ met3  │
│ 2.91  │ 1164.32 │ 400.00   │ _048504_                                                                    │ _105563_/B1                │ met3  │
│ 2.91  │ 1164.32 │ 400.00   │ _049873_                                                                    │ _106943_/B2                │ met3  │
│ 2.91  │ 1164.32 │ 400.00   │ net3844                                                                     │ _076942_/A1                │ met3  │
│ 2.91  │ 1164.32 │ 400.00   │ net30795                                                                    │ _075518_/A2                │ met3  │
│ 2.91  │ 1164.32 │ 400.00   │ net30818                                                                    │ _077771_/B2                │ met3  │
│ 2.91  │ 1164.30 │ 400.00   │ net31462                                                                    │ _071354_/A1                │ met3  │
│ 2.91  │ 1164.30 │ 400.00   │ net31462                                                                    │ _076071_/A2                │ met3  │
│ 2.91  │ 1162.07 │ 400.00   │ net6475                                                                     │ _074048_/A3                │ met3  │
│ 2.91  │ 1162.07 │ 400.00   │ net6475                                                                     │ _075578_/B1                │ met3  │
│ 2.87  │ 1146.44 │ 400.00   │ net6624                                                                     │ _071376_/B2                │ met3  │
│ 2.87  │ 1146.44 │ 400.00   │ net6624                                                                     │ _076048_/A2                │ met3  │
│ 2.87  │ 1146.27 │ 400.00   │ net31524                                                                    │ _076863_/A2_N              │ met3  │
│ 2.87  │ 1146.27 │ 400.00   │ net31524                                                                    │ _078056_/B1                │ met3  │
│ 2.85  │ 1142.00 │ 400.00   │ net31022                                                                    │ _074037_/A2                │ met3  │
│ 2.85  │ 1142.00 │ 400.00   │ net31022                                                                    │ _074751_/B2                │ met3  │
│ 2.83  │ 1133.22 │ 400.00   │ net10312                                                                    │ _073640_/A1                │ met3  │
│ 2.82  │ 1128.76 │ 400.00   │ net8072                                                                     │ _076551_/A1                │ met3  │
│ 2.82  │ 1126.28 │ 400.00   │ net6476                                                                     │ _072911_/B                 │ met3  │
│ 2.82  │ 1126.28 │ 400.00   │ net6476                                                                     │ _074943_/B                 │ met3  │
│ 2.81  │ 1124.20 │ 400.00   │ net4202                                                                     │ _074954_/B1                │ met3  │
│ 2.81  │ 1124.17 │ 400.00   │ net4676                                                                     │ _071941_/A1                │ met3  │
│ 2.81  │ 1124.17 │ 400.00   │ net7292                                                                     │ _073468_/B1                │ met3  │
│ 2.81  │ 1124.17 │ 400.00   │ net11129                                                                    │ _072609_/B2                │ met3  │
│ 2.81  │ 1124.17 │ 400.00   │ net31927                                                                    │ _073960_/A2                │ met3  │
│ 2.81  │ 1122.29 │ 400.00   │ clknet_1_0_1_clk_i                                                          │ clkbuf_leaf_0_clk_i/A      │ met3  │
│ 2.80  │ 1120.00 │ 400.00   │ net6271                                                                     │ _077683_/A1                │ met3  │
│ 2.80  │ 1119.84 │ 400.00   │ net6906                                                                     │ _072811_/A2                │ met3  │
│ 2.80  │ 1119.71 │ 400.00   │ _021580_                                                                    │ _072915_/A2                │ met3  │
│ 2.80  │ 1119.71 │ 400.00   │ _023241_                                                                    │ _074581_/A2                │ met3  │
│ 2.80  │ 1119.71 │ 400.00   │ net6310                                                                     │ _078563_/B1                │ met3  │
│ 2.80  │ 1119.71 │ 400.00   │ net10215                                                                    │ _077080_/A2                │ met3  │
│ 2.80  │ 1119.71 │ 400.00   │ net10521                                                                    │ _072904_/B2                │ met3  │
│ 2.80  │ 1119.71 │ 400.00   │ net11583                                                                    │ _069900_/B                 │ met3  │
│ 2.80  │ 1119.71 │ 400.00   │ net31739                                                                    │ _077355_/A2                │ met3  │
│ 2.74  │ 1097.45 │ 400.00   │ net7273                                                                     │ _070691_/B1                │ met3  │
│ 2.74  │ 1097.45 │ 400.00   │ net7273                                                                     │ _077840_/A2                │ met3  │
│ 2.74  │ 1096.67 │ 400.00   │ net764                                                                      │ _062541_/A_N               │ met3  │
│ 2.74  │ 1096.67 │ 400.00   │ net764                                                                      │ _067601_/B2                │ met3  │
│ 2.74  │ 1095.22 │ 400.00   │ net7183                                                                     │ _073859_/A2                │ met3  │
│ 2.74  │ 1095.22 │ 400.00   │ net7183                                                                     │ _077189_/B2                │ met3  │
│ 2.74  │ 1095.19 │ 400.00   │ _019487_                                                                    │ _070816_/B                 │ met3  │
│ 2.74  │ 1095.13 │ 400.00   │ net4438                                                                     │ _075246_/B1                │ met3  │
│ 2.71  │ 1084.02 │ 400.00   │ net31532                                                                    │ _076967_/A2                │ met3  │
│ 2.70  │ 1079.85 │ 400.00   │ net31294                                                                    │ _072852_/B1                │ met3  │
│ 2.70  │ 1079.60 │ 400.00   │ net10403                                                                    │ _075813_/A3                │ met3  │
│ 2.70  │ 1079.56 │ 400.00   │ net7308                                                                     │ _078274_/B1                │ met3  │
│ 2.69  │ 1075.39 │ 400.00   │ net31604                                                                    │ _072239_/A2                │ met3  │
│ 2.69  │ 1075.26 │ 400.00   │ net31696                                                                    │ _074101_/A2                │ met3  │
│ 2.69  │ 1075.23 │ 400.00   │ net10683                                                                    │ _071681_/A1                │ met3  │
│ 2.69  │ 1075.10 │ 400.00   │ _023845_                                                                    │ _075188_/B2                │ met3  │
│ 2.69  │ 1075.10 │ 400.00   │ net2083                                                                     │ wire2082/A                 │ met3  │
│ 2.69  │ 1075.10 │ 400.00   │ net4554                                                                     │ _071615_/A1                │ met3  │
│ 2.69  │ 1075.10 │ 400.00   │ net6665                                                                     │ _071342_/B1                │ met3  │
│ 2.69  │ 1075.10 │ 400.00   │ net30646                                                                    │ _076496_/B2                │ met3  │
│ 2.69  │ 1075.10 │ 400.00   │ net31822                                                                    │ _071159_/A1                │ met3  │
│ 2.68  │ 1072.82 │ 400.00   │ net30454                                                                    │ _079115_/B1                │ met3  │
│ 2.68  │ 1072.82 │ 400.00   │ net30454                                                                    │ _079174_/B1                │ met3  │
│ 2.68  │ 1072.82 │ 400.00   │ net30704                                                                    │ _074959_/B1                │ met3  │
│ 2.68  │ 1072.82 │ 400.00   │ net30704                                                                    │ _078035_/B2                │ met3  │
│ 2.66  │ 1062.54 │ 400.00   │ net30716                                                                    │ _075701_/B1                │ met3  │
│ 2.65  │ 1060.70 │ 400.00   │ net12442                                                                    │ _073897_/B                 │ met3  │
│ 2.65  │ 1060.38 │ 400.00   │ net17455                                                                    │ _078291_/C                 │ met3  │
│ 2.65  │ 1058.69 │ 400.00   │ net30845                                                                    │ _074110_/A2                │ met3  │
│ 2.65  │ 1058.69 │ 400.00   │ net30845                                                                    │ _075345_/A1                │ met3  │
│ 2.65  │ 1058.69 │ 400.00   │ net30845                                                                    │ _076527_/A2                │ met3  │
│ 2.64  │ 1054.98 │ 400.00   │ net30732                                                                    │ _071586_/A2                │ met3  │
│ 2.64  │ 1054.98 │ 400.00   │ net30732                                                                    │ _076016_/B2                │ met3  │
│ 2.62  │ 1046.79 │ 400.00   │ net30636                                                                    │ _074546_/B1                │ met3  │
│ 2.62  │ 1046.79 │ 400.00   │ net30636                                                                    │ _074731_/A2                │ met3  │
│ 2.62  │ 1046.79 │ 400.00   │ net30636                                                                    │ _075732_/B1                │ met3  │
│ 2.62  │ 1046.53 │ 400.00   │ net13673                                                                    │ _075378_/A3                │ met3  │
│ 2.62  │ 1046.53 │ 400.00   │ net13673                                                                    │ _078668_/B                 │ met3  │
│ 2.61  │ 1043.89 │ 400.00   │ net31318                                                                    │ _073303_/A3                │ met3  │
│ 2.61  │ 1043.89 │ 400.00   │ net31318                                                                    │ _074523_/B1                │ met3  │
│ 2.61  │ 1043.89 │ 400.00   │ net31318                                                                    │ _077270_/B1                │ met3  │
│ 2.60  │ 1039.27 │ 400.00   │ clknet_1_1_0_clk_i                                                          │ clkbuf_1_1_1_clk_i/A       │ met3  │
│ 2.59  │ 1034.96 │ 400.00   │ net3499                                                                     │ _075845_/B1                │ met3  │
│ 2.59  │ 1034.96 │ 400.00   │ net6061                                                                     │ _078277_/B2                │ met3  │
│ 2.58  │ 1030.66 │ 400.00   │ net31071                                                                    │ _078811_/B2                │ met3  │
│ 2.58  │ 1030.63 │ 400.00   │ net31617                                                                    │ _074607_/A2                │ met3  │
│ 2.58  │ 1030.50 │ 400.00   │ _025392_                                                                    │ _076742_/B1                │ met3  │
│ 2.58  │ 1030.50 │ 400.00   │ _027683_                                                                    │ _079042_/A3                │ met3  │
│ 2.58  │ 1030.50 │ 400.00   │ net2382                                                                     │ _076222_/A2                │ met3  │
│ 2.58  │ 1030.50 │ 400.00   │ net6073                                                                     │ _074928_/B2                │ met3  │
│ 2.58  │ 1030.50 │ 400.00   │ net31247                                                                    │ _075203_/B1                │ met3  │
│ 2.58  │ 1030.48 │ 400.00   │ _021851_                                                                    │ _074431_/B1                │ met3  │
│ 2.58  │ 1030.48 │ 400.00   │ _021851_                                                                    │ _076439_/B1                │ met3  │
│ 2.58  │ 1030.48 │ 400.00   │ net7061                                                                     │ _071165_/A1                │ met3  │
│ 2.58  │ 1030.48 │ 400.00   │ net7061                                                                     │ _075694_/B1                │ met3  │
│ 2.57  │ 1028.40 │ 400.00   │ net31428                                                                    │ _071039_/A2                │ met3  │
│ 2.57  │ 1028.40 │ 400.00   │ net31428                                                                    │ _076123_/B2                │ met3  │
│ 2.54  │ 1017.04 │ 400.00   │ net32018                                                                    │ fanout19078/A              │ met3  │
│ 2.54  │ 1014.14 │ 400.00   │ net31401                                                                    │ _072717_/B2                │ met3  │
│ 2.54  │ 1014.14 │ 400.00   │ net31401                                                                    │ _072792_/B                 │ met3  │
│ 2.54  │ 1014.14 │ 400.00   │ net31401                                                                    │ _074672_/B2                │ met3  │
│ 2.52  │ 1009.76 │ 400.00   │ data_bram_ctrl_inst.data_ram.u_mem.g_2k[1\].u_cell.rdata[12\]               │ _113666_/A1                │ met4  │
│ 2.51  │ 1005.95 │ 400.00   │ net30959                                                                    │ _070331_/A2                │ met3  │
│ 2.51  │ 1005.95 │ 400.00   │ net30959                                                                    │ _071416_/B1                │ met3  │
│ 2.51  │ 1005.92 │ 400.00   │ net30980                                                                    │ _071159_/A2                │ met3  │
│ 2.51  │ 1005.92 │ 400.00   │ net30980                                                                    │ _078367_/A2                │ met3  │
│ 2.51  │ 9208.76 │ 3669.20  │ net3937                                                                     │ _062541_/B                 │ met4  │
│ 2.49  │ 997.81  │ 400.00   │ net6111                                                                     │ _072791_/B1                │ met3  │
│ 2.49  │ 997.81  │ 400.00   │ net6111                                                                     │ _072848_/A2                │ met3  │
│ 2.49  │ 997.81  │ 400.00   │ net6111                                                                     │ _072963_/B1                │ met3  │
│ 2.49  │ 994.94  │ 400.00   │ net31898                                                                    │ _073987_/A2                │ met3  │
│ 2.48  │ 990.64  │ 400.00   │ net10122                                                                    │ _077721_/A3                │ met3  │
│ 2.48  │ 990.35  │ 400.00   │ net2873                                                                     │ _076983_/A2                │ met3  │
│ 2.47  │ 986.02  │ 400.00   │ net12405                                                                    │ _072521_/A3                │ met3  │
│ 2.46  │ 985.93  │ 400.00   │ net31242                                                                    │ _070675_/B                 │ met3  │
│ 2.46  │ 985.93  │ 400.00   │ net31242                                                                    │ _075012_/A1                │ met3  │
│ 2.46  │ 985.91  │ 400.00   │ net31729                                                                    │ _073908_/A2                │ met3  │
│ 2.46  │ 985.91  │ 400.00   │ net31729                                                                    │ _075470_/B2                │ met3  │
│ 2.46  │ 985.89  │ 400.00   │ net2585                                                                     │ _076978_/A3                │ met3  │
│ 2.46  │ 985.89  │ 400.00   │ net2600                                                                     │ _075715_/A2                │ met3  │
│ 2.46  │ 985.89  │ 400.00   │ net6514                                                                     │ _074930_/A2                │ met3  │
│ 2.46  │ 985.89  │ 400.00   │ net14123                                                                    │ _076590_/A1                │ met3  │
│ 2.46  │ 985.89  │ 400.00   │ net31247                                                                    │ _073305_/B                 │ met3  │
│ 2.46  │ 983.71  │ 400.00   │ net6512                                                                     │ _074017_/A2                │ met3  │
│ 2.46  │ 983.71  │ 400.00   │ net6512                                                                     │ _078126_/A2                │ met3  │
│ 2.46  │ 983.61  │ 400.00   │ net32184                                                                    │ wire3027/A                 │ met3  │
│ 2.46  │ 982.51  │ 400.00   │ net7720                                                                     │ _075152_/B2                │ met3  │
│ 2.46  │ 982.51  │ 400.00   │ net7720                                                                     │ _077378_/B2                │ met3  │
│ 2.46  │ 982.51  │ 400.00   │ net7720                                                                     │ _078281_/A1                │ met3  │
│ 2.45  │ 981.52  │ 400.00   │ net13702                                                                    │ _076316_/A                 │ met3  │
│ 2.45  │ 981.42  │ 400.00   │ net4967                                                                     │ _070512_/B                 │ met3  │
│ 2.45  │ 981.42  │ 400.00   │ net4967                                                                     │ _077176_/A1                │ met3  │
│ 2.43  │ 972.76  │ 400.00   │ GPIO_wdata[18\]                                                             │ _114412_/A0                │ met3  │
│ 2.43  │ 972.76  │ 400.00   │ _052029_                                                                    │ _109110_/B                 │ met3  │
│ 2.43  │ 972.76  │ 400.00   │ net11102                                                                    │ _072339_/B                 │ met3  │
│ 2.43  │ 972.76  │ 400.00   │ net13118                                                                    │ _073613_/D                 │ met3  │
│ 2.42  │ 969.54  │ 400.00   │ net31320                                                                    │ _072164_/A1                │ met3  │
│ 2.42  │ 969.54  │ 400.00   │ net31320                                                                    │ _078263_/A1                │ met3  │
│ 2.42  │ 969.54  │ 400.00   │ net31320                                                                    │ _078512_/A1                │ met3  │
│ 2.41  │ 964.11  │ 400.00   │ clknet_2_1_0_clk_i_regs                                                     │ clkbuf_2_1_1_clk_i_regs/A  │ met3  │
│ 2.41  │ 963.64  │ 400.00   │ net31871                                                                    │ _072414_/B                 │ met3  │
│ 2.41  │ 963.64  │ 400.00   │ net31871                                                                    │ _074462_/A1                │ met3  │
│ 2.41  │ 963.60  │ 400.00   │ net31016                                                                    │ _075491_/B2                │ met3  │
│ 2.41  │ 963.60  │ 400.00   │ net31016                                                                    │ _076079_/B2                │ met3  │
│ 2.41  │ 963.54  │ 400.00   │ net8156                                                                     │ _077767_/A1                │ met3  │
│ 2.40  │ 961.39  │ 400.00   │ net10007                                                                    │ _076034_/B1                │ met3  │
│ 2.40  │ 960.85  │ 400.00   │ net32523                                                                    │ wire16312/A                │ met3  │
│ 2.39  │ 954.60  │ 400.00   │ net4752                                                                     │ _070996_/B1                │ met3  │
│ 2.39  │ 954.60  │ 400.00   │ net4752                                                                     │ _075762_/B1                │ met3  │
│ 2.36  │ 945.87  │ 400.00   │ net6623                                                                     │ _072444_/A2                │ met3  │
│ 2.36  │ 945.87  │ 400.00   │ net6890                                                                     │ _077745_/A3                │ met3  │
│ 2.36  │ 945.87  │ 400.00   │ net11108                                                                    │ _076513_/A1                │ met3  │
│ 2.36  │ 945.75  │ 400.00   │ net10136                                                                    │ _074309_/B2                │ met3  │
│ 2.36  │ 945.75  │ 400.00   │ net31580                                                                    │ _075857_/A2                │ met3  │
│ 2.36  │ 942.89  │ 400.00   │ net5270                                                                     │ _061064_/A_N               │ met3  │
│ 2.36  │ 942.89  │ 400.00   │ net5270                                                                     │ _061065_/B                 │ met3  │
│ 2.36  │ 942.89  │ 400.00   │ net5270                                                                     │ _106246_/A1_N              │ met3  │
│ 2.35  │ 941.58  │ 400.00   │ net31009                                                                    │ _076552_/B2                │ met3  │
│ 2.35  │ 941.33  │ 400.00   │ net6477                                                                     │ _078681_/A1                │ met3  │
│ 2.35  │ 941.33  │ 400.00   │ net6477                                                                     │ _079012_/B1                │ met3  │
│ 2.35  │ 941.28  │ 400.00   │ _026250_                                                                    │ _077608_/A2                │ met3  │
│ 2.35  │ 941.28  │ 400.00   │ net6123                                                                     │ _078233_/B1                │ met3  │
│ 2.35  │ 941.28  │ 400.00   │ net31477                                                                    │ _070515_/B1                │ met3  │
│ 2.35  │ 939.04  │ 400.00   │ net7153                                                                     │ _072056_/B1                │ met3  │
│ 2.35  │ 939.04  │ 400.00   │ net7153                                                                     │ _078001_/B2                │ met3  │
│ 2.34  │ 934.33  │ 400.00   │ net10597                                                                    │ _074988_/B                 │ met2  │
│ 2.33  │ 931.27  │ 400.00   │ data_bram_ctrl_inst.data_ram.u_mem.g_2k[1\].u_cell.rdata[22\]               │ _113686_/A1                │ met4  │
│ 2.32  │ 928.21  │ 400.00   │ net30817                                                                    │ _074602_/A1                │ met3  │
│ 2.32  │ 928.21  │ 400.00   │ net30817                                                                    │ _078156_/B                 │ met3  │
│ 2.31  │ 923.38  │ 400.00   │ net31424                                                                    │ _071413_/A2                │ met3  │
│ 2.31  │ 923.38  │ 400.00   │ net31424                                                                    │ _075475_/A2                │ met3  │
│ 2.31  │ 923.38  │ 400.00   │ net31424                                                                    │ _078376_/A2                │ met3  │
│ 2.31  │ 922.64  │ 400.00   │ clknet_1_1_1_clk_i_regs                                                     │ clkbuf_2_2_0_clk_i_regs/A  │ met3  │
│ 2.31  │ 922.64  │ 400.00   │ clknet_1_1_1_clk_i_regs                                                     │ clkbuf_2_3_0_clk_i_regs/A  │ met3  │
│ 2.30  │ 919.18  │ 400.00   │ net31890                                                                    │ _074561_/B1                │ met3  │
│ 2.30  │ 919.18  │ 400.00   │ net31890                                                                    │ _075733_/A1                │ met3  │
│ 2.30  │ 919.11  │ 400.00   │ net6508                                                                     │ _072272_/A3                │ met3  │
│ 2.30  │ 919.11  │ 400.00   │ net6508                                                                     │ _072678_/A2                │ met3  │
│ 2.30  │ 918.95  │ 400.00   │ net31155                                                                    │ _075335_/A2                │ met3  │
│ 2.30  │ 918.95  │ 400.00   │ net31155                                                                    │ _078387_/A3                │ met3  │
│ 2.29  │ 916.74  │ 400.00   │ net31732                                                                    │ _071586_/B2                │ met3  │
│ 2.29  │ 916.74  │ 400.00   │ net31732                                                                    │ _074065_/B1                │ met3  │
│ 2.29  │ 916.72  │ 400.00   │ net30733                                                                    │ _074167_/A1                │ met3  │
│ 2.29  │ 916.72  │ 400.00   │ net30733                                                                    │ _078195_/A2                │ met3  │
│ 2.29  │ 916.70  │ 400.00   │ net3630                                                                     │ _074572_/B2                │ met3  │
│ 2.29  │ 916.70  │ 400.00   │ net3630                                                                     │ _078209_/B1                │ met3  │
│ 2.26  │ 904.67  │ 400.00   │ net32525                                                                    │ wire16309/A                │ met3  │
│ 2.25  │ 901.33  │ 400.00   │ net31236                                                                    │ _074063_/B2                │ met3  │
│ 2.25  │ 901.33  │ 400.00   │ net31236                                                                    │ _075579_/B2                │ met3  │
│ 2.25  │ 901.30  │ 400.00   │ net30610                                                                    │ _076184_/B1                │ met3  │
│ 2.25  │ 901.30  │ 400.00   │ net31760                                                                    │ _077763_/A2                │ met3  │
│ 2.25  │ 901.17  │ 400.00   │ net31901                                                                    │ _073216_/B2                │ met3  │
│ 2.25  │ 6667.81 │ 2964.40  │ _023648_                                                                    │ _074990_/A                 │ met3  │
│ 2.25  │ 898.91  │ 400.00   │ net7984                                                                     │ _076694_/A1                │ met3  │
│ 2.25  │ 898.91  │ 400.00   │ net7984                                                                     │ _077958_/A1                │ met3  │
│ 2.24  │ 896.84  │ 400.00   │ net10521                                                                    │ _077935_/A2                │ met3  │
│ 2.24  │ 896.84  │ 400.00   │ net30741                                                                    │ _072394_/A2                │ met3  │
│ 2.24  │ 896.84  │ 400.00   │ net31644                                                                    │ _071999_/B2                │ met3  │
│ 2.24  │ 896.74  │ 400.00   │ net31788                                                                    │ _074780_/A1                │ met3  │
│ 2.24  │ 896.74  │ 400.00   │ net31788                                                                    │ _075510_/A3                │ met3  │
│ 2.24  │ 896.68  │ 400.00   │ _010771_                                                                    │ _061032_/B1                │ met3  │
│ 2.24  │ 896.68  │ 400.00   │ net3707                                                                     │ _077246_/A1                │ met3  │
│ 2.24  │ 896.68  │ 400.00   │ net4209                                                                     │ _074782_/B1                │ met3  │
│ 2.24  │ 896.68  │ 400.00   │ net7162                                                                     │ _074311_/B2                │ met3  │
│ 2.24  │ 896.68  │ 400.00   │ net30801                                                                    │ _076083_/B1                │ met3  │
│ 2.22  │ 889.81  │ 400.00   │ net10923                                                                    │ _070389_/B                 │ met3  │
│ 2.22  │ 889.81  │ 400.00   │ net10923                                                                    │ _074044_/A2                │ met3  │
│ 2.21  │ 885.14  │ 400.00   │ net6988                                                                     │ _077965_/A                 │ met3  │
│ 2.21  │ 885.14  │ 400.00   │ net30727                                                                    │ _074268_/D                 │ met3  │
│ 2.21  │ 885.14  │ 400.00   │ net30820                                                                    │ _071344_/C                 │ met3  │
│ 2.20  │ 8078.67 │ 3669.20  │ net31226                                                                    │ _077132_/B                 │ met3  │
│ 2.20  │ 8069.71 │ 3669.20  │ net30820                                                                    │ _071344_/C                 │ met4  │
│ 2.19  │ 8025.90 │ 3669.20  │ net2870                                                                     │ _077087_/C                 │ met4  │
│ 2.19  │ 874.42  │ 400.00   │ net31846                                                                    │ _075548_/A2                │ met3  │
│ 2.19  │ 874.42  │ 400.00   │ net31846                                                                    │ _077348_/B2                │ met3  │
│ 2.19  │ 874.33  │ 400.00   │ net32176                                                                    │ _110281_/B                 │ met3  │
│ 2.18  │ 870.96  │ 400.00   │ net30678                                                                    │ wire30677/A                │ met3  │
│ 2.15  │ 861.12  │ 400.00   │ net31631                                                                    │ _072012_/A2                │ met3  │
│ 2.15  │ 861.03  │ 400.00   │ net4277                                                                     │ _073791_/A2                │ met3  │
│ 2.14  │ 856.79  │ 400.00   │ net10941                                                                    │ _073948_/A1                │ met3  │
│ 2.14  │ 856.66  │ 400.00   │ net31501                                                                    │ _072894_/A2                │ met3  │
│ 2.14  │ 856.53  │ 400.00   │ net2592                                                                     │ _076366_/B1                │ met3  │
│ 2.14  │ 854.98  │ 400.00   │ net32500                                                                    │ _067609_/A0                │ met3  │
│ 2.13  │ 852.23  │ 400.00   │ net32232                                                                    │ _072011_/A1                │ met3  │
│ 2.13  │ 852.20  │ 400.00   │ _018532_                                                                    │ _076691_/A2                │ met3  │
│ 2.13  │ 852.20  │ 400.00   │ net31280                                                                    │ _073301_/A1                │ met3  │
│ 2.13  │ 852.07  │ 400.00   │ _011454_                                                                    │ _061725_/B1                │ met3  │
│ 2.13  │ 852.07  │ 400.00   │ _020847_                                                                    │ _079028_/A2                │ met3  │
│ 2.13  │ 852.07  │ 400.00   │ _022149_                                                                    │ _073485_/A2                │ met3  │
│ 2.13  │ 852.07  │ 400.00   │ net30730                                                                    │ _078787_/A2                │ met3  │
│ 2.13  │ 852.07  │ 400.00   │ net30869                                                                    │ _076679_/A2                │ met3  │
│ 2.13  │ 852.07  │ 400.00   │ net30962                                                                    │ _071776_/A2                │ met3  │
│ 2.13  │ 852.07  │ 400.00   │ net31274                                                                    │ _076216_/A1                │ met3  │
│ 2.13  │ 852.07  │ 400.00   │ net31597                                                                    │ _076527_/B1                │ met3  │
│ 2.13  │ 852.07  │ 400.00   │ net32026                                                                    │ _075106_/B1                │ met3  │
│ 2.13  │ 852.04  │ 400.00   │ net2554                                                                     │ _079004_/B2                │ met3  │
│ 2.13  │ 852.04  │ 400.00   │ net2554                                                                     │ _079153_/B1                │ met3  │
│ 2.13  │ 7806.86 │ 3669.20  │ net30089                                                                    │ _127725_/D                 │ met3  │
│ 2.13  │ 850.65  │ 400.00   │ net31113                                                                    │ _073496_/B2                │ met3  │
│ 2.13  │ 850.65  │ 400.00   │ net31113                                                                    │ _073911_/A2                │ met3  │
│ 2.13  │ 850.65  │ 400.00   │ net31113                                                                    │ _078065_/B1                │ met3  │
│ 2.12  │ 849.79  │ 400.00   │ net2532                                                                     │ _110051_/B                 │ met3  │
│ 2.12  │ 848.49  │ 400.00   │ net16316                                                                    │ wire16315/A                │ met3  │
│ 2.12  │ 848.49  │ 400.00   │ net32286                                                                    │ wire5231/A                 │ met3  │
│ 2.11  │ 7745.52 │ 3669.20  │ net4210                                                                     │ _074661_/B1_N              │ met4  │
│ 2.10  │ 840.30  │ 400.00   │ yz_bram_ctrl_inst.yz_ram.u_mem.u_mem.g_1k.u_cell.rdata[30\]                 │ wire21066/A                │ met3  │
│ 2.10  │ 838.62  │ 400.00   │ net2331                                                                     │ wire2330/A                 │ met3  │
│ 2.09  │ 837.27  │ 400.00   │ net31305                                                                    │ _073795_/B2                │ met3  │
│ 2.09  │ 837.27  │ 400.00   │ net31305                                                                    │ _074003_/A1                │ met3  │
│ 2.09  │ 837.27  │ 400.00   │ net31305                                                                    │ _076252_/A1                │ met3  │
│ 2.09  │ 835.66  │ 400.00   │ net31474                                                                    │ _071111_/A2                │ met3  │
│ 2.09  │ 835.66  │ 400.00   │ net31474                                                                    │ _071635_/B2                │ met3  │
│ 2.09  │ 835.66  │ 400.00   │ net31474                                                                    │ _078756_/B1                │ met3  │
│ 2.09  │ 834.19  │ 400.00   │ net31048                                                                    │ _078331_/B2                │ met3  │
│ 2.09  │ 834.19  │ 400.00   │ net31048                                                                    │ _078965_/B                 │ met3  │
│ 2.08  │ 832.54  │ 400.00   │ net32528                                                                    │ _067624_/A0                │ met3  │
│ 2.07  │ 829.72  │ 400.00   │ net2385                                                                     │ _075404_/B1                │ met3  │
│ 2.07  │ 829.72  │ 400.00   │ net2385                                                                     │ _075419_/B2                │ met3  │
│ 2.07  │ 827.57  │ 400.00   │ net31280                                                                    │ _077445_/A1                │ met3  │
│ 2.07  │ 827.52  │ 400.00   │ net11196                                                                    │ _074401_/A2                │ met3  │
│ 2.07  │ 827.52  │ 400.00   │ net11196                                                                    │ _078090_/A2                │ met3  │
│ 2.07  │ 827.20  │ 400.00   │ net31357                                                                    │ _076690_/A1                │ met2  │
│ 2.06  │ 823.15  │ 400.00   │ net4601                                                                     │ _073073_/B                 │ met3  │
│ 2.06  │ 823.15  │ 400.00   │ net4601                                                                     │ _073124_/A3                │ met3  │
│ 2.06  │ 823.15  │ 400.00   │ net4601                                                                     │ _074703_/A2                │ met3  │
│ 2.05  │ 820.85  │ 400.00   │ net2402                                                                     │ _073099_/B1                │ met3  │
│ 2.05  │ 820.85  │ 400.00   │ net10063                                                                    │ _072147_/B                 │ met3  │
│ 2.05  │ 819.31  │ 400.00   │ net31249                                                                    │ _071285_/B1                │ met3  │
│ 2.05  │ 819.31  │ 400.00   │ net31249                                                                    │ _074271_/B2                │ met3  │
│ 2.05  │ 819.31  │ 400.00   │ net31249                                                                    │ _075600_/A2                │ met3  │
│ 2.04  │ 816.39  │ 400.00   │ net30990                                                                    │ _077707_/A2                │ met3  │
│ 2.04  │ 815.20  │ 400.00   │ net17215                                                                    │ wire17214/A                │ met3  │
│ 2.03  │ 812.22  │ 400.00   │ net14572                                                                    │ _072618_/A1                │ met3  │
│ 2.03  │ 811.93  │ 400.00   │ net4298                                                                     │ _072877_/A2                │ met3  │
│ 2.03  │ 811.93  │ 400.00   │ net30802                                                                    │ _072550_/A2                │ met3  │
│ 2.02  │ 809.79  │ 400.00   │ net30537                                                                    │ _071744_/A1                │ met3  │
│ 2.02  │ 809.71  │ 400.00   │ net31498                                                                    │ _072087_/B1                │ met3  │
│ 2.02  │ 809.71  │ 400.00   │ net31498                                                                    │ _072815_/A1                │ met3  │
│ 2.02  │ 809.66  │ 400.00   │ net2865                                                                     │ _077349_/B                 │ met3  │
│ 2.02  │ 807.63  │ 400.00   │ net6502                                                                     │ _075600_/B1                │ met3  │
│ 2.02  │ 807.47  │ 400.00   │ _022112_                                                                    │ _073516_/B1                │ met3  │
│ 2.02  │ 807.47  │ 400.00   │ net2599                                                                     │ _075849_/A3                │ met3  │
│ 2.02  │ 807.47  │ 400.00   │ net5133                                                                     │ _077592_/A2                │ met3  │
│ 2.02  │ 807.47  │ 400.00   │ net11185                                                                    │ _078909_/A1                │ met3  │
│ 2.02  │ 807.47  │ 400.00   │ net30888                                                                    │ _072693_/A1                │ met3  │
│ 2.02  │ 806.29  │ 400.00   │ _024599_                                                                    │ _075978_/B                 │ met3  │
│ 2.02  │ 7395.05 │ 3669.20  │ net2563                                                                     │ _078730_/B                 │ met3  │
│ 2.02  │ 806.06  │ 400.00   │ net30965                                                                    │ _072735_/B2                │ met3  │
│ 2.02  │ 806.06  │ 400.00   │ net30965                                                                    │ _073128_/B1                │ met3  │
│ 2.02  │ 806.06  │ 400.00   │ net30965                                                                    │ _076770_/A2                │ met3  │
│ 1.99  │ 797.52  │ 400.00   │ _000152_                                                                    │ _119421_/D                 │ met3  │
│ 1.99  │ 7298.67 │ 3669.20  │ net2642                                                                     │ _072203_/D                 │ met3  │
│ 1.99  │ 795.02  │ 400.00   │ data_bram_ctrl_inst.data_ram.u_mem.g_2k[1\].u_cell.rdata[23\]               │ _113688_/A1                │ met4  │
│ 1.98  │ 792.54  │ 400.00   │ net31849                                                                    │ _075544_/A2                │ met3  │
│ 1.98  │ 792.54  │ 400.00   │ net31849                                                                    │ _076072_/A2                │ met3  │
│ 1.98  │ 792.54  │ 400.00   │ net31849                                                                    │ _078189_/B1                │ met3  │
│ 1.98  │ 791.12  │ 400.00   │ net31805                                                                    │ _073795_/A1                │ met3  │
│ 1.98  │ 791.12  │ 400.00   │ net31805                                                                    │ _075986_/A1                │ met3  │
│ 1.98  │ 791.12  │ 400.00   │ net31805                                                                    │ _077584_/A2                │ met3  │
│ 1.98  │ 791.07  │ 400.00   │ net31633                                                                    │ _072144_/A2                │ met3  │
│ 1.98  │ 791.07  │ 400.00   │ net31633                                                                    │ _074140_/B2                │ met3  │
│ 1.98  │ 791.07  │ 400.00   │ net31633                                                                    │ _078405_/A2                │ met3  │
│ 1.98  │ 790.79  │ 400.00   │ data_bram_ctrl_inst.data_ram.u_mem.g_2k[1\].u_cell.rdata[29\]               │ _113700_/A1                │ met4  │
│ 1.96  │ 785.13  │ 400.00   │ net31775                                                                    │ _076439_/A1                │ met3  │
│ 1.96  │ 785.13  │ 400.00   │ net31775                                                                    │ _078700_/B1                │ met3  │
│ 1.96  │ 785.12  │ 400.00   │ net30621                                                                    │ _075660_/B                 │ met3  │
│ 1.96  │ 783.75  │ 400.00   │ data_bram_ctrl_inst.data_ram.u_mem.g_2k[1\].u_cell.rdata[14\]               │ _113670_/A1                │ met4  │
│ 1.96  │ 782.88  │ 400.00   │ net11080                                                                    │ _075372_/A1                │ met3  │
│ 1.95  │ 781.75  │ 400.00   │ net25834                                                                    │ wire25833/A                │ met3  │
│ 1.95  │ 780.11  │ 400.00   │ clknet_1_0_1_clk_i                                                          │ clkbuf_leaf_7_clk_i/A      │ met3  │
│ 1.95  │ 778.31  │ 400.00   │ net3240                                                                     │ _113866_/B                 │ met2  │
│ 1.93  │ 771.56  │ 400.00   │ net30987                                                                    │ _074669_/C                 │ met3  │
│ 1.93  │ 771.56  │ 400.00   │ net30987                                                                    │ _077528_/A2                │ met3  │
│ 1.93  │ 770.87  │ 400.00   │ instr_bram_ctrl_inst.instr_ram.u_mem.g_2k[3\].u_cell.rdata[25\]             │ wire21361/A                │ met3  │
│ 1.93  │ 770.87  │ 400.00   │ yz_bram_ctrl_inst.yz_ram.u_mem.u_mem.g_2k[0\].u_cell.rdata[9\]              │ wire20563/A                │ met3  │
│ 1.93  │ 770.87  │ 400.00   │ yz_bram_ctrl_inst.yz_ram.u_mem.u_mem.g_2k[1\].u_cell.rdata[7\]              │ wire20319/A                │ met3  │
│ 1.93  │ 770.87  │ 400.00   │ yz_bram_ctrl_inst.yz_ram.u_mem.u_mem.g_2k[2\].u_cell.rdata[19\]             │ wire20300/A                │ met3  │
│ 1.93  │ 770.87  │ 400.00   │ yz_bram_ctrl_inst.yz_ram.u_mem.u_mem.g_2k[2\].u_cell.rdata[28\]             │ wire20291/A                │ met3  │
│ 1.93  │ 770.59  │ 400.00   │ net25818                                                                    │ wire25817/A                │ met3  │
│ 1.93  │ 770.59  │ 400.00   │ net25826                                                                    │ wire25825/A                │ met3  │
│ 1.93  │ 770.26  │ 400.00   │ data_bram_ctrl_inst.data_ram.u_mem.g_2k[1\].u_cell.rdata[15\]               │ _113672_/A1                │ met4  │
│ 1.93  │ 5353.52 │ 2780.80  │ _020714_                                                                    │ _072045_/A                 │ met4  │
│ 1.92  │ 768.22  │ 400.00   │ net31276                                                                    │ _070792_/A                 │ met3  │
│ 1.92  │ 768.22  │ 400.00   │ net31276                                                                    │ _078701_/C                 │ met3  │
│ 1.92  │ 767.48  │ 400.00   │ net6125                                                                     │ _072757_/A2                │ met3  │
│ 1.92  │ 767.48  │ 400.00   │ net31324                                                                    │ _073255_/A1                │ met3  │
│ 1.92  │ 767.42  │ 400.00   │ net31728                                                                    │ _071682_/B2                │ met3  │
│ 1.92  │ 767.32  │ 400.00   │ net11771                                                                    │ _076778_/A1                │ met3  │
│ 1.91  │ 765.88  │ 400.00   │ net30817                                                                    │ _071786_/B                 │ met3  │
│ 1.91  │ 765.88  │ 400.00   │ net30817                                                                    │ _074126_/A1                │ met3  │
│ 1.91  │ 765.17  │ 400.00   │ net31366                                                                    │ _072525_/A2                │ met3  │
│ 1.91  │ 765.17  │ 400.00   │ net31366                                                                    │ _073295_/A2                │ met3  │
│ 1.91  │ 7018.29 │ 3669.20  │ net32088                                                                    │ _113753_/A0                │ met3  │
│ 1.91  │ 7018.29 │ 3669.20  │ net32089                                                                    │ _113747_/A0                │ met3  │
│ 1.91  │ 7018.29 │ 3669.20  │ net32090                                                                    │ _113745_/A0                │ met3  │
│ 1.91  │ 763.02  │ 400.00   │ net30945                                                                    │ _073629_/B1                │ met3  │
│ 1.91  │ 763.02  │ 400.00   │ net31358                                                                    │ _078056_/A1                │ met3  │
│ 1.91  │ 762.99  │ 400.00   │ _021247_                                                                    │ _074227_/B1                │ met3  │
│ 1.91  │ 762.86  │ 400.00   │ _020486_                                                                    │ _075111_/B1                │ met3  │
│ 1.91  │ 762.86  │ 400.00   │ _023656_                                                                    │ _075008_/A2                │ met3  │
│ 1.91  │ 762.86  │ 400.00   │ net4333                                                                     │ _076304_/B1                │ met3  │
│ 1.91  │ 762.86  │ 400.00   │ net4475                                                                     │ _075561_/A2                │ met3  │
│ 1.91  │ 762.86  │ 400.00   │ net10112                                                                    │ _076408_/A3                │ met3  │
│ 1.91  │ 762.86  │ 400.00   │ net10847                                                                    │ _070444_/B2                │ met3  │
│ 1.91  │ 762.86  │ 400.00   │ net30966                                                                    │ _074607_/B1                │ met3  │
│ 1.91  │ 762.86  │ 400.00   │ net31747                                                                    │ _072533_/B2                │ met3  │
│ 1.91  │ 762.81  │ 400.00   │ net31669                                                                    │ _075557_/A                 │ met3  │
│ 1.90  │ 6977.95 │ 3669.20  │ net32472                                                                    │ wire30147/A                │ met4  │
│ 1.90  │ 760.58  │ 400.00   │ _027690_                                                                    │ _079050_/A1                │ met3  │
│ 1.90  │ 760.58  │ 400.00   │ _027690_                                                                    │ _079164_/A2                │ met3  │
│ 1.90  │ 760.58  │ 400.00   │ net8014                                                                     │ _071324_/A                 │ met3  │
│ 1.90  │ 6957.21 │ 3669.20  │ net7914                                                                     │ _073715_/A                 │ met3  │
│ 1.87  │ 749.61  │ 400.00   │ net4833                                                                     │ _078846_/A1                │ met2  │
│ 1.87  │ 748.11  │ 400.00   │ net31103                                                                    │ _074875_/B1                │ met3  │
│ 1.87  │ 748.11  │ 400.00   │ net31103                                                                    │ _077249_/B1                │ met3  │
│ 1.87  │ 748.11  │ 400.00   │ net31103                                                                    │ _078333_/B1                │ met3  │
│ 1.87  │ 747.95  │ 400.00   │ net4950                                                                     │ _070563_/A2                │ met3  │
│ 1.87  │ 747.95  │ 400.00   │ net4950                                                                     │ _076560_/A1                │ met3  │
│ 1.87  │ 747.95  │ 400.00   │ net4950                                                                     │ _077903_/A1                │ met3  │
│ 1.87  │ 6852.38 │ 3669.20  │ net31222                                                                    │ _072380_/A                 │ met3  │
│ 1.86  │ 6843.05 │ 3669.20  │ net32087                                                                    │ _113755_/A0                │ met3  │
│ 1.86  │ 742.79  │ 400.00   │ net31471                                                                    │ _074813_/B                 │ met3  │
│ 1.85  │ 740.61  │ 400.00   │ _019614_                                                                    │ _074470_/A1                │ met3  │
│ 1.85  │ 740.61  │ 400.00   │ _019614_                                                                    │ _078125_/B1                │ met3  │
│ 1.85  │ 738.36  │ 400.00   │ net31356                                                                    │ _074016_/A2                │ met3  │
│ 1.84  │ 737.14  │ 400.00   │ net31120                                                                    │ wire31119/A                │ met3  │
│ 1.84  │ 736.12  │ 400.00   │ net32472                                                                    │ wire30147/A                │ met3  │
│ 1.84  │ 734.59  │ 400.00   │ net7338                                                                     │ _076486_/B                 │ met3  │
│ 1.84  │ 734.59  │ 400.00   │ net7338                                                                     │ _078841_/A2                │ met3  │
│ 1.83  │ 733.12  │ 400.00   │ net31423                                                                    │ _075140_/A1                │ met3  │
│ 1.83  │ 733.12  │ 400.00   │ net31423                                                                    │ _076995_/A1                │ met3  │
│ 1.83  │ 733.12  │ 400.00   │ net31423                                                                    │ _078386_/A2                │ met3  │
│ 1.83  │ 731.58  │ 400.00   │ net2972                                                                     │ _074201_/A1                │ met3  │
│ 1.83  │ 731.58  │ 400.00   │ net2972                                                                     │ _075951_/B1                │ met3  │
│ 1.83  │ 731.58  │ 400.00   │ net2972                                                                     │ _077889_/A3                │ met3  │
│ 1.82  │ 6694.10 │ 3669.20  │ net1635                                                                     │ _128310_/D                 │ met3  │
│ 1.82  │ 728.28  │ 400.00   │ clknet_4_6_0_clk_i_regs                                                     │ clkbuf_5_13_0_clk_i_regs/A │ met3  │
│ 1.82  │ 727.18  │ 400.00   │ net3660                                                                     │ _071384_/B1                │ met3  │
│ 1.81  │ 6635.24 │ 3669.20  │ net30130                                                                    │ wire30129/A                │ met4  │
│ 1.81  │ 6635.24 │ 3669.20  │ net30139                                                                    │ wire30138/A                │ met4  │
│ 1.81  │ 6635.24 │ 3669.20  │ net30142                                                                    │ wire30141/A                │ met4  │
│ 1.81  │ 6635.24 │ 3669.20  │ net30145                                                                    │ wire30144/A                │ met4  │
│ 1.81  │ 722.81  │ 400.00   │ _019158_                                                                    │ _077893_/A3                │ met3  │
│ 1.81  │ 722.72  │ 400.00   │ net6819                                                                     │ _076083_/A2                │ met3  │
│ 1.81  │ 722.72  │ 400.00   │ net7038                                                                     │ _075042_/B1                │ met3  │
│ 1.81  │ 722.72  │ 400.00   │ net9964                                                                     │ _076219_/B1                │ met3  │
│ 1.80  │ 720.52  │ 400.00   │ net4830                                                                     │ _074498_/B2                │ met3  │
│ 1.80  │ 720.52  │ 400.00   │ net4830                                                                     │ _077228_/A1                │ met3  │
│ 1.80  │ 720.44  │ 400.00   │ _019470_                                                                    │ _070799_/B2                │ met3  │
│ 1.80  │ 720.44  │ 400.00   │ _019470_                                                                    │ _074698_/A1                │ met3  │
│ 1.80  │ 720.44  │ 400.00   │ net30838                                                                    │ _075536_/A                 │ met3  │
│ 1.80  │ 718.55  │ 400.00   │ net31644                                                                    │ _075083_/A1                │ met3  │
│ 1.80  │ 718.42  │ 400.00   │ net12401                                                                    │ _077486_/B1                │ met3  │
│ 1.80  │ 718.25  │ 400.00   │ _019622_                                                                    │ _071567_/A2                │ met3  │
│ 1.80  │ 718.25  │ 400.00   │ net4624                                                                     │ _072261_/B1                │ met3  │
│ 1.80  │ 718.25  │ 400.00   │ net6886                                                                     │ _073391_/B2                │ met3  │
│ 1.80  │ 718.25  │ 400.00   │ net7059                                                                     │ _070891_/A2                │ met3  │
│ 1.80  │ 718.25  │ 400.00   │ net12373                                                                    │ _072287_/B2                │ met3  │
│ 1.80  │ 718.25  │ 400.00   │ net30801                                                                    │ _076013_/B2                │ met3  │
│ 1.80  │ 718.25  │ 400.00   │ net31530                                                                    │ _077633_/A1                │ met3  │
│ 1.80  │ 718.25  │ 400.00   │ net31857                                                                    │ _073057_/A1                │ met3  │
│ 1.80  │ 718.21  │ 400.00   │ net10471                                                                    │ _075878_/B1                │ met3  │
│ 1.80  │ 718.21  │ 400.00   │ net10471                                                                    │ _078389_/B1                │ met3  │
│ 1.79  │ 716.80  │ 400.00   │ net31149                                                                    │ _074851_/B1                │ met3  │
│ 1.79  │ 716.80  │ 400.00   │ net31149                                                                    │ _075182_/A2                │ met3  │
│ 1.79  │ 716.09  │ 400.00   │ net7335                                                                     │ _073579_/A2                │ met3  │
│ 1.79  │ 716.09  │ 400.00   │ net7335                                                                     │ _074242_/B2                │ met3  │
│ 1.77  │ 709.90  │ 400.00   │ net4303                                                                     │ _076643_/C_N               │ met3  │
│ 1.77  │ 709.90  │ 400.00   │ net32075                                                                    │ _077765_/B                 │ met3  │
│ 1.77  │ 706.58  │ 400.00   │ net31426                                                                    │ _073737_/B1                │ met3  │
│ 1.77  │ 706.58  │ 400.00   │ net31426                                                                    │ wire7046/A                 │ met3  │
│ 1.76  │ 704.80  │ 400.00   │ net10705                                                                    │ wire31225/A                │ met3  │
│ 1.75  │ 701.43  │ 400.00   │ instr_bram_ctrl_inst.instr_ram.u_mem.g_2k[3\].u_cell.rdata[24\]             │ wire21376/A                │ met3  │
│ 1.75  │ 701.43  │ 400.00   │ instr_bram_ctrl_inst.instr_ram.u_mem.g_2k[3\].u_cell.rdata[30\]             │ wire21272/A                │ met3  │
│ 1.75  │ 701.43  │ 400.00   │ instr_bram_ctrl_inst.instr_ram.u_mem.g_2k[3\].u_cell.rdata[7\]              │ wire21182/A                │ met3  │
│ 1.75  │ 701.43  │ 400.00   │ instr_bram_ctrl_inst.instr_ram.u_mem.g_2k[3\].u_cell.rdata[8\]              │ wire21167/A                │ met3  │
│ 1.75  │ 701.43  │ 400.00   │ yz_bram_ctrl_inst.yz_ram.u_mem.u_mem.g_1k.u_cell.rdata[16\]                 │ wire21120/A                │ met3  │
│ 1.75  │ 701.43  │ 400.00   │ yz_bram_ctrl_inst.yz_ram.u_mem.u_mem.g_2k[0\].u_cell.rdata[31\]             │ wire20662/A                │ met3  │
│ 1.75  │ 701.43  │ 400.00   │ yz_bram_ctrl_inst.yz_ram.u_mem.u_mem.g_2k[1\].u_cell.rdata[17\]             │ wire20487/A                │ met3  │
│ 1.75  │ 701.43  │ 400.00   │ yz_bram_ctrl_inst.yz_ram.u_mem.u_mem.g_2k[1\].u_cell.rdata[19\]             │ wire20471/A                │ met3  │
│ 1.75  │ 701.43  │ 400.00   │ yz_bram_ctrl_inst.yz_ram.u_mem.u_mem.g_2k[1\].u_cell.rdata[25\]             │ wire20412/A                │ met3  │
│ 1.75  │ 700.48  │ 400.00   │ net30863                                                                    │ _074207_/A2                │ met3  │
│ 1.75  │ 700.48  │ 400.00   │ net30863                                                                    │ _074744_/B2                │ met3  │
│ 1.75  │ 700.48  │ 400.00   │ net30863                                                                    │ _075689_/B1                │ met3  │
│ 1.75  │ 700.44  │ 400.00   │ net19829                                                                    │ _095943_/A1                │ met3  │
│ 1.75  │ 700.44  │ 400.00   │ net19829                                                                    │ _095990_/A1                │ met3  │
│ 1.75  │ 700.44  │ 400.00   │ net19829                                                                    │ _096012_/A                 │ met3  │
│ 1.75  │ 5791.62 │ 3312.80  │ net24033                                                                    │ _091092_/A1                │ met4  │
│ 1.75  │ 698.21  │ 400.00   │ net30700                                                                    │ _073375_/B1                │ met3  │
│ 1.75  │ 698.21  │ 400.00   │ net30700                                                                    │ _078715_/B1                │ met3  │
│ 1.74  │ 695.98  │ 400.00   │ net31611                                                                    │ _073629_/A2                │ met3  │
│ 1.74  │ 695.98  │ 400.00   │ net31611                                                                    │ _075635_/A1                │ met3  │
│ 1.74  │ 695.95  │ 400.00   │ net4333                                                                     │ _072813_/B1                │ met3  │
│ 1.74  │ 695.95  │ 400.00   │ net4333                                                                     │ _076547_/A2                │ met3  │
│ 1.74  │ 695.94  │ 400.00   │ net31204                                                                    │ _074373_/B1                │ met3  │
│ 1.74  │ 695.94  │ 400.00   │ net31204                                                                    │ _077495_/A1                │ met3  │
│ 1.74  │ 695.92  │ 400.00   │ net6503                                                                     │ _076025_/A2                │ met3  │
│ 1.74  │ 695.92  │ 400.00   │ net6503                                                                     │ _078046_/B2                │ met3  │
│ 1.73  │ 693.77  │ 400.00   │ net30941                                                                    │ _074431_/B2                │ met3  │
│ 1.73  │ 693.77  │ 400.00   │ net30941                                                                    │ _077417_/A2                │ met3  │
│ 1.73  │ 693.72  │ 400.00   │ net6992                                                                     │ _076620_/B                 │ met3  │
│ 1.73  │ 693.70  │ 400.00   │ net7139                                                                     │ _073833_/A1                │ met3  │
│ 1.73  │ 693.70  │ 400.00   │ net7139                                                                     │ _075416_/A1                │ met3  │
│ 1.73  │ 693.70  │ 400.00   │ net7139                                                                     │ _078106_/A1                │ met3  │
│ 1.72  │ 6326.10 │ 3669.20  │ net2572                                                                     │ _077697_/B1_N              │ met3  │
│ 1.72  │ 687.16  │ 400.00   │ net4762                                                                     │ _075732_/A2                │ met3  │
│ 1.72  │ 687.03  │ 400.00   │ _019522_                                                                    │ _076418_/B1                │ met3  │
│ 1.72  │ 687.03  │ 400.00   │ _019522_                                                                    │ _077408_/B1                │ met3  │
│ 1.72  │ 687.03  │ 400.00   │ _019522_                                                                    │ _077583_/A2                │ met3  │
│ 1.71  │ 4748.95 │ 2778.20  │ _024545_                                                                    │ _075891_/C                 │ met4  │
│ 1.71  │ 682.70  │ 400.00   │ net30738                                                                    │ _076930_/A2                │ met3  │
│ 1.71  │ 682.60  │ 400.00   │ net30747                                                                    │ _077527_/B1                │ met3  │
│ 1.71  │ 682.51  │ 400.00   │ net32608                                                                    │ wire29849/A                │ met3  │
│ 1.70  │ 681.38  │ 400.00   │ net6265                                                                     │ wire31613/A                │ met3  │
│ 1.70  │ 681.38  │ 400.00   │ net30541                                                                    │ wire30540/A                │ met3  │
│ 1.70  │ 680.33  │ 400.00   │ net6264                                                                     │ _073974_/B1                │ met3  │
│ 1.70  │ 680.33  │ 400.00   │ net6264                                                                     │ _073982_/B1                │ met3  │
│ 1.70  │ 680.33  │ 400.00   │ net6264                                                                     │ _075861_/B1                │ met3  │
│ 1.70  │ 678.27  │ 400.00   │ net10179                                                                    │ _078581_/B1                │ met3  │
│ 1.70  │ 5616.38 │ 3312.80  │ net16171                                                                    │ _114249_/A1                │ met4  │
│ 1.70  │ 5616.38 │ 3312.80  │ net16173                                                                    │ _114243_/A1                │ met4  │
│ 1.70  │ 678.11  │ 400.00   │ net4295                                                                     │ _074697_/B1                │ met3  │
│ 1.70  │ 678.11  │ 400.00   │ net7315                                                                     │ _078621_/A2                │ met3  │
│ 1.70  │ 678.11  │ 400.00   │ net7907                                                                     │ _077769_/B2                │ met3  │
│ 1.69  │ 675.98  │ 400.00   │ net30842                                                                    │ _071954_/B1                │ met3  │
│ 1.69  │ 675.98  │ 400.00   │ net30842                                                                    │ _077650_/B1                │ met3  │
│ 1.68  │ 673.65  │ 400.00   │ _021120_                                                                    │ _078975_/B2                │ met3  │
│ 1.68  │ 673.65  │ 400.00   │ net116                                                                      │ wire115/A                  │ met3  │
│ 1.68  │ 673.65  │ 400.00   │ net3593                                                                     │ _078052_/A3                │ met3  │
│ 1.68  │ 673.65  │ 400.00   │ net4243                                                                     │ _078477_/B2                │ met3  │
│ 1.68  │ 673.65  │ 400.00   │ net6186                                                                     │ _072710_/B1                │ met3  │
│ 1.68  │ 673.65  │ 400.00   │ net6311                                                                     │ _072454_/A2                │ met3  │
│ 1.68  │ 673.65  │ 400.00   │ net7808                                                                     │ _076927_/B1                │ met3  │
│ 1.68  │ 673.65  │ 400.00   │ net31628                                                                    │ _078259_/A1                │ met3  │
│ 1.68  │ 673.62  │ 400.00   │ net10404                                                                    │ _074942_/A2                │ met3  │
│ 1.68  │ 673.62  │ 400.00   │ net10404                                                                    │ _077379_/A2                │ met3  │
│ 1.68  │ 673.60  │ 400.00   │ _020074_                                                                    │ _075295_/A2                │ met3  │
│ 1.68  │ 673.60  │ 400.00   │ _020074_                                                                    │ _077239_/A2                │ met3  │
│ 1.68  │ 672.11  │ 400.00   │ net31636                                                                    │ _075312_/A2                │ met3  │
│ 1.68  │ 672.11  │ 400.00   │ net31636                                                                    │ _078864_/B                 │ met3  │
│ 1.68  │ 672.10  │ 400.00   │ net31285                                                                    │ _073488_/A2                │ met3  │
│ 1.68  │ 672.10  │ 400.00   │ net31285                                                                    │ _075043_/A2                │ met3  │
│ 1.68  │ 671.47  │ 400.00   │ net7318                                                                     │ _073495_/A2                │ met3  │
│ 1.68  │ 671.47  │ 400.00   │ net7318                                                                     │ _076273_/A2                │ met3  │
│ 1.68  │ 670.23  │ 400.00   │ net1814                                                                     │ wire1808/A                 │ met3  │
│ 1.66  │ 663.22  │ 400.00   │ net27455                                                                    │ fanout27395/A              │ met3  │
│ 1.66  │ 663.22  │ 400.00   │ net27455                                                                    │ fanout27409/A              │ met3  │
│ 1.66  │ 663.22  │ 400.00   │ net27455                                                                    │ fanout27450/A              │ met3  │
│ 1.65  │ 660.78  │ 400.00   │ data_bram_ctrl_inst.data_ram.u_mem.g_2k[1\].u_cell.rdata[28\]               │ _113698_/A1                │ met4  │
│ 1.65  │ 6054.48 │ 3669.20  │ net30468                                                                    │ _078416_/D                 │ met3  │
│ 1.65  │ 659.08  │ 400.00   │ net3085                                                                     │ wire3084/A                 │ met3  │
│ 1.65  │ 659.08  │ 400.00   │ net3552                                                                     │ wire30971/A                │ met3  │
│ 1.65  │ 659.08  │ 400.00   │ net31789                                                                    │ wire31788/A                │ met3  │
│ 1.64  │ 657.40  │ 400.00   │ net31192                                                                    │ _072096_/B2                │ met3  │
│ 1.64  │ 657.40  │ 400.00   │ net31192                                                                    │ _073894_/A1                │ met3  │
│ 1.64  │ 657.40  │ 400.00   │ net31192                                                                    │ _078263_/B1                │ met3  │
│ 1.64  │ 657.32  │ 400.00   │ net30859                                                                    │ _072512_/A1                │ met3  │
│ 1.64  │ 657.32  │ 400.00   │ net30859                                                                    │ _075080_/A2_N              │ met3  │
│ 1.64  │ 655.76  │ 400.00   │ net31191                                                                    │ _075284_/A1                │ met3  │
│ 1.64  │ 655.76  │ 400.00   │ net31191                                                                    │ _078015_/B                 │ met3  │
│ 1.63  │ 651.39  │ 400.00   │ net31734                                                                    │ _072766_/A2                │ met3  │
│ 1.63  │ 651.39  │ 400.00   │ net31734                                                                    │ _073533_/B2                │ met3  │
│ 1.63  │ 651.30  │ 400.00   │ net11868                                                                    │ _076059_/A1                │ met3  │
│ 1.62  │ 649.10  │ 400.00   │ net7003                                                                     │ _077669_/A2                │ met3  │
│ 1.62  │ 649.10  │ 400.00   │ net7003                                                                     │ _077675_/B2                │ met3  │
│ 1.62  │ 649.07  │ 400.00   │ net4495                                                                     │ _076326_/A1                │ met3  │
│ 1.62  │ 5353.52 │ 3312.80  │ net30450                                                                    │ _128301_/D                 │ met4  │
│ 1.61  │ 645.41  │ 400.00   │ net10826                                                                    │ _070459_/C                 │ met3  │
│ 1.61  │ 645.41  │ 400.00   │ net10826                                                                    │ _070760_/B                 │ met3  │
│ 1.61  │ 645.41  │ 400.00   │ net10826                                                                    │ _077292_/A3                │ met3  │
│ 1.61  │ 4477.33 │ 2778.20  │ _027736_                                                                    │ _079095_/D                 │ met4  │
│ 1.61  │ 4477.33 │ 2780.80  │ _022185_                                                                    │ _073525_/A                 │ met3  │
│ 1.61  │ 643.24  │ 400.00   │ net14788                                                                    │ _070452_/A                 │ met3  │
│ 1.61  │ 643.24  │ 400.00   │ net14788                                                                    │ _071209_/A1                │ met3  │
│ 1.60  │ 641.84  │ 400.00   │ net7706                                                                     │ _076629_/B1_N              │ met3  │
│ 1.60  │ 641.84  │ 400.00   │ net7706                                                                     │ _077754_/B2                │ met3  │
│ 1.60  │ 641.84  │ 400.00   │ net7706                                                                     │ _079105_/A2                │ met3  │
│ 1.60  │ 641.00  │ 400.00   │ net7799                                                                     │ _073068_/B2                │ met3  │
│ 1.60  │ 641.00  │ 400.00   │ net7799                                                                     │ _074736_/A1                │ met3  │
│ 1.60  │ 641.00  │ 400.00   │ net7799                                                                     │ _078519_/A2                │ met3  │
│ 1.60  │ 639.01  │ 400.00   │ net30849                                                                    │ wire3615/A                 │ met3  │
│ 1.60  │ 638.16  │ 400.00   │ net30709                                                                    │ _074626_/B2                │ met3  │
│ 1.60  │ 638.06  │ 400.00   │ net10683                                                                    │ _073083_/A1                │ met3  │
│ 1.59  │ 636.78  │ 400.00   │ net31810                                                                    │ wire6182/A                 │ met3  │
│ 1.59  │ 636.78  │ 400.00   │ net31958                                                                    │ wire31957/A                │ met3  │
│ 1.59  │ 5826.67 │ 3669.20  │ net3587                                                                     │ _072528_/B1_N              │ met3  │
│ 1.59  │ 6142.10 │ 3872.32  │ net4192                                                                     │ _078220_/D_N               │ met4  │
│ 1.58  │ 633.79  │ 400.00   │ net12406                                                                    │ _079148_/A1                │ met3  │
│ 1.58  │ 633.50  │ 400.00   │ net30465                                                                    │ _072888_/B1                │ met3  │
│ 1.58  │ 633.50  │ 400.00   │ net30702                                                                    │ _071881_/B1                │ met3  │
│ 1.58  │ 4389.71 │ 2778.20  │ _055485_                                                                    │ _114295_/A1                │ met4  │
│ 1.58  │ 632.00  │ 400.00   │ instr_bram_ctrl_inst.instr_ram.u_mem.g_2k[1\].u_cell.rdata[1\]              │ wire21853/A                │ met3  │
│ 1.58  │ 632.00  │ 400.00   │ instr_bram_ctrl_inst.instr_ram.u_mem.g_2k[2\].u_cell.rdata[1\]              │ wire21766/A                │ met3  │
│ 1.58  │ 632.00  │ 400.00   │ yz_bram_ctrl_inst.yz_ram.u_mem.u_mem.g_2k[0\].u_cell.rdata[17\]             │ wire20919/A                │ met3  │
│ 1.58  │ 632.00  │ 400.00   │ yz_bram_ctrl_inst.yz_ram.u_mem.u_mem.g_2k[0\].u_cell.rdata[23\]             │ wire20806/A                │ met3  │
│ 1.58  │ 632.00  │ 400.00   │ yz_bram_ctrl_inst.yz_ram.u_mem.u_mem.g_2k[0\].u_cell.rdata[30\]             │ wire20679/A                │ met3  │
│ 1.58  │ 632.00  │ 400.00   │ yz_bram_ctrl_inst.yz_ram.u_mem.u_mem.g_2k[1\].u_cell.rdata[0\]              │ wire20548/A                │ met3  │
│ 1.58  │ 632.00  │ 400.00   │ yz_bram_ctrl_inst.yz_ram.u_mem.u_mem.g_2k[2\].u_cell.rdata[23\]             │ _064852_/A2                │ met3  │
│ 1.58  │ 632.00  │ 400.00   │ net16359                                                                    │ _075927_/A1_N              │ met3  │
│ 1.58  │ 5791.62 │ 3669.20  │ net4203                                                                     │ _076669_/C                 │ met4  │
│ 1.58  │ 631.30  │ 400.00   │ net13940                                                                    │ _077866_/C                 │ met3  │
│ 1.57  │ 629.20  │ 400.00   │ net30700                                                                    │ _073288_/B1                │ met3  │
│ 1.57  │ 629.20  │ 400.00   │ net31548                                                                    │ _075229_/A2                │ met3  │
│ 1.57  │ 629.04  │ 400.00   │ _022003_                                                                    │ _073415_/A2                │ met3  │
│ 1.57  │ 629.04  │ 400.00   │ _022594_                                                                    │ _073935_/D1                │ met3  │
│ 1.57  │ 629.04  │ 400.00   │ net4603                                                                     │ _071705_/B1                │ met3  │
│ 1.57  │ 629.04  │ 400.00   │ net6091                                                                     │ _077456_/C1                │ met3  │
│ 1.57  │ 629.04  │ 400.00   │ net6683                                                                     │ _073076_/A2                │ met3  │
│ 1.57  │ 629.04  │ 400.00   │ net7030                                                                     │ _078096_/A2                │ met3  │
│ 1.57  │ 629.04  │ 400.00   │ net10157                                                                    │ _076404_/A3                │ met3  │
│ 1.57  │ 629.04  │ 400.00   │ net13642                                                                    │ _076209_/A1                │ met3  │
│ 1.57  │ 629.04  │ 400.00   │ net13666                                                                    │ _074311_/A2                │ met3  │
│ 1.57  │ 629.04  │ 400.00   │ net30602                                                                    │ _076979_/A1                │ met3  │
│ 1.57  │ 629.04  │ 400.00   │ net30808                                                                    │ _071264_/B                 │ met3  │
│ 1.57  │ 629.04  │ 400.00   │ net31012                                                                    │ _076458_/A1                │ met3  │
│ 1.57  │ 629.04  │ 400.00   │ net32077                                                                    │ _074671_/B2                │ met3  │
│ 1.57  │ 628.72  │ 400.00   │ net3328                                                                     │ _113861_/B                 │ met2  │
│ 1.57  │ 627.85  │ 400.00   │ net31317                                                                    │ wire6506/A                 │ met3  │
│ 1.57  │ 626.80  │ 400.00   │ net10112                                                                    │ _075955_/B1                │ met3  │
│ 1.57  │ 626.80  │ 400.00   │ net10112                                                                    │ _077811_/B1                │ met3  │
│ 1.57  │ 626.76  │ 400.00   │ net2797                                                                     │ _109370_/B                 │ met3  │
│ 1.57  │ 626.76  │ 400.00   │ net7191                                                                     │ _074045_/A2                │ met3  │
│ 1.57  │ 626.74  │ 400.00   │ net31964                                                                    │ wire10910/A                │ met3  │
│ 1.56  │ 626.00  │ 400.00   │ cpu_inst.CORE.core_i.alu_operand_a_ex[0\]                                   │ _069114_/A                 │ met3  │
│ 1.56  │ 626.00  │ 400.00   │ cpu_inst.CORE.core_i.alu_operand_a_ex[0\]                                   │ _069127_/A1                │ met3  │
│ 1.56  │ 5730.29 │ 3669.20  │ net30446                                                                    │ _128294_/D                 │ met4  │
│ 1.56  │ 623.76  │ 400.00   │ net32119                                                                    │ wire1653/A                 │ met3  │
│ 1.56  │ 622.60  │ 400.00   │ net6261                                                                     │ _075316_/B                 │ met3  │
│ 1.56  │ 622.38  │ 400.00   │ net31006                                                                    │ _077451_/A                 │ met3  │
│ 1.56  │ 622.38  │ 400.00   │ net31006                                                                    │ _078609_/B                 │ met3  │
│ 1.56  │ 622.29  │ 400.00   │ _027418_                                                                    │ _078776_/D                 │ met3  │
│ 1.55  │ 5700.53 │ 3669.20  │ net1957                                                                     │ _075720_/A3                │ met3  │
│ 1.55  │ 621.15  │ 400.00   │ net6922                                                                     │ _070995_/B                 │ met3  │
│ 1.55  │ 621.15  │ 400.00   │ net6922                                                                     │ _072803_/B                 │ met3  │
│ 1.55  │ 621.15  │ 400.00   │ net6922                                                                     │ _078154_/C                 │ met3  │
│ 1.55  │ 620.93  │ 400.00   │ net3100                                                                     │ fanout3091/A               │ met3  │
│ 1.55  │ 620.93  │ 400.00   │ net3100                                                                     │ fanout3097/A               │ met3  │
│ 1.55  │ 4302.10 │ 2778.20  │ _025120_                                                                    │ _076468_/D_N               │ met4  │
│ 1.54  │ 616.49  │ 400.00   │ _019277_                                                                    │ _070936_/B2                │ met2  │
│ 1.54  │ 616.20  │ 400.00   │ yz_bram_ctrl_inst.yz_ram.u_mem.u_mem.g_2k[2\].u_cell.rdata[17\]             │ _064816_/A2                │ met4  │
│ 1.54  │ 5099.43 │ 3312.80  │ net10652                                                                    │ _077107_/A                 │ met4  │
│ 1.54  │ 615.60  │ 400.00   │ net31218                                                                    │ _076321_/A1                │ met3  │
│ 1.54  │ 615.60  │ 400.00   │ net31218                                                                    │ _078002_/A1                │ met3  │
│ 1.54  │ 5090.67 │ 3312.80  │ net30826                                                                    │ _072980_/A_N               │ met4  │
│ 1.54  │ 614.47  │ 400.00   │ net13617                                                                    │ wire31741/A                │ met3  │
│ 1.54  │ 614.11  │ 400.00   │ net30670                                                                    │ _072842_/B1                │ met3  │
│ 1.54  │ 614.11  │ 400.00   │ net30670                                                                    │ _073258_/A2                │ met3  │
│ 1.54  │ 614.11  │ 400.00   │ net30670                                                                    │ _076196_/B1                │ met3  │
│ 1.53  │ 611.14  │ 400.00   │ net3839                                                                     │ wire3838/A                 │ met3  │
│ 1.53  │ 611.14  │ 400.00   │ net10308                                                                    │ wire10307/A                │ met3  │
│ 1.53  │ 611.14  │ 400.00   │ net12336                                                                    │ wire12335/A                │ met3  │
│ 1.52  │ 609.02  │ 400.00   │ net31706                                                                    │ _071111_/B2                │ met3  │
│ 1.52  │ 609.02  │ 400.00   │ net31706                                                                    │ _073856_/A2                │ met3  │
│ 1.52  │ 4214.48 │ 2778.20  │ _027666_                                                                    │ _079027_/C                 │ met4  │
│ 1.52  │ 606.77  │ 400.00   │ net31691                                                                    │ _073908_/A1                │ met3  │
│ 1.52  │ 606.77  │ 400.00   │ net31691                                                                    │ _074168_/A2                │ met3  │
│ 1.52  │ 606.72  │ 400.00   │ net7878                                                                     │ _074296_/A2                │ met3  │
│ 1.52  │ 606.72  │ 400.00   │ net7878                                                                     │ _075529_/B1                │ met3  │
│ 1.52  │ 606.70  │ 400.00   │ net7121                                                                     │ _072653_/A2                │ met3  │
│ 1.52  │ 606.70  │ 400.00   │ net7121                                                                     │ _074398_/A2                │ met3  │
│ 1.52  │ 606.70  │ 400.00   │ net7121                                                                     │ _076126_/A1                │ met3  │
│ 1.52  │ 606.69  │ 400.00   │ net10531                                                                    │ _075178_/A2                │ met3  │
│ 1.52  │ 606.69  │ 400.00   │ net10531                                                                    │ _078077_/A3                │ met3  │
│ 1.51  │ 5011.81 │ 3312.80  │ net3544                                                                     │ _074288_/C                 │ met4  │
│ 1.51  │ 604.48  │ 400.00   │ net3661                                                                     │ _075166_/B1                │ met3  │
│ 1.51  │ 604.48  │ 400.00   │ net3661                                                                     │ _077369_/A2                │ met3  │
│ 1.51  │ 604.46  │ 400.00   │ net8329                                                                     │ _118997_/A2                │ met3  │
│ 1.51  │ 604.46  │ 400.00   │ net10527                                                                    │ _073248_/B                 │ met3  │
│ 1.50  │ 5511.57 │ 3669.20  │ net32525                                                                    │ wire16309/A                │ met4  │
│ 1.50  │ 600.27  │ 400.00   │ net6034                                                                     │ _073858_/B1                │ met3  │
│ 1.50  │ 600.27  │ 400.00   │ net6034                                                                     │ _076483_/B1                │ met3  │
│ 1.50  │ 5800.38 │ 3872.32  │ net2384                                                                     │ _075554_/C                 │ met4  │
│ 1.49  │ 597.76  │ 400.00   │ net4426                                                                     │ _076818_/A3                │ met3  │
│ 1.49  │ 597.76  │ 400.00   │ net4426                                                                     │ _077158_/B1                │ met3  │
│ 1.49  │ 597.76  │ 400.00   │ net4426                                                                     │ _077582_/B1                │ met3  │
│ 1.49  │ 596.27  │ 400.00   │ net32302                                                                    │ wire8261/A                 │ met3  │
│ 1.49  │ 4126.86 │ 2778.20  │ _022460_                                                                    │ _073800_/D_N               │ met4  │
│ 1.49  │ 5449.90 │ 3669.20  │ net4187                                                                     │ _076215_/D                 │ met3  │
│ 1.49  │ 5449.90 │ 3669.20  │ net30448                                                                    │ _128293_/D                 │ met4  │
│ 1.48  │ 4915.43 │ 3312.80  │ net2411                                                                     │ _071672_/B                 │ met4  │
│ 1.48  │ 5441.14 │ 3669.20  │ net30308                                                                    │ _117100_/B                 │ met4  │
│ 1.48  │ 592.55  │ 400.00   │ net1600                                                                     │ _108497_/B                 │ met3  │
│ 1.48  │ 592.55  │ 400.00   │ net1600                                                                     │ _108501_/A2_N              │ met3  │
│ 1.48  │ 592.17  │ 400.00   │ QSPI_IO1                                                                    │ load_slew30311/A           │ met3  │
│ 1.47  │ 589.19  │ 400.00   │ net12426                                                                    │ _077613_/A3                │ met3  │
│ 1.47  │ 589.06  │ 400.00   │ net30609                                                                    │ _075299_/B2                │ met3  │
│ 1.47  │ 589.06  │ 400.00   │ net31360                                                                    │ _075106_/A2                │ met3  │
│ 1.47  │ 588.90  │ 400.00   │ net31020                                                                    │ _075454_/A1                │ met3  │
│ 1.47  │ 588.90  │ 400.00   │ net31333                                                                    │ _073267_/A2                │ met3  │
│ 1.47  │ 587.30  │ 400.00   │ net31682                                                                    │ _070859_/B                 │ met3  │
│ 1.47  │ 587.30  │ 400.00   │ net31682                                                                    │ _070860_/B                 │ met3  │
│ 1.47  │ 587.30  │ 400.00   │ net31682                                                                    │ _078271_/B1                │ met3  │
│ 1.47  │ 586.67  │ 400.00   │ net8025                                                                     │ _070672_/B2                │ met3  │
│ 1.47  │ 586.67  │ 400.00   │ net8025                                                                     │ _072899_/A                 │ met3  │
│ 1.46  │ 585.89  │ 400.00   │ net32074                                                                    │ _072350_/A1                │ met3  │
│ 1.46  │ 585.89  │ 400.00   │ net32074                                                                    │ _077695_/A1                │ met3  │
│ 1.46  │ 4126.86 │ 2817.80  │ _023515_                                                                    │ _074858_/A                 │ met4  │
│ 1.46  │ 584.57  │ 400.00   │ net8080                                                                     │ _071639_/A2                │ met3  │
│ 1.46  │ 584.47  │ 400.00   │ net4976                                                                     │ _071633_/A3                │ met3  │
│ 1.46  │ 584.47  │ 400.00   │ net4976                                                                     │ _074020_/A1                │ met3  │
│ 1.46  │ 584.44  │ 400.00   │ net3747                                                                     │ _076227_/B2                │ met3  │
│ 1.46  │ 584.44  │ 400.00   │ net7514                                                                     │ _072964_/B2                │ met3  │
│ 1.46  │ 584.44  │ 400.00   │ net10989                                                                    │ _074567_/A1                │ met3  │
│ 1.46  │ 584.44  │ 400.00   │ net11385                                                                    │ _070060_/B                 │ met3  │
│ 1.46  │ 584.44  │ 400.00   │ net11583                                                                    │ _073086_/A2                │ met3  │
│ 1.46  │ 584.44  │ 400.00   │ net15634                                                                    │ _117658_/B1                │ met3  │
│ 1.46  │ 584.44  │ 400.00   │ net17872                                                                    │ _075347_/C1                │ met3  │
│ 1.46  │ 584.40  │ 400.00   │ net4353                                                                     │ _074064_/B1                │ met3  │
│ 1.46  │ 584.40  │ 400.00   │ net4353                                                                     │ _078361_/B1                │ met3  │
│ 1.46  │ 4564.95 │ 3134.60  │ net6060                                                                     │ _077900_/C                 │ met4  │
│ 1.46  │ 582.30  │ 400.00   │ net31523                                                                    │ _072932_/B1                │ met3  │
│ 1.46  │ 582.30  │ 400.00   │ net31523                                                                    │ _078481_/B1                │ met3  │
│ 1.46  │ 582.25  │ 400.00   │ net10310                                                                    │ _071202_/C1                │ met3  │
│ 1.46  │ 582.25  │ 400.00   │ net10310                                                                    │ _077530_/A1                │ met3  │
│ 1.46  │ 582.19  │ 400.00   │ net31211                                                                    │ _074136_/A2                │ met3  │
│ 1.46  │ 582.19  │ 400.00   │ net31211                                                                    │ _076027_/A2                │ met3  │
│ 1.46  │ 582.17  │ 400.00   │ net31418                                                                    │ _078310_/A2                │ met3  │
│ 1.46  │ 582.17  │ 400.00   │ net31418                                                                    │ _079099_/B2                │ met3  │
│ 1.46  │ 582.16  │ 400.00   │ net31459                                                                    │ _073116_/B1                │ met3  │
│ 1.46  │ 582.16  │ 400.00   │ net31459                                                                    │ _075738_/B1                │ met3  │
│ 1.45  │ 581.89  │ 400.00   │ data_bram_ctrl_inst.data_ram.u_mem.g_2k[1\].u_cell.rdata[3\]                │ _113648_/A1                │ met4  │
│ 1.45  │ 4041.06 │ 2778.20  │ _023519_                                                                    │ _074873_/B1                │ met4  │
│ 1.45  │ 4039.24 │ 2778.20  │ _024743_                                                                    │ _076091_/A1                │ met4  │
│ 1.45  │ 4039.24 │ 2778.20  │ _026779_                                                                    │ _078138_/B                 │ met4  │
│ 1.45  │ 4039.24 │ 2778.20  │ _026816_                                                                    │ _078172_/C                 │ met4  │
│ 1.45  │ 581.02  │ 400.00   │ _021111_                                                                    │ wire2942/A                 │ met3  │
│ 1.45  │ 579.67  │ 400.00   │ data_bram_ctrl_inst.data_ram.u_mem.g_2k[1\].u_cell.rdata[8\]                │ _113658_/A1                │ met4  │
│ 1.44  │ 5283.43 │ 3669.20  │ net3505                                                                     │ _075620_/C                 │ met3  │
│ 1.44  │ 4246.50 │ 2956.40  │ _027139_                                                                    │ _078496_/C1                │ met4  │
│ 1.43  │ 573.51  │ 400.00   │ net10930                                                                    │ _072580_/B2                │ met2  │
│ 1.43  │ 4740.19 │ 3312.80  │ net10918                                                                    │ _071250_/B                 │ met4  │
│ 1.43  │ 3964.68 │ 2778.20  │ _019541_                                                                    │ _070909_/A2_N              │ met4  │
│ 1.43  │ 5230.66 │ 3669.20  │ net30598                                                                    │ wire830/A                  │ met3  │
│ 1.42  │ 569.87  │ 400.00   │ net32438                                                                    │ wire30308/A                │ met3  │
│ 1.42  │ 3951.62 │ 2778.20  │ _024278_                                                                    │ _075623_/B                 │ met3  │
│ 1.42  │ 3951.62 │ 2778.20  │ _027418_                                                                    │ _078776_/D                 │ met4  │
│ 1.42  │ 568.79  │ 400.00   │ net31012                                                                    │ _073197_/A1                │ met3  │
│ 1.42  │ 568.79  │ 400.00   │ net31012                                                                    │ _073396_/A1                │ met3  │
│ 1.42  │ 568.40  │ 400.00   │ data_bram_ctrl_inst.data_ram.u_mem.g_2k[1\].u_cell.rdata[21\]               │ _113684_/A1                │ met4  │
│ 1.42  │ 568.04  │ 400.00   │ net31797                                                                    │ _074552_/A                 │ met3  │
│ 1.42  │ 568.04  │ 400.00   │ net31797                                                                    │ _078390_/A2                │ met3  │
│ 1.42  │ 568.03  │ 400.00   │ net6136                                                                     │ _072713_/B1                │ met3  │
│ 1.42  │ 568.03  │ 400.00   │ net6136                                                                     │ _073811_/B1                │ met3  │
│ 1.42  │ 568.03  │ 400.00   │ net6136                                                                     │ _076093_/A2                │ met3  │
│ 1.42  │ 567.57  │ 400.00   │ net18991                                                                    │ fanout18917/A              │ met3  │
│ 1.42  │ 566.62  │ 400.00   │ net11546                                                                    │ _071567_/A1                │ met3  │
│ 1.42  │ 566.62  │ 400.00   │ net11546                                                                    │ _075549_/B1                │ met3  │
│ 1.42  │ 566.62  │ 400.00   │ net11546                                                                    │ _075864_/A2                │ met3  │
│ 1.42  │ 566.55  │ 400.00   │ net31578                                                                    │ _075013_/B1                │ met3  │
│ 1.42  │ 566.55  │ 400.00   │ net31578                                                                    │ _076000_/B1                │ met3  │
│ 1.42  │ 566.55  │ 400.00   │ net31578                                                                    │ _078817_/B2                │ met3  │
│ 1.42  │ 566.52  │ 400.00   │ net30735                                                                    │ _074863_/A2                │ met3  │
│ 1.42  │ 566.52  │ 400.00   │ net30735                                                                    │ _077667_/A2                │ met3  │
│ 1.41  │ 564.38  │ 400.00   │ data_bram_ctrl_inst.data_ram.u_mem.g_2k[1\].u_cell.rdata[0\]                │ wire22618/A                │ met4  │
│ 1.41  │ 564.38  │ 400.00   │ net30868                                                                    │ _073656_/A2                │ met3  │
│ 1.41  │ 564.38  │ 400.00   │ net30868                                                                    │ _074606_/B2                │ met3  │
│ 1.41  │ 563.88  │ 400.00   │ net7277                                                                     │ _071510_/B1                │ met3  │
│ 1.41  │ 563.88  │ 400.00   │ net7277                                                                     │ wire7276/A                 │ met3  │
│ 1.41  │ 4661.33 │ 3312.80  │ net2603                                                                     │ _075572_/C                 │ met4  │
│ 1.41  │ 4661.33 │ 3312.80  │ net2918                                                                     │ _074027_/C_N               │ met4  │
│ 1.41  │ 562.57  │ 400.00   │ data_bram_ctrl_inst.data_ram.u_mem.g_2k[0\].u_cell.rdata[12\]               │ wire23695/A                │ met3  │
│ 1.41  │ 562.57  │ 400.00   │ instr_bram_ctrl_inst.instr_ram.u_mem.g_2k[1\].u_cell.rdata[12\]             │ _114266_/A1                │ met3  │
│ 1.41  │ 562.57  │ 400.00   │ instr_bram_ctrl_inst.instr_ram.u_mem.g_2k[1\].u_cell.rdata[31\]             │ _114304_/A1                │ met3  │
│ 1.41  │ 562.57  │ 400.00   │ instr_bram_ctrl_inst.instr_ram.u_mem.g_2k[2\].u_cell.rdata[28\]             │ wire21702/A                │ met3  │
│ 1.41  │ 562.57  │ 400.00   │ yz_bram_ctrl_inst.yz_ram.u_mem.u_mem.g_1k.u_cell.rdata[11\]                 │ wire21133/A                │ met3  │
│ 1.41  │ 562.57  │ 400.00   │ yz_bram_ctrl_inst.yz_ram.u_mem.u_mem.g_1k.u_cell.rdata[14\]                 │ wire21126/A                │ met3  │
│ 1.41  │ 562.57  │ 400.00   │ yz_bram_ctrl_inst.yz_ram.u_mem.u_mem.g_2k[0\].u_cell.rdata[19\]             │ wire20887/A                │ met3  │
│ 1.41  │ 562.57  │ 400.00   │ yz_bram_ctrl_inst.yz_ram.u_mem.u_mem.g_2k[0\].u_cell.rdata[25\]             │ wire20774/A                │ met3  │
│ 1.41  │ 562.57  │ 400.00   │ yz_bram_ctrl_inst.yz_ram.u_mem.u_mem.g_2k[1\].u_cell.rdata[18\]             │ wire20479/A                │ met3  │
│ 1.41  │ 562.57  │ 400.00   │ yz_bram_ctrl_inst.yz_ram.u_mem.u_mem.g_2k[1\].u_cell.rdata[3\]              │ wire20345/A                │ met3  │
│ 1.41  │ 562.57  │ 400.00   │ net92                                                                       │ _110465_/B1                │ met3  │
│ 1.41  │ 5158.94 │ 3669.20  │ net30623                                                                    │ _073584_/A2                │ met3  │
│ 1.41  │ 562.12  │ 400.00   │ net4975                                                                     │ _074430_/A1                │ met3  │
│ 1.41  │ 562.12  │ 400.00   │ net4975                                                                     │ _078735_/A1                │ met3  │
│ 1.41  │ 562.10  │ 400.00   │ net30894                                                                    │ _075526_/A2                │ met3  │
│ 1.40  │ 561.96  │ 400.00   │ data_bram_ctrl_inst.data_ram.u_mem.g_2k[1\].u_cell.rdata[4\]                │ _113650_/A1                │ met4  │
│ 1.40  │ 560.68  │ 400.00   │ net31709                                                                    │ _074856_/B                 │ met3  │
│ 1.40  │ 560.68  │ 400.00   │ net31709                                                                    │ _076704_/A2                │ met3  │
│ 1.40  │ 560.68  │ 400.00   │ net31709                                                                    │ _076837_/A2                │ met3  │
│ 1.40  │ 559.92  │ 400.00   │ net7930                                                                     │ _075615_/A2                │ met3  │
│ 1.40  │ 559.85  │ 400.00   │ net2375                                                                     │ _076648_/B1                │ met3  │
│ 1.40  │ 558.37  │ 400.00   │ net31235                                                                    │ _071288_/A2                │ met3  │
│ 1.40  │ 558.37  │ 400.00   │ net31235                                                                    │ wire10249/A                │ met3  │
│ 1.39  │ 5099.62 │ 3669.20  │ net7182                                                                     │ _077985_/C                 │ met3  │
│ 1.39  │ 554.07  │ 400.00   │ net7544                                                                     │ _072591_/B2                │ met3  │
│ 1.39  │ 554.07  │ 400.00   │ net7544                                                                     │ max_cap7543/A              │ met3  │
│ 1.39  │ 554.07  │ 400.00   │ net31493                                                                    │ _073255_/A2                │ met3  │
│ 1.39  │ 554.07  │ 400.00   │ net31493                                                                    │ wire4968/A                 │ met3  │
│ 1.38  │ 552.51  │ 400.00   │ net31563                                                                    │ _073526_/A                 │ met3  │
│ 1.38  │ 5062.11 │ 3669.20  │ net32549                                                                    │ output53/A                 │ met4  │
│ 1.37  │ 4302.10 │ 3134.60  │ net2224                                                                     │ _078666_/C                 │ met4  │
│ 1.37  │ 548.91  │ 400.00   │ net6198                                                                     │ _075326_/B1                │ met3  │
│ 1.37  │ 548.91  │ 400.00   │ net6501                                                                     │ _074357_/A1                │ met3  │
│ 1.37  │ 548.69  │ 400.00   │ net3993                                                                     │ wire3987/A                 │ met3  │
│ 1.37  │ 547.56  │ 400.00   │ net2664                                                                     │ wire2663/A                 │ met3  │
│ 1.37  │ 547.56  │ 400.00   │ net30852                                                                    │ wire30851/A                │ met3  │
│ 1.36  │ 545.96  │ 400.00   │ instr_bram_ctrl_inst.instr_ram.u_mem.g_2k[1\].u_cell.rdata[21\]             │ _114284_/A1                │ met4  │
│ 1.36  │ 545.11  │ 400.00   │ net31599                                                                    │ _075148_/A3                │ met3  │
│ 1.36  │ 545.11  │ 400.00   │ net31599                                                                    │ _075320_/B1                │ met3  │
│ 1.36  │ 544.42  │ 400.00   │ net13702                                                                    │ _077552_/A1                │ met3  │
│ 1.36  │ 544.42  │ 400.00   │ net31674                                                                    │ _077718_/A3                │ met3  │
│ 1.36  │ 544.39  │ 400.00   │ net5133                                                                     │ _078574_/A1                │ met3  │
│ 1.36  │ 544.39  │ 400.00   │ net31080                                                                    │ _072609_/A2                │ met3  │
│ 1.36  │ 543.75  │ 400.00   │ instr_bram_ctrl_inst.instr_ram.u_mem.g_2k[1\].u_cell.rdata[16\]             │ _114274_/A1                │ met4  │
│ 1.36  │ 3776.38 │ 2778.20  │ _024660_                                                                    │ _076007_/C_N               │ met4  │
│ 1.36  │ 543.61  │ 400.00   │ net7881                                                                     │ _074036_/A2                │ met3  │
│ 1.36  │ 543.61  │ 400.00   │ net7881                                                                     │ _078044_/B2                │ met3  │
│ 1.36  │ 543.61  │ 400.00   │ net7881                                                                     │ _078502_/B2                │ met3  │
│ 1.36  │ 3776.38 │ 2781.50  │ _057482_                                                                    │ _116563_/A1                │ met3  │
│ 1.35  │ 541.33  │ 400.00   │ instr_bram_ctrl_inst.instr_ram.u_mem.g_2k[1\].u_cell.rdata[26\]             │ _114294_/A1                │ met4  │
│ 1.35  │ 540.83  │ 400.00   │ net32058                                                                    │ _067613_/A1                │ met3  │
│ 1.35  │ 4960.19 │ 3669.20  │ net4314                                                                     │ _074219_/A2                │ met4  │
│ 1.35  │ 4477.33 │ 3312.80  │ net17965                                                                    │ _064805_/A0                │ met3  │
│ 1.35  │ 4477.33 │ 3312.80  │ net17982                                                                    │ _064790_/A0                │ met3  │
│ 1.35  │ 4477.33 │ 3312.80  │ net17985                                                                    │ _064787_/A0                │ met3  │
│ 1.35  │ 539.99  │ 400.00   │ net6142                                                                     │ _072558_/B2                │ met3  │
│ 1.35  │ 539.99  │ 400.00   │ net30917                                                                    │ _073797_/A2                │ met3  │
│ 1.35  │ 539.96  │ 400.00   │ net8055                                                                     │ _073562_/A1                │ met3  │
│ 1.35  │ 539.83  │ 400.00   │ net2919                                                                     │ _073847_/A2                │ met3  │
│ 1.35  │ 539.83  │ 400.00   │ net6317                                                                     │ _073589_/B1                │ met3  │
│ 1.35  │ 539.83  │ 400.00   │ net10529                                                                    │ _076604_/B2                │ met3  │
│ 1.35  │ 539.83  │ 400.00   │ net11123                                                                    │ _072171_/A2                │ met3  │
│ 1.35  │ 539.83  │ 400.00   │ net17389                                                                    │ _078797_/A1                │ met3  │
│ 1.35  │ 539.83  │ 400.00   │ net31362                                                                    │ _076384_/A2                │ met3  │
│ 1.35  │ 539.83  │ 400.00   │ net31433                                                                    │ _072882_/A2                │ met3  │
│ 1.35  │ 539.83  │ 400.00   │ net31714                                                                    │ _074888_/A2                │ met3  │
│ 1.35  │ 539.83  │ 400.00   │ net31861                                                                    │ _076710_/A2                │ met3  │
│ 1.35  │ 539.81  │ 400.00   │ net31662                                                                    │ _070590_/A3                │ met3  │
│ 1.35  │ 539.81  │ 400.00   │ net31662                                                                    │ _076511_/A1                │ met3  │
│ 1.35  │ 4949.74 │ 3669.20  │ net32548                                                                    │ output52/A                 │ met4  │
│ 1.35  │ 538.28  │ 400.00   │ net7506                                                                     │ wire7505/A                 │ met3  │
│ 1.35  │ 538.07  │ 400.00   │ net31534                                                                    │ _070080_/B                 │ met3  │
│ 1.35  │ 538.07  │ 400.00   │ net31534                                                                    │ _071115_/B                 │ met3  │
│ 1.35  │ 538.05  │ 400.00   │ net10340                                                                    │ _072052_/C                 │ met3  │
│ 1.35  │ 538.05  │ 400.00   │ net10340                                                                    │ _077441_/A2                │ met3  │
│ 1.34  │ 4214.48 │ 3134.60  │ net2782                                                                     │ _115535_/A1                │ met4  │
│ 1.34  │ 537.55  │ 400.00   │ net10312                                                                    │ _072976_/A3                │ met3  │
│ 1.34  │ 537.55  │ 400.00   │ net10312                                                                    │ _078123_/B1                │ met3  │
│ 1.34  │ 537.55  │ 400.00   │ net10939                                                                    │ _077141_/A2                │ met3  │
│ 1.34  │ 536.46  │ 400.00   │ net32164                                                                    │ _070742_/B2                │ met3  │
│ 1.34  │ 536.46  │ 400.00   │ net32164                                                                    │ _072326_/B                 │ met3  │
│ 1.34  │ 536.46  │ 400.00   │ net32164                                                                    │ _077636_/A2                │ met3  │
│ 1.34  │ 536.46  │ 400.00   │ net32164                                                                    │ _077787_/B                 │ met3  │
│ 1.34  │ 4911.13 │ 3669.20  │ net11348                                                                    │ _077506_/A2                │ met4  │
│ 1.34  │ 534.67  │ 400.00   │ net4898                                                                     │ _078672_/C                 │ met3  │
│ 1.33  │ 533.19  │ 400.00   │ _018350_                                                                    │ fanout17767/A              │ met3  │
│ 1.33  │ 533.19  │ 400.00   │ _018350_                                                                    │ wire17798/A                │ met3  │
│ 1.33  │ 532.83  │ 400.00   │ net8042                                                                     │ _076071_/A1                │ met2  │
│ 1.33  │ 3688.76 │ 2778.20  │ _024899_                                                                    │ _076253_/B                 │ met3  │
│ 1.33  │ 3688.76 │ 2778.20  │ _026923_                                                                    │ _078279_/B                 │ met4  │
│ 1.33  │ 3688.76 │ 2778.20  │ _048553_                                                                    │ _105613_/A1                │ met3  │
│ 1.33  │ 4389.71 │ 3312.80  │ net4040                                                                     │ _116804_/A1                │ met3  │
│ 1.32  │ 528.25  │ 400.00   │ instr_bram_ctrl_inst.instr_ram.u_mem.g_2k[1\].u_cell.rdata[19\]             │ _114280_/A1                │ met4  │
│ 1.32  │ 527.99  │ 400.00   │ net10094                                                                    │ _076302_/A2_N              │ met2  │
│ 1.32  │ 4126.86 │ 3134.60  │ net3536                                                                     │ _074667_/C                 │ met4  │
│ 1.32  │ 4126.86 │ 3134.60  │ net4584                                                                     │ _071501_/D                 │ met4  │
│ 1.32  │ 526.38  │ 400.00   │ net6078                                                                     │ wire6077/A                 │ met3  │
│ 1.32  │ 526.38  │ 400.00   │ net6951                                                                     │ wire31913/A                │ met3  │
│ 1.32  │ 526.38  │ 400.00   │ net30821                                                                    │ wire30820/A                │ met3  │
│ 1.32  │ 526.38  │ 400.00   │ net31618                                                                    │ wire10201/A                │ met3  │
│ 1.31  │ 525.26  │ 400.00   │ net31398                                                                    │ wire4152/A                 │ met3  │
│ 1.30  │ 521.99  │ 400.00   │ net31531                                                                    │ _072468_/A1                │ met3  │
│ 1.30  │ 521.99  │ 400.00   │ net31531                                                                    │ _073821_/B2                │ met3  │
│ 1.30  │ 521.99  │ 400.00   │ net31531                                                                    │ _078613_/A1                │ met3  │
│ 1.30  │ 521.94  │ 400.00   │ net6666                                                                     │ _072282_/B1                │ met3  │
│ 1.30  │ 521.94  │ 400.00   │ net6666                                                                     │ _076996_/B1                │ met3  │
│ 1.30  │ 521.94  │ 400.00   │ net6666                                                                     │ wire6665/A                 │ met3  │
│ 1.30  │ 521.92  │ 400.00   │ net10894                                                                    │ wire10893/A                │ met3  │
│ 1.30  │ 521.92  │ 400.00   │ net32260                                                                    │ wire8296/A                 │ met3  │
│ 1.30  │ 521.21  │ 400.00   │ net30967                                                                    │ _071485_/B                 │ met3  │
│ 1.30  │ 521.21  │ 400.00   │ net30967                                                                    │ _071728_/A1                │ met3  │
│ 1.30  │ 521.21  │ 400.00   │ net30967                                                                    │ _072037_/A1                │ met3  │
│ 1.30  │ 4310.86 │ 3312.80  │ net3433                                                                     │ _107598_/A0                │ met3  │
│ 1.30  │ 519.89  │ 400.00   │ net4904                                                                     │ _075579_/A2                │ met3  │
│ 1.30  │ 519.89  │ 400.00   │ net4904                                                                     │ _078641_/A2                │ met3  │
│ 1.30  │ 4302.10 │ 3312.80  │ net2392                                                                     │ _074191_/C_N               │ met3  │
│ 1.30  │ 4302.10 │ 3312.80  │ net2507                                                                     │ _113759_/A0                │ met3  │
│ 1.30  │ 4302.10 │ 3312.80  │ net2508                                                                     │ _113749_/A0                │ met3  │
│ 1.30  │ 4302.10 │ 3312.80  │ net3546                                                                     │ _074232_/B                 │ met3  │
│ 1.30  │ 519.19  │ 400.00   │ instr_bram_ctrl_inst.instr_ram.u_mem.g_2k[1\].u_cell.rdata[14\]             │ _114270_/A1                │ met4  │
│ 1.30  │ 518.38  │ 400.00   │ net31093                                                                    │ _077812_/A3                │ met3  │
│ 1.30  │ 518.38  │ 400.00   │ net31093                                                                    │ wire6823/A                 │ met3  │
│ 1.29  │ 516.98  │ 400.00   │ instr_bram_ctrl_inst.instr_ram.u_mem.g_2k[1\].u_cell.rdata[23\]             │ _114288_/A1                │ met4  │
│ 1.29  │ 4740.19 │ 3669.20  │ net30907                                                                    │ _077254_/B                 │ met4  │
│ 1.29  │ 4728.45 │ 3669.20  │ net31657                                                                    │ _076700_/A1_N              │ met4  │
│ 1.29  │ 4728.45 │ 3669.20  │ net32581                                                                    │ wire23830/A                │ met4  │
│ 1.29  │ 515.25  │ 400.00   │ net6249                                                                     │ _072164_/B1                │ met3  │
│ 1.29  │ 515.25  │ 400.00   │ net6249                                                                     │ _075470_/A2                │ met3  │
│ 1.29  │ 515.25  │ 400.00   │ net6907                                                                     │ _079072_/C                 │ met3  │
│ 1.29  │ 514.11  │ 400.00   │ net4708                                                                     │ wire30896/A                │ met3  │
│ 1.29  │ 514.11  │ 400.00   │ net25815                                                                    │ wire25814/A                │ met3  │
│ 1.29  │ 514.11  │ 400.00   │ net30799                                                                    │ wire30798/A                │ met3  │
│ 1.29  │ 514.11  │ 400.00   │ net32436                                                                    │ wire30312/A                │ met3  │
│ 1.28  │ 511.42  │ 400.00   │ net3712                                                                     │ _076378_/C                 │ met3  │
│ 1.28  │ 511.42  │ 400.00   │ net3712                                                                     │ _077626_/A2                │ met3  │
│ 1.27  │ 509.50  │ 400.00   │ net7844                                                                     │ _071868_/B                 │ met3  │
│ 1.27  │ 509.50  │ 400.00   │ net7844                                                                     │ _076520_/A1                │ met3  │
│ 1.27  │ 509.50  │ 400.00   │ net7844                                                                     │ _077251_/A1                │ met3  │
│ 1.27  │ 509.46  │ 400.00   │ net3657                                                                     │ _076942_/A2                │ met3  │
│ 1.27  │ 509.46  │ 400.00   │ net3657                                                                     │ wire3655/A                 │ met3  │
│ 1.27  │ 4214.48 │ 3312.80  │ net2945                                                                     │ _072388_/B                 │ met3  │
│ 1.27  │ 4214.48 │ 3312.80  │ net6056                                                                     │ _073306_/C                 │ met3  │
│ 1.27  │ 4214.48 │ 3312.80  │ net17927                                                                    │ _064856_/A0                │ met3  │
│ 1.27  │ 4659.02 │ 3669.20  │ net32582                                                                    │ wire23823/A                │ met4  │
│ 1.27  │ 4652.57 │ 3669.20  │ net30552                                                                    │ _078100_/B                 │ met4  │
│ 1.27  │ 3522.29 │ 2778.20  │ _025843_                                                                    │ _077194_/A_N               │ met4  │
│ 1.27  │ 507.05  │ 400.00   │ net14545                                                                    │ wire14544/A                │ met3  │
│ 1.27  │ 507.05  │ 400.00   │ net30701                                                                    │ _077728_/A2                │ met3  │
│ 1.27  │ 507.05  │ 400.00   │ net30701                                                                    │ _077729_/B1                │ met3  │
│ 1.27  │ 507.05  │ 400.00   │ net32205                                                                    │ wire8283/A                 │ met3  │
│ 1.26  │ 3513.52 │ 2778.20  │ _023725_                                                                    │ _075067_/A1                │ met4  │
│ 1.26  │ 505.23  │ 400.00   │ net31081                                                                    │ wire4646/A                 │ met3  │
│ 1.26  │ 504.44  │ 400.00   │ net6852                                                                     │ _077865_/A2                │ met3  │
│ 1.26  │ 3951.62 │ 3134.60  │ net4197                                                                     │ _075041_/C                 │ met4  │
│ 1.25  │ 4600.57 │ 3669.20  │ net11694                                                                    │ _073175_/A                 │ met3  │
│ 1.25  │ 4589.58 │ 3669.20  │ net32510                                                                    │ wire22440/A                │ met4  │
│ 1.25  │ 4589.58 │ 3669.20  │ net32599                                                                    │ wire22115/A                │ met4  │
│ 1.25  │ 4589.58 │ 3669.20  │ net32650                                                                    │ wire22607/A                │ met4  │
│ 1.25  │ 4589.58 │ 3669.20  │ net32710                                                                    │ wire22568/A                │ met4  │
│ 1.25  │ 499.88  │ 400.00   │ net11547                                                                    │ _077954_/A2                │ met3  │
│ 1.25  │ 499.68  │ 400.00   │ net10770                                                                    │ _073939_/A2                │ met3  │
│ 1.25  │ 4836.57 │ 3872.32  │ net5977                                                                     │ _077612_/B                 │ met3  │
│ 1.25  │ 4135.62 │ 3312.80  │ net5273                                                                     │ _060924_/B1_N              │ met3  │
│ 1.25  │ 4126.86 │ 3312.80  │ net5262                                                                     │ _061628_/B1_N              │ met3  │
│ 1.25  │ 4126.86 │ 3312.80  │ net5267                                                                     │ _061400_/B1_N              │ met3  │
│ 1.25  │ 498.27  │ 400.00   │ net31301                                                                    │ _077783_/A2                │ met3  │
│ 1.25  │ 498.27  │ 400.00   │ net31301                                                                    │ _078951_/B1                │ met3  │
│ 1.25  │ 498.27  │ 400.00   │ net31301                                                                    │ fanout13419/A              │ met3  │
│ 1.24  │ 4103.55 │ 3312.80  │ net6397                                                                     │ _078502_/A2_N              │ met4  │
│ 1.24  │ 495.39  │ 400.00   │ net11496                                                                    │ _073201_/A3                │ met3  │
│ 1.24  │ 495.26  │ 400.00   │ net6459                                                                     │ _075853_/B                 │ met3  │
│ 1.24  │ 495.26  │ 400.00   │ net31471                                                                    │ _073255_/B1                │ met3  │
│ 1.24  │ 495.26  │ 400.00   │ net31471                                                                    │ _073942_/B1                │ met3  │
│ 1.24  │ 495.22  │ 400.00   │ _013604_                                                                    │ _064178_/B1                │ met3  │
│ 1.24  │ 495.22  │ 400.00   │ _020071_                                                                    │ _071404_/B1                │ met3  │
│ 1.24  │ 495.22  │ 400.00   │ _023842_                                                                    │ _075188_/B1                │ met3  │
│ 1.24  │ 495.22  │ 400.00   │ qspi_master_inst.QSPI_ADR[15\]                                              │ _116521_/B2                │ met3  │
│ 1.24  │ 495.22  │ 400.00   │ net3539                                                                     │ _074399_/B1                │ met3  │
│ 1.24  │ 495.22  │ 400.00   │ net4986                                                                     │ _076109_/A2                │ met3  │
│ 1.24  │ 495.22  │ 400.00   │ net6188                                                                     │ _078346_/A2                │ met3  │
│ 1.24  │ 495.22  │ 400.00   │ net10031                                                                    │ _077574_/A2                │ met3  │
│ 1.24  │ 495.22  │ 400.00   │ net11063                                                                    │ _077897_/A1                │ met3  │
│ 1.24  │ 495.22  │ 400.00   │ net28529                                                                    │ wire28528/A                │ met3  │
│ 1.24  │ 495.22  │ 400.00   │ net30837                                                                    │ _071683_/B2                │ met3  │
│ 1.24  │ 495.22  │ 400.00   │ net31047                                                                    │ _075520_/B2                │ met3  │
│ 1.24  │ 495.22  │ 400.00   │ net31187                                                                    │ _075591_/A1                │ met3  │
│ 1.24  │ 495.22  │ 400.00   │ net31187                                                                    │ _077695_/B1                │ met3  │
│ 1.24  │ 495.22  │ 400.00   │ net31857                                                                    │ _079038_/A2                │ met3  │
│ 1.24  │ 495.21  │ 400.00   │ net6898                                                                     │ _075913_/B2                │ met3  │
│ 1.24  │ 495.21  │ 400.00   │ net6898                                                                     │ _077153_/A1                │ met3  │
│ 1.24  │ 495.18  │ 400.00   │ net10531                                                                    │ _075178_/A2                │ met2  │
│ 1.24  │ 494.54  │ 400.00   │ conv_accelerator_inst.u_conv_buf_ram.u_mem.u_mem.g_2k[1\].u_cell.rdata[14\] │ _066686_/A1                │ met4  │
│ 1.23  │ 493.74  │ 400.00   │ net4746                                                                     │ _074974_/A1                │ met3  │
│ 1.23  │ 493.74  │ 400.00   │ net4746                                                                     │ _075245_/A1                │ met3  │
│ 1.23  │ 493.74  │ 400.00   │ net4746                                                                     │ _077457_/A1                │ met3  │
│ 1.23  │ 3425.90 │ 2778.20  │ _000094_                                                                    │ _128291_/D                 │ met3  │
│ 1.23  │ 3425.90 │ 2778.20  │ _025965_                                                                    │ _077317_/C                 │ met4  │
│ 1.23  │ 493.13  │ 400.00   │ instr_bram_ctrl_inst.instr_ram.u_mem.g_2k[0\].u_cell.rdata[12\]             │ wire22087/A                │ met3  │
│ 1.23  │ 493.13  │ 400.00   │ instr_bram_ctrl_inst.instr_ram.u_mem.g_2k[0\].u_cell.rdata[30\]             │ wire21925/A                │ met3  │
│ 1.23  │ 493.13  │ 400.00   │ instr_bram_ctrl_inst.instr_ram.u_mem.g_2k[2\].u_cell.rdata[12\]             │ wire21828/A                │ met3  │
│ 1.23  │ 493.13  │ 400.00   │ yz_bram_ctrl_inst.yz_ram.u_mem.u_mem.g_1k.u_cell.rdata[2\]                  │ wire21069/A                │ met3  │
│ 1.23  │ 493.13  │ 400.00   │ yz_bram_ctrl_inst.yz_ram.u_mem.u_mem.g_2k[1\].u_cell.rdata[15\]             │ wire20503/A                │ met3  │
│ 1.23  │ 493.13  │ 400.00   │ yz_bram_ctrl_inst.yz_ram.u_mem.u_mem.g_2k[2\].u_cell.rdata[10\]             │ _064777_/A2                │ met3  │
│ 1.23  │ 493.13  │ 400.00   │ yz_bram_ctrl_inst.yz_ram.u_mem.u_mem.g_2k[2\].u_cell.rdata[21\]             │ _064840_/A2                │ met3  │
│ 1.23  │ 4523.05 │ 3669.20  │ net31637                                                                    │ _071562_/B2                │ met3  │
│ 1.23  │ 492.98  │ 400.00   │ net4682                                                                     │ _071694_/A1                │ met3  │
│ 1.23  │ 492.98  │ 400.00   │ net4682                                                                     │ _076397_/B1                │ met3  │
│ 1.23  │ 492.98  │ 400.00   │ net12641                                                                    │ _078278_/B2                │ met3  │
│ 1.23  │ 492.98  │ 400.00   │ net12641                                                                    │ _078787_/B2                │ met3  │
│ 1.23  │ 492.95  │ 400.00   │ net7812                                                                     │ _077086_/A2                │ met3  │
│ 1.23  │ 492.95  │ 400.00   │ net11551                                                                    │ _076260_/A1                │ met3  │
│ 1.23  │ 4520.15 │ 3669.20  │ net32514                                                                    │ wire22309/A                │ met4  │
│ 1.23  │ 4520.15 │ 3669.20  │ net32560                                                                    │ wire24012/A                │ met4  │
│ 1.23  │ 4520.15 │ 3669.20  │ net32562                                                                    │ wire23998/A                │ met4  │
│ 1.23  │ 4520.15 │ 3669.20  │ net32583                                                                    │ wire23816/A                │ met4  │
│ 1.22  │ 4740.19 │ 3872.32  │ net2911                                                                     │ _074299_/C                 │ met3  │
│ 1.22  │ 4048.00 │ 3312.80  │ net2628                                                                     │ _073286_/B                 │ met3  │
│ 1.22  │ 4048.00 │ 3312.80  │ net7226                                                                     │ _074615_/C_N               │ met3  │
│ 1.22  │ 4477.33 │ 3669.20  │ net16185                                                                    │ _113657_/A1                │ met3  │
│ 1.22  │ 4473.99 │ 3669.20  │ net30580                                                                    │ _075553_/B1                │ met4  │
│ 1.22  │ 4039.24 │ 3312.80  │ net4196                                                                     │ _075085_/C                 │ met3  │
│ 1.22  │ 4039.24 │ 3312.80  │ net4323                                                                     │ _072544_/C                 │ met3  │
│ 1.22  │ 4034.11 │ 3312.80  │ net6396                                                                     │ _071761_/A2_N              │ met4  │
│ 1.21  │ 4450.72 │ 3669.20  │ net32561                                                                    │ wire24005/A                │ met4  │
│ 1.21  │ 484.89  │ 400.00   │ conv_accelerator_inst.u_conv_buf_ram.u_mem.u_mem.g_2k[1\].u_cell.rdata[22\] │ _066716_/A1                │ met4  │
│ 1.21  │ 483.67  │ 400.00   │ net31437                                                                    │ _075877_/A1                │ met3  │
│ 1.21  │ 483.67  │ 400.00   │ net31437                                                                    │ _078672_/B                 │ met3  │
│ 1.21  │ 483.67  │ 400.00   │ net31437                                                                    │ _078899_/B2                │ met3  │
│ 1.21  │ 483.59  │ 400.00   │ _018471_                                                                    │ _072329_/A1                │ met3  │
│ 1.21  │ 483.59  │ 400.00   │ _018471_                                                                    │ wire8137/A                 │ met3  │
│ 1.21  │ 483.56  │ 400.00   │ net31296                                                                    │ _079043_/A1                │ met3  │
│ 1.21  │ 483.56  │ 400.00   │ net31296                                                                    │ wire5177/A                 │ met3  │
│ 1.20  │ 3338.29 │ 2778.20  │ _025379_                                                                    │ _076728_/C_N               │ met3  │
│ 1.20  │ 3338.29 │ 2778.20  │ _052029_                                                                    │ _109110_/B                 │ met4  │
│ 1.20  │ 3338.29 │ 2781.50  │ _026318_                                                                    │ _077672_/D                 │ met3  │
│ 1.20  │ 3338.29 │ 2784.80  │ _022899_                                                                    │ _074238_/D_N               │ met3  │
│ 1.20  │ 478.94  │ 400.00   │ instr_bram_ctrl_inst.instr_ram.u_mem.g_2k[1\].u_cell.rdata[11\]             │ _114264_/A1                │ met4  │
│ 1.19  │ 477.32  │ 400.00   │ net10680                                                                    │ wire10679/A                │ met3  │
│ 1.19  │ 3951.62 │ 3312.80  │ net2513                                                                     │ _113729_/A0                │ met3  │
│ 1.19  │ 3951.62 │ 3312.80  │ net2859                                                                     │ _077932_/B                 │ met3  │
│ 1.19  │ 3951.62 │ 3312.80  │ net3609                                                                     │ _072173_/D                 │ met3  │
│ 1.19  │ 3951.62 │ 3312.80  │ net6006                                                                     │ _075266_/C                 │ met3  │
│ 1.19  │ 3951.62 │ 3312.80  │ net18007                                                                    │ _064766_/A0                │ met3  │
│ 1.19  │ 3951.62 │ 3312.80  │ net32001                                                                    │ _116374_/A1                │ met3  │
│ 1.19  │ 3532.80 │ 2969.60  │ _023415_                                                                    │ _074770_/A1                │ met4  │
│ 1.19  │ 4354.67 │ 3669.20  │ net4472                                                                     │ _071884_/C                 │ met3  │
│ 1.18  │ 472.89  │ 400.00   │ net7957                                                                     │ _077743_/B2                │ met3  │
│ 1.18  │ 472.89  │ 400.00   │ net7957                                                                     │ _078796_/B2                │ met3  │
│ 1.18  │ 472.87  │ 400.00   │ _021309_                                                                    │ _074822_/B1                │ met3  │
│ 1.18  │ 472.87  │ 400.00   │ _021309_                                                                    │ _077521_/B1                │ met3  │
│ 1.18  │ 3697.52 │ 3134.60  │ net5073                                                                     │ _071179_/B                 │ met3  │
│ 1.18  │ 3902.19 │ 3312.80  │ net1948                                                                     │ _077596_/A2                │ met4  │
│ 1.18  │ 470.97  │ 400.00   │ net4743                                                                     │ _078073_/D                 │ met2  │
│ 1.18  │ 470.71  │ 400.00   │ net2894                                                                     │ _075440_/A2                │ met3  │
│ 1.18  │ 470.69  │ 400.00   │ yz_bram_ctrl_inst.yz_ram.u_mem.u_mem.g_2k[2\].u_cell.rdata[2\]              │ _064774_/A2                │ met4  │
│ 1.18  │ 470.64  │ 400.00   │ net129                                                                      │ wire128/A                  │ met3  │
│ 1.18  │ 470.64  │ 400.00   │ net4493                                                                     │ _074164_/B2                │ met3  │
│ 1.18  │ 470.64  │ 400.00   │ net10725                                                                    │ _077620_/A2                │ met3  │
│ 1.18  │ 470.64  │ 400.00   │ net30945                                                                    │ _074045_/A1                │ met3  │
│ 1.18  │ 470.47  │ 400.00   │ net27951                                                                    │ _059877_/A1                │ met3  │
│ 1.18  │ 470.47  │ 400.00   │ net27951                                                                    │ _059898_/A                 │ met3  │
│ 1.18  │ 470.47  │ 400.00   │ net27951                                                                    │ _062503_/A                 │ met3  │
│ 1.18  │ 470.47  │ 400.00   │ net27951                                                                    │ _107541_/A                 │ met3  │
│ 1.17  │ 4310.86 │ 3669.20  │ net31900                                                                    │ _071935_/B                 │ met4  │
│ 1.17  │ 469.50  │ 400.00   │ net3610                                                                     │ wire30512/A                │ met3  │
│ 1.17  │ 469.50  │ 400.00   │ net4681                                                                     │ wire4680/A                 │ met3  │
│ 1.17  │ 4302.10 │ 3669.20  │ net16187                                                                    │ _113655_/A1                │ met3  │
│ 1.17  │ 3259.43 │ 2781.50  │ _057599_                                                                    │ _116693_/A0                │ met3  │
│ 1.17  │ 3872.76 │ 3312.80  │ net10816                                                                    │ _077529_/A                 │ met3  │
│ 1.17  │ 3872.76 │ 3312.80  │ net32136                                                                    │ _117213_/A0                │ met3  │
│ 1.17  │ 3872.76 │ 3312.80  │ net32258                                                                    │ _106154_/A0                │ met3  │
│ 1.17  │ 3864.00 │ 3312.80  │ net2535                                                                     │ _105228_/A0                │ met3  │
│ 1.17  │ 3864.00 │ 3312.80  │ net6363                                                                     │ _074281_/B                 │ met3  │
│ 1.17  │ 3864.00 │ 3312.80  │ net9989                                                                     │ _073138_/D                 │ met3  │
│ 1.17  │ 3864.00 │ 3312.80  │ net30725                                                                    │ _074887_/A                 │ met3  │
│ 1.17  │ 3864.00 │ 3312.80  │ net31970                                                                    │ _116833_/A0                │ met3  │
│ 1.17  │ 3448.05 │ 2956.40  │ _024598_                                                                    │ _075944_/B1                │ met4  │
│ 1.16  │ 465.26  │ 400.00   │ instr_bram_ctrl_inst.instr_ram.u_mem.g_2k[1\].u_cell.rdata[30\]             │ _114302_/A1                │ met4  │
│ 1.16  │ 464.85  │ 400.00   │ net31666                                                                    │ _072182_/A2                │ met3  │
│ 1.16  │ 464.85  │ 400.00   │ net31666                                                                    │ _072553_/B                 │ met3  │
│ 1.16  │ 464.25  │ 400.00   │ yz_bram_ctrl_inst.yz_ram.u_mem.u_mem.g_2k[2\].u_cell.rdata[13\]             │ _064795_/A2                │ met4  │
│ 1.16  │ 463.94  │ 400.00   │ net14245                                                                    │ wire14244/A                │ met3  │
│ 1.16  │ 462.51  │ 400.00   │ net30666                                                                    │ _074558_/B2                │ met3  │
│ 1.16  │ 462.51  │ 400.00   │ net30666                                                                    │ _075684_/A2                │ met3  │
│ 1.16  │ 462.51  │ 400.00   │ net30666                                                                    │ _076931_/A2                │ met3  │
│ 1.16  │ 4242.04 │ 3669.20  │ net6505                                                                     │ _076250_/B2                │ met4  │
│ 1.15  │ 3207.85 │ 2778.20  │ _023531_                                                                    │ _074873_/A2_N              │ met3  │
│ 1.15  │ 461.75  │ 400.00   │ net30793                                                                    │ _074098_/A2                │ met3  │
│ 1.15  │ 461.75  │ 400.00   │ net30793                                                                    │ _078553_/A2                │ met3  │
│ 1.15  │ 461.75  │ 400.00   │ net30793                                                                    │ _078881_/A1                │ met3  │
│ 1.15  │ 460.63  │ 400.00   │ net30841                                                                    │ wire6338/A                 │ met3  │
│ 1.15  │ 4214.48 │ 3669.20  │ net16179                                                                    │ _113701_/A1                │ met3  │
│ 1.15  │ 4214.48 │ 3669.20  │ net16181                                                                    │ _113671_/A1                │ met3  │
│ 1.15  │ 4214.48 │ 3669.20  │ net16183                                                                    │ _113667_/A1                │ met3  │
│ 1.15  │ 4214.48 │ 3669.20  │ net16191                                                                    │ _113647_/A1                │ met3  │
│ 1.15  │ 3394.52 │ 2956.40  │ _021611_                                                                    │ _072945_/A3                │ met3  │
│ 1.15  │ 458.86  │ 400.00   │ net4387                                                                     │ _072184_/B2                │ met2  │
│ 1.15  │ 458.62  │ 400.00   │ instr_bram_ctrl_inst.instr_ram.u_mem.g_2k[1\].u_cell.rdata[17\]             │ _114276_/A1                │ met4  │
│ 1.15  │ 458.39  │ 400.00   │ net4539                                                                     │ max_cap30705/A             │ met3  │
│ 1.15  │ 458.35  │ 400.00   │ net6557                                                                     │ wire31571/A                │ met3  │
│ 1.14  │ 457.78  │ 400.00   │ _019882_                                                                    │ _078033_/A2                │ met3  │
│ 1.14  │ 457.78  │ 400.00   │ _019882_                                                                    │ wire6761/A                 │ met3  │
│ 1.14  │ 4197.43 │ 3669.20  │ net2599                                                                     │ _075849_/A3                │ met4  │
│ 1.14  │ 3785.14 │ 3312.80  │ net9998                                                                     │ _073296_/C                 │ met3  │
│ 1.14  │ 456.82  │ 400.00   │ _020902_                                                                    │ _072234_/B1                │ met3  │
│ 1.14  │ 456.82  │ 400.00   │ _020902_                                                                    │ wire4381/A                 │ met3  │
│ 1.14  │ 456.79  │ 400.00   │ net7269                                                                     │ _075121_/B2                │ met3  │
│ 1.14  │ 456.79  │ 400.00   │ net7269                                                                     │ max_cap7268/A              │ met3  │
│ 1.14  │ 3171.81 │ 2778.20  │ _057862_                                                                    │ _116951_/A1                │ met3  │
│ 1.14  │ 456.41  │ 400.00   │ net31432                                                                    │ _079106_/A2                │ met2  │
│ 1.14  │ 3776.38 │ 3312.80  │ net2505                                                                     │ _116287_/B                 │ met3  │
│ 1.14  │ 3776.38 │ 3312.80  │ net7403                                                                     │ _071389_/C                 │ met3  │
│ 1.14  │ 3776.38 │ 3312.80  │ net14278                                                                    │ _073226_/B                 │ met3  │
│ 1.14  │ 455.37  │ 400.00   │ net10218                                                                    │ _074335_/A2                │ met3  │
│ 1.14  │ 455.24  │ 400.00   │ net32247                                                                    │ _078101_/A1                │ met3  │
│ 1.14  │ 455.08  │ 400.00   │ net30673                                                                    │ _075245_/B1                │ met3  │
│ 1.14  │ 4172.98 │ 3669.20  │ net32513                                                                    │ wire22385/A                │ met4  │
│ 1.14  │ 3163.05 │ 2781.50  │ _056834_                                                                    │ _115810_/A0                │ met3  │
│ 1.14  │ 3163.05 │ 2781.50  │ _058180_                                                                    │ _117276_/A1                │ met3  │
│ 1.14  │ 454.77  │ 400.00   │ net31437                                                                    │ _078458_/A1                │ met2  │
│ 1.14  │ 3763.32 │ 3312.80  │ net30689                                                                    │ _075063_/B1                │ met4  │
│ 1.14  │ 454.39  │ 400.00   │ instr_bram_ctrl_inst.instr_ram.u_mem.g_2k[1\].u_cell.rdata[9\]              │ _114260_/A1                │ met4  │
│ 1.14  │ 454.30  │ 400.00   │ net31560                                                                    │ _070612_/B1                │ met3  │
│ 1.14  │ 454.30  │ 400.00   │ net31560                                                                    │ _077382_/B1                │ met3  │
│ 1.14  │ 454.30  │ 400.00   │ net31560                                                                    │ wire10682/A                │ met3  │
│ 1.13  │ 3756.38 │ 3312.80  │ net30938                                                                    │ _073846_/A2_N              │ met4  │
│ 1.13  │ 452.38  │ 400.00   │ net15421                                                                    │ fanout15403/A              │ met3  │
│ 1.13  │ 452.38  │ 400.00   │ net15421                                                                    │ fanout15409/A              │ met3  │
│ 1.13  │ 452.28  │ 400.00   │ data_bram_ctrl_inst.data_ram.u_mem.g_2k[1\].u_cell.rdata[7\]                │ _113656_/A1                │ met4  │
│ 1.13  │ 451.04  │ 400.00   │ net18123                                                                    │ fanout18078/A              │ met3  │
│ 1.13  │ 451.04  │ 400.00   │ net18123                                                                    │ fanout18084/A              │ met3  │
│ 1.13  │ 451.04  │ 400.00   │ net18123                                                                    │ fanout18100/A              │ met3  │
│ 1.13  │ 451.04  │ 400.00   │ net18123                                                                    │ fanout18107/A              │ met3  │
│ 1.13  │ 450.91  │ 400.00   │ net4333                                                                     │ _077915_/A2                │ met3  │
│ 1.13  │ 4135.08 │ 3669.20  │ net2063                                                                     │ wire2061/A                 │ met4  │
│ 1.13  │ 4135.08 │ 3669.20  │ net2063                                                                     │ load_slew2062/A            │ met4  │
│ 1.13  │ 450.78  │ 400.00   │ net7248                                                                     │ _072907_/B2                │ met3  │
│ 1.13  │ 450.78  │ 400.00   │ net31297                                                                    │ _074266_/A1                │ met3  │
│ 1.13  │ 450.65  │ 400.00   │ net13666                                                                    │ _075505_/A2                │ met3  │
│ 1.13  │ 450.62  │ 400.00   │ net5014                                                                     │ _074037_/A1                │ met3  │
│ 1.13  │ 450.62  │ 400.00   │ net6309                                                                     │ _072171_/B1                │ met3  │
│ 1.13  │ 450.62  │ 400.00   │ net6387                                                                     │ _072613_/B1                │ met3  │
│ 1.13  │ 450.62  │ 400.00   │ net7058                                                                     │ _076083_/A1                │ met3  │
│ 1.13  │ 450.62  │ 400.00   │ net10375                                                                    │ _072167_/A1                │ met3  │
│ 1.13  │ 450.62  │ 400.00   │ net12444                                                                    │ _078262_/B1                │ met3  │
│ 1.13  │ 450.62  │ 400.00   │ net18848                                                                    │ wire18847/A                │ met3  │
│ 1.13  │ 450.62  │ 400.00   │ net30497                                                                    │ _074803_/A3                │ met3  │
│ 1.13  │ 450.62  │ 400.00   │ net30498                                                                    │ _074270_/A1                │ met3  │
│ 1.13  │ 450.62  │ 400.00   │ net30944                                                                    │ _070521_/A3                │ met3  │
│ 1.13  │ 450.62  │ 400.00   │ net31282                                                                    │ _073039_/B2                │ met3  │
│ 1.13  │ 450.62  │ 400.00   │ net31463                                                                    │ _071153_/B2                │ met3  │
│ 1.13  │ 450.62  │ 400.00   │ net31475                                                                    │ _073853_/A2                │ met3  │
│ 1.13  │ 450.62  │ 400.00   │ net31711                                                                    │ _070521_/A1                │ met3  │
│ 1.13  │ 450.59  │ 400.00   │ net10196                                                                    │ _071434_/A2                │ met3  │
│ 1.13  │ 450.59  │ 400.00   │ net10196                                                                    │ _072706_/A2                │ met3  │
│ 1.12  │ 4127.17 │ 3669.20  │ net9964                                                                     │ _077254_/A                 │ met3  │
│ 1.12  │ 449.48  │ 400.00   │ net10031                                                                    │ _075597_/C                 │ met3  │
│ 1.12  │ 449.48  │ 400.00   │ net10031                                                                    │ _076564_/A2                │ met3  │
│ 1.12  │ 3522.29 │ 3134.60  │ net18027                                                                    │ _062770_/B                 │ met3  │
│ 1.12  │ 449.43  │ 400.00   │ _021423_                                                                    │ wire10009/A                │ met3  │
│ 1.12  │ 449.20  │ 400.00   │ net5203                                                                     │ _073555_/A1                │ met3  │
│ 1.12  │ 449.20  │ 400.00   │ net5203                                                                     │ _077790_/B2                │ met3  │
│ 1.12  │ 449.20  │ 400.00   │ net5203                                                                     │ _078250_/A2                │ met3  │
│ 1.12  │ 449.09  │ 400.00   │ net13986                                                                    │ _069939_/B1                │ met3  │
│ 1.12  │ 449.09  │ 400.00   │ net13986                                                                    │ _072168_/B                 │ met3  │
│ 1.12  │ 449.09  │ 400.00   │ net13986                                                                    │ _072652_/B                 │ met3  │
│ 1.12  │ 3713.71 │ 3312.80  │ net16316                                                                    │ wire16315/A                │ met4  │
│ 1.12  │ 3513.52 │ 3134.60  │ net2602                                                                     │ _075647_/A                 │ met3  │
│ 1.12  │ 3513.52 │ 3134.60  │ net2855                                                                     │ _078208_/B                 │ met4  │
│ 1.12  │ 3513.52 │ 3134.60  │ net30605                                                                    │ _074980_/B                 │ met3  │
│ 1.12  │ 4110.64 │ 3669.20  │ net31585                                                                    │ _075888_/B1                │ met3  │
│ 1.12  │ 448.05  │ 400.00   │ data_bram_ctrl_inst.data_ram.u_mem.g_2k[1\].u_cell.rdata[1\]                │ wire22617/A                │ met4  │
│ 1.12  │ 447.60  │ 400.00   │ net6314                                                                     │ _071956_/A                 │ met3  │
│ 1.12  │ 447.60  │ 400.00   │ net6314                                                                     │ _078034_/B2                │ met3  │
│ 1.12  │ 447.58  │ 400.00   │ net3626                                                                     │ wire3625/A                 │ met3  │
│ 1.12  │ 4103.55 │ 3669.20  │ net32653                                                                    │ wire22582/A                │ met4  │
│ 1.12  │ 4103.55 │ 3669.20  │ net32708                                                                    │ wire22578/A                │ met4  │
│ 1.12  │ 447.23  │ 400.00   │ net31223                                                                    │ wire10830/A                │ met3  │
│ 1.12  │ 447.20  │ 400.00   │ net3989                                                                     │ wire32102/A                │ met3  │
│ 1.12  │ 447.00  │ 400.00   │ net30912                                                                    │ _072921_/B                 │ met3  │
│ 1.12  │ 447.00  │ 400.00   │ net30912                                                                    │ _078752_/A2                │ met3  │
│ 1.12  │ 3697.52 │ 3312.80  │ net10167                                                                    │ _078264_/C                 │ met4  │
│ 1.11  │ 3688.76 │ 3312.80  │ net2612                                                                     │ _074600_/D                 │ met3  │
│ 1.11  │ 3688.76 │ 3312.80  │ net30624                                                                    │ _071244_/B                 │ met3  │
│ 1.11  │ 445.03  │ 400.00   │ data_bram_ctrl_inst.data_ram.u_mem.g_2k[1\].u_cell.rdata[2\]                │ wire22616/A                │ met4  │
│ 1.11  │ 3478.64 │ 3134.60  │ net2915                                                                     │ _078430_/B1                │ met4  │
│ 1.11  │ 3675.54 │ 3312.80  │ net11403                                                                    │ _074271_/A1                │ met3  │
│ 1.11  │ 3084.19 │ 2780.80  │ _024209_                                                                    │ _075554_/D                 │ met3  │
│ 1.11  │ 4068.07 │ 3669.20  │ net30646                                                                    │ _076496_/B2                │ met4  │
│ 1.11  │ 3075.43 │ 2778.20  │ _023493_                                                                    │ _074834_/C_N               │ met4  │
│ 1.11  │ 3075.43 │ 2778.20  │ _024949_                                                                    │ _076307_/B                 │ met4  │
│ 1.11  │ 3075.43 │ 2778.20  │ _025237_                                                                    │ _076724_/B1_N              │ met4  │
│ 1.11  │ 3075.43 │ 2781.50  │ _018212_                                                                    │ _069479_/A                 │ met3  │
│ 1.10  │ 4050.36 │ 3669.20  │ net6366                                                                     │ _076106_/A2                │ met3  │
│ 1.10  │ 440.93  │ 400.00   │ net31132                                                                    │ _072102_/B                 │ met3  │
│ 1.10  │ 440.93  │ 400.00   │ net31132                                                                    │ _073876_/A1                │ met3  │
│ 1.10  │ 440.93  │ 400.00   │ net31132                                                                    │ _074062_/A1                │ met3  │
│ 1.10  │ 4039.24 │ 3669.20  │ net2121                                                                     │ _078850_/B                 │ met3  │
│ 1.10  │ 4034.11 │ 3669.20  │ net31602                                                                    │ _075803_/B2                │ met4  │
│ 1.10  │ 438.95  │ 400.00   │ net31450                                                                    │ _071212_/A                 │ met3  │
│ 1.10  │ 438.95  │ 400.00   │ net31450                                                                    │ wire11373/A                │ met3  │
│ 1.10  │ 4023.76 │ 3669.20  │ net7428                                                                     │ _078880_/A2                │ met3  │
│ 1.10  │ 438.59  │ 400.00   │ data_bram_ctrl_inst.data_ram.u_mem.g_2k[1\].u_cell.rdata[13\]               │ _113668_/A1                │ met4  │
│ 1.10  │ 438.28  │ 400.00   │ net31441                                                                    │ _074136_/B1                │ met3  │
│ 1.10  │ 438.28  │ 400.00   │ net31441                                                                    │ _075734_/A2                │ met3  │
│ 1.10  │ 438.28  │ 400.00   │ net31441                                                                    │ _076166_/B1                │ met3  │
│ 1.10  │ 438.12  │ 400.00   │ net8071                                                                     │ _072848_/B2                │ met3  │
│ 1.10  │ 438.12  │ 400.00   │ net8071                                                                     │ wire8070/A                 │ met3  │
│ 1.09  │ 436.16  │ 400.00   │ net18638                                                                    │ fanout18610/A              │ met2  │
│ 1.09  │ 436.16  │ 400.00   │ net18638                                                                    │ fanout18632/A              │ met2  │
│ 1.09  │ 436.12  │ 400.00   │ _019060_                                                                    │ max_cap10914/A             │ met3  │
│ 1.09  │ 3609.90 │ 3312.80  │ net2610                                                                     │ _074812_/B                 │ met3  │
│ 1.09  │ 3609.90 │ 3312.80  │ net30662                                                                    │ _071143_/D                 │ met3  │
│ 1.09  │ 3601.14 │ 3312.80  │ net10925                                                                    │ _075895_/C                 │ met3  │
│ 1.09  │ 3601.14 │ 3312.80  │ net30479                                                                    │ _078230_/B                 │ met3  │
│ 1.09  │ 3601.14 │ 3312.80  │ net30656                                                                    │ _076468_/B                 │ met3  │
│ 1.09  │ 434.27  │ 400.00   │ net4425                                                                     │ _074991_/A2                │ met3  │
│ 1.09  │ 434.27  │ 400.00   │ net4425                                                                     │ _075840_/B1                │ met3  │
│ 1.09  │ 434.27  │ 400.00   │ net4425                                                                     │ _076899_/A2                │ met3  │
│ 1.09  │ 434.16  │ 400.00   │ data_bram_ctrl_inst.data_ram.u_mem.g_2k[1\].u_cell.rdata[16\]               │ _113674_/A1                │ met4  │
│ 1.08  │ 432.78  │ 400.00   │ net10960                                                                    │ _077739_/B1                │ met3  │
│ 1.08  │ 432.73  │ 400.00   │ net3588                                                                     │ _072455_/A2                │ met3  │
│ 1.08  │ 432.73  │ 400.00   │ net3588                                                                     │ _074328_/B                 │ met3  │
│ 1.08  │ 432.15  │ 400.00   │ data_bram_ctrl_inst.data_ram.u_mem.g_2k[1\].u_cell.rdata[24\]               │ _113690_/A1                │ met4  │
│ 1.08  │ 431.95  │ 400.00   │ data_bram_ctrl_inst.data_ram.u_mem.g_2k[1\].u_cell.rdata[11\]               │ _113664_/A1                │ met4  │
│ 1.08  │ 2996.57 │ 2778.20  │ _050662_                                                                    │ _107736_/B                 │ met4  │
│ 1.08  │ 430.69  │ 400.00   │ net5173                                                                     │ _074352_/B2                │ met3  │
│ 1.08  │ 2987.81 │ 2778.20  │ _022352_                                                                    │ _073689_/D                 │ met3  │
│ 1.08  │ 2987.81 │ 2778.20  │ _022543_                                                                    │ _073881_/C                 │ met3  │
│ 1.08  │ 2987.81 │ 2778.20  │ _027069_                                                                    │ _078428_/B                 │ met4  │
│ 1.08  │ 2987.81 │ 2778.20  │ _056271_                                                                    │ _115225_/B                 │ met3  │
│ 1.07  │ 429.17  │ 400.00   │ net6192                                                                     │ _075009_/A2                │ met3  │
│ 1.07  │ 429.17  │ 400.00   │ net6192                                                                     │ _075037_/A2                │ met3  │
│ 1.07  │ 429.17  │ 400.00   │ net6192                                                                     │ _078398_/A2                │ met3  │
│ 1.07  │ 3548.08 │ 3312.80  │ net1645                                                                     │ _072479_/A0                │ met3  │
│ 1.07  │ 428.38  │ 400.00   │ net31896                                                                    │ _070511_/A                 │ met3  │
│ 1.07  │ 428.38  │ 400.00   │ net31896                                                                    │ _071746_/A2                │ met3  │
│ 1.07  │ 428.38  │ 400.00   │ net31896                                                                    │ _078375_/B2                │ met3  │
│ 1.07  │ 428.35  │ 400.00   │ net7003                                                                     │ _078811_/A2                │ met3  │
│ 1.07  │ 428.35  │ 400.00   │ net7003                                                                     │ _078982_/A1                │ met3  │
│ 1.07  │ 428.35  │ 400.00   │ net31099                                                                    │ _073542_/A2                │ met3  │
│ 1.07  │ 428.35  │ 400.00   │ net31099                                                                    │ _076596_/A2                │ met3  │
│ 1.07  │ 428.27  │ 400.00   │ net30754                                                                    │ _074383_/A1                │ met3  │
│ 1.07  │ 428.27  │ 400.00   │ net30754                                                                    │ _076768_/A1                │ met3  │
│ 1.07  │ 3171.49 │ 2964.40  │ _020244_                                                                    │ _071648_/B1                │ met4  │
│ 1.07  │ 426.80  │ 400.00   │ net31590                                                                    │ _072036_/A                 │ met3  │
│ 1.07  │ 426.80  │ 400.00   │ net31590                                                                    │ _073958_/A2                │ met3  │
│ 1.07  │ 426.80  │ 400.00   │ net31590                                                                    │ _074435_/B1                │ met3  │
│ 1.07  │ 3532.80 │ 3312.80  │ net2920                                                                     │ _073763_/C1                │ met3  │
│ 1.07  │ 426.13  │ 400.00   │ net30846                                                                    │ _075473_/B2                │ met3  │
│ 1.07  │ 426.13  │ 400.00   │ net30846                                                                    │ _078195_/B1                │ met3  │
│ 1.07  │ 426.07  │ 400.00   │ net30711                                                                    │ _073744_/A1                │ met3  │
│ 1.07  │ 426.07  │ 400.00   │ net30711                                                                    │ _077606_/B2                │ met3  │
│ 1.07  │ 426.04  │ 400.00   │ net30622                                                                    │ _075387_/C1                │ met3  │
│ 1.07  │ 426.04  │ 400.00   │ net31572                                                                    │ _076113_/A2                │ met3  │
│ 1.07  │ 426.04  │ 400.00   │ net31821                                                                    │ _071945_/B2                │ met3  │
│ 1.07  │ 426.04  │ 400.00   │ net31821                                                                    │ _076639_/A1                │ met3  │
│ 1.07  │ 426.04  │ 400.00   │ net31953                                                                    │ _076765_/B                 │ met3  │
│ 1.07  │ 426.02  │ 400.00   │ net31057                                                                    │ wire31056/A                │ met3  │
│ 1.06  │ 3338.29 │ 3134.60  │ net3506                                                                     │ _075512_/B                 │ met3  │
│ 1.06  │ 3904.73 │ 3669.20  │ net17663                                                                    │ fanout17649/A              │ met3  │
│ 1.06  │ 424.90  │ 400.00   │ net4603                                                                     │ wire4601/A                 │ met3  │
│ 1.06  │ 3513.52 │ 3312.80  │ net2414                                                                     │ _070809_/D                 │ met4  │
│ 1.06  │ 3889.18 │ 3669.20  │ net30716                                                                    │ _075701_/B1                │ met4  │
│ 1.06  │ 3889.18 │ 3669.20  │ net30716                                                                    │ _077859_/C                 │ met4  │
│ 1.06  │ 423.70  │ 400.00   │ data_bram_ctrl_inst.data_ram.u_mem.g_2k[0\].u_cell.rdata[24\]               │ wire23213/A                │ met3  │
│ 1.06  │ 423.70  │ 400.00   │ instr_bram_ctrl_inst.instr_ram.u_mem.g_2k[0\].u_cell.rdata[23\]             │ wire21991/A                │ met3  │
│ 1.06  │ 423.70  │ 400.00   │ instr_bram_ctrl_inst.instr_ram.u_mem.g_2k[0\].u_cell.rdata[28\]             │ wire21950/A                │ met3  │
│ 1.06  │ 423.70  │ 400.00   │ yz_bram_ctrl_inst.yz_ram.u_mem.u_mem.g_1k.u_cell.rdata[7\]                  │ wire21050/A                │ met3  │
│ 1.06  │ 423.70  │ 400.00   │ yz_bram_ctrl_inst.yz_ram.u_mem.u_mem.g_1k.u_cell.rdata[9\]                  │ wire21046/A                │ met3  │
│ 1.06  │ 423.70  │ 400.00   │ yz_bram_ctrl_inst.yz_ram.u_mem.u_mem.g_2k[0\].u_cell.rdata[0\]              │ wire21043/A                │ met3  │
│ 1.06  │ 423.70  │ 400.00   │ yz_bram_ctrl_inst.yz_ram.u_mem.u_mem.g_2k[0\].u_cell.rdata[21\]             │ wire20838/A                │ met3  │
│ 1.06  │ 423.70  │ 400.00   │ yz_bram_ctrl_inst.yz_ram.u_mem.u_mem.g_2k[0\].u_cell.rdata[3\]              │ wire20645/A                │ met3  │
│ 1.06  │ 423.70  │ 400.00   │ yz_bram_ctrl_inst.yz_ram.u_mem.u_mem.g_2k[0\].u_cell.rdata[7\]              │ wire20588/A                │ met3  │
│ 1.06  │ 423.70  │ 400.00   │ yz_bram_ctrl_inst.yz_ram.u_mem.u_mem.g_2k[2\].u_cell.rdata[12\]             │ _064789_/A2                │ met3  │
│ 1.06  │ 423.70  │ 400.00   │ yz_bram_ctrl_inst.yz_ram.u_mem.u_mem.g_2k[3\].u_cell.rdata[17\]             │ wire20212/A                │ met3  │
│ 1.06  │ 3885.19 │ 3669.20  │ net30612                                                                    │ _071666_/B1                │ met3  │
│ 1.06  │ 422.35  │ 400.00   │ net31790                                                                    │ _076926_/A1                │ met3  │
│ 1.06  │ 422.35  │ 400.00   │ net31790                                                                    │ _077453_/B2                │ met3  │
│ 1.05  │ 421.45  │ 400.00   │ net5192                                                                     │ _078544_/A1                │ met2  │
│ 1.05  │ 421.45  │ 400.00   │ net5192                                                                     │ _078701_/B                 │ met2  │
│ 1.05  │ 3864.00 │ 3669.20  │ net1633                                                                     │ _128311_/D                 │ met4  │
│ 1.05  │ 421.10  │ 400.00   │ net7626                                                                     │ _074371_/B2                │ met3  │
│ 1.05  │ 421.10  │ 400.00   │ net7626                                                                     │ wire7625/A                 │ met3  │
│ 1.05  │ 421.10  │ 400.00   │ net31984                                                                    │ _071067_/A                 │ met3  │
│ 1.05  │ 421.10  │ 400.00   │ net31984                                                                    │ _077520_/A1                │ met3  │
│ 1.05  │ 2923.17 │ 2778.20  │ _011345_                                                                    │ _061599_/A2                │ met3  │
│ 1.05  │ 420.27  │ 400.00   │ net31558                                                                    │ _075704_/B1                │ met3  │
│ 1.05  │ 420.27  │ 400.00   │ net31558                                                                    │ wire6414/A                 │ met3  │
│ 1.05  │ 420.21  │ 400.00   │ _018582_                                                                    │ _069986_/A1                │ met3  │
│ 1.05  │ 420.21  │ 400.00   │ _018582_                                                                    │ _071866_/B                 │ met3  │
│ 1.04  │ 2903.85 │ 2780.80  │ _026295_                                                                    │ _077856_/A2                │ met4  │
│ 1.04  │ 2900.19 │ 2778.20  │ _017880_                                                                    │ _069129_/A0                │ met3  │
│ 1.04  │ 2900.19 │ 2778.20  │ _021826_                                                                    │ _073161_/B                 │ met4  │
│ 1.04  │ 2900.19 │ 2778.20  │ _056023_                                                                    │ _114971_/B                 │ met4  │
│ 1.04  │ 416.86  │ 400.00   │ net2055                                                                     │ _062492_/C                 │ met3  │
│ 1.04  │ 416.86  │ 400.00   │ net2055                                                                     │ _115992_/B1                │ met3  │
│ 1.04  │ 416.86  │ 400.00   │ net31893                                                                    │ _071380_/B                 │ met3  │
│ 1.04  │ 416.86  │ 400.00   │ net31893                                                                    │ _072956_/B                 │ met3  │
│ 1.04  │ 415.28  │ 400.00   │ net10427                                                                    │ _074791_/A2                │ met2  │
│ 1.04  │ 3809.36 │ 3669.20  │ net4366                                                                     │ _072907_/B1                │ met4  │
│ 1.03  │ 413.76  │ 400.00   │ net4587                                                                     │ _073392_/A1                │ met3  │
│ 1.03  │ 413.76  │ 400.00   │ net4587                                                                     │ _075479_/A                 │ met3  │
│ 1.03  │ 413.75  │ 400.00   │ net10792                                                                    │ wire31753/A                │ met3  │
│ 1.03  │ 3785.14 │ 3669.20  │ net31124                                                                    │ _070983_/B                 │ met4  │
│ 1.03  │ 3409.21 │ 3312.80  │ net3425                                                                     │ _114533_/B1                │ met3  │
│ 1.03  │ 3409.21 │ 3312.80  │ net3491                                                                     │ _076345_/A2_N              │ met3  │
│ 1.03  │ 411.15  │ 400.00   │ net31502                                                                    │ _072439_/A3                │ met3  │
│ 1.03  │ 411.15  │ 400.00   │ net31502                                                                    │ _074380_/A2                │ met3  │
│ 1.03  │ 411.15  │ 400.00   │ net31502                                                                    │ wire6569/A                 │ met3  │
│ 1.03  │ 2853.74 │ 2778.20  │ _011338_                                                                    │ _061599_/A3                │ met3  │
│ 1.03  │ 410.60  │ 400.00   │ net3619                                                                     │ _071945_/B1                │ met3  │
│ 1.03  │ 410.60  │ 400.00   │ net6147                                                                     │ _078605_/B1                │ met3  │
│ 1.03  │ 410.60  │ 400.00   │ net6387                                                                     │ _071826_/B1                │ met3  │
│ 1.03  │ 410.60  │ 400.00   │ net16358                                                                    │ _076288_/A1                │ met3  │
│ 1.03  │ 410.57  │ 400.00   │ net31855                                                                    │ _074605_/A2                │ met3  │
│ 1.03  │ 410.51  │ 400.00   │ net30667                                                                    │ _076536_/B2                │ met3  │
│ 1.03  │ 410.47  │ 400.00   │ net17168                                                                    │ _078400_/A1                │ met3  │
│ 1.03  │ 410.47  │ 400.00   │ net31459                                                                    │ _071763_/B1                │ met3  │
│ 1.03  │ 3763.47 │ 3669.20  │ net31540                                                                    │ _075129_/A2_N              │ met3  │
│ 1.02  │ 406.14  │ 400.00   │ net31848                                                                    │ _075766_/A1                │ met3  │
│ 1.02  │ 406.04  │ 400.00   │ net10770                                                                    │ _071483_/B                 │ met3  │
│ 1.02  │ 406.04  │ 400.00   │ net10770                                                                    │ _071981_/B2                │ met3  │
│ 1.02  │ 406.01  │ 400.00   │ _019857_                                                                    │ _071254_/B1                │ met3  │
│ 1.02  │ 406.01  │ 400.00   │ _020540_                                                                    │ _071871_/B1                │ met3  │
│ 1.02  │ 406.01  │ 400.00   │ axi_instr_bram_rdata[22\]                                                   │ _105952_/A1                │ met3  │
│ 1.02  │ 406.01  │ 400.00   │ net2368                                                                     │ _077572_/B1                │ met3  │
│ 1.02  │ 406.01  │ 400.00   │ net4583                                                                     │ _072882_/B1                │ met3  │
│ 1.02  │ 406.01  │ 400.00   │ net4830                                                                     │ _077456_/A2                │ met3  │
│ 1.02  │ 406.01  │ 400.00   │ net6193                                                                     │ _073771_/A3                │ met3  │
│ 1.02  │ 406.01  │ 400.00   │ net6236                                                                     │ _074149_/A2                │ met3  │
│ 1.02  │ 406.01  │ 400.00   │ net6306                                                                     │ _075271_/A2                │ met3  │
│ 1.02  │ 406.01  │ 400.00   │ net6428                                                                     │ _076934_/B1                │ met3  │
│ 1.02  │ 406.01  │ 400.00   │ net6558                                                                     │ _077409_/B1                │ met3  │
│ 1.02  │ 406.01  │ 400.00   │ net10290                                                                    │ _071237_/B                 │ met3  │
│ 1.02  │ 406.01  │ 400.00   │ net10543                                                                    │ _073634_/A1                │ met3  │
│ 1.02  │ 406.01  │ 400.00   │ net10878                                                                    │ _072710_/A1                │ met3  │
│ 1.02  │ 406.01  │ 400.00   │ net16359                                                                    │ _074870_/B1                │ met3  │
│ 1.02  │ 406.01  │ 400.00   │ net30708                                                                    │ _071800_/B1                │ met3  │
│ 1.02  │ 406.01  │ 400.00   │ net31856                                                                    │ _072941_/A3                │ met3  │
│ 1.01  │ 406.00  │ 400.00   │ _021247_                                                                    │ _072580_/B1                │ met3  │
│ 1.01  │ 406.00  │ 400.00   │ _021247_                                                                    │ _075829_/A2                │ met3  │
│ 1.01  │ 405.98  │ 400.00   │ net6179                                                                     │ _074204_/A2                │ met3  │
│ 1.01  │ 405.98  │ 400.00   │ net6179                                                                     │ _074383_/B2                │ met3  │
│ 1.01  │ 405.98  │ 400.00   │ net10737                                                                    │ _075831_/A2                │ met3  │
│ 1.01  │ 405.98  │ 400.00   │ net10737                                                                    │ _078223_/A2                │ met3  │
│ 1.01  │ 3715.68 │ 3669.20  │ net2849                                                                     │ _078624_/B2                │ met3  │
│ 1.01  │ 2812.57 │ 2778.20  │ _024852_                                                                    │ _076199_/A                 │ met3  │
│ 1.01  │ 2812.57 │ 2778.20  │ _024993_                                                                    │ _076346_/B                 │ met3  │
│ 1.01  │ 2812.57 │ 2778.20  │ _025313_                                                                    │ _076662_/B                 │ met3  │
│ 1.01  │ 3713.71 │ 3669.20  │ net32286                                                                    │ wire5231/A                 │ met4  │
│ 1.01  │ 3713.71 │ 3669.20  │ net32523                                                                    │ wire16312/A                │ met4  │
│ 1.01  │ 404.64  │ 400.00   │ net32268                                                                    │ fanout19160/A              │ met3  │
│ 1.01  │ 3347.05 │ 3312.80  │ net7929                                                                     │ _076750_/A                 │ met4  │
│ 1.01  │ 3706.76 │ 3669.20  │ net32071                                                                    │ _078377_/C1                │ met4  │
│ 1.01  │ 403.77  │ 400.00   │ net3731                                                                     │ _072193_/B2                │ met3  │
│ 1.01  │ 403.77  │ 400.00   │ net3731                                                                     │ _077786_/A1                │ met3  │
│ 1.01  │ 403.77  │ 400.00   │ net7058                                                                     │ _072175_/A2                │ met3  │
│ 1.01  │ 403.77  │ 400.00   │ net7058                                                                     │ _072580_/A1                │ met3  │
│ 1.01  │ 403.76  │ 400.00   │ net10291                                                                    │ _073994_/A3                │ met3  │
│ 1.01  │ 403.76  │ 400.00   │ net10291                                                                    │ wire10290/A                │ met3  │
│ 1.01  │ 3163.05 │ 3134.60  │ net30599                                                                    │ _078349_/C                 │ met4  │
│ 1.01  │ 403.26  │ 400.00   │ net30910                                                                    │ _079099_/A1                │ met3  │
│ 1.01  │ 403.26  │ 400.00   │ net30910                                                                    │ wire14020/A                │ met3  │
│ 1.01  │ 3339.77 │ 3312.80  │ net1947                                                                     │ _077596_/A3                │ met3  │
│ 1.01  │ 402.97  │ 400.00   │ net11268                                                                    │ wire11267/A                │ met3  │
│ 1.01  │ 3693.89 │ 3669.20  │ net32589                                                                    │ wire22353/A                │ met3  │
│ 1.01  │ 402.60  │ 400.00   │ conv_accelerator_inst.u_conv_buf_ram.u_mem.u_mem.g_2k[1\].u_cell.rdata[12\] │ _066678_/A1                │ met4  │
│ 1.01  │ 402.59  │ 400.00   │ _019233_                                                                    │ wire31338/A                │ met3  │
│ 1.00  │ 3326.05 │ 3312.80  │ net13332                                                                    │ fanout13298/A              │ met4  │
└───────┴─────────┴──────────┴─────────────────────────────────────────────────────────────────────────────┴────────────────────────────┴───────┘
