
===========================================================================
report_checks -unconstrained
===========================================================================
======================= min_ff_n40C_1v95 Corner ===================================

Startpoint: _129540_ (rising edge-triggered flip-flop clocked by clk_i)
Endpoint: _128156_ (recovery check against rising-edge clock clk_i)
Path Group: asynchronous
Path Type: max

Fanout         Cap        Slew       Delay        Time   Description
---------------------------------------------------------------------------------------------
                                  0.000000    0.000000   clock clk_i (rise edge)
                                  0.000000    0.000000   clock source latency
     1    0.039360    0.044457    0.031996    0.031996 ^ clk_i (in)
                                                         clk_i (net)
                      0.044917    0.000000    0.031996 ^ wire30895/A (sky130_fd_sc_hd__buf_12)
     1    0.073131    0.070165    0.099233    0.131229 ^ wire30895/X (sky130_fd_sc_hd__buf_12)
                                                         net30895 (net)
                      0.074761    0.014479    0.145708 ^ wire30894/A (sky130_fd_sc_hd__buf_12)
     1    0.052802    0.054117    0.097845    0.243554 ^ wire30894/X (sky130_fd_sc_hd__buf_12)
                                                         net30894 (net)
                      0.055425    0.006848    0.250402 ^ wire30893/A (sky130_fd_sc_hd__buf_12)
     2    0.077418    0.073892    0.107203    0.357605 ^ wire30893/X (sky130_fd_sc_hd__buf_12)
                                                         net30893 (net)
                      0.076380    0.011135    0.368740 ^ wire30892/A (sky130_fd_sc_hd__buf_8)
     1    0.040539    0.056866    0.097714    0.466453 ^ wire30892/X (sky130_fd_sc_hd__buf_8)
                                                         net30892 (net)
                      0.057236    0.003815    0.470269 ^ wire30891/A (sky130_fd_sc_hd__buf_12)
     1    0.079757    0.075639    0.108224    0.578493 ^ wire30891/X (sky130_fd_sc_hd__buf_12)
                                                         net30891 (net)
                      0.079019    0.013022    0.591516 ^ wire30890/A (sky130_fd_sc_hd__buf_12)
     1    0.098951    0.091688    0.125648    0.717164 ^ wire30890/X (sky130_fd_sc_hd__buf_12)
                                                         net30890 (net)
                      0.093902    0.011812    0.728976 ^ clkbuf_regs_0_clk_i/A (sky130_fd_sc_hd__clkbuf_16)
     1    0.008311    0.024416    0.098408    0.827384 ^ clkbuf_regs_0_clk_i/X (sky130_fd_sc_hd__clkbuf_16)
                                                         clk_i_regs (net)
                      0.024417    0.000081    0.827465 ^ clkbuf_0_clk_i_regs/A (sky130_fd_sc_hd__clkbuf_16)
     2    0.127730    0.108638    0.149629    0.977093 ^ clkbuf_0_clk_i_regs/X (sky130_fd_sc_hd__clkbuf_16)
                                                         clknet_0_clk_i_regs (net)
                      0.108730    0.002670    0.979763 ^ clkbuf_1_0_0_clk_i_regs/A (sky130_fd_sc_hd__clkbuf_8)
     1    0.058294    0.084541    0.143911    1.123673 ^ clkbuf_1_0_0_clk_i_regs/X (sky130_fd_sc_hd__clkbuf_8)
                                                         clknet_1_0_0_clk_i_regs (net)
                      0.089123    0.015900    1.139574 ^ clkbuf_1_0_1_clk_i_regs/A (sky130_fd_sc_hd__clkbuf_8)
     2    0.074206    0.103801    0.157998    1.297571 ^ clkbuf_1_0_1_clk_i_regs/X (sky130_fd_sc_hd__clkbuf_8)
                                                         clknet_1_0_1_clk_i_regs (net)
                      0.104196    0.005461    1.303032 ^ clkbuf_2_1_0_clk_i_regs/A (sky130_fd_sc_hd__clkbuf_8)
     1    0.067414    0.096156    0.153483    1.456515 ^ clkbuf_2_1_0_clk_i_regs/X (sky130_fd_sc_hd__clkbuf_8)
                                                         clknet_2_1_0_clk_i_regs (net)
                      0.097663    0.010059    1.466574 ^ clkbuf_2_1_1_clk_i_regs/A (sky130_fd_sc_hd__clkbuf_8)
     2    0.079381    0.110133    0.166429    1.633002 ^ clkbuf_2_1_1_clk_i_regs/X (sky130_fd_sc_hd__clkbuf_8)
                                                         clknet_2_1_1_clk_i_regs (net)
                      0.110345    0.004139    1.637142 ^ clkbuf_3_3_0_clk_i_regs/A (sky130_fd_sc_hd__clkbuf_8)
     2    0.098274    0.132303    0.188306    1.825448 ^ clkbuf_3_3_0_clk_i_regs/X (sky130_fd_sc_hd__clkbuf_8)
                                                         clknet_3_3_0_clk_i_regs (net)
                      0.132410    0.003238    1.828685 ^ clkbuf_4_6_0_clk_i_regs/A (sky130_fd_sc_hd__clkbuf_8)
     4    0.139514    0.185066    0.227883    2.056568 ^ clkbuf_4_6_0_clk_i_regs/X (sky130_fd_sc_hd__clkbuf_8)
                                                         clknet_4_6_0_clk_i_regs (net)
                      0.185585    0.008396    2.064964 ^ clkbuf_6_24_0_clk_i_regs/A (sky130_fd_sc_hd__clkbuf_8)
     2    0.052417    0.078305    0.156869    2.221833 ^ clkbuf_6_24_0_clk_i_regs/X (sky130_fd_sc_hd__clkbuf_8)
                                                         clknet_6_24_0_clk_i_regs (net)
                      0.079219    0.007029    2.228862 ^ wire30934/A (sky130_fd_sc_hd__buf_12)
     3    0.081796    0.077700    0.112761    2.341623 ^ wire30934/X (sky130_fd_sc_hd__buf_12)
                                                         net30934 (net)
                      0.083126    0.016774    2.358397 ^ wire30933/A (sky130_fd_sc_hd__buf_12)
     5    0.089147    0.083457    0.120036    2.478433 ^ wire30933/X (sky130_fd_sc_hd__buf_12)
                                                         net30933 (net)
                      0.086696    0.013525    2.491957 ^ wire30932/A (sky130_fd_sc_hd__buf_12)
     2    0.126632    0.108868    0.122462    2.614420 ^ wire30932/X (sky130_fd_sc_hd__buf_12)
                                                         net30932 (net)
                      0.146454    0.051742    2.666161 ^ clkbuf_leaf_148_clk_i_regs/A (sky130_fd_sc_hd__clkbuf_8)
     3    0.016210    0.035351    0.118068    2.784229 ^ clkbuf_leaf_148_clk_i_regs/X (sky130_fd_sc_hd__clkbuf_8)
                                                         clknet_leaf_148_clk_i_regs (net)
                      0.035351    0.000103    2.784333 ^ _129540_/CLK (sky130_fd_sc_hd__dfrtp_2)
     1    0.011424    0.053253    0.245611    3.029944 ^ _129540_/Q (sky130_fd_sc_hd__dfrtp_2)
                                                         rst_sync_q[1] (net)
                      0.053254    0.000315    3.030259 ^ wire26011/A (sky130_fd_sc_hd__clkbuf_16)
     1    0.024659    0.034416    0.097884    3.128143 ^ wire26011/X (sky130_fd_sc_hd__clkbuf_16)
                                                         net26011 (net)
                      0.034863    0.003110    3.131254 ^ wire47235/A (sky130_fd_sc_hd__buf_4)
     1    0.036420    0.080866    0.114226    3.245480 ^ wire47235/X (sky130_fd_sc_hd__buf_4)
                                                         net47235 (net)
                      0.081121    0.003841    3.249321 ^ wire47234/A (sky130_fd_sc_hd__clkbuf_4)
     1    0.020728    0.055404    0.124884    3.374205 ^ wire47234/X (sky130_fd_sc_hd__clkbuf_4)
                                                         net47234 (net)
                      0.055502    0.001914    3.376119 ^ wire47233/A (sky130_fd_sc_hd__buf_6)
     1    0.030253    0.051813    0.090161    3.466281 ^ wire47233/X (sky130_fd_sc_hd__buf_6)
                                                         net47233 (net)
                      0.052270    0.004027    3.470308 ^ wire47232/A (sky130_fd_sc_hd__clkbuf_4)
     1    0.019432    0.052453    0.114496    3.584803 ^ wire47232/X (sky130_fd_sc_hd__clkbuf_4)
                                                         net47232 (net)
                      0.052530    0.001117    3.585920 ^ fanout25977/A (sky130_fd_sc_hd__buf_1)
     2    0.011133    0.102318    0.110316    3.696236 ^ fanout25977/X (sky130_fd_sc_hd__buf_1)
                                                         net25977 (net)
                      0.102319    0.000325    3.696561 ^ wire26010/A (sky130_fd_sc_hd__buf_4)
     2    0.023097    0.054876    0.112232    3.808793 ^ wire26010/X (sky130_fd_sc_hd__buf_4)
                                                         net26010 (net)
                      0.054983    0.002006    3.810798 ^ wire26008/A (sky130_fd_sc_hd__buf_4)
     2    0.023225    0.054778    0.101347    3.912146 ^ wire26008/X (sky130_fd_sc_hd__buf_4)
                                                         net26008 (net)
                      0.054904    0.002188    3.914334 ^ wire26004/A (sky130_fd_sc_hd__buf_4)
     2    0.025830    0.059927    0.104869    4.019202 ^ wire26004/X (sky130_fd_sc_hd__buf_4)
                                                         net26004 (net)
                      0.060092    0.002632    4.021834 ^ wire26003/A (sky130_fd_sc_hd__buf_4)
     1    0.020079    0.048478    0.098133    4.119967 ^ wire26003/X (sky130_fd_sc_hd__buf_4)
                                                         net26003 (net)
                      0.048578    0.001821    4.121788 ^ wire26002/A (sky130_fd_sc_hd__buf_4)
     1    0.023524    0.055331    0.099890    4.221678 ^ wire26002/X (sky130_fd_sc_hd__buf_4)
                                                         net26002 (net)
                      0.055488    0.002454    4.224133 ^ wire26001/A (sky130_fd_sc_hd__buf_4)
     1    0.028935    0.066059    0.109010    4.333143 ^ wire26001/X (sky130_fd_sc_hd__buf_4)
                                                         net26001 (net)
                      0.066334    0.003578    4.336721 ^ wire26000/A (sky130_fd_sc_hd__buf_4)
     1    0.030584    0.069443    0.114068    4.450789 ^ wire26000/X (sky130_fd_sc_hd__buf_4)
                                                         net26000 (net)
                      0.069688    0.003471    4.454261 ^ wire25999/A (sky130_fd_sc_hd__buf_4)
     2    0.034784    0.077802    0.120794    4.575054 ^ wire25999/X (sky130_fd_sc_hd__buf_4)
                                                         net25999 (net)
                      0.078072    0.003876    4.578930 ^ wire25998/A (sky130_fd_sc_hd__buf_4)
     1    0.031555    0.071464    0.118131    4.697061 ^ wire25998/X (sky130_fd_sc_hd__buf_4)
                                                         net25998 (net)
                      0.071720    0.003602    4.700664 ^ wire25997/A (sky130_fd_sc_hd__buf_4)
     2    0.021802    0.051974    0.103324    4.803988 ^ wire25997/X (sky130_fd_sc_hd__buf_4)
                                                         net25997 (net)
                      0.052082    0.001666    4.805654 ^ wire25992/A (sky130_fd_sc_hd__buf_4)
     1    0.024781    0.057627    0.102984    4.908638 ^ wire25992/X (sky130_fd_sc_hd__buf_4)
                                                         net25992 (net)
                      0.057728    0.002020    4.910657 ^ wire25991/A (sky130_fd_sc_hd__buf_4)
     1    0.027054    0.062388    0.107500    5.018157 ^ wire25991/X (sky130_fd_sc_hd__buf_4)
                                                         net25991 (net)
                      0.062506    0.002279    5.020436 ^ wire25990/A (sky130_fd_sc_hd__buf_4)
     1    0.029182    0.066568    0.112341    5.132778 ^ wire25990/X (sky130_fd_sc_hd__buf_4)
                                                         net25990 (net)
                      0.066616    0.000907    5.133684 ^ wire25989/A (sky130_fd_sc_hd__buf_4)
     2    0.030808    0.069900    0.114851    5.248535 ^ wire25989/X (sky130_fd_sc_hd__buf_4)
                                                         net25989 (net)
                      0.069955    0.001676    5.250211 ^ fanout25236/A (sky130_fd_sc_hd__clkbuf_1)
     8    0.035375    0.309033    0.261002    5.511213 ^ fanout25236/X (sky130_fd_sc_hd__clkbuf_1)
                                                         net25236 (net)
                      0.309036    0.000936    5.512149 ^ load_slew25241/A (sky130_fd_sc_hd__clkbuf_4)
     7    0.033220    0.085890    0.187443    5.699593 ^ load_slew25241/X (sky130_fd_sc_hd__clkbuf_4)
                                                         net25241 (net)
                      0.085893    0.000664    5.700257 ^ load_slew25240/A (sky130_fd_sc_hd__clkbuf_4)
     6    0.029747    0.074620    0.141059    5.841316 ^ load_slew25240/X (sky130_fd_sc_hd__clkbuf_4)
                                                         net25240 (net)
                      0.074634    0.001090    5.842405 ^ wire25239/A (sky130_fd_sc_hd__buf_4)
     1    0.025570    0.059620    0.109255    5.951660 ^ wire25239/X (sky130_fd_sc_hd__buf_4)
                                                         net25239 (net)
                      0.059734    0.002188    5.953848 ^ wire25238/A (sky130_fd_sc_hd__buf_4)
     1    0.026396    0.061102    0.106978    6.060826 ^ wire25238/X (sky130_fd_sc_hd__buf_4)
                                                         net25238 (net)
                      0.061232    0.002363    6.063189 ^ fanout25142/A (sky130_fd_sc_hd__clkbuf_1)
     1    0.003984    0.042038    0.066923    6.130112 ^ fanout25142/X (sky130_fd_sc_hd__clkbuf_1)
                                                         net25142 (net)
                      0.042038    0.000050    6.130162 ^ wire40246/A (sky130_fd_sc_hd__buf_4)
     6    0.036142    0.080034    0.116704    6.246866 ^ wire40246/X (sky130_fd_sc_hd__buf_4)
                                                         net40246 (net)
                      0.080117    0.002187    6.249053 ^ wire25146/A (sky130_fd_sc_hd__clkbuf_4)
     7    0.037187    0.090440    0.150954    6.400007 ^ wire25146/X (sky130_fd_sc_hd__clkbuf_4)
                                                         net25146 (net)
                      0.090538    0.001943    6.401951 ^ load_slew25145/A (sky130_fd_sc_hd__buf_4)
     2    0.028427    0.065131    0.117176    6.519127 ^ load_slew25145/X (sky130_fd_sc_hd__buf_4)
                                                         net25145 (net)
                      0.065254    0.002044    6.521171 ^ wire25144/A (sky130_fd_sc_hd__buf_4)
     4    0.030001    0.068041    0.114022    6.635192 ^ wire25144/X (sky130_fd_sc_hd__buf_4)
                                                         net25144 (net)
                      0.068114    0.001449    6.636642 ^ fanout25103/A (sky130_fd_sc_hd__buf_1)
     4    0.018979    0.169230    0.159952    6.796594 ^ fanout25103/X (sky130_fd_sc_hd__buf_1)
                                                         net25103 (net)
                      0.169231    0.000321    6.796914 ^ wire25105/A (sky130_fd_sc_hd__clkbuf_4)
     7    0.035725    0.088312    0.169595    6.966510 ^ wire25105/X (sky130_fd_sc_hd__clkbuf_4)
                                                         net25105 (net)
                      0.088312    0.000485    6.966995 ^ load_slew25104/A (sky130_fd_sc_hd__clkbuf_4)
     4    0.030767    0.076766    0.143122    7.110117 ^ load_slew25104/X (sky130_fd_sc_hd__clkbuf_4)
                                                         net25104 (net)
                      0.076855    0.001662    7.111779 ^ fanout25092/A (sky130_fd_sc_hd__buf_1)
     1    0.002491    0.030257    0.058724    7.170503 ^ fanout25092/X (sky130_fd_sc_hd__buf_1)
                                                         net25092 (net)
                      0.030257    0.000022    7.170525 ^ wire25096/A (sky130_fd_sc_hd__clkbuf_4)
     7    0.035636    0.087117    0.133727    7.304253 ^ wire25096/X (sky130_fd_sc_hd__clkbuf_4)
                                                         net25096 (net)
                      0.087119    0.000593    7.304846 ^ load_slew25095/A (sky130_fd_sc_hd__clkbuf_4)
     6    0.030720    0.076696    0.142960    7.447806 ^ load_slew25095/X (sky130_fd_sc_hd__clkbuf_4)
                                                         net25095 (net)
                      0.076704    0.000885    7.448691 ^ wire25094/A (sky130_fd_sc_hd__clkbuf_4)
     7    0.033517    0.082775    0.144528    7.593220 ^ wire25094/X (sky130_fd_sc_hd__clkbuf_4)
                                                         net25094 (net)
                      0.082775    0.000415    7.593635 ^ wire25093/A (sky130_fd_sc_hd__buf_2)
     8    0.038761    0.144067    0.169694    7.763329 ^ wire25093/X (sky130_fd_sc_hd__buf_2)
                                                         net25093 (net)
                      0.144078    0.001089    7.764418 ^ _128156_/RESET_B (sky130_fd_sc_hd__dfrtp_4)
                                              7.764418   data arrival time

                                 35.714283   35.714283   clock clk_i (rise edge)
                                  0.000000   35.714283   clock source latency
     1    0.039360    0.044457    0.028948   35.743233 ^ clk_i (in)
                                                         clk_i (net)
                      0.044917    0.000000   35.743233 ^ wire30895/A (sky130_fd_sc_hd__buf_12)
     1    0.073131    0.070165    0.089784   35.833015 ^ wire30895/X (sky130_fd_sc_hd__buf_12)
                                                         net30895 (net)
                      0.074761    0.013099   35.846115 ^ wire30894/A (sky130_fd_sc_hd__buf_12)
     1    0.052802    0.054117    0.088527   35.934643 ^ wire30894/X (sky130_fd_sc_hd__buf_12)
                                                         net30894 (net)
                      0.055425    0.006196   35.940838 ^ wire30893/A (sky130_fd_sc_hd__buf_12)
     2    0.077418    0.073892    0.096996   36.037834 ^ wire30893/X (sky130_fd_sc_hd__buf_12)
                                                         net30893 (net)
                      0.076380    0.010072   36.047905 ^ wire30892/A (sky130_fd_sc_hd__buf_8)
     1    0.040539    0.056866    0.088409   36.136314 ^ wire30892/X (sky130_fd_sc_hd__buf_8)
                                                         net30892 (net)
                      0.057236    0.003450   36.139763 ^ wire30891/A (sky130_fd_sc_hd__buf_12)
     1    0.079757    0.075639    0.097920   36.237682 ^ wire30891/X (sky130_fd_sc_hd__buf_12)
                                                         net30891 (net)
                      0.079019    0.011781   36.249466 ^ wire30890/A (sky130_fd_sc_hd__buf_12)
     1    0.098951    0.091688    0.113683   36.363148 ^ wire30890/X (sky130_fd_sc_hd__buf_12)
                                                         net30890 (net)
                      0.093902    0.010687   36.373837 ^ clkbuf_regs_0_clk_i/A (sky130_fd_sc_hd__clkbuf_16)
     1    0.008311    0.024416    0.089035   36.462868 ^ clkbuf_regs_0_clk_i/X (sky130_fd_sc_hd__clkbuf_16)
                                                         clk_i_regs (net)
                      0.024417    0.000075   36.462944 ^ clkbuf_0_clk_i_regs/A (sky130_fd_sc_hd__clkbuf_16)
     2    0.127730    0.108638    0.135376   36.598320 ^ clkbuf_0_clk_i_regs/X (sky130_fd_sc_hd__clkbuf_16)
                                                         clknet_0_clk_i_regs (net)
                      0.108730    0.002416   36.600735 ^ clkbuf_1_0_0_clk_i_regs/A (sky130_fd_sc_hd__clkbuf_8)
     1    0.058294    0.084541    0.130203   36.730938 ^ clkbuf_1_0_0_clk_i_regs/X (sky130_fd_sc_hd__clkbuf_8)
                                                         clknet_1_0_0_clk_i_regs (net)
                      0.089123    0.014388   36.745327 ^ clkbuf_1_0_1_clk_i_regs/A (sky130_fd_sc_hd__clkbuf_8)
     2    0.074206    0.103801    0.142951   36.888279 ^ clkbuf_1_0_1_clk_i_regs/X (sky130_fd_sc_hd__clkbuf_8)
                                                         clknet_1_0_1_clk_i_regs (net)
                      0.104244    0.005215   36.893494 ^ clkbuf_2_0_0_clk_i_regs/A (sky130_fd_sc_hd__clkbuf_8)
     1    0.084652    0.116082    0.157183   37.050678 ^ clkbuf_2_0_0_clk_i_regs/X (sky130_fd_sc_hd__clkbuf_8)
                                                         clknet_2_0_0_clk_i_regs (net)
                      0.116249    0.003421   37.054096 ^ clkbuf_2_0_1_clk_i_regs/A (sky130_fd_sc_hd__clkbuf_8)
     2    0.101701    0.137331    0.172651   37.226749 ^ clkbuf_2_0_1_clk_i_regs/X (sky130_fd_sc_hd__clkbuf_8)
                                                         clknet_2_0_1_clk_i_regs (net)
                      0.138271    0.008651   37.235401 ^ clkbuf_3_0_0_clk_i_regs/A (sky130_fd_sc_hd__clkbuf_8)
     2    0.113488    0.151491    0.188557   37.423958 ^ clkbuf_3_0_0_clk_i_regs/X (sky130_fd_sc_hd__clkbuf_8)
                                                         clknet_3_0_0_clk_i_regs (net)
                      0.151535    0.002018   37.425976 ^ clkbuf_4_0_0_clk_i_regs/A (sky130_fd_sc_hd__clkbuf_8)
     4    0.144872    0.191396    0.216193   37.642166 ^ clkbuf_4_0_0_clk_i_regs/X (sky130_fd_sc_hd__clkbuf_8)
                                                         clknet_4_0_0_clk_i_regs (net)
                      0.191437    0.002210   37.644379 ^ clkbuf_6_0_0_clk_i_regs/A (sky130_fd_sc_hd__clkbuf_8)
    16    0.202057    0.263863    0.265736   37.910114 ^ clkbuf_6_0_0_clk_i_regs/X (sky130_fd_sc_hd__clkbuf_8)
                                                         clknet_6_0_0_clk_i_regs (net)
                      0.264627    0.010996   37.921108 ^ clkbuf_leaf_2_clk_i_regs/A (sky130_fd_sc_hd__clkbuf_8)
    12    0.061104    0.089748    0.162981   38.084091 ^ clkbuf_leaf_2_clk_i_regs/X (sky130_fd_sc_hd__clkbuf_8)
                                                         clknet_leaf_2_clk_i_regs (net)
                      0.089751    0.000604   38.084694 ^ _128156_/CLK (sky130_fd_sc_hd__dfrtp_4)
                                 -0.250000   37.834694   clock uncertainty
                                  0.123578   37.958271   clock reconvergence pessimism
                                  0.104750   38.063023   library recovery time
                                             38.063023   data required time
---------------------------------------------------------------------------------------------
                                             38.063023   data required time
                                             -7.764418   data arrival time
---------------------------------------------------------------------------------------------
                                             30.298605   slack (MET)


Startpoint: data_bram_ctrl_inst.data_ram.u_mem.g_2k[0].u_cell.u_sram
            (falling edge-triggered flip-flop clocked by clk_i)
Endpoint: _128149_ (rising edge-triggered flip-flop clocked by clk_i)
Path Group: clk_i
Path Type: max

Fanout         Cap        Slew       Delay        Time   Description
---------------------------------------------------------------------------------------------
                                 17.857141   17.857141   clock clk_i (fall edge)
                                  0.000000   17.857141   clock source latency
     1    0.038473    0.034526    0.027109   17.884251 v clk_i (in)
                                                         clk_i (net)
                      0.034872    0.000000   17.884251 v wire30895/A (sky130_fd_sc_hd__buf_12)
     1    0.072244    0.037133    0.102807   17.987057 v wire30895/X (sky130_fd_sc_hd__buf_12)
                                                         net30895 (net)
                      0.045354    0.013696   18.000753 v wire30894/A (sky130_fd_sc_hd__buf_12)
     1    0.051915    0.031557    0.103960   18.104713 v wire30894/X (sky130_fd_sc_hd__buf_12)
                                                         net30894 (net)
                      0.033598    0.006612   18.111324 v wire30893/A (sky130_fd_sc_hd__buf_12)
     2    0.075788    0.038930    0.105235   18.216560 v wire30893/X (sky130_fd_sc_hd__buf_12)
                                                         net30893 (net)
                      0.040914    0.006560   18.223120 v delaybuf_0_clk_i/A (sky130_fd_sc_hd__clkbuf_16)
     1    0.040918    0.035532    0.118515   18.341635 v delaybuf_0_clk_i/X (sky130_fd_sc_hd__clkbuf_16)
                                                         delaynet_0_clk_i (net)
                      0.035824    0.003030   18.344666 v wire30945/A (sky130_fd_sc_hd__buf_8)
     1    0.040676    0.033553    0.097893   18.442558 v wire30945/X (sky130_fd_sc_hd__buf_8)
                                                         net30945 (net)
                      0.033971    0.003142   18.445700 v wire30944/A (sky130_fd_sc_hd__buf_12)
     1    0.071558    0.037827    0.105103   18.550804 v wire30944/X (sky130_fd_sc_hd__buf_12)
                                                         net30944 (net)
                      0.040444    0.008107   18.558912 v wire30943/A (sky130_fd_sc_hd__buf_12)
     1    0.083540    0.041456    0.111685   18.670597 v wire30943/X (sky130_fd_sc_hd__buf_12)
                                                         net30943 (net)
                      0.044056    0.008498   18.679094 v clkbuf_0_clk_i/A (sky130_fd_sc_hd__clkbuf_16)
     2    0.111426    0.065182    0.148566   18.827660 v clkbuf_0_clk_i/X (sky130_fd_sc_hd__clkbuf_16)
                                                         clknet_0_clk_i (net)
                      0.065396    0.002915   18.830574 v clkbuf_1_1_0_clk_i/A (sky130_fd_sc_hd__clkbuf_8)
     1    0.090762    0.074786    0.155740   18.986315 v clkbuf_1_1_0_clk_i/X (sky130_fd_sc_hd__clkbuf_8)
                                                         clknet_1_1_0_clk_i (net)
                      0.078767    0.014092   19.000406 v clkbuf_1_1_1_clk_i/A (sky130_fd_sc_hd__clkbuf_8)
     1    0.072767    0.064371    0.156618   19.157024 v clkbuf_1_1_1_clk_i/X (sky130_fd_sc_hd__clkbuf_8)
                                                         clknet_1_1_1_clk_i (net)
                      0.064598    0.003070   19.160095 v wire30930/A (sky130_fd_sc_hd__buf_12)
     2    0.085775    0.042258    0.124002   19.284096 v wire30930/X (sky130_fd_sc_hd__buf_12)
                                                         net30930 (net)
                      0.043127    0.004992   19.289087 v wire30928/A (sky130_fd_sc_hd__buf_12)
     2    0.099834    0.046812    0.117559   19.406647 v wire30928/X (sky130_fd_sc_hd__buf_12)
                                                         net30928 (net)
                      0.047060    0.002848   19.409494 v max_length30927/A (sky130_fd_sc_hd__buf_12)
     1    0.044249    0.030822    0.101460   19.510956 v max_length30927/X (sky130_fd_sc_hd__buf_12)
                                                         net30927 (net)
                      0.034216    0.008137   19.519093 v wire30926/A (sky130_fd_sc_hd__buf_8)
     1    0.051119    0.035872    0.099408   19.618502 v wire30926/X (sky130_fd_sc_hd__buf_8)
                                                         net30926 (net)
                      0.040527    0.010393   19.628895 v wire30925/A (sky130_fd_sc_hd__buf_12)
     1    0.063849    0.034065    0.104011   19.732906 v wire30925/X (sky130_fd_sc_hd__buf_12)
                                                         net30925 (net)
                      0.044112    0.015779   19.748686 v clkbuf_leaf_5_clk_i/A (sky130_fd_sc_hd__clkbuf_8)
     3    0.076738    0.067488    0.142640   19.891325 v clkbuf_leaf_5_clk_i/X (sky130_fd_sc_hd__clkbuf_8)
                                                         clknet_leaf_5_clk_i (net)
                      0.090724    0.005219   19.896544 v data_bram_ctrl_inst.data_ram.u_mem.g_2k[0].u_cell.u_sram/clk1 (sky130_sram_2kbyte_1rw1r_32x512_8)
     1    0.009730    0.006511    0.449479   20.346022 v data_bram_ctrl_inst.data_ram.u_mem.g_2k[0].u_cell.u_sram/dout1[17] (sky130_sram_2kbyte_1rw1r_32x512_8)
                                                         data_bram_ctrl_inst.data_ram.u_mem.g_2k[0].u_cell.rdata[17] (net)
                      0.004883    0.000300   20.346323 v wire23912/A (sky130_fd_sc_hd__buf_2)
     1    0.013100    0.033121    0.084572   20.430895 v wire23912/X (sky130_fd_sc_hd__buf_2)
                                                         net23912 (net)
                      0.033138    0.000737   20.431633 v wire23911/A (sky130_fd_sc_hd__buf_2)
     1    0.016031    0.036214    0.100011   20.531643 v wire23911/X (sky130_fd_sc_hd__buf_2)
                                                         net23911 (net)
                      0.036245    0.001007   20.532650 v wire23910/A (sky130_fd_sc_hd__buf_4)
     1    0.018505    0.031654    0.105921   20.638571 v wire23910/X (sky130_fd_sc_hd__buf_4)
                                                         net23910 (net)
                      0.031696    0.001085   20.639656 v wire23909/A (sky130_fd_sc_hd__buf_2)
     1    0.016785    0.037264    0.100446   20.740101 v wire23909/X (sky130_fd_sc_hd__buf_2)
                                                         net23909 (net)
                      0.037291    0.000950   20.741053 v wire23908/A (sky130_fd_sc_hd__buf_2)
     1    0.017231    0.037913    0.103185   20.844236 v wire23908/X (sky130_fd_sc_hd__buf_2)
                                                         net23908 (net)
                      0.037959    0.001240   20.845476 v wire23907/A (sky130_fd_sc_hd__buf_4)
     1    0.014007    0.027551    0.101636   20.947113 v wire23907/X (sky130_fd_sc_hd__buf_4)
                                                         net23907 (net)
                      0.027554    0.000316   20.947430 v wire23906/A (sky130_fd_sc_hd__clkbuf_4)
     1    0.017338    0.037659    0.108187   21.055616 v wire23906/X (sky130_fd_sc_hd__clkbuf_4)
                                                         net23906 (net)
                      0.037686    0.000966   21.056583 v wire23905/A (sky130_fd_sc_hd__buf_2)
     1    0.019647    0.041329    0.106958   21.163542 v wire23905/X (sky130_fd_sc_hd__buf_2)
                                                         net23905 (net)
                      0.041334    0.000529   21.164070 v wire23904/A (sky130_fd_sc_hd__clkbuf_4)
     1    0.016550    0.036576    0.112921   21.276991 v wire23904/X (sky130_fd_sc_hd__clkbuf_4)
                                                         net23904 (net)
                      0.036610    0.001064   21.278055 v wire23903/A (sky130_fd_sc_hd__buf_4)
     1    0.018837    0.031523    0.106606   21.384663 v wire23903/X (sky130_fd_sc_hd__buf_4)
                                                         net23903 (net)
                      0.031544    0.000785   21.385447 v wire23902/A (sky130_fd_sc_hd__clkbuf_4)
     1    0.019467    0.038904    0.112850   21.498297 v wire23902/X (sky130_fd_sc_hd__clkbuf_4)
                                                         net23902 (net)
                      0.038938    0.001069   21.499367 v wire23901/A (sky130_fd_sc_hd__clkbuf_4)
     1    0.020088    0.039604    0.116865   21.616232 v wire23901/X (sky130_fd_sc_hd__clkbuf_4)
                                                         net23901 (net)
                      0.039615    0.000687   21.616919 v wire23900/A (sky130_fd_sc_hd__buf_4)
     1    0.017025    0.030643    0.105615   21.722534 v wire23900/X (sky130_fd_sc_hd__buf_4)
                                                         net23900 (net)
                      0.030684    0.001057   21.723591 v wire23899/A (sky130_fd_sc_hd__clkbuf_4)
     1    0.018656    0.037979    0.111726   21.835316 v wire23899/X (sky130_fd_sc_hd__clkbuf_4)
                                                         net23899 (net)
                      0.037990    0.000631   21.835947 v wire23898/A (sky130_fd_sc_hd__buf_4)
     1    0.019985    0.032425    0.108237   21.944183 v wire23898/X (sky130_fd_sc_hd__buf_4)
                                                         net23898 (net)
                      0.032510    0.001496   21.945681 v wire23897/A (sky130_fd_sc_hd__buf_4)
     1    0.017049    0.030606    0.102741   22.048420 v wire23897/X (sky130_fd_sc_hd__buf_4)
                                                         net23897 (net)
                      0.030622    0.000700   22.049120 v wire23896/A (sky130_fd_sc_hd__buf_4)
     1    0.019027    0.031629    0.104016   22.153137 v wire23896/X (sky130_fd_sc_hd__buf_4)
                                                         net23896 (net)
                      0.031702    0.001348   22.154486 v wire23895/A (sky130_fd_sc_hd__buf_4)
     1    0.016806    0.030368    0.101968   22.256453 v wire23895/X (sky130_fd_sc_hd__buf_4)
                                                         net23895 (net)
                      0.030409    0.001041   22.257494 v wire23894/A (sky130_fd_sc_hd__clkbuf_4)
     1    0.022108    0.041942    0.115309   22.372803 v wire23894/X (sky130_fd_sc_hd__clkbuf_4)
                                                         net23894 (net)
                      0.041963    0.000931   22.373734 v wire23893/A (sky130_fd_sc_hd__clkbuf_4)
     1    0.018161    0.037494    0.115687   22.489420 v wire23893/X (sky130_fd_sc_hd__clkbuf_4)
                                                         net23893 (net)
                      0.037530    0.001098   22.490519 v wire23892/A (sky130_fd_sc_hd__buf_2)
     1    0.018597    0.039822    0.105210   22.595728 v wire23892/X (sky130_fd_sc_hd__buf_2)
                                                         net23892 (net)
                      0.039860    0.001171   22.596899 v wire23891/A (sky130_fd_sc_hd__buf_4)
     1    0.019431    0.032012    0.108777   22.705677 v wire23891/X (sky130_fd_sc_hd__buf_4)
                                                         net23891 (net)
                      0.032023    0.000862   22.706537 v wire23890/A (sky130_fd_sc_hd__clkbuf_4)
     1    0.017189    0.037476    0.109846   22.816383 v wire23890/X (sky130_fd_sc_hd__clkbuf_4)
                                                         net23890 (net)
                      0.037510    0.001078   22.817463 v wire23889/A (sky130_fd_sc_hd__buf_2)
     1    0.018118    0.039139    0.104601   22.922064 v wire23889/X (sky130_fd_sc_hd__buf_2)
                                                         net23889 (net)
                      0.039173    0.001103   22.923166 v wire23888/A (sky130_fd_sc_hd__buf_4)
     1    0.019185    0.031723    0.107983   23.031149 v wire23888/X (sky130_fd_sc_hd__buf_4)
                                                         net23888 (net)
                      0.031801    0.001249   23.032398 v wire23887/A (sky130_fd_sc_hd__buf_2)
     1    0.018925    0.040276    0.103602   23.136000 v wire23887/X (sky130_fd_sc_hd__buf_2)
                                                         net23887 (net)
                      0.040278    0.000393   23.136393 v wire23886/A (sky130_fd_sc_hd__clkbuf_4)
     1    0.021899    0.041694    0.119384   23.255777 v wire23886/X (sky130_fd_sc_hd__clkbuf_4)
                                                         net23886 (net)
                      0.041711    0.000835   23.256611 v wire23885/A (sky130_fd_sc_hd__clkbuf_4)
     1    0.019315    0.038728    0.117065   23.373676 v wire23885/X (sky130_fd_sc_hd__clkbuf_4)
                                                         net23885 (net)
                      0.038769    0.001158   23.374836 v wire23884/A (sky130_fd_sc_hd__buf_4)
     1    0.021441    0.033373    0.109944   23.484779 v wire23884/X (sky130_fd_sc_hd__buf_4)
                                                         net23884 (net)
                      0.033394    0.000695   23.485474 v wire23883/A (sky130_fd_sc_hd__buf_4)
     1    0.019351    0.031901    0.105631   23.591105 v wire23883/X (sky130_fd_sc_hd__buf_4)
                                                         net23883 (net)
                      0.031955    0.001334   23.592440 v wire23882/A (sky130_fd_sc_hd__clkbuf_4)
     1    0.021613    0.041370    0.115424   23.707863 v wire23882/X (sky130_fd_sc_hd__clkbuf_4)
                                                         net23882 (net)
                      0.041391    0.000918   23.708782 v wire23881/A (sky130_fd_sc_hd__buf_4)
     1    0.019502    0.032097    0.109297   23.818079 v wire23881/X (sky130_fd_sc_hd__buf_4)
                                                         net23881 (net)
                      0.032148    0.001263   23.819342 v wire23880/A (sky130_fd_sc_hd__buf_4)
     1    0.018136    0.031813    0.103727   23.923069 v wire23880/X (sky130_fd_sc_hd__buf_4)
                                                         net23880 (net)
                      0.031851    0.001044   23.924112 v wire23879/A (sky130_fd_sc_hd__clkbuf_4)
     1    0.026224    0.047045    0.119922   24.044035 v wire23879/X (sky130_fd_sc_hd__clkbuf_4)
                                                         net23879 (net)
                      0.047247    0.002331   24.046366 v wire23878/A (sky130_fd_sc_hd__buf_2)
     1    0.018114    0.039108    0.108743   24.155109 v wire23878/X (sky130_fd_sc_hd__buf_2)
                                                         net23878 (net)
                      0.039131    0.000945   24.156054 v wire23877/A (sky130_fd_sc_hd__buf_2)
     1    0.015455    0.035392    0.101894   24.257948 v wire23877/X (sky130_fd_sc_hd__buf_2)
                                                         net23877 (net)
                      0.035407    0.000732   24.258678 v wire23876/A (sky130_fd_sc_hd__buf_2)
     1    0.017804    0.038722    0.103171   24.361851 v wire23876/X (sky130_fd_sc_hd__buf_2)
                                                         net23876 (net)
                      0.038762    0.001174   24.363024 v _115099_/A0 (sky130_fd_sc_hd__mux4_2)
     1    0.010774    0.076326    0.290971   24.653996 v _115099_/X (sky130_fd_sc_hd__mux4_2)
                                                         _055893_ (net)
                      0.076326    0.000259   24.654255 v wire16151/A (sky130_fd_sc_hd__buf_8)
     1    0.035002    0.031303    0.111610   24.765865 v wire16151/X (sky130_fd_sc_hd__buf_8)
                                                         net16151 (net)
                      0.032301    0.004572   24.770437 v wire34102/A (sky130_fd_sc_hd__buf_4)
     1    0.039038    0.047423    0.118773   24.889210 v wire34102/X (sky130_fd_sc_hd__buf_4)
                                                         net34102 (net)
                      0.048128    0.004823   24.894032 v wire16150/A (sky130_fd_sc_hd__buf_8)
     1    0.027805    0.026831    0.096643   24.990675 v wire16150/X (sky130_fd_sc_hd__buf_8)
                                                         net16150 (net)
                      0.027061    0.001890   24.992565 v wire33769/A (sky130_fd_sc_hd__clkbuf_8)
     1    0.032962    0.037811    0.108852   25.101418 v wire33769/X (sky130_fd_sc_hd__clkbuf_8)
                                                         net33769 (net)
                      0.038190    0.003080   25.104498 v wire16149/A (sky130_fd_sc_hd__buf_8)
     1    0.035288    0.030270    0.096769   25.201265 v wire16149/X (sky130_fd_sc_hd__buf_8)
                                                         net16149 (net)
                      0.030305    0.000979   25.202244 v wire33514/A (sky130_fd_sc_hd__buf_6)
     1    0.041611    0.036080    0.098513   25.300758 v wire33514/X (sky130_fd_sc_hd__buf_6)
                                                         net33514 (net)
                      0.036200    0.001538   25.302296 v wire16148/A (sky130_fd_sc_hd__buf_8)
     1    0.042239    0.034336    0.099044   25.401340 v wire16148/X (sky130_fd_sc_hd__buf_8)
                                                         net16148 (net)
                      0.034551    0.002201   25.403542 v wire33291/A (sky130_fd_sc_hd__clkbuf_4)
     1    0.024031    0.044233    0.118925   25.522467 v wire33291/X (sky130_fd_sc_hd__clkbuf_4)
                                                         net33291 (net)
                      0.044308    0.001672   25.524137 v _115100_/A1 (sky130_fd_sc_hd__mux2_1)
     1    0.002256    0.035808    0.154033   25.678171 v _115100_/X (sky130_fd_sc_hd__mux2_1)
                                                         _007681_ (net)
                      0.035808    0.000020   25.678190 v _128149_/D (sky130_fd_sc_hd__dfrtp_2)
                                             25.678190   data arrival time

                                 35.714283   35.714283   clock clk_i (rise edge)
                                  0.000000   35.714283   clock source latency
     1    0.039360    0.044457    0.028948   35.743233 ^ clk_i (in)
                                                         clk_i (net)
                      0.044917    0.000000   35.743233 ^ wire30895/A (sky130_fd_sc_hd__buf_12)
     1    0.073131    0.070165    0.089784   35.833015 ^ wire30895/X (sky130_fd_sc_hd__buf_12)
                                                         net30895 (net)
                      0.074761    0.013099   35.846115 ^ wire30894/A (sky130_fd_sc_hd__buf_12)
     1    0.052802    0.054117    0.088527   35.934643 ^ wire30894/X (sky130_fd_sc_hd__buf_12)
                                                         net30894 (net)
                      0.055425    0.006196   35.940838 ^ wire30893/A (sky130_fd_sc_hd__buf_12)
     2    0.077418    0.073892    0.096996   36.037834 ^ wire30893/X (sky130_fd_sc_hd__buf_12)
                                                         net30893 (net)
                      0.076380    0.010072   36.047905 ^ wire30892/A (sky130_fd_sc_hd__buf_8)
     1    0.040539    0.056866    0.088409   36.136314 ^ wire30892/X (sky130_fd_sc_hd__buf_8)
                                                         net30892 (net)
                      0.057236    0.003450   36.139763 ^ wire30891/A (sky130_fd_sc_hd__buf_12)
     1    0.079757    0.075639    0.097920   36.237682 ^ wire30891/X (sky130_fd_sc_hd__buf_12)
                                                         net30891 (net)
                      0.079019    0.011781   36.249466 ^ wire30890/A (sky130_fd_sc_hd__buf_12)
     1    0.098951    0.091688    0.113683   36.363148 ^ wire30890/X (sky130_fd_sc_hd__buf_12)
                                                         net30890 (net)
                      0.093902    0.010687   36.373837 ^ clkbuf_regs_0_clk_i/A (sky130_fd_sc_hd__clkbuf_16)
     1    0.008311    0.024416    0.089035   36.462868 ^ clkbuf_regs_0_clk_i/X (sky130_fd_sc_hd__clkbuf_16)
                                                         clk_i_regs (net)
                      0.024417    0.000075   36.462944 ^ clkbuf_0_clk_i_regs/A (sky130_fd_sc_hd__clkbuf_16)
     2    0.127730    0.108638    0.135376   36.598320 ^ clkbuf_0_clk_i_regs/X (sky130_fd_sc_hd__clkbuf_16)
                                                         clknet_0_clk_i_regs (net)
                      0.108730    0.002416   36.600735 ^ clkbuf_1_0_0_clk_i_regs/A (sky130_fd_sc_hd__clkbuf_8)
     1    0.058294    0.084541    0.130203   36.730938 ^ clkbuf_1_0_0_clk_i_regs/X (sky130_fd_sc_hd__clkbuf_8)
                                                         clknet_1_0_0_clk_i_regs (net)
                      0.089123    0.014388   36.745327 ^ clkbuf_1_0_1_clk_i_regs/A (sky130_fd_sc_hd__clkbuf_8)
     2    0.074206    0.103801    0.142951   36.888279 ^ clkbuf_1_0_1_clk_i_regs/X (sky130_fd_sc_hd__clkbuf_8)
                                                         clknet_1_0_1_clk_i_regs (net)
                      0.104244    0.005215   36.893494 ^ clkbuf_2_0_0_clk_i_regs/A (sky130_fd_sc_hd__clkbuf_8)
     1    0.084652    0.116082    0.157183   37.050678 ^ clkbuf_2_0_0_clk_i_regs/X (sky130_fd_sc_hd__clkbuf_8)
                                                         clknet_2_0_0_clk_i_regs (net)
                      0.116249    0.003421   37.054096 ^ clkbuf_2_0_1_clk_i_regs/A (sky130_fd_sc_hd__clkbuf_8)
     2    0.101701    0.137331    0.172651   37.226749 ^ clkbuf_2_0_1_clk_i_regs/X (sky130_fd_sc_hd__clkbuf_8)
                                                         clknet_2_0_1_clk_i_regs (net)
                      0.137476    0.003507   37.230255 ^ clkbuf_3_1_0_clk_i_regs/A (sky130_fd_sc_hd__clkbuf_8)
     2    0.128809    0.171939    0.195953   37.426208 ^ clkbuf_3_1_0_clk_i_regs/X (sky130_fd_sc_hd__clkbuf_8)
                                                         clknet_3_1_0_clk_i_regs (net)
                      0.172863    0.009724   37.435932 ^ clkbuf_4_2_0_clk_i_regs/A (sky130_fd_sc_hd__clkbuf_8)
     4    0.131615    0.175257    0.206121   37.642056 ^ clkbuf_4_2_0_clk_i_regs/X (sky130_fd_sc_hd__clkbuf_8)
                                                         clknet_4_2_0_clk_i_regs (net)
                      0.175523    0.005322   37.647377 ^ clkbuf_6_9_0_clk_i_regs/A (sky130_fd_sc_hd__clkbuf_8)
    15    0.194040    0.253670    0.257369   37.904747 ^ clkbuf_6_9_0_clk_i_regs/X (sky130_fd_sc_hd__clkbuf_8)
                                                         clknet_6_9_0_clk_i_regs (net)
                      0.254457    0.010914   37.915661 ^ clkbuf_leaf_534_clk_i_regs/A (sky130_fd_sc_hd__clkbuf_8)
    20    0.067227    0.096692    0.166203   38.081863 ^ clkbuf_leaf_534_clk_i_regs/X (sky130_fd_sc_hd__clkbuf_8)
                                                         clknet_leaf_534_clk_i_regs (net)
                      0.096728    0.001673   38.083534 ^ _128149_/CLK (sky130_fd_sc_hd__dfrtp_2)
                                 -0.250000   37.833534   clock uncertainty
                                  0.034058   37.867592   clock reconvergence pessimism
                                 -0.068793   37.798801   library setup time
                                             37.798801   data required time
---------------------------------------------------------------------------------------------
                                             37.798801   data required time
                                            -25.678190   data arrival time
---------------------------------------------------------------------------------------------
                                             12.120609   slack (MET)




===========================================================================
report_checks --slack_max -0.01
============================================================================
======================= min_ff_n40C_1v95 Corner ===================================

No paths found.


===========================================================================
 report_check_types -max_slew -max_cap -max_fanout -violators
============================================================================
======================= min_ff_n40C_1v95 Corner ===================================

max slew

Pin                                        Limit        Slew       Slack
------------------------------------------------------------------------
I2C_SDA                                 0.750000    0.932283   -0.182283 (VIOLATED)
data_bram_ctrl_inst.data_ram.u_mem.g_2k[2].u_cell.u_sram/addr1[5]    0.040000    0.136994   -0.096994 (VIOLATED)
instr_bram_ctrl_inst.instr_ram.u_mem.g_2k[2].u_cell.u_sram/addr0[8]    0.040000    0.136514   -0.096514 (VIOLATED)
data_bram_ctrl_inst.data_ram.u_mem.g_2k[3].u_cell.u_sram/addr1[6]    0.040000    0.135477   -0.095477 (VIOLATED)
instr_bram_ctrl_inst.instr_ram.u_mem.g_2k[2].u_cell.u_sram/addr0[7]    0.040000    0.134929   -0.094929 (VIOLATED)
instr_bram_ctrl_inst.instr_ram.u_mem.g_2k[2].u_cell.u_sram/addr0[5]    0.040000    0.134296   -0.094296 (VIOLATED)
yz_bram_ctrl_inst.yz_ram.u_mem.u_mem.g_2k[3].u_cell.u_sram/addr1[7]    0.040000    0.134095   -0.094095 (VIOLATED)
yz_bram_ctrl_inst.yz_ram.u_mem.u_mem.g_2k[3].u_cell.u_sram/addr0[7]    0.040000    0.133273   -0.093273 (VIOLATED)
data_bram_ctrl_inst.data_ram.u_mem.g_2k[2].u_cell.u_sram/wmask0[1]    0.040000    0.132981   -0.092981 (VIOLATED)
data_bram_ctrl_inst.data_ram.u_mem.g_2k[2].u_cell.u_sram/addr0[4]    0.040000    0.131817   -0.091817 (VIOLATED)
data_bram_ctrl_inst.data_ram.u_mem.g_2k[2].u_cell.u_sram/addr1[4]    0.040000    0.131440   -0.091440 (VIOLATED)
instr_bram_ctrl_inst.instr_ram.u_mem.g_2k[2].u_cell.u_sram/addr1[5]    0.040000    0.131152   -0.091152 (VIOLATED)
data_bram_ctrl_inst.data_ram.u_mem.g_2k[2].u_cell.u_sram/addr1[6]    0.040000    0.131136   -0.091136 (VIOLATED)
data_bram_ctrl_inst.data_ram.u_mem.g_2k[1].u_cell.u_sram/addr0[1]    0.040000    0.130766   -0.090766 (VIOLATED)
data_bram_ctrl_inst.data_ram.u_mem.g_2k[1].u_cell.u_sram/addr0[5]    0.040000    0.130688   -0.090688 (VIOLATED)
data_bram_ctrl_inst.data_ram.u_mem.g_2k[2].u_cell.u_sram/addr0[7]    0.040000    0.130542   -0.090542 (VIOLATED)
instr_bram_ctrl_inst.instr_ram.u_mem.g_2k[2].u_cell.u_sram/addr1[4]    0.040000    0.130459   -0.090459 (VIOLATED)
instr_bram_ctrl_inst.instr_ram.u_mem.g_2k[1].u_cell.u_sram/wmask0[3]    0.040000    0.130265   -0.090265 (VIOLATED)
conv_accelerator_inst.u_conv_buf_ram.u_mem.u_mem.g_2k[1].u_cell.u_sram/addr0[4]    0.040000    0.129800   -0.089800 (VIOLATED)
data_bram_ctrl_inst.data_ram.u_mem.g_2k[2].u_cell.u_sram/wmask0[0]    0.040000    0.129403   -0.089403 (VIOLATED)
yz_bram_ctrl_inst.yz_ram.u_mem.u_mem.g_2k[1].u_cell.u_sram/addr1[8]    0.040000    0.129257   -0.089257 (VIOLATED)
instr_bram_ctrl_inst.instr_ram.u_mem.g_2k[1].u_cell.u_sram/wmask0[2]    0.040000    0.129162   -0.089162 (VIOLATED)
data_bram_ctrl_inst.data_ram.u_mem.g_2k[1].u_cell.u_sram/wmask0[0]    0.040000    0.129081   -0.089081 (VIOLATED)
yz_bram_ctrl_inst.yz_ram.u_mem.u_mem.g_2k[1].u_cell.u_sram/addr1[7]    0.040000    0.128923   -0.088923 (VIOLATED)
instr_bram_ctrl_inst.instr_ram.u_mem.g_2k[0].u_cell.u_sram/addr1[7]    0.040000    0.128312   -0.088312 (VIOLATED)
instr_bram_ctrl_inst.instr_ram.u_mem.g_2k[2].u_cell.u_sram/addr0[0]    0.040000    0.128234   -0.088234 (VIOLATED)
instr_bram_ctrl_inst.instr_ram.u_mem.g_2k[2].u_cell.u_sram/addr1[6]    0.040000    0.127780   -0.087780 (VIOLATED)
data_bram_ctrl_inst.data_ram.u_mem.g_2k[1].u_cell.u_sram/addr0[3]    0.040000    0.127658   -0.087658 (VIOLATED)
conv_accelerator_inst.u_conv_buf_ram.u_mem.u_mem.g_2k[1].u_cell.u_sram/addr0[0]    0.040000    0.127587   -0.087587 (VIOLATED)
yz_bram_ctrl_inst.yz_ram.u_mem.u_mem.g_2k[3].u_cell.u_sram/addr0[1]    0.040000    0.127561   -0.087561 (VIOLATED)
conv_accelerator_inst.u_conv_buf_ram.u_mem.u_mem.g_2k[1].u_cell.u_sram/wmask0[0]    0.040000    0.127178   -0.087178 (VIOLATED)
conv_accelerator_inst.u_conv_buf_ram.u_mem.u_mem.g_2k[1].u_cell.u_sram/addr0[1]    0.040000    0.127164   -0.087164 (VIOLATED)
yz_bram_ctrl_inst.yz_ram.u_mem.u_mem.g_2k[3].u_cell.u_sram/addr1[1]    0.040000    0.126727   -0.086727 (VIOLATED)
data_bram_ctrl_inst.data_ram.u_mem.g_2k[1].u_cell.u_sram/addr0[7]    0.040000    0.126691   -0.086691 (VIOLATED)
instr_bram_ctrl_inst.instr_ram.u_mem.g_2k[2].u_cell.u_sram/addr0[1]    0.040000    0.126664   -0.086664 (VIOLATED)
yz_bram_ctrl_inst.yz_ram.u_mem.u_mem.g_2k[0].u_cell.u_sram/addr1[8]    0.040000    0.126367   -0.086367 (VIOLATED)
instr_bram_ctrl_inst.instr_ram.u_mem.g_2k[2].u_cell.u_sram/addr1[7]    0.040000    0.126286   -0.086286 (VIOLATED)
conv_accelerator_inst.u_conv_buf_ram.u_mem.u_mem.g_2k[0].u_cell.u_sram/addr0[5]    0.040000    0.126232   -0.086232 (VIOLATED)
data_bram_ctrl_inst.data_ram.u_mem.g_2k[1].u_cell.u_sram/addr1[1]    0.040000    0.126178   -0.086178 (VIOLATED)
data_bram_ctrl_inst.data_ram.u_mem.g_2k[1].u_cell.u_sram/addr1[8]    0.040000    0.125989   -0.085989 (VIOLATED)
instr_bram_ctrl_inst.instr_ram.u_mem.g_2k[3].u_cell.u_sram/addr1[1]    0.040000    0.125932   -0.085932 (VIOLATED)
data_bram_ctrl_inst.data_ram.u_mem.g_2k[3].u_cell.u_sram/addr1[5]    0.040000    0.125813   -0.085813 (VIOLATED)
yz_bram_ctrl_inst.yz_ram.u_mem.u_mem.g_1k.u_cell.u_sram/addr1[5]    0.040000    0.125802   -0.085802 (VIOLATED)
instr_bram_ctrl_inst.instr_ram.u_mem.g_2k[2].u_cell.u_sram/addr1[2]    0.040000    0.125778   -0.085778 (VIOLATED)
instr_bram_ctrl_inst.instr_ram.u_mem.g_2k[3].u_cell.u_sram/addr1[0]    0.040000    0.124804   -0.084804 (VIOLATED)
yz_bram_ctrl_inst.yz_ram.u_mem.u_mem.g_2k[1].u_cell.u_sram/addr0[1]    0.040000    0.124552   -0.084552 (VIOLATED)
conv_accelerator_inst.u_conv_buf_ram.u_mem.u_mem.g_2k[1].u_cell.u_sram/wmask0[1]    0.040000    0.124416   -0.084416 (VIOLATED)
yz_bram_ctrl_inst.yz_ram.u_mem.u_mem.g_2k[2].u_cell.u_sram/addr1[8]    0.040000    0.124215   -0.084215 (VIOLATED)
yz_bram_ctrl_inst.yz_ram.u_mem.u_mem.g_2k[2].u_cell.u_sram/addr0[0]    0.040000    0.124201   -0.084201 (VIOLATED)
conv_accelerator_inst.u_conv_buf_ram.u_mem.u_mem.g_2k[0].u_cell.u_sram/wmask0[2]    0.040000    0.123994   -0.083994 (VIOLATED)
data_bram_ctrl_inst.data_ram.u_mem.g_2k[2].u_cell.u_sram/addr1[8]    0.040000    0.123919   -0.083919 (VIOLATED)
instr_bram_ctrl_inst.instr_ram.u_mem.g_2k[3].u_cell.u_sram/addr0[0]    0.040000    0.123694   -0.083694 (VIOLATED)
instr_bram_ctrl_inst.instr_ram.u_mem.g_2k[0].u_cell.u_sram/addr1[8]    0.040000    0.123590   -0.083590 (VIOLATED)
data_bram_ctrl_inst.data_ram.u_mem.g_2k[1].u_cell.u_sram/addr1[7]    0.040000    0.123547   -0.083547 (VIOLATED)
data_bram_ctrl_inst.data_ram.u_mem.g_2k[3].u_cell.u_sram/addr0[1]    0.040000    0.123348   -0.083348 (VIOLATED)
instr_bram_ctrl_inst.instr_ram.u_mem.g_2k[2].u_cell.u_sram/addr1[3]    0.040000    0.123288   -0.083288 (VIOLATED)
data_bram_ctrl_inst.data_ram.u_mem.g_2k[2].u_cell.u_sram/addr1[2]    0.040000    0.123152   -0.083152 (VIOLATED)
yz_bram_ctrl_inst.yz_ram.u_mem.u_mem.g_1k.u_cell.u_sram/addr1[6]    0.040000    0.123050   -0.083050 (VIOLATED)
data_bram_ctrl_inst.data_ram.u_mem.g_2k[0].u_cell.u_sram/wmask0[2]    0.040000    0.122876   -0.082876 (VIOLATED)
yz_bram_ctrl_inst.yz_ram.u_mem.u_mem.g_2k[1].u_cell.u_sram/addr1[0]    0.040000    0.122860   -0.082860 (VIOLATED)
yz_bram_ctrl_inst.yz_ram.u_mem.u_mem.g_2k[3].u_cell.u_sram/wmask0[3]    0.040000    0.122829   -0.082829 (VIOLATED)
yz_bram_ctrl_inst.yz_ram.u_mem.u_mem.g_2k[3].u_cell.u_sram/addr0[6]    0.040000    0.122789   -0.082789 (VIOLATED)
instr_bram_ctrl_inst.instr_ram.u_mem.g_2k[2].u_cell.u_sram/addr1[8]    0.040000    0.122672   -0.082672 (VIOLATED)
yz_bram_ctrl_inst.yz_ram.u_mem.u_mem.g_2k[1].u_cell.u_sram/wmask0[0]    0.040000    0.122653   -0.082653 (VIOLATED)
data_bram_ctrl_inst.data_ram.u_mem.g_2k[2].u_cell.u_sram/addr1[3]    0.040000    0.122528   -0.082528 (VIOLATED)
data_bram_ctrl_inst.data_ram.u_mem.g_2k[3].u_cell.u_sram/addr1[8]    0.040000    0.122457   -0.082457 (VIOLATED)
instr_bram_ctrl_inst.instr_ram.u_mem.g_2k[2].u_cell.u_sram/wmask0[2]    0.040000    0.122447   -0.082447 (VIOLATED)
instr_bram_ctrl_inst.instr_ram.u_mem.g_2k[3].u_cell.u_sram/addr1[8]    0.040000    0.122445   -0.082445 (VIOLATED)
instr_bram_ctrl_inst.instr_ram.u_mem.g_2k[2].u_cell.u_sram/addr0[4]    0.040000    0.122420   -0.082420 (VIOLATED)
instr_bram_ctrl_inst.instr_ram.u_mem.g_2k[2].u_cell.u_sram/addr0[6]    0.040000    0.122246   -0.082246 (VIOLATED)
conv_accelerator_inst.u_conv_buf_ram.u_mem.u_mem.g_2k[1].u_cell.u_sram/addr0[6]    0.040000    0.122134   -0.082134 (VIOLATED)
conv_accelerator_inst.u_conv_buf_ram.u_mem.u_mem.g_2k[1].u_cell.u_sram/addr0[5]    0.040000    0.122028   -0.082028 (VIOLATED)
yz_bram_ctrl_inst.yz_ram.u_mem.u_mem.g_2k[3].u_cell.u_sram/wmask0[1]    0.040000    0.122026   -0.082026 (VIOLATED)
data_bram_ctrl_inst.data_ram.u_mem.g_2k[1].u_cell.u_sram/addr0[2]    0.040000    0.121953   -0.081953 (VIOLATED)
instr_bram_ctrl_inst.instr_ram.u_mem.g_2k[3].u_cell.u_sram/addr1[7]    0.040000    0.121894   -0.081894 (VIOLATED)
conv_accelerator_inst.u_conv_buf_ram.u_mem.u_mem.g_2k[0].u_cell.u_sram/addr1[7]    0.040000    0.121879   -0.081879 (VIOLATED)
data_bram_ctrl_inst.data_ram.u_mem.g_2k[1].u_cell.u_sram/addr0[6]    0.040000    0.121775   -0.081775 (VIOLATED)
data_bram_ctrl_inst.data_ram.u_mem.g_2k[3].u_cell.u_sram/wmask0[0]    0.040000    0.121716   -0.081716 (VIOLATED)
data_bram_ctrl_inst.data_ram.u_mem.g_2k[2].u_cell.u_sram/addr0[1]    0.040000    0.121714   -0.081714 (VIOLATED)
conv_accelerator_inst.u_conv_buf_ram.u_mem.u_mem.g_2k[1].u_cell.u_sram/wmask0[3]    0.040000    0.121694   -0.081694 (VIOLATED)
yz_bram_ctrl_inst.yz_ram.u_mem.u_mem.g_2k[3].u_cell.u_sram/wmask0[2]    0.040000    0.121587   -0.081587 (VIOLATED)
instr_bram_ctrl_inst.instr_ram.u_mem.g_2k[3].u_cell.u_sram/wmask0[2]    0.040000    0.121572   -0.081572 (VIOLATED)
instr_bram_ctrl_inst.instr_ram.u_mem.g_2k[2].u_cell.u_sram/wmask0[3]    0.040000    0.121559   -0.081559 (VIOLATED)
yz_bram_ctrl_inst.yz_ram.u_mem.u_mem.g_2k[1].u_cell.u_sram/wmask0[2]    0.040000    0.121513   -0.081513 (VIOLATED)
yz_bram_ctrl_inst.yz_ram.u_mem.u_mem.g_1k.u_cell.u_sram/addr1[7]    0.040000    0.121507   -0.081507 (VIOLATED)
yz_bram_ctrl_inst.yz_ram.u_mem.u_mem.g_2k[3].u_cell.u_sram/addr1[8]    0.040000    0.121417   -0.081417 (VIOLATED)
yz_bram_ctrl_inst.yz_ram.u_mem.u_mem.g_2k[3].u_cell.u_sram/addr0[0]    0.040000    0.121259   -0.081259 (VIOLATED)
yz_bram_ctrl_inst.yz_ram.u_mem.u_mem.g_2k[3].u_cell.u_sram/addr0[3]    0.040000    0.121250   -0.081250 (VIOLATED)
data_bram_ctrl_inst.data_ram.u_mem.g_2k[2].u_cell.u_sram/addr1[0]    0.040000    0.121209   -0.081209 (VIOLATED)
yz_bram_ctrl_inst.yz_ram.u_mem.u_mem.g_2k[0].u_cell.u_sram/addr1[0]    0.040000    0.121170   -0.081170 (VIOLATED)
conv_accelerator_inst.u_conv_buf_ram.u_mem.u_mem.g_2k[0].u_cell.u_sram/wmask0[3]    0.040000    0.121004   -0.081004 (VIOLATED)
instr_bram_ctrl_inst.instr_ram.u_mem.g_2k[3].u_cell.u_sram/wmask0[3]    0.040000    0.120931   -0.080931 (VIOLATED)
instr_bram_ctrl_inst.instr_ram.u_mem.g_2k[1].u_cell.u_sram/addr1[1]    0.040000    0.120929   -0.080929 (VIOLATED)
data_bram_ctrl_inst.data_ram.u_mem.g_2k[2].u_cell.u_sram/addr1[7]    0.040000    0.120905   -0.080905 (VIOLATED)
yz_bram_ctrl_inst.yz_ram.u_mem.u_mem.g_2k[0].u_cell.u_sram/addr1[7]    0.040000    0.120881   -0.080881 (VIOLATED)
yz_bram_ctrl_inst.yz_ram.u_mem.u_mem.g_1k.u_cell.u_sram/addr0[0]    0.040000    0.120818   -0.080818 (VIOLATED)
conv_accelerator_inst.u_conv_buf_ram.u_mem.u_mem.g_2k[1].u_cell.u_sram/addr0[2]    0.040000    0.120784   -0.080784 (VIOLATED)
data_bram_ctrl_inst.data_ram.u_mem.g_2k[3].u_cell.u_sram/addr1[7]    0.040000    0.120753   -0.080753 (VIOLATED)
instr_bram_ctrl_inst.instr_ram.u_mem.g_2k[1].u_cell.u_sram/addr1[8]    0.040000    0.120698   -0.080698 (VIOLATED)
data_bram_ctrl_inst.data_ram.u_mem.g_2k[3].u_cell.u_sram/addr1[3]    0.040000    0.120575   -0.080575 (VIOLATED)
data_bram_ctrl_inst.data_ram.u_mem.g_2k[2].u_cell.u_sram/addr0[6]    0.040000    0.120417   -0.080417 (VIOLATED)
data_bram_ctrl_inst.data_ram.u_mem.g_2k[1].u_cell.u_sram/addr1[0]    0.040000    0.120341   -0.080341 (VIOLATED)
yz_bram_ctrl_inst.yz_ram.u_mem.u_mem.g_2k[3].u_cell.u_sram/addr0[4]    0.040000    0.120282   -0.080282 (VIOLATED)
instr_bram_ctrl_inst.instr_ram.u_mem.g_2k[1].u_cell.u_sram/addr1[7]    0.040000    0.120267   -0.080267 (VIOLATED)
data_bram_ctrl_inst.data_ram.u_mem.g_2k[3].u_cell.u_sram/addr1[0]    0.040000    0.120188   -0.080188 (VIOLATED)
data_bram_ctrl_inst.data_ram.u_mem.g_2k[2].u_cell.u_sram/addr0[3]    0.040000    0.120176   -0.080176 (VIOLATED)
data_bram_ctrl_inst.data_ram.u_mem.g_2k[3].u_cell.u_sram/addr0[7]    0.040000    0.120154   -0.080154 (VIOLATED)
data_bram_ctrl_inst.data_ram.u_mem.g_2k[2].u_cell.u_sram/wmask0[3]    0.040000    0.120078   -0.080078 (VIOLATED)
yz_bram_ctrl_inst.yz_ram.u_mem.u_mem.g_2k[0].u_cell.u_sram/addr1[1]    0.040000    0.119990   -0.079990 (VIOLATED)
yz_bram_ctrl_inst.yz_ram.u_mem.u_mem.g_2k[3].u_cell.u_sram/wmask0[0]    0.040000    0.119942   -0.079942 (VIOLATED)
data_bram_ctrl_inst.data_ram.u_mem.g_2k[1].u_cell.u_sram/addr1[6]    0.040000    0.119897   -0.079898 (VIOLATED)
instr_bram_ctrl_inst.instr_ram.u_mem.g_2k[2].u_cell.u_sram/addr1[0]    0.040000    0.119897   -0.079897 (VIOLATED)
conv_accelerator_inst.u_conv_buf_ram.u_mem.u_mem.g_2k[1].u_cell.u_sram/addr1[8]    0.040000    0.119844   -0.079844 (VIOLATED)
yz_bram_ctrl_inst.yz_ram.u_mem.u_mem.g_2k[2].u_cell.u_sram/wmask0[3]    0.040000    0.119799   -0.079799 (VIOLATED)
instr_bram_ctrl_inst.instr_ram.u_mem.g_2k[0].u_cell.u_sram/addr0[1]    0.040000    0.119794   -0.079794 (VIOLATED)
instr_bram_ctrl_inst.instr_ram.u_mem.g_2k[2].u_cell.u_sram/wmask0[1]    0.040000    0.119730   -0.079730 (VIOLATED)
data_bram_ctrl_inst.data_ram.u_mem.g_2k[1].u_cell.u_sram/addr0[8]    0.040000    0.119730   -0.079730 (VIOLATED)
yz_bram_ctrl_inst.yz_ram.u_mem.u_mem.g_2k[2].u_cell.u_sram/wmask0[2]    0.040000    0.119637   -0.079637 (VIOLATED)
instr_bram_ctrl_inst.instr_ram.u_mem.g_2k[0].u_cell.u_sram/addr0[7]    0.040000    0.119379   -0.079379 (VIOLATED)
conv_accelerator_inst.u_conv_buf_ram.u_mem.u_mem.g_2k[1].u_cell.u_sram/wmask0[2]    0.040000    0.119376   -0.079376 (VIOLATED)
conv_accelerator_inst.u_conv_buf_ram.u_mem.u_mem.g_2k[0].u_cell.u_sram/addr1[8]    0.040000    0.119347   -0.079347 (VIOLATED)
conv_accelerator_inst.u_conv_buf_ram.u_mem.u_mem.g_2k[0].u_cell.u_sram/addr0[8]    0.040000    0.119271   -0.079271 (VIOLATED)
conv_accelerator_inst.u_conv_buf_ram.u_mem.u_mem.g_2k[0].u_cell.u_sram/addr0[3]    0.040000    0.119180   -0.079180 (VIOLATED)
yz_bram_ctrl_inst.yz_ram.u_mem.u_mem.g_1k.u_cell.u_sram/addr1[4]    0.040000    0.119114   -0.079114 (VIOLATED)
yz_bram_ctrl_inst.yz_ram.u_mem.u_mem.g_2k[0].u_cell.u_sram/addr0[0]    0.040000    0.118983   -0.078983 (VIOLATED)
yz_bram_ctrl_inst.yz_ram.u_mem.u_mem.g_2k[2].u_cell.u_sram/addr1[7]    0.040000    0.118940   -0.078940 (VIOLATED)
conv_accelerator_inst.u_conv_buf_ram.u_mem.u_mem.g_2k[1].u_cell.u_sram/addr0[7]    0.040000    0.118925   -0.078925 (VIOLATED)
data_bram_ctrl_inst.data_ram.u_mem.g_2k[3].u_cell.u_sram/addr1[4]    0.040000    0.118861   -0.078861 (VIOLATED)
yz_bram_ctrl_inst.yz_ram.u_mem.u_mem.g_2k[3].u_cell.u_sram/addr0[8]    0.040000    0.118861   -0.078861 (VIOLATED)
data_bram_ctrl_inst.data_ram.u_mem.g_2k[2].u_cell.u_sram/addr0[2]    0.040000    0.118724   -0.078724 (VIOLATED)
data_bram_ctrl_inst.data_ram.u_mem.g_2k[2].u_cell.u_sram/addr0[0]    0.040000    0.118580   -0.078580 (VIOLATED)
instr_bram_ctrl_inst.instr_ram.u_mem.g_2k[3].u_cell.u_sram/addr0[1]    0.040000    0.118456   -0.078456 (VIOLATED)
data_bram_ctrl_inst.data_ram.u_mem.g_2k[1].u_cell.u_sram/addr0[4]    0.040000    0.118437   -0.078437 (VIOLATED)
data_bram_ctrl_inst.data_ram.u_mem.g_2k[2].u_cell.u_sram/addr0[8]    0.040000    0.118346   -0.078346 (VIOLATED)
conv_accelerator_inst.u_conv_buf_ram.u_mem.u_mem.g_2k[0].u_cell.u_sram/addr0[7]    0.040000    0.118111   -0.078111 (VIOLATED)
data_bram_ctrl_inst.data_ram.u_mem.g_2k[1].u_cell.u_sram/addr0[0]    0.040000    0.118106   -0.078106 (VIOLATED)
conv_accelerator_inst.u_conv_buf_ram.u_mem.u_mem.g_2k[0].u_cell.u_sram/addr1[6]    0.040000    0.117951   -0.077951 (VIOLATED)
data_bram_ctrl_inst.data_ram.u_mem.g_2k[0].u_cell.u_sram/addr1[7]    0.040000    0.117912   -0.077912 (VIOLATED)
conv_accelerator_inst.u_conv_buf_ram.u_mem.u_mem.g_2k[1].u_cell.u_sram/addr1[7]    0.040000    0.117863   -0.077863 (VIOLATED)
conv_accelerator_inst.u_conv_buf_ram.u_mem.u_mem.g_2k[1].u_cell.u_sram/addr1[3]    0.040000    0.117824   -0.077824 (VIOLATED)
conv_accelerator_inst.u_conv_buf_ram.u_mem.u_mem.g_2k[0].u_cell.u_sram/addr0[4]    0.040000    0.117801   -0.077801 (VIOLATED)
conv_accelerator_inst.u_conv_buf_ram.u_mem.u_mem.g_2k[1].u_cell.u_sram/addr0[3]    0.040000    0.117779   -0.077779 (VIOLATED)
instr_bram_ctrl_inst.instr_ram.u_mem.g_2k[0].u_cell.u_sram/wmask0[0]    0.040000    0.117704   -0.077704 (VIOLATED)
yz_bram_ctrl_inst.yz_ram.u_mem.u_mem.g_2k[0].u_cell.u_sram/wmask0[2]    0.040000    0.117634   -0.077634 (VIOLATED)
yz_bram_ctrl_inst.yz_ram.u_mem.u_mem.g_2k[3].u_cell.u_sram/addr0[5]    0.040000    0.117628   -0.077628 (VIOLATED)
yz_bram_ctrl_inst.yz_ram.u_mem.u_mem.g_2k[0].u_cell.u_sram/wmask0[3]    0.040000    0.117537   -0.077537 (VIOLATED)
data_bram_ctrl_inst.data_ram.u_mem.g_2k[0].u_cell.u_sram/wmask0[0]    0.040000    0.117422   -0.077422 (VIOLATED)
yz_bram_ctrl_inst.yz_ram.u_mem.u_mem.g_2k[1].u_cell.u_sram/wmask0[1]    0.040000    0.117416   -0.077416 (VIOLATED)
data_bram_ctrl_inst.data_ram.u_mem.g_2k[3].u_cell.u_sram/addr1[1]    0.040000    0.117405   -0.077405 (VIOLATED)
instr_bram_ctrl_inst.instr_ram.u_mem.g_2k[2].u_cell.u_sram/addr0[2]    0.040000    0.117386   -0.077386 (VIOLATED)
instr_bram_ctrl_inst.instr_ram.u_mem.g_2k[2].u_cell.u_sram/addr0[3]    0.040000    0.117371   -0.077371 (VIOLATED)
yz_bram_ctrl_inst.yz_ram.u_mem.u_mem.g_2k[0].u_cell.u_sram/addr0[1]    0.040000    0.117290   -0.077290 (VIOLATED)
yz_bram_ctrl_inst.yz_ram.u_mem.u_mem.g_2k[2].u_cell.u_sram/wmask0[1]    0.040000    0.117256   -0.077256 (VIOLATED)
data_bram_ctrl_inst.data_ram.u_mem.g_2k[1].u_cell.u_sram/addr1[3]    0.040000    0.117232   -0.077232 (VIOLATED)
instr_bram_ctrl_inst.instr_ram.u_mem.g_2k[3].u_cell.u_sram/addr0[2]    0.040000    0.117215   -0.077215 (VIOLATED)
data_bram_ctrl_inst.data_ram.u_mem.g_2k[0].u_cell.u_sram/addr0[6]    0.040000    0.117196   -0.077196 (VIOLATED)
conv_accelerator_inst.u_conv_buf_ram.u_mem.u_mem.g_2k[0].u_cell.u_sram/addr0[0]    0.040000    0.117182   -0.077182 (VIOLATED)
data_bram_ctrl_inst.data_ram.u_mem.g_2k[3].u_cell.u_sram/addr1[2]    0.040000    0.117160   -0.077160 (VIOLATED)
instr_bram_ctrl_inst.instr_ram.u_mem.g_2k[1].u_cell.u_sram/addr1[0]    0.040000    0.117158   -0.077158 (VIOLATED)
data_bram_ctrl_inst.data_ram.u_mem.g_2k[3].u_cell.u_sram/wmask0[2]    0.040000    0.117134   -0.077134 (VIOLATED)
instr_bram_ctrl_inst.instr_ram.u_mem.g_2k[3].u_cell.u_sram/wmask0[0]    0.040000    0.117083   -0.077083 (VIOLATED)
conv_accelerator_inst.u_conv_buf_ram.u_mem.u_mem.g_2k[0].u_cell.u_sram/wmask0[0]    0.040000    0.117082   -0.077082 (VIOLATED)
data_bram_ctrl_inst.data_ram.u_mem.g_2k[1].u_cell.u_sram/addr1[2]    0.040000    0.117075   -0.077075 (VIOLATED)
data_bram_ctrl_inst.data_ram.u_mem.g_2k[0].u_cell.u_sram/addr0[4]    0.040000    0.117043   -0.077043 (VIOLATED)
instr_bram_ctrl_inst.instr_ram.u_mem.g_2k[1].u_cell.u_sram/addr0[1]    0.040000    0.117021   -0.077021 (VIOLATED)
yz_bram_ctrl_inst.yz_ram.u_mem.u_mem.g_2k[1].u_cell.u_sram/addr0[0]    0.040000    0.117005   -0.077005 (VIOLATED)
data_bram_ctrl_inst.data_ram.u_mem.g_2k[0].u_cell.u_sram/wmask0[1]    0.040000    0.116986   -0.076986 (VIOLATED)
instr_bram_ctrl_inst.instr_ram.u_mem.g_2k[0].u_cell.u_sram/addr0[4]    0.040000    0.116794   -0.076794 (VIOLATED)
data_bram_ctrl_inst.data_ram.u_mem.g_2k[3].u_cell.u_sram/addr0[0]    0.040000    0.116735   -0.076735 (VIOLATED)
data_bram_ctrl_inst.data_ram.u_mem.g_2k[1].u_cell.u_sram/wmask0[3]    0.040000    0.116725   -0.076725 (VIOLATED)
instr_bram_ctrl_inst.instr_ram.u_mem.g_2k[1].u_cell.u_sram/addr0[4]    0.040000    0.116725   -0.076725 (VIOLATED)
yz_bram_ctrl_inst.yz_ram.u_mem.u_mem.g_2k[2].u_cell.u_sram/addr1[0]    0.040000    0.116719   -0.076719 (VIOLATED)
instr_bram_ctrl_inst.instr_ram.u_mem.g_2k[0].u_cell.u_sram/addr0[2]    0.040000    0.116681   -0.076681 (VIOLATED)
instr_bram_ctrl_inst.instr_ram.u_mem.g_2k[0].u_cell.u_sram/addr0[6]    0.040000    0.116678   -0.076678 (VIOLATED)
yz_bram_ctrl_inst.yz_ram.u_mem.u_mem.g_2k[1].u_cell.u_sram/wmask0[3]    0.040000    0.116644   -0.076644 (VIOLATED)
yz_bram_ctrl_inst.yz_ram.u_mem.u_mem.g_2k[1].u_cell.u_sram/addr0[2]    0.040000    0.116642   -0.076642 (VIOLATED)
data_bram_ctrl_inst.data_ram.u_mem.g_2k[0].u_cell.u_sram/addr1[8]    0.040000    0.116601   -0.076601 (VIOLATED)
instr_bram_ctrl_inst.instr_ram.u_mem.g_2k[3].u_cell.u_sram/addr0[6]    0.040000    0.116564   -0.076564 (VIOLATED)
instr_bram_ctrl_inst.instr_ram.u_mem.g_2k[3].u_cell.u_sram/addr0[4]    0.040000    0.116554   -0.076554 (VIOLATED)
instr_bram_ctrl_inst.instr_ram.u_mem.g_2k[1].u_cell.u_sram/addr0[6]    0.040000    0.116473   -0.076473 (VIOLATED)
yz_bram_ctrl_inst.yz_ram.u_mem.u_mem.g_2k[2].u_cell.u_sram/addr0[2]    0.040000    0.116471   -0.076471 (VIOLATED)
instr_bram_ctrl_inst.instr_ram.u_mem.g_2k[1].u_cell.u_sram/wmask0[0]    0.040000    0.116446   -0.076446 (VIOLATED)
data_bram_ctrl_inst.data_ram.u_mem.g_2k[1].u_cell.u_sram/wmask0[1]    0.040000    0.116427   -0.076427 (VIOLATED)
yz_bram_ctrl_inst.yz_ram.u_mem.u_mem.g_1k.u_cell.u_sram/wmask0[0]    0.040000    0.116401   -0.076401 (VIOLATED)
instr_bram_ctrl_inst.instr_ram.u_mem.g_2k[3].u_cell.u_sram/wmask0[1]    0.040000    0.116379   -0.076379 (VIOLATED)
data_bram_ctrl_inst.data_ram.u_mem.g_2k[2].u_cell.u_sram/addr0[5]    0.040000    0.116246   -0.076246 (VIOLATED)
yz_bram_ctrl_inst.yz_ram.u_mem.u_mem.g_1k.u_cell.u_sram/addr1[3]    0.040000    0.116104   -0.076104 (VIOLATED)
data_bram_ctrl_inst.data_ram.u_mem.g_2k[0].u_cell.u_sram/addr1[4]    0.040000    0.116099   -0.076099 (VIOLATED)
instr_bram_ctrl_inst.instr_ram.u_mem.g_2k[2].u_cell.u_sram/wmask0[0]    0.040000    0.116038   -0.076038 (VIOLATED)
conv_accelerator_inst.u_conv_buf_ram.u_mem.u_mem.g_2k[0].u_cell.u_sram/addr0[6]    0.040000    0.116034   -0.076034 (VIOLATED)
conv_accelerator_inst.u_conv_buf_ram.u_mem.u_mem.g_2k[1].u_cell.u_sram/addr1[5]    0.040000    0.115994   -0.075994 (VIOLATED)
data_bram_ctrl_inst.data_ram.u_mem.g_2k[2].u_cell.u_sram/wmask0[2]    0.040000    0.115980   -0.075980 (VIOLATED)
data_bram_ctrl_inst.data_ram.u_mem.g_2k[1].u_cell.u_sram/addr1[4]    0.040000    0.115936   -0.075936 (VIOLATED)
data_bram_ctrl_inst.data_ram.u_mem.g_2k[0].u_cell.u_sram/addr0[1]    0.040000    0.115929   -0.075929 (VIOLATED)
data_bram_ctrl_inst.data_ram.u_mem.g_2k[0].u_cell.u_sram/addr1[5]    0.040000    0.115924   -0.075924 (VIOLATED)
data_bram_ctrl_inst.data_ram.u_mem.g_2k[3].u_cell.u_sram/addr0[3]    0.040000    0.115897   -0.075897 (VIOLATED)
data_bram_ctrl_inst.data_ram.u_mem.g_2k[3].u_cell.u_sram/addr0[4]    0.040000    0.115893   -0.075893 (VIOLATED)
yz_bram_ctrl_inst.yz_ram.u_mem.u_mem.g_2k[1].u_cell.u_sram/addr1[1]    0.040000    0.115886   -0.075886 (VIOLATED)
data_bram_ctrl_inst.data_ram.u_mem.g_2k[0].u_cell.u_sram/wmask0[3]    0.040000    0.115872   -0.075872 (VIOLATED)
data_bram_ctrl_inst.data_ram.u_mem.g_2k[3].u_cell.u_sram/wmask0[1]    0.040000    0.115851   -0.075851 (VIOLATED)
yz_bram_ctrl_inst.yz_ram.u_mem.u_mem.g_2k[0].u_cell.u_sram/addr1[6]    0.040000    0.115839   -0.075839 (VIOLATED)
instr_bram_ctrl_inst.instr_ram.u_mem.g_2k[1].u_cell.u_sram/addr0[0]    0.040000    0.115794   -0.075794 (VIOLATED)
yz_bram_ctrl_inst.yz_ram.u_mem.u_mem.g_2k[0].u_cell.u_sram/wmask0[0]    0.040000    0.115786   -0.075786 (VIOLATED)
yz_bram_ctrl_inst.yz_ram.u_mem.u_mem.g_2k[2].u_cell.u_sram/addr0[1]    0.040000    0.115776   -0.075776 (VIOLATED)
conv_accelerator_inst.u_conv_buf_ram.u_mem.u_mem.g_2k[0].u_cell.u_sram/addr1[3]    0.040000    0.115747   -0.075747 (VIOLATED)
data_bram_ctrl_inst.data_ram.u_mem.g_2k[0].u_cell.u_sram/addr0[2]    0.040000    0.115738   -0.075738 (VIOLATED)
instr_bram_ctrl_inst.instr_ram.u_mem.g_2k[1].u_cell.u_sram/addr0[2]    0.040000    0.115737   -0.075737 (VIOLATED)
conv_accelerator_inst.u_conv_buf_ram.u_mem.u_mem.g_2k[1].u_cell.u_sram/addr1[0]    0.040000    0.115730   -0.075730 (VIOLATED)
yz_bram_ctrl_inst.yz_ram.u_mem.u_mem.g_2k[1].u_cell.u_sram/addr1[5]    0.040000    0.115673   -0.075673 (VIOLATED)
yz_bram_ctrl_inst.yz_ram.u_mem.u_mem.g_2k[3].u_cell.u_sram/addr1[0]    0.040000    0.115640   -0.075640 (VIOLATED)
data_bram_ctrl_inst.data_ram.u_mem.g_2k[0].u_cell.u_sram/addr0[8]    0.040000    0.115617   -0.075617 (VIOLATED)
conv_accelerator_inst.u_conv_buf_ram.u_mem.u_mem.g_2k[1].u_cell.u_sram/addr0[8]    0.040000    0.115573   -0.075573 (VIOLATED)
yz_bram_ctrl_inst.yz_ram.u_mem.u_mem.g_2k[0].u_cell.u_sram/addr1[5]    0.040000    0.115517   -0.075517 (VIOLATED)
data_bram_ctrl_inst.data_ram.u_mem.g_2k[1].u_cell.u_sram/wmask0[2]    0.040000    0.115511   -0.075511 (VIOLATED)
data_bram_ctrl_inst.data_ram.u_mem.g_2k[0].u_cell.u_sram/addr1[6]    0.040000    0.115498   -0.075498 (VIOLATED)
data_bram_ctrl_inst.data_ram.u_mem.g_2k[0].u_cell.u_sram/addr0[0]    0.040000    0.115487   -0.075487 (VIOLATED)
data_bram_ctrl_inst.data_ram.u_mem.g_2k[0].u_cell.u_sram/addr1[2]    0.040000    0.115480   -0.075480 (VIOLATED)
conv_accelerator_inst.u_conv_buf_ram.u_mem.u_mem.g_2k[0].u_cell.u_sram/addr1[5]    0.040000    0.115473   -0.075473 (VIOLATED)
yz_bram_ctrl_inst.yz_ram.u_mem.u_mem.g_2k[1].u_cell.u_sram/addr1[6]    0.040000    0.115452   -0.075452 (VIOLATED)
yz_bram_ctrl_inst.yz_ram.u_mem.u_mem.g_2k[2].u_cell.u_sram/addr0[4]    0.040000    0.115426   -0.075426 (VIOLATED)
yz_bram_ctrl_inst.yz_ram.u_mem.u_mem.g_2k[2].u_cell.u_sram/addr1[1]    0.040000    0.115395   -0.075395 (VIOLATED)
yz_bram_ctrl_inst.yz_ram.u_mem.u_mem.g_1k.u_cell.u_sram/addr0[2]    0.040000    0.115355   -0.075355 (VIOLATED)
yz_bram_ctrl_inst.yz_ram.u_mem.u_mem.g_1k.u_cell.u_sram/addr0[6]    0.040000    0.115354   -0.075354 (VIOLATED)
instr_bram_ctrl_inst.instr_ram.u_mem.g_2k[1].u_cell.u_sram/wmask0[1]    0.040000    0.115326   -0.075326 (VIOLATED)
yz_bram_ctrl_inst.yz_ram.u_mem.u_mem.g_2k[0].u_cell.u_sram/addr1[4]    0.040000    0.115262   -0.075262 (VIOLATED)
yz_bram_ctrl_inst.yz_ram.u_mem.u_mem.g_2k[2].u_cell.u_sram/addr0[6]    0.040000    0.115242   -0.075242 (VIOLATED)
data_bram_ctrl_inst.data_ram.u_mem.g_2k[3].u_cell.u_sram/addr0[5]    0.040000    0.115240   -0.075240 (VIOLATED)
yz_bram_ctrl_inst.yz_ram.u_mem.u_mem.g_1k.u_cell.u_sram/addr0[7]    0.040000    0.115209   -0.075209 (VIOLATED)
yz_bram_ctrl_inst.yz_ram.u_mem.u_mem.g_1k.u_cell.u_sram/wmask0[3]    0.040000    0.115206   -0.075206 (VIOLATED)
data_bram_ctrl_inst.data_ram.u_mem.g_2k[0].u_cell.u_sram/addr0[3]    0.040000    0.115158   -0.075158 (VIOLATED)
yz_bram_ctrl_inst.yz_ram.u_mem.u_mem.g_1k.u_cell.u_sram/addr1[2]    0.040000    0.115115   -0.075115 (VIOLATED)
yz_bram_ctrl_inst.yz_ram.u_mem.u_mem.g_2k[0].u_cell.u_sram/addr0[2]    0.040000    0.115071   -0.075071 (VIOLATED)
yz_bram_ctrl_inst.yz_ram.u_mem.u_mem.g_2k[1].u_cell.u_sram/addr1[4]    0.040000    0.115036   -0.075036 (VIOLATED)
conv_accelerator_inst.u_conv_buf_ram.u_mem.u_mem.g_2k[1].u_cell.u_sram/addr1[1]    0.040000    0.115023   -0.075023 (VIOLATED)
conv_accelerator_inst.u_conv_buf_ram.u_mem.u_mem.g_2k[0].u_cell.u_sram/addr1[4]    0.040000    0.114978   -0.074978 (VIOLATED)
conv_accelerator_inst.u_conv_buf_ram.u_mem.u_mem.g_2k[0].u_cell.u_sram/addr0[2]    0.040000    0.114870   -0.074870 (VIOLATED)
yz_bram_ctrl_inst.yz_ram.u_mem.u_mem.g_2k[1].u_cell.u_sram/addr0[4]    0.040000    0.114809   -0.074809 (VIOLATED)
yz_bram_ctrl_inst.yz_ram.u_mem.u_mem.g_2k[2].u_cell.u_sram/wmask0[0]    0.040000    0.114803   -0.074803 (VIOLATED)
yz_bram_ctrl_inst.yz_ram.u_mem.u_mem.g_2k[1].u_cell.u_sram/addr0[6]    0.040000    0.114794   -0.074794 (VIOLATED)
yz_bram_ctrl_inst.yz_ram.u_mem.u_mem.g_2k[2].u_cell.u_sram/addr0[5]    0.040000    0.114776   -0.074776 (VIOLATED)
data_bram_ctrl_inst.data_ram.u_mem.g_2k[1].u_cell.u_sram/addr1[5]    0.040000    0.114701   -0.074701 (VIOLATED)
instr_bram_ctrl_inst.instr_ram.u_mem.g_2k[0].u_cell.u_sram/addr0[3]    0.040000    0.114671   -0.074671 (VIOLATED)
instr_bram_ctrl_inst.instr_ram.u_mem.g_2k[0].u_cell.u_sram/addr0[8]    0.040000    0.114629   -0.074629 (VIOLATED)
yz_bram_ctrl_inst.yz_ram.u_mem.u_mem.g_2k[0].u_cell.u_sram/addr0[4]    0.040000    0.114568   -0.074568 (VIOLATED)
instr_bram_ctrl_inst.instr_ram.u_mem.g_2k[3].u_cell.u_sram/addr0[8]    0.040000    0.114528   -0.074528 (VIOLATED)
data_bram_ctrl_inst.data_ram.u_mem.g_2k[3].u_cell.u_sram/wmask0[3]    0.040000    0.114506   -0.074506 (VIOLATED)
instr_bram_ctrl_inst.instr_ram.u_mem.g_2k[2].u_cell.u_sram/addr1[1]    0.040000    0.114497   -0.074497 (VIOLATED)
instr_bram_ctrl_inst.instr_ram.u_mem.g_2k[3].u_cell.u_sram/addr1[4]    0.040000    0.114442   -0.074442 (VIOLATED)
instr_bram_ctrl_inst.instr_ram.u_mem.g_2k[3].u_cell.u_sram/addr1[6]    0.040000    0.114428   -0.074428 (VIOLATED)
yz_bram_ctrl_inst.yz_ram.u_mem.u_mem.g_2k[0].u_cell.u_sram/addr0[6]    0.040000    0.114404   -0.074404 (VIOLATED)
instr_bram_ctrl_inst.instr_ram.u_mem.g_2k[1].u_cell.u_sram/addr0[8]    0.040000    0.114297   -0.074297 (VIOLATED)
yz_bram_ctrl_inst.yz_ram.u_mem.u_mem.g_2k[0].u_cell.u_sram/wmask0[1]    0.040000    0.114245   -0.074245 (VIOLATED)
yz_bram_ctrl_inst.yz_ram.u_mem.u_mem.g_2k[3].u_cell.u_sram/addr1[6]    0.040000    0.114239   -0.074239 (VIOLATED)
yz_bram_ctrl_inst.yz_ram.u_mem.u_mem.g_1k.u_cell.u_sram/addr0[1]    0.040000    0.114238   -0.074238 (VIOLATED)
instr_bram_ctrl_inst.instr_ram.u_mem.g_2k[3].u_cell.u_sram/addr1[2]    0.040000    0.114176   -0.074176 (VIOLATED)
yz_bram_ctrl_inst.yz_ram.u_mem.u_mem.g_1k.u_cell.u_sram/addr0[4]    0.040000    0.114074   -0.074074 (VIOLATED)
yz_bram_ctrl_inst.yz_ram.u_mem.u_mem.g_1k.u_cell.u_sram/addr0[5]    0.040000    0.114072   -0.074072 (VIOLATED)
data_bram_ctrl_inst.data_ram.u_mem.g_2k[0].u_cell.u_sram/addr1[1]    0.040000    0.114065   -0.074065 (VIOLATED)
yz_bram_ctrl_inst.yz_ram.u_mem.u_mem.g_1k.u_cell.u_sram/addr0[3]    0.040000    0.114059   -0.074059 (VIOLATED)
yz_bram_ctrl_inst.yz_ram.u_mem.u_mem.g_2k[3].u_cell.u_sram/addr1[4]    0.040000    0.114057   -0.074057 (VIOLATED)
instr_bram_ctrl_inst.instr_ram.u_mem.g_2k[3].u_cell.u_sram/addr0[3]    0.040000    0.114015   -0.074015 (VIOLATED)
conv_accelerator_inst.u_conv_buf_ram.u_mem.u_mem.g_2k[1].u_cell.u_sram/addr1[6]    0.040000    0.114011   -0.074011 (VIOLATED)
data_bram_ctrl_inst.data_ram.u_mem.g_2k[0].u_cell.u_sram/addr1[3]    0.040000    0.113931   -0.073931 (VIOLATED)
instr_bram_ctrl_inst.instr_ram.u_mem.g_2k[1].u_cell.u_sram/addr1[6]    0.040000    0.113924   -0.073924 (VIOLATED)
yz_bram_ctrl_inst.yz_ram.u_mem.u_mem.g_2k[3].u_cell.u_sram/addr1[5]    0.040000    0.113916   -0.073916 (VIOLATED)
instr_bram_ctrl_inst.instr_ram.u_mem.g_2k[1].u_cell.u_sram/addr1[4]    0.040000    0.113905   -0.073905 (VIOLATED)
instr_bram_ctrl_inst.instr_ram.u_mem.g_2k[3].u_cell.u_sram/addr1[5]    0.040000    0.113862   -0.073862 (VIOLATED)
instr_bram_ctrl_inst.instr_ram.u_mem.g_2k[1].u_cell.u_sram/addr0[7]    0.040000    0.113807   -0.073807 (VIOLATED)
yz_bram_ctrl_inst.yz_ram.u_mem.u_mem.g_2k[1].u_cell.u_sram/addr0[3]    0.040000    0.113801   -0.073801 (VIOLATED)
instr_bram_ctrl_inst.instr_ram.u_mem.g_2k[0].u_cell.u_sram/addr0[5]    0.040000    0.113720   -0.073720 (VIOLATED)
yz_bram_ctrl_inst.yz_ram.u_mem.u_mem.g_2k[2].u_cell.u_sram/addr1[6]    0.040000    0.113677   -0.073677 (VIOLATED)
yz_bram_ctrl_inst.yz_ram.u_mem.u_mem.g_2k[3].u_cell.u_sram/addr1[2]    0.040000    0.113667   -0.073667 (VIOLATED)
yz_bram_ctrl_inst.yz_ram.u_mem.u_mem.g_2k[3].u_cell.u_sram/addr1[3]    0.040000    0.113619   -0.073619 (VIOLATED)
data_bram_ctrl_inst.data_ram.u_mem.g_2k[3].u_cell.u_sram/addr0[8]    0.040000    0.113601   -0.073601 (VIOLATED)
data_bram_ctrl_inst.data_ram.u_mem.g_2k[2].u_cell.u_sram/addr1[1]    0.040000    0.113532   -0.073532 (VIOLATED)
instr_bram_ctrl_inst.instr_ram.u_mem.g_2k[0].u_cell.u_sram/addr1[4]    0.040000    0.113484   -0.073484 (VIOLATED)
yz_bram_ctrl_inst.yz_ram.u_mem.u_mem.g_2k[3].u_cell.u_sram/addr0[2]    0.040000    0.113467   -0.073467 (VIOLATED)
conv_accelerator_inst.u_conv_buf_ram.u_mem.u_mem.g_2k[0].u_cell.u_sram/wmask0[1]    0.040000    0.113461   -0.073461 (VIOLATED)
conv_accelerator_inst.u_conv_buf_ram.u_mem.u_mem.g_2k[1].u_cell.u_sram/addr1[4]    0.040000    0.113461   -0.073461 (VIOLATED)
instr_bram_ctrl_inst.instr_ram.u_mem.g_2k[0].u_cell.u_sram/addr1[6]    0.040000    0.113435   -0.073435 (VIOLATED)
yz_bram_ctrl_inst.yz_ram.u_mem.u_mem.g_2k[2].u_cell.u_sram/addr0[8]    0.040000    0.113421   -0.073421 (VIOLATED)
yz_bram_ctrl_inst.yz_ram.u_mem.u_mem.g_2k[2].u_cell.u_sram/addr0[7]    0.040000    0.113399   -0.073399 (VIOLATED)
instr_bram_ctrl_inst.instr_ram.u_mem.g_2k[3].u_cell.u_sram/addr0[5]    0.040000    0.113391   -0.073391 (VIOLATED)
data_bram_ctrl_inst.data_ram.u_mem.g_2k[0].u_cell.u_sram/addr0[5]    0.040000    0.113388   -0.073388 (VIOLATED)
conv_accelerator_inst.u_conv_buf_ram.u_mem.u_mem.g_2k[0].u_cell.u_sram/addr1[1]    0.040000    0.113383   -0.073383 (VIOLATED)
yz_bram_ctrl_inst.yz_ram.u_mem.u_mem.g_2k[2].u_cell.u_sram/addr1[5]    0.040000    0.113369   -0.073369 (VIOLATED)
instr_bram_ctrl_inst.instr_ram.u_mem.g_2k[1].u_cell.u_sram/addr1[5]    0.040000    0.113356   -0.073356 (VIOLATED)
conv_accelerator_inst.u_conv_buf_ram.u_mem.u_mem.g_2k[0].u_cell.u_sram/addr1[2]    0.040000    0.113315   -0.073315 (VIOLATED)
data_bram_ctrl_inst.data_ram.u_mem.g_2k[3].u_cell.u_sram/addr0[6]    0.040000    0.113299   -0.073299 (VIOLATED)
yz_bram_ctrl_inst.yz_ram.u_mem.u_mem.g_1k.u_cell.u_sram/addr1[0]    0.040000    0.113214   -0.073214 (VIOLATED)
instr_bram_ctrl_inst.instr_ram.u_mem.g_2k[3].u_cell.u_sram/addr1[3]    0.040000    0.113160   -0.073160 (VIOLATED)
data_bram_ctrl_inst.data_ram.u_mem.g_2k[3].u_cell.u_sram/addr0[2]    0.040000    0.113146   -0.073146 (VIOLATED)
conv_accelerator_inst.u_conv_buf_ram.u_mem.u_mem.g_2k[0].u_cell.u_sram/addr0[1]    0.040000    0.113116   -0.073116 (VIOLATED)
instr_bram_ctrl_inst.instr_ram.u_mem.g_2k[0].u_cell.u_sram/wmask0[1]    0.040000    0.113070   -0.073070 (VIOLATED)
data_bram_ctrl_inst.data_ram.u_mem.g_2k[0].u_cell.u_sram/addr0[7]    0.040000    0.113052   -0.073052 (VIOLATED)
instr_bram_ctrl_inst.instr_ram.u_mem.g_2k[0].u_cell.u_sram/addr1[1]    0.040000    0.113025   -0.073025 (VIOLATED)
yz_bram_ctrl_inst.yz_ram.u_mem.u_mem.g_2k[1].u_cell.u_sram/addr1[3]    0.040000    0.113024   -0.073024 (VIOLATED)
yz_bram_ctrl_inst.yz_ram.u_mem.u_mem.g_2k[2].u_cell.u_sram/addr0[3]    0.040000    0.113020   -0.073020 (VIOLATED)
yz_bram_ctrl_inst.yz_ram.u_mem.u_mem.g_2k[2].u_cell.u_sram/addr1[4]    0.040000    0.113018   -0.073018 (VIOLATED)
yz_bram_ctrl_inst.yz_ram.u_mem.u_mem.g_2k[1].u_cell.u_sram/addr0[7]    0.040000    0.112993   -0.072993 (VIOLATED)
instr_bram_ctrl_inst.instr_ram.u_mem.g_2k[0].u_cell.u_sram/addr1[5]    0.040000    0.112988   -0.072988 (VIOLATED)
instr_bram_ctrl_inst.instr_ram.u_mem.g_2k[1].u_cell.u_sram/addr0[3]    0.040000    0.112879   -0.072879 (VIOLATED)
yz_bram_ctrl_inst.yz_ram.u_mem.u_mem.g_2k[1].u_cell.u_sram/addr0[8]    0.040000    0.112828   -0.072828 (VIOLATED)
conv_accelerator_inst.u_conv_buf_ram.u_mem.u_mem.g_2k[0].u_cell.u_sram/addr1[0]    0.040000    0.112774   -0.072774 (VIOLATED)
instr_bram_ctrl_inst.instr_ram.u_mem.g_2k[1].u_cell.u_sram/addr1[3]    0.040000    0.112712   -0.072712 (VIOLATED)
data_bram_ctrl_inst.data_ram.u_mem.g_2k[0].u_cell.u_sram/addr1[0]    0.040000    0.112609   -0.072609 (VIOLATED)
yz_bram_ctrl_inst.yz_ram.u_mem.u_mem.g_2k[2].u_cell.u_sram/addr1[3]    0.040000    0.112588   -0.072588 (VIOLATED)
yz_bram_ctrl_inst.yz_ram.u_mem.u_mem.g_2k[0].u_cell.u_sram/addr1[3]    0.040000    0.112585   -0.072585 (VIOLATED)
conv_accelerator_inst.u_conv_buf_ram.u_mem.u_mem.g_2k[1].u_cell.u_sram/addr1[2]    0.040000    0.112582   -0.072582 (VIOLATED)
instr_bram_ctrl_inst.instr_ram.u_mem.g_2k[1].u_cell.u_sram/addr0[5]    0.040000    0.112570   -0.072570 (VIOLATED)
yz_bram_ctrl_inst.yz_ram.u_mem.u_mem.g_2k[0].u_cell.u_sram/addr0[8]    0.040000    0.112530   -0.072530 (VIOLATED)
instr_bram_ctrl_inst.instr_ram.u_mem.g_2k[3].u_cell.u_sram/addr0[7]    0.040000    0.112521   -0.072521 (VIOLATED)
yz_bram_ctrl_inst.yz_ram.u_mem.u_mem.g_2k[2].u_cell.u_sram/addr1[2]    0.040000    0.112520   -0.072520 (VIOLATED)
yz_bram_ctrl_inst.yz_ram.u_mem.u_mem.g_1k.u_cell.u_sram/wmask0[2]    0.040000    0.112504   -0.072504 (VIOLATED)
instr_bram_ctrl_inst.instr_ram.u_mem.g_2k[0].u_cell.u_sram/addr0[0]    0.040000    0.112503   -0.072503 (VIOLATED)
yz_bram_ctrl_inst.yz_ram.u_mem.u_mem.g_1k.u_cell.u_sram/wmask0[1]    0.040000    0.112498   -0.072498 (VIOLATED)
instr_bram_ctrl_inst.instr_ram.u_mem.g_2k[0].u_cell.u_sram/addr1[3]    0.040000    0.112431   -0.072431 (VIOLATED)
yz_bram_ctrl_inst.yz_ram.u_mem.u_mem.g_2k[0].u_cell.u_sram/addr0[3]    0.040000    0.112357   -0.072357 (VIOLATED)
yz_bram_ctrl_inst.yz_ram.u_mem.u_mem.g_2k[0].u_cell.u_sram/addr0[7]    0.040000    0.112332   -0.072332 (VIOLATED)
yz_bram_ctrl_inst.yz_ram.u_mem.u_mem.g_2k[0].u_cell.u_sram/addr1[2]    0.040000    0.112261   -0.072261 (VIOLATED)
yz_bram_ctrl_inst.yz_ram.u_mem.u_mem.g_2k[1].u_cell.u_sram/addr1[2]    0.040000    0.112240   -0.072240 (VIOLATED)
yz_bram_ctrl_inst.yz_ram.u_mem.u_mem.g_1k.u_cell.u_sram/addr1[1]    0.040000    0.112086   -0.072086 (VIOLATED)
instr_bram_ctrl_inst.instr_ram.u_mem.g_2k[1].u_cell.u_sram/addr1[2]    0.040000    0.112061   -0.072061 (VIOLATED)
instr_bram_ctrl_inst.instr_ram.u_mem.g_2k[0].u_cell.u_sram/wmask0[2]    0.040000    0.111937   -0.071937 (VIOLATED)
instr_bram_ctrl_inst.instr_ram.u_mem.g_2k[0].u_cell.u_sram/wmask0[3]    0.040000    0.111822   -0.071822 (VIOLATED)
yz_bram_ctrl_inst.yz_ram.u_mem.u_mem.g_2k[1].u_cell.u_sram/addr0[5]    0.040000    0.111813   -0.071813 (VIOLATED)
instr_bram_ctrl_inst.instr_ram.u_mem.g_2k[0].u_cell.u_sram/addr1[2]    0.040000    0.111726   -0.071726 (VIOLATED)
instr_bram_ctrl_inst.instr_ram.u_mem.g_2k[0].u_cell.u_sram/addr1[0]    0.040000    0.111509   -0.071509 (VIOLATED)
yz_bram_ctrl_inst.yz_ram.u_mem.u_mem.g_2k[0].u_cell.u_sram/addr0[5]    0.040000    0.111025   -0.071025 (VIOLATED)
hold31031/A                             0.750000    0.816098   -0.066098 (VIOLATED)
_130213_/Z                              0.750000    0.811895   -0.061895 (VIOLATED)
QSPI_IO3                                0.750000    0.779382   -0.029382 (VIOLATED)

max capacitance

Pin                                        Limit         Cap       Slack
------------------------------------------------------------------------
clkbuf_6_16_0_clk_i_regs/X              0.200000    0.334160   -0.134160 (VIOLATED)
I2C_SDA                                 0.200000    0.276931   -0.076931 (VIOLATED)
_130213_/Z                              0.200000    0.276931   -0.076931 (VIOLATED)
clkbuf_6_13_0_clk_i_regs/X              0.200000    0.273204   -0.073204 (VIOLATED)
clkbuf_6_15_0_clk_i_regs/X              0.200000    0.264587   -0.064587 (VIOLATED)
QSPI_IO3                                0.200000    0.232686   -0.032686 (VIOLATED)
_130214_/Z                              0.200000    0.232686   -0.032686 (VIOLATED)
clkbuf_6_3_0_clk_i_regs/X               0.200000    0.232449   -0.032449 (VIOLATED)
clkbuf_6_12_0_clk_i_regs/X              0.200000    0.227327   -0.027327 (VIOLATED)
clkbuf_6_36_0_clk_i_regs/X              0.200000    0.215750   -0.015750 (VIOLATED)
QSPI_IO1                                0.200000    0.215049   -0.015049 (VIOLATED)
_130216_/Z                              0.200000    0.215049   -0.015049 (VIOLATED)
yz_bram_ctrl_inst.yz_ram.u_mem.u_mem.g_2k[3].u_cell.u_sram/dout1[3]    0.027560    0.040939   -0.013379 (VIOLATED)
clkbuf_6_1_0_clk_i_regs/X               0.200000    0.211660   -0.011660 (VIOLATED)
yz_bram_ctrl_inst.yz_ram.u_mem.u_mem.g_2k[3].u_cell.u_sram/dout1[0]    0.027560    0.031815   -0.004255 (VIOLATED)
yz_bram_ctrl_inst.yz_ram.u_mem.u_mem.g_2k[1].u_cell.u_sram/dout1[31]    0.027560    0.030027   -0.002467 (VIOLATED)
clkbuf_6_0_0_clk_i_regs/X               0.200000    0.202057   -0.002057 (VIOLATED)



===========================================================================
report_parasitic_annotation -report_unannotated
============================================================================
Found 945 unannotated drivers.
 _120712__30888/LO
 _129539__30889/LO
 _130213__30857/HI
 clkload0/Y
 clkload1/Y
 clkload10/Y
 clkload100/Y
 clkload101/Y
 clkload102/Y
 clkload103/Y
 clkload104/Y
 clkload105/X
 clkload106/Y
 clkload107/Y
 clkload108/Y
 clkload109/X
 clkload11/Y
 clkload110/X
 clkload111/X
 clkload112/Y
 clkload113/X
 clkload114/Y
 clkload115/Y
 clkload116/X
 clkload117/X
 clkload118/X
 clkload119/X
 clkload12/Y
 clkload120/X
 clkload121/X
 clkload122/Y
 clkload123/X
 clkload124/Y
 clkload125/X
 clkload126/Y
 clkload127/Y
 clkload128/Y
 clkload129/Y
 clkload13/Y
 clkload130/Y
 clkload131/X
 clkload132/X
 clkload133/X
 clkload134/X
 clkload135/Y
 clkload136/Y
 clkload137/Y
 clkload138/X
 clkload139/Y
 clkload14/Y
 clkload140/Y
 clkload141/Y
 clkload142/Y
 clkload143/Y
 clkload144/Y
 clkload145/X
 clkload146/Y
 clkload147/X
 clkload148/Y
 clkload149/Y
 clkload15/Y
 clkload150/Y
 clkload151/Y
 clkload152/Y
 clkload153/Y
 clkload154/Y
 clkload155/Y
 clkload156/Y
 clkload157/Y
 clkload158/Y
 clkload159/X
 clkload16/Y
 clkload160/X
 clkload161/Y
 clkload162/Y
 clkload163/X
 clkload164/X
 clkload165/Y
 clkload166/Y
 clkload167/X
 clkload168/Y
 clkload169/Y
 clkload17/Y
 clkload170/Y
 clkload171/X
 clkload172/Y
 clkload173/X
 clkload174/Y
 clkload175/Y
 clkload176/Y
 clkload177/Y
 clkload178/X
 clkload179/Y
 clkload18/Y
 clkload180/Y
 clkload181/Y
 clkload182/Y
 clkload183/Y
 clkload184/Y
 clkload185/X
 clkload186/X
 clkload187/Y
 clkload188/Y
 clkload189/X
 clkload19/Y
 clkload190/Y
 clkload191/X
 clkload192/Y
 clkload193/Y
 clkload194/X
 clkload195/Y
 clkload196/Y
 clkload197/Y
 clkload198/Y
 clkload199/Y
 clkload2/Y
 clkload20/Y
 clkload200/X
 clkload201/X
 clkload202/X
 clkload203/X
 clkload204/X
 clkload205/X
 clkload206/Y
 clkload207/Y
 clkload208/Y
 clkload209/X
 clkload21/Y
 clkload210/X
 clkload211/X
 clkload212/Y
 clkload213/X
 clkload214/X
 clkload215/X
 clkload216/Y
 clkload217/X
 clkload218/Y
 clkload219/X
 clkload22/X
 clkload220/X
 clkload221/Y
 clkload222/X
 clkload223/Y
 clkload224/X
 clkload225/X
 clkload226/Y
 clkload227/Y
 clkload228/X
 clkload229/X
 clkload23/Y
 clkload230/X
 clkload231/Y
 clkload232/Y
 clkload233/X
 clkload234/Y
 clkload235/X
 clkload236/Y
 clkload237/Y
 clkload238/Y
 clkload239/Y
 clkload24/Y
 clkload240/Y
 clkload241/X
 clkload242/Y
 clkload243/Y
 clkload244/Y
 clkload245/Y
 clkload246/Y
 clkload247/Y
 clkload248/Y
 clkload249/X
 clkload25/Y
 clkload250/Y
 clkload251/X
 clkload252/Y
 clkload253/X
 clkload254/X
 clkload255/X
 clkload256/X
 clkload257/X
 clkload258/X
 clkload259/X
 clkload26/Y
 clkload260/X
 clkload261/X
 clkload262/X
 clkload263/X
 clkload264/Y
 clkload265/Y
 clkload266/X
 clkload267/X
 clkload268/X
 clkload269/X
 clkload27/Y
 clkload270/X
 clkload271/Y
 clkload272/Y
 clkload273/Y
 clkload274/Y
 clkload275/Y
 clkload276/X
 clkload277/Y
 clkload278/X
 clkload279/X
 clkload28/Y
 clkload280/X
 clkload281/X
 clkload282/X
 clkload283/X
 clkload284/X
 clkload285/X
 clkload286/X
 clkload287/X
 clkload288/X
 clkload289/X
 clkload29/X
 clkload290/Y
 clkload291/X
 clkload292/X
 clkload293/X
 clkload294/X
 clkload295/X
 clkload296/Y
 clkload297/Y
 clkload298/Y
 clkload299/X
 clkload3/Y
 clkload30/X
 clkload300/Y
 clkload301/Y
 clkload302/Y
 clkload303/Y
 clkload304/Y
 clkload305/Y
 clkload306/Y
 clkload307/Y
 clkload308/X
 clkload309/Y
 clkload31/Y
 clkload310/X
 clkload311/X
 clkload312/X
 clkload313/Y
 clkload314/Y
 clkload315/X
 clkload316/X
 clkload317/X
 clkload318/X
 clkload319/Y
 clkload32/X
 clkload320/Y
 clkload321/Y
 clkload322/X
 clkload323/X
 clkload324/Y
 clkload325/Y
 clkload326/Y
 clkload327/X
 clkload328/Y
 clkload329/Y
 clkload33/Y
 clkload330/Y
 clkload331/Y
 clkload332/Y
 clkload333/Y
 clkload334/Y
 clkload335/Y
 clkload336/Y
 clkload337/Y
 clkload338/Y
 clkload339/Y
 clkload34/Y
 clkload340/Y
 clkload341/Y
 clkload342/Y
 clkload343/Y
 clkload344/X
 clkload345/Y
 clkload346/X
 clkload347/Y
 clkload348/Y
 clkload349/X
 clkload35/Y
 clkload350/Y
 clkload351/Y
 clkload352/Y
 clkload353/Y
 clkload354/Y
 clkload355/Y
 clkload356/X
 clkload357/Y
 clkload358/X
 clkload359/Y
 clkload36/X
 clkload360/Y
 clkload361/Y
 clkload362/Y
 clkload363/Y
 clkload364/Y
 clkload365/X
 clkload366/Y
 clkload367/Y
 clkload368/X
 clkload369/X
 clkload37/Y
 clkload370/Y
 clkload371/Y
 clkload372/Y
 clkload373/X
 clkload374/Y
 clkload375/Y
 clkload376/Y
 clkload377/Y
 clkload378/Y
 clkload379/X
 clkload38/Y
 clkload380/Y
 clkload381/X
 clkload382/Y
 clkload383/Y
 clkload384/X
 clkload385/Y
 clkload386/Y
 clkload387/Y
 clkload388/Y
 clkload389/Y
 clkload39/Y
 clkload390/Y
 clkload391/Y
 clkload392/Y
 clkload393/Y
 clkload394/Y
 clkload395/Y
 clkload396/Y
 clkload397/Y
 clkload398/Y
 clkload399/Y
 clkload4/Y
 clkload40/Y
 clkload400/X
 clkload401/X
 clkload402/Y
 clkload403/Y
 clkload404/Y
 clkload405/X
 clkload406/Y
 clkload407/Y
 clkload408/X
 clkload409/Y
 clkload41/Y
 clkload410/Y
 clkload411/Y
 clkload412/Y
 clkload413/X
 clkload414/X
 clkload415/Y
 clkload416/Y
 clkload417/X
 clkload418/X
 clkload419/X
 clkload42/Y
 clkload420/Y
 clkload421/Y
 clkload422/Y
 clkload423/X
 clkload424/X
 clkload425/X
 clkload426/X
 clkload427/X
 clkload428/X
 clkload429/Y
 clkload43/Y
 clkload430/X
 clkload44/Y
 clkload45/Y
 clkload46/Y
 clkload47/Y
 clkload48/Y
 clkload49/Y
 clkload5/Y
 clkload50/Y
 clkload51/Y
 clkload52/Y
 clkload53/Y
 clkload54/Y
 clkload55/Y
 clkload56/X
 clkload57/X
 clkload58/Y
 clkload59/Y
 clkload6/Y
 clkload60/Y
 clkload61/X
 clkload62/Y
 clkload63/Y
 clkload64/Y
 clkload65/X
 clkload66/Y
 clkload67/Y
 clkload68/Y
 clkload69/Y
 clkload7/Y
 clkload70/Y
 clkload71/Y
 clkload72/Y
 clkload73/Y
 clkload74/Y
 clkload75/Y
 clkload76/X
 clkload77/X
 clkload78/Y
 clkload79/Y
 clkload8/Y
 clkload80/Y
 clkload81/Y
 clkload82/Y
 clkload83/Y
 clkload84/X
 clkload85/X
 clkload86/Y
 clkload87/Y
 clkload88/X
 clkload89/Y
 clkload9/Y
 clkload90/Y
 clkload91/Y
 clkload92/Y
 clkload93/Y
 clkload94/Y
 clkload95/Y
 clkload96/Y
 clkload97/Y
 clkload98/Y
 clkload99/X
 conv_accelerator_inst.u_conv_buf_ram.u_mem.u_mem.g_2k\[0\].u_cell.u_sram/dout0[0]
 conv_accelerator_inst.u_conv_buf_ram.u_mem.u_mem.g_2k\[0\].u_cell.u_sram/dout0[10]
 conv_accelerator_inst.u_conv_buf_ram.u_mem.u_mem.g_2k\[0\].u_cell.u_sram/dout0[11]
 conv_accelerator_inst.u_conv_buf_ram.u_mem.u_mem.g_2k\[0\].u_cell.u_sram/dout0[12]
 conv_accelerator_inst.u_conv_buf_ram.u_mem.u_mem.g_2k\[0\].u_cell.u_sram/dout0[13]
 conv_accelerator_inst.u_conv_buf_ram.u_mem.u_mem.g_2k\[0\].u_cell.u_sram/dout0[14]
 conv_accelerator_inst.u_conv_buf_ram.u_mem.u_mem.g_2k\[0\].u_cell.u_sram/dout0[15]
 conv_accelerator_inst.u_conv_buf_ram.u_mem.u_mem.g_2k\[0\].u_cell.u_sram/dout0[16]
 conv_accelerator_inst.u_conv_buf_ram.u_mem.u_mem.g_2k\[0\].u_cell.u_sram/dout0[17]
 conv_accelerator_inst.u_conv_buf_ram.u_mem.u_mem.g_2k\[0\].u_cell.u_sram/dout0[18]
 conv_accelerator_inst.u_conv_buf_ram.u_mem.u_mem.g_2k\[0\].u_cell.u_sram/dout0[19]
 conv_accelerator_inst.u_conv_buf_ram.u_mem.u_mem.g_2k\[0\].u_cell.u_sram/dout0[1]
 conv_accelerator_inst.u_conv_buf_ram.u_mem.u_mem.g_2k\[0\].u_cell.u_sram/dout0[20]
 conv_accelerator_inst.u_conv_buf_ram.u_mem.u_mem.g_2k\[0\].u_cell.u_sram/dout0[21]
 conv_accelerator_inst.u_conv_buf_ram.u_mem.u_mem.g_2k\[0\].u_cell.u_sram/dout0[22]
 conv_accelerator_inst.u_conv_buf_ram.u_mem.u_mem.g_2k\[0\].u_cell.u_sram/dout0[23]
 conv_accelerator_inst.u_conv_buf_ram.u_mem.u_mem.g_2k\[0\].u_cell.u_sram/dout0[24]
 conv_accelerator_inst.u_conv_buf_ram.u_mem.u_mem.g_2k\[0\].u_cell.u_sram/dout0[25]
 conv_accelerator_inst.u_conv_buf_ram.u_mem.u_mem.g_2k\[0\].u_cell.u_sram/dout0[26]
 conv_accelerator_inst.u_conv_buf_ram.u_mem.u_mem.g_2k\[0\].u_cell.u_sram/dout0[27]
 conv_accelerator_inst.u_conv_buf_ram.u_mem.u_mem.g_2k\[0\].u_cell.u_sram/dout0[28]
 conv_accelerator_inst.u_conv_buf_ram.u_mem.u_mem.g_2k\[0\].u_cell.u_sram/dout0[29]
 conv_accelerator_inst.u_conv_buf_ram.u_mem.u_mem.g_2k\[0\].u_cell.u_sram/dout0[2]
 conv_accelerator_inst.u_conv_buf_ram.u_mem.u_mem.g_2k\[0\].u_cell.u_sram/dout0[30]
 conv_accelerator_inst.u_conv_buf_ram.u_mem.u_mem.g_2k\[0\].u_cell.u_sram/dout0[31]
 conv_accelerator_inst.u_conv_buf_ram.u_mem.u_mem.g_2k\[0\].u_cell.u_sram/dout0[3]
 conv_accelerator_inst.u_conv_buf_ram.u_mem.u_mem.g_2k\[0\].u_cell.u_sram/dout0[4]
 conv_accelerator_inst.u_conv_buf_ram.u_mem.u_mem.g_2k\[0\].u_cell.u_sram/dout0[5]
 conv_accelerator_inst.u_conv_buf_ram.u_mem.u_mem.g_2k\[0\].u_cell.u_sram/dout0[6]
 conv_accelerator_inst.u_conv_buf_ram.u_mem.u_mem.g_2k\[0\].u_cell.u_sram/dout0[7]
 conv_accelerator_inst.u_conv_buf_ram.u_mem.u_mem.g_2k\[0\].u_cell.u_sram/dout0[8]
 conv_accelerator_inst.u_conv_buf_ram.u_mem.u_mem.g_2k\[0\].u_cell.u_sram/dout0[9]
 conv_accelerator_inst.u_conv_buf_ram.u_mem.u_mem.g_2k\[0\].u_cell.u_sram_30858/HI
 conv_accelerator_inst.u_conv_buf_ram.u_mem.u_mem.g_2k\[1\].u_cell.u_sram/dout0[0]
 conv_accelerator_inst.u_conv_buf_ram.u_mem.u_mem.g_2k\[1\].u_cell.u_sram/dout0[10]
 conv_accelerator_inst.u_conv_buf_ram.u_mem.u_mem.g_2k\[1\].u_cell.u_sram/dout0[11]
 conv_accelerator_inst.u_conv_buf_ram.u_mem.u_mem.g_2k\[1\].u_cell.u_sram/dout0[12]
 conv_accelerator_inst.u_conv_buf_ram.u_mem.u_mem.g_2k\[1\].u_cell.u_sram/dout0[13]
 conv_accelerator_inst.u_conv_buf_ram.u_mem.u_mem.g_2k\[1\].u_cell.u_sram/dout0[14]
 conv_accelerator_inst.u_conv_buf_ram.u_mem.u_mem.g_2k\[1\].u_cell.u_sram/dout0[15]
 conv_accelerator_inst.u_conv_buf_ram.u_mem.u_mem.g_2k\[1\].u_cell.u_sram/dout0[16]
 conv_accelerator_inst.u_conv_buf_ram.u_mem.u_mem.g_2k\[1\].u_cell.u_sram/dout0[17]
 conv_accelerator_inst.u_conv_buf_ram.u_mem.u_mem.g_2k\[1\].u_cell.u_sram/dout0[18]
 conv_accelerator_inst.u_conv_buf_ram.u_mem.u_mem.g_2k\[1\].u_cell.u_sram/dout0[19]
 conv_accelerator_inst.u_conv_buf_ram.u_mem.u_mem.g_2k\[1\].u_cell.u_sram/dout0[1]
 conv_accelerator_inst.u_conv_buf_ram.u_mem.u_mem.g_2k\[1\].u_cell.u_sram/dout0[20]
 conv_accelerator_inst.u_conv_buf_ram.u_mem.u_mem.g_2k\[1\].u_cell.u_sram/dout0[21]
 conv_accelerator_inst.u_conv_buf_ram.u_mem.u_mem.g_2k\[1\].u_cell.u_sram/dout0[22]
 conv_accelerator_inst.u_conv_buf_ram.u_mem.u_mem.g_2k\[1\].u_cell.u_sram/dout0[23]
 conv_accelerator_inst.u_conv_buf_ram.u_mem.u_mem.g_2k\[1\].u_cell.u_sram/dout0[24]
 conv_accelerator_inst.u_conv_buf_ram.u_mem.u_mem.g_2k\[1\].u_cell.u_sram/dout0[25]
 conv_accelerator_inst.u_conv_buf_ram.u_mem.u_mem.g_2k\[1\].u_cell.u_sram/dout0[26]
 conv_accelerator_inst.u_conv_buf_ram.u_mem.u_mem.g_2k\[1\].u_cell.u_sram/dout0[27]
 conv_accelerator_inst.u_conv_buf_ram.u_mem.u_mem.g_2k\[1\].u_cell.u_sram/dout0[28]
 conv_accelerator_inst.u_conv_buf_ram.u_mem.u_mem.g_2k\[1\].u_cell.u_sram/dout0[29]
 conv_accelerator_inst.u_conv_buf_ram.u_mem.u_mem.g_2k\[1\].u_cell.u_sram/dout0[2]
 conv_accelerator_inst.u_conv_buf_ram.u_mem.u_mem.g_2k\[1\].u_cell.u_sram/dout0[30]
 conv_accelerator_inst.u_conv_buf_ram.u_mem.u_mem.g_2k\[1\].u_cell.u_sram/dout0[31]
 conv_accelerator_inst.u_conv_buf_ram.u_mem.u_mem.g_2k\[1\].u_cell.u_sram/dout0[3]
 conv_accelerator_inst.u_conv_buf_ram.u_mem.u_mem.g_2k\[1\].u_cell.u_sram/dout0[4]
 conv_accelerator_inst.u_conv_buf_ram.u_mem.u_mem.g_2k\[1\].u_cell.u_sram/dout0[5]
 conv_accelerator_inst.u_conv_buf_ram.u_mem.u_mem.g_2k\[1\].u_cell.u_sram/dout0[6]
 conv_accelerator_inst.u_conv_buf_ram.u_mem.u_mem.g_2k\[1\].u_cell.u_sram/dout0[7]
 conv_accelerator_inst.u_conv_buf_ram.u_mem.u_mem.g_2k\[1\].u_cell.u_sram/dout0[8]
 conv_accelerator_inst.u_conv_buf_ram.u_mem.u_mem.g_2k\[1\].u_cell.u_sram/dout0[9]
 conv_accelerator_inst.u_conv_buf_ram.u_mem.u_mem.g_2k\[1\].u_cell.u_sram_30859/HI
 data_bram_ctrl_inst.data_ram.u_mem.g_2k\[0\].u_cell.u_sram/dout0[0]
 data_bram_ctrl_inst.data_ram.u_mem.g_2k\[0\].u_cell.u_sram/dout0[10]
 data_bram_ctrl_inst.data_ram.u_mem.g_2k\[0\].u_cell.u_sram/dout0[11]
 data_bram_ctrl_inst.data_ram.u_mem.g_2k\[0\].u_cell.u_sram/dout0[12]
 data_bram_ctrl_inst.data_ram.u_mem.g_2k\[0\].u_cell.u_sram/dout0[13]
 data_bram_ctrl_inst.data_ram.u_mem.g_2k\[0\].u_cell.u_sram/dout0[14]
 data_bram_ctrl_inst.data_ram.u_mem.g_2k\[0\].u_cell.u_sram/dout0[15]
 data_bram_ctrl_inst.data_ram.u_mem.g_2k\[0\].u_cell.u_sram/dout0[16]
 data_bram_ctrl_inst.data_ram.u_mem.g_2k\[0\].u_cell.u_sram/dout0[17]
 data_bram_ctrl_inst.data_ram.u_mem.g_2k\[0\].u_cell.u_sram/dout0[18]
 data_bram_ctrl_inst.data_ram.u_mem.g_2k\[0\].u_cell.u_sram/dout0[19]
 data_bram_ctrl_inst.data_ram.u_mem.g_2k\[0\].u_cell.u_sram/dout0[1]
 data_bram_ctrl_inst.data_ram.u_mem.g_2k\[0\].u_cell.u_sram/dout0[20]
 data_bram_ctrl_inst.data_ram.u_mem.g_2k\[0\].u_cell.u_sram/dout0[21]
 data_bram_ctrl_inst.data_ram.u_mem.g_2k\[0\].u_cell.u_sram/dout0[22]
 data_bram_ctrl_inst.data_ram.u_mem.g_2k\[0\].u_cell.u_sram/dout0[23]
 data_bram_ctrl_inst.data_ram.u_mem.g_2k\[0\].u_cell.u_sram/dout0[24]
 data_bram_ctrl_inst.data_ram.u_mem.g_2k\[0\].u_cell.u_sram/dout0[25]
 data_bram_ctrl_inst.data_ram.u_mem.g_2k\[0\].u_cell.u_sram/dout0[26]
 data_bram_ctrl_inst.data_ram.u_mem.g_2k\[0\].u_cell.u_sram/dout0[27]
 data_bram_ctrl_inst.data_ram.u_mem.g_2k\[0\].u_cell.u_sram/dout0[28]
 data_bram_ctrl_inst.data_ram.u_mem.g_2k\[0\].u_cell.u_sram/dout0[29]
 data_bram_ctrl_inst.data_ram.u_mem.g_2k\[0\].u_cell.u_sram/dout0[2]
 data_bram_ctrl_inst.data_ram.u_mem.g_2k\[0\].u_cell.u_sram/dout0[30]
 data_bram_ctrl_inst.data_ram.u_mem.g_2k\[0\].u_cell.u_sram/dout0[31]
 data_bram_ctrl_inst.data_ram.u_mem.g_2k\[0\].u_cell.u_sram/dout0[3]
 data_bram_ctrl_inst.data_ram.u_mem.g_2k\[0\].u_cell.u_sram/dout0[4]
 data_bram_ctrl_inst.data_ram.u_mem.g_2k\[0\].u_cell.u_sram/dout0[5]
 data_bram_ctrl_inst.data_ram.u_mem.g_2k\[0\].u_cell.u_sram/dout0[6]
 data_bram_ctrl_inst.data_ram.u_mem.g_2k\[0\].u_cell.u_sram/dout0[7]
 data_bram_ctrl_inst.data_ram.u_mem.g_2k\[0\].u_cell.u_sram/dout0[8]
 data_bram_ctrl_inst.data_ram.u_mem.g_2k\[0\].u_cell.u_sram/dout0[9]
 data_bram_ctrl_inst.data_ram.u_mem.g_2k\[0\].u_cell.u_sram_30860/HI
 data_bram_ctrl_inst.data_ram.u_mem.g_2k\[1\].u_cell.u_sram/dout0[0]
 data_bram_ctrl_inst.data_ram.u_mem.g_2k\[1\].u_cell.u_sram/dout0[10]
 data_bram_ctrl_inst.data_ram.u_mem.g_2k\[1\].u_cell.u_sram/dout0[11]
 data_bram_ctrl_inst.data_ram.u_mem.g_2k\[1\].u_cell.u_sram/dout0[12]
 data_bram_ctrl_inst.data_ram.u_mem.g_2k\[1\].u_cell.u_sram/dout0[13]
 data_bram_ctrl_inst.data_ram.u_mem.g_2k\[1\].u_cell.u_sram/dout0[14]
 data_bram_ctrl_inst.data_ram.u_mem.g_2k\[1\].u_cell.u_sram/dout0[15]
 data_bram_ctrl_inst.data_ram.u_mem.g_2k\[1\].u_cell.u_sram/dout0[16]
 data_bram_ctrl_inst.data_ram.u_mem.g_2k\[1\].u_cell.u_sram/dout0[17]
 data_bram_ctrl_inst.data_ram.u_mem.g_2k\[1\].u_cell.u_sram/dout0[18]
 data_bram_ctrl_inst.data_ram.u_mem.g_2k\[1\].u_cell.u_sram/dout0[19]
 data_bram_ctrl_inst.data_ram.u_mem.g_2k\[1\].u_cell.u_sram/dout0[1]
 data_bram_ctrl_inst.data_ram.u_mem.g_2k\[1\].u_cell.u_sram/dout0[20]
 data_bram_ctrl_inst.data_ram.u_mem.g_2k\[1\].u_cell.u_sram/dout0[21]
 data_bram_ctrl_inst.data_ram.u_mem.g_2k\[1\].u_cell.u_sram/dout0[22]
 data_bram_ctrl_inst.data_ram.u_mem.g_2k\[1\].u_cell.u_sram/dout0[23]
 data_bram_ctrl_inst.data_ram.u_mem.g_2k\[1\].u_cell.u_sram/dout0[24]
 data_bram_ctrl_inst.data_ram.u_mem.g_2k\[1\].u_cell.u_sram/dout0[25]
 data_bram_ctrl_inst.data_ram.u_mem.g_2k\[1\].u_cell.u_sram/dout0[26]
 data_bram_ctrl_inst.data_ram.u_mem.g_2k\[1\].u_cell.u_sram/dout0[27]
 data_bram_ctrl_inst.data_ram.u_mem.g_2k\[1\].u_cell.u_sram/dout0[28]
 data_bram_ctrl_inst.data_ram.u_mem.g_2k\[1\].u_cell.u_sram/dout0[29]
 data_bram_ctrl_inst.data_ram.u_mem.g_2k\[1\].u_cell.u_sram/dout0[2]
 data_bram_ctrl_inst.data_ram.u_mem.g_2k\[1\].u_cell.u_sram/dout0[30]
 data_bram_ctrl_inst.data_ram.u_mem.g_2k\[1\].u_cell.u_sram/dout0[31]
 data_bram_ctrl_inst.data_ram.u_mem.g_2k\[1\].u_cell.u_sram/dout0[3]
 data_bram_ctrl_inst.data_ram.u_mem.g_2k\[1\].u_cell.u_sram/dout0[4]
 data_bram_ctrl_inst.data_ram.u_mem.g_2k\[1\].u_cell.u_sram/dout0[5]
 data_bram_ctrl_inst.data_ram.u_mem.g_2k\[1\].u_cell.u_sram/dout0[6]
 data_bram_ctrl_inst.data_ram.u_mem.g_2k\[1\].u_cell.u_sram/dout0[7]
 data_bram_ctrl_inst.data_ram.u_mem.g_2k\[1\].u_cell.u_sram/dout0[8]
 data_bram_ctrl_inst.data_ram.u_mem.g_2k\[1\].u_cell.u_sram/dout0[9]
 data_bram_ctrl_inst.data_ram.u_mem.g_2k\[1\].u_cell.u_sram_30861/HI
 data_bram_ctrl_inst.data_ram.u_mem.g_2k\[2\].u_cell.u_sram/dout0[0]
 data_bram_ctrl_inst.data_ram.u_mem.g_2k\[2\].u_cell.u_sram/dout0[10]
 data_bram_ctrl_inst.data_ram.u_mem.g_2k\[2\].u_cell.u_sram/dout0[11]
 data_bram_ctrl_inst.data_ram.u_mem.g_2k\[2\].u_cell.u_sram/dout0[12]
 data_bram_ctrl_inst.data_ram.u_mem.g_2k\[2\].u_cell.u_sram/dout0[13]
 data_bram_ctrl_inst.data_ram.u_mem.g_2k\[2\].u_cell.u_sram/dout0[14]
 data_bram_ctrl_inst.data_ram.u_mem.g_2k\[2\].u_cell.u_sram/dout0[15]
 data_bram_ctrl_inst.data_ram.u_mem.g_2k\[2\].u_cell.u_sram/dout0[16]
 data_bram_ctrl_inst.data_ram.u_mem.g_2k\[2\].u_cell.u_sram/dout0[17]
 data_bram_ctrl_inst.data_ram.u_mem.g_2k\[2\].u_cell.u_sram/dout0[18]
 data_bram_ctrl_inst.data_ram.u_mem.g_2k\[2\].u_cell.u_sram/dout0[19]
 data_bram_ctrl_inst.data_ram.u_mem.g_2k\[2\].u_cell.u_sram/dout0[1]
 data_bram_ctrl_inst.data_ram.u_mem.g_2k\[2\].u_cell.u_sram/dout0[20]
 data_bram_ctrl_inst.data_ram.u_mem.g_2k\[2\].u_cell.u_sram/dout0[21]
 data_bram_ctrl_inst.data_ram.u_mem.g_2k\[2\].u_cell.u_sram/dout0[22]
 data_bram_ctrl_inst.data_ram.u_mem.g_2k\[2\].u_cell.u_sram/dout0[23]
 data_bram_ctrl_inst.data_ram.u_mem.g_2k\[2\].u_cell.u_sram/dout0[24]
 data_bram_ctrl_inst.data_ram.u_mem.g_2k\[2\].u_cell.u_sram/dout0[25]
 data_bram_ctrl_inst.data_ram.u_mem.g_2k\[2\].u_cell.u_sram/dout0[26]
 data_bram_ctrl_inst.data_ram.u_mem.g_2k\[2\].u_cell.u_sram/dout0[27]
 data_bram_ctrl_inst.data_ram.u_mem.g_2k\[2\].u_cell.u_sram/dout0[28]
 data_bram_ctrl_inst.data_ram.u_mem.g_2k\[2\].u_cell.u_sram/dout0[29]
 data_bram_ctrl_inst.data_ram.u_mem.g_2k\[2\].u_cell.u_sram/dout0[2]
 data_bram_ctrl_inst.data_ram.u_mem.g_2k\[2\].u_cell.u_sram/dout0[30]
 data_bram_ctrl_inst.data_ram.u_mem.g_2k\[2\].u_cell.u_sram/dout0[31]
 data_bram_ctrl_inst.data_ram.u_mem.g_2k\[2\].u_cell.u_sram/dout0[3]
 data_bram_ctrl_inst.data_ram.u_mem.g_2k\[2\].u_cell.u_sram/dout0[4]
 data_bram_ctrl_inst.data_ram.u_mem.g_2k\[2\].u_cell.u_sram/dout0[5]
 data_bram_ctrl_inst.data_ram.u_mem.g_2k\[2\].u_cell.u_sram/dout0[6]
 data_bram_ctrl_inst.data_ram.u_mem.g_2k\[2\].u_cell.u_sram/dout0[7]
 data_bram_ctrl_inst.data_ram.u_mem.g_2k\[2\].u_cell.u_sram/dout0[8]
 data_bram_ctrl_inst.data_ram.u_mem.g_2k\[2\].u_cell.u_sram/dout0[9]
 data_bram_ctrl_inst.data_ram.u_mem.g_2k\[2\].u_cell.u_sram_30862/HI
 data_bram_ctrl_inst.data_ram.u_mem.g_2k\[3\].u_cell.u_sram/dout0[0]
 data_bram_ctrl_inst.data_ram.u_mem.g_2k\[3\].u_cell.u_sram/dout0[10]
 data_bram_ctrl_inst.data_ram.u_mem.g_2k\[3\].u_cell.u_sram/dout0[11]
 data_bram_ctrl_inst.data_ram.u_mem.g_2k\[3\].u_cell.u_sram/dout0[12]
 data_bram_ctrl_inst.data_ram.u_mem.g_2k\[3\].u_cell.u_sram/dout0[13]
 data_bram_ctrl_inst.data_ram.u_mem.g_2k\[3\].u_cell.u_sram/dout0[14]
 data_bram_ctrl_inst.data_ram.u_mem.g_2k\[3\].u_cell.u_sram/dout0[15]
 data_bram_ctrl_inst.data_ram.u_mem.g_2k\[3\].u_cell.u_sram/dout0[16]
 data_bram_ctrl_inst.data_ram.u_mem.g_2k\[3\].u_cell.u_sram/dout0[17]
 data_bram_ctrl_inst.data_ram.u_mem.g_2k\[3\].u_cell.u_sram/dout0[18]
 data_bram_ctrl_inst.data_ram.u_mem.g_2k\[3\].u_cell.u_sram/dout0[19]
 data_bram_ctrl_inst.data_ram.u_mem.g_2k\[3\].u_cell.u_sram/dout0[1]
 data_bram_ctrl_inst.data_ram.u_mem.g_2k\[3\].u_cell.u_sram/dout0[20]
 data_bram_ctrl_inst.data_ram.u_mem.g_2k\[3\].u_cell.u_sram/dout0[21]
 data_bram_ctrl_inst.data_ram.u_mem.g_2k\[3\].u_cell.u_sram/dout0[22]
 data_bram_ctrl_inst.data_ram.u_mem.g_2k\[3\].u_cell.u_sram/dout0[23]
 data_bram_ctrl_inst.data_ram.u_mem.g_2k\[3\].u_cell.u_sram/dout0[24]
 data_bram_ctrl_inst.data_ram.u_mem.g_2k\[3\].u_cell.u_sram/dout0[25]
 data_bram_ctrl_inst.data_ram.u_mem.g_2k\[3\].u_cell.u_sram/dout0[26]
 data_bram_ctrl_inst.data_ram.u_mem.g_2k\[3\].u_cell.u_sram/dout0[27]
 data_bram_ctrl_inst.data_ram.u_mem.g_2k\[3\].u_cell.u_sram/dout0[28]
 data_bram_ctrl_inst.data_ram.u_mem.g_2k\[3\].u_cell.u_sram/dout0[29]
 data_bram_ctrl_inst.data_ram.u_mem.g_2k\[3\].u_cell.u_sram/dout0[2]
 data_bram_ctrl_inst.data_ram.u_mem.g_2k\[3\].u_cell.u_sram/dout0[30]
 data_bram_ctrl_inst.data_ram.u_mem.g_2k\[3\].u_cell.u_sram/dout0[31]
 data_bram_ctrl_inst.data_ram.u_mem.g_2k\[3\].u_cell.u_sram/dout0[3]
 data_bram_ctrl_inst.data_ram.u_mem.g_2k\[3\].u_cell.u_sram/dout0[4]
 data_bram_ctrl_inst.data_ram.u_mem.g_2k\[3\].u_cell.u_sram/dout0[5]
 data_bram_ctrl_inst.data_ram.u_mem.g_2k\[3\].u_cell.u_sram/dout0[6]
 data_bram_ctrl_inst.data_ram.u_mem.g_2k\[3\].u_cell.u_sram/dout0[7]
 data_bram_ctrl_inst.data_ram.u_mem.g_2k\[3\].u_cell.u_sram/dout0[8]
 data_bram_ctrl_inst.data_ram.u_mem.g_2k\[3\].u_cell.u_sram/dout0[9]
 data_bram_ctrl_inst.data_ram.u_mem.g_2k\[3\].u_cell.u_sram_30863/HI
 instr_bram_ctrl_inst.instr_ram.u_mem.g_2k\[0\].u_cell.u_sram/dout0[0]
 instr_bram_ctrl_inst.instr_ram.u_mem.g_2k\[0\].u_cell.u_sram/dout0[10]
 instr_bram_ctrl_inst.instr_ram.u_mem.g_2k\[0\].u_cell.u_sram/dout0[11]
 instr_bram_ctrl_inst.instr_ram.u_mem.g_2k\[0\].u_cell.u_sram/dout0[12]
 instr_bram_ctrl_inst.instr_ram.u_mem.g_2k\[0\].u_cell.u_sram/dout0[13]
 instr_bram_ctrl_inst.instr_ram.u_mem.g_2k\[0\].u_cell.u_sram/dout0[14]
 instr_bram_ctrl_inst.instr_ram.u_mem.g_2k\[0\].u_cell.u_sram/dout0[15]
 instr_bram_ctrl_inst.instr_ram.u_mem.g_2k\[0\].u_cell.u_sram/dout0[16]
 instr_bram_ctrl_inst.instr_ram.u_mem.g_2k\[0\].u_cell.u_sram/dout0[17]
 instr_bram_ctrl_inst.instr_ram.u_mem.g_2k\[0\].u_cell.u_sram/dout0[18]
 instr_bram_ctrl_inst.instr_ram.u_mem.g_2k\[0\].u_cell.u_sram/dout0[19]
 instr_bram_ctrl_inst.instr_ram.u_mem.g_2k\[0\].u_cell.u_sram/dout0[1]
 instr_bram_ctrl_inst.instr_ram.u_mem.g_2k\[0\].u_cell.u_sram/dout0[20]
 instr_bram_ctrl_inst.instr_ram.u_mem.g_2k\[0\].u_cell.u_sram/dout0[21]
 instr_bram_ctrl_inst.instr_ram.u_mem.g_2k\[0\].u_cell.u_sram/dout0[22]
 instr_bram_ctrl_inst.instr_ram.u_mem.g_2k\[0\].u_cell.u_sram/dout0[23]
 instr_bram_ctrl_inst.instr_ram.u_mem.g_2k\[0\].u_cell.u_sram/dout0[24]
 instr_bram_ctrl_inst.instr_ram.u_mem.g_2k\[0\].u_cell.u_sram/dout0[25]
 instr_bram_ctrl_inst.instr_ram.u_mem.g_2k\[0\].u_cell.u_sram/dout0[26]
 instr_bram_ctrl_inst.instr_ram.u_mem.g_2k\[0\].u_cell.u_sram/dout0[27]
 instr_bram_ctrl_inst.instr_ram.u_mem.g_2k\[0\].u_cell.u_sram/dout0[28]
 instr_bram_ctrl_inst.instr_ram.u_mem.g_2k\[0\].u_cell.u_sram/dout0[29]
 instr_bram_ctrl_inst.instr_ram.u_mem.g_2k\[0\].u_cell.u_sram/dout0[2]
 instr_bram_ctrl_inst.instr_ram.u_mem.g_2k\[0\].u_cell.u_sram/dout0[30]
 instr_bram_ctrl_inst.instr_ram.u_mem.g_2k\[0\].u_cell.u_sram/dout0[31]
 instr_bram_ctrl_inst.instr_ram.u_mem.g_2k\[0\].u_cell.u_sram/dout0[3]
 instr_bram_ctrl_inst.instr_ram.u_mem.g_2k\[0\].u_cell.u_sram/dout0[4]
 instr_bram_ctrl_inst.instr_ram.u_mem.g_2k\[0\].u_cell.u_sram/dout0[5]
 instr_bram_ctrl_inst.instr_ram.u_mem.g_2k\[0\].u_cell.u_sram/dout0[6]
 instr_bram_ctrl_inst.instr_ram.u_mem.g_2k\[0\].u_cell.u_sram/dout0[7]
 instr_bram_ctrl_inst.instr_ram.u_mem.g_2k\[0\].u_cell.u_sram/dout0[8]
 instr_bram_ctrl_inst.instr_ram.u_mem.g_2k\[0\].u_cell.u_sram/dout0[9]
 instr_bram_ctrl_inst.instr_ram.u_mem.g_2k\[0\].u_cell.u_sram_30864/HI
 instr_bram_ctrl_inst.instr_ram.u_mem.g_2k\[1\].u_cell.u_sram/dout0[0]
 instr_bram_ctrl_inst.instr_ram.u_mem.g_2k\[1\].u_cell.u_sram/dout0[10]
 instr_bram_ctrl_inst.instr_ram.u_mem.g_2k\[1\].u_cell.u_sram/dout0[11]
 instr_bram_ctrl_inst.instr_ram.u_mem.g_2k\[1\].u_cell.u_sram/dout0[12]
 instr_bram_ctrl_inst.instr_ram.u_mem.g_2k\[1\].u_cell.u_sram/dout0[13]
 instr_bram_ctrl_inst.instr_ram.u_mem.g_2k\[1\].u_cell.u_sram/dout0[14]
 instr_bram_ctrl_inst.instr_ram.u_mem.g_2k\[1\].u_cell.u_sram/dout0[15]
 instr_bram_ctrl_inst.instr_ram.u_mem.g_2k\[1\].u_cell.u_sram/dout0[16]
 instr_bram_ctrl_inst.instr_ram.u_mem.g_2k\[1\].u_cell.u_sram/dout0[17]
 instr_bram_ctrl_inst.instr_ram.u_mem.g_2k\[1\].u_cell.u_sram/dout0[18]
 instr_bram_ctrl_inst.instr_ram.u_mem.g_2k\[1\].u_cell.u_sram/dout0[19]
 instr_bram_ctrl_inst.instr_ram.u_mem.g_2k\[1\].u_cell.u_sram/dout0[1]
 instr_bram_ctrl_inst.instr_ram.u_mem.g_2k\[1\].u_cell.u_sram/dout0[20]
 instr_bram_ctrl_inst.instr_ram.u_mem.g_2k\[1\].u_cell.u_sram/dout0[21]
 instr_bram_ctrl_inst.instr_ram.u_mem.g_2k\[1\].u_cell.u_sram/dout0[22]
 instr_bram_ctrl_inst.instr_ram.u_mem.g_2k\[1\].u_cell.u_sram/dout0[23]
 instr_bram_ctrl_inst.instr_ram.u_mem.g_2k\[1\].u_cell.u_sram/dout0[24]
 instr_bram_ctrl_inst.instr_ram.u_mem.g_2k\[1\].u_cell.u_sram/dout0[25]
 instr_bram_ctrl_inst.instr_ram.u_mem.g_2k\[1\].u_cell.u_sram/dout0[26]
 instr_bram_ctrl_inst.instr_ram.u_mem.g_2k\[1\].u_cell.u_sram/dout0[27]
 instr_bram_ctrl_inst.instr_ram.u_mem.g_2k\[1\].u_cell.u_sram/dout0[28]
 instr_bram_ctrl_inst.instr_ram.u_mem.g_2k\[1\].u_cell.u_sram/dout0[29]
 instr_bram_ctrl_inst.instr_ram.u_mem.g_2k\[1\].u_cell.u_sram/dout0[2]
 instr_bram_ctrl_inst.instr_ram.u_mem.g_2k\[1\].u_cell.u_sram/dout0[30]
 instr_bram_ctrl_inst.instr_ram.u_mem.g_2k\[1\].u_cell.u_sram/dout0[31]
 instr_bram_ctrl_inst.instr_ram.u_mem.g_2k\[1\].u_cell.u_sram/dout0[3]
 instr_bram_ctrl_inst.instr_ram.u_mem.g_2k\[1\].u_cell.u_sram/dout0[4]
 instr_bram_ctrl_inst.instr_ram.u_mem.g_2k\[1\].u_cell.u_sram/dout0[5]
 instr_bram_ctrl_inst.instr_ram.u_mem.g_2k\[1\].u_cell.u_sram/dout0[6]
 instr_bram_ctrl_inst.instr_ram.u_mem.g_2k\[1\].u_cell.u_sram/dout0[7]
 instr_bram_ctrl_inst.instr_ram.u_mem.g_2k\[1\].u_cell.u_sram/dout0[8]
 instr_bram_ctrl_inst.instr_ram.u_mem.g_2k\[1\].u_cell.u_sram/dout0[9]
 instr_bram_ctrl_inst.instr_ram.u_mem.g_2k\[1\].u_cell.u_sram_30865/HI
 instr_bram_ctrl_inst.instr_ram.u_mem.g_2k\[2\].u_cell.u_sram/dout0[0]
 instr_bram_ctrl_inst.instr_ram.u_mem.g_2k\[2\].u_cell.u_sram/dout0[10]
 instr_bram_ctrl_inst.instr_ram.u_mem.g_2k\[2\].u_cell.u_sram/dout0[11]
 instr_bram_ctrl_inst.instr_ram.u_mem.g_2k\[2\].u_cell.u_sram/dout0[12]
 instr_bram_ctrl_inst.instr_ram.u_mem.g_2k\[2\].u_cell.u_sram/dout0[13]
 instr_bram_ctrl_inst.instr_ram.u_mem.g_2k\[2\].u_cell.u_sram/dout0[14]
 instr_bram_ctrl_inst.instr_ram.u_mem.g_2k\[2\].u_cell.u_sram/dout0[15]
 instr_bram_ctrl_inst.instr_ram.u_mem.g_2k\[2\].u_cell.u_sram/dout0[16]
 instr_bram_ctrl_inst.instr_ram.u_mem.g_2k\[2\].u_cell.u_sram/dout0[17]
 instr_bram_ctrl_inst.instr_ram.u_mem.g_2k\[2\].u_cell.u_sram/dout0[18]
 instr_bram_ctrl_inst.instr_ram.u_mem.g_2k\[2\].u_cell.u_sram/dout0[19]
 instr_bram_ctrl_inst.instr_ram.u_mem.g_2k\[2\].u_cell.u_sram/dout0[1]
 instr_bram_ctrl_inst.instr_ram.u_mem.g_2k\[2\].u_cell.u_sram/dout0[20]
 instr_bram_ctrl_inst.instr_ram.u_mem.g_2k\[2\].u_cell.u_sram/dout0[21]
 instr_bram_ctrl_inst.instr_ram.u_mem.g_2k\[2\].u_cell.u_sram/dout0[22]
 instr_bram_ctrl_inst.instr_ram.u_mem.g_2k\[2\].u_cell.u_sram/dout0[23]
 instr_bram_ctrl_inst.instr_ram.u_mem.g_2k\[2\].u_cell.u_sram/dout0[24]
 instr_bram_ctrl_inst.instr_ram.u_mem.g_2k\[2\].u_cell.u_sram/dout0[25]
 instr_bram_ctrl_inst.instr_ram.u_mem.g_2k\[2\].u_cell.u_sram/dout0[26]
 instr_bram_ctrl_inst.instr_ram.u_mem.g_2k\[2\].u_cell.u_sram/dout0[27]
 instr_bram_ctrl_inst.instr_ram.u_mem.g_2k\[2\].u_cell.u_sram/dout0[28]
 instr_bram_ctrl_inst.instr_ram.u_mem.g_2k\[2\].u_cell.u_sram/dout0[29]
 instr_bram_ctrl_inst.instr_ram.u_mem.g_2k\[2\].u_cell.u_sram/dout0[2]
 instr_bram_ctrl_inst.instr_ram.u_mem.g_2k\[2\].u_cell.u_sram/dout0[30]
 instr_bram_ctrl_inst.instr_ram.u_mem.g_2k\[2\].u_cell.u_sram/dout0[31]
 instr_bram_ctrl_inst.instr_ram.u_mem.g_2k\[2\].u_cell.u_sram/dout0[3]
 instr_bram_ctrl_inst.instr_ram.u_mem.g_2k\[2\].u_cell.u_sram/dout0[4]
 instr_bram_ctrl_inst.instr_ram.u_mem.g_2k\[2\].u_cell.u_sram/dout0[5]
 instr_bram_ctrl_inst.instr_ram.u_mem.g_2k\[2\].u_cell.u_sram/dout0[6]
 instr_bram_ctrl_inst.instr_ram.u_mem.g_2k\[2\].u_cell.u_sram/dout0[7]
 instr_bram_ctrl_inst.instr_ram.u_mem.g_2k\[2\].u_cell.u_sram/dout0[8]
 instr_bram_ctrl_inst.instr_ram.u_mem.g_2k\[2\].u_cell.u_sram/dout0[9]
 instr_bram_ctrl_inst.instr_ram.u_mem.g_2k\[2\].u_cell.u_sram_30866/HI
 instr_bram_ctrl_inst.instr_ram.u_mem.g_2k\[3\].u_cell.u_sram/dout0[0]
 instr_bram_ctrl_inst.instr_ram.u_mem.g_2k\[3\].u_cell.u_sram/dout0[10]
 instr_bram_ctrl_inst.instr_ram.u_mem.g_2k\[3\].u_cell.u_sram/dout0[11]
 instr_bram_ctrl_inst.instr_ram.u_mem.g_2k\[3\].u_cell.u_sram/dout0[12]
 instr_bram_ctrl_inst.instr_ram.u_mem.g_2k\[3\].u_cell.u_sram/dout0[13]
 instr_bram_ctrl_inst.instr_ram.u_mem.g_2k\[3\].u_cell.u_sram/dout0[14]
 instr_bram_ctrl_inst.instr_ram.u_mem.g_2k\[3\].u_cell.u_sram/dout0[15]
 instr_bram_ctrl_inst.instr_ram.u_mem.g_2k\[3\].u_cell.u_sram/dout0[16]
 instr_bram_ctrl_inst.instr_ram.u_mem.g_2k\[3\].u_cell.u_sram/dout0[17]
 instr_bram_ctrl_inst.instr_ram.u_mem.g_2k\[3\].u_cell.u_sram/dout0[18]
 instr_bram_ctrl_inst.instr_ram.u_mem.g_2k\[3\].u_cell.u_sram/dout0[19]
 instr_bram_ctrl_inst.instr_ram.u_mem.g_2k\[3\].u_cell.u_sram/dout0[1]
 instr_bram_ctrl_inst.instr_ram.u_mem.g_2k\[3\].u_cell.u_sram/dout0[20]
 instr_bram_ctrl_inst.instr_ram.u_mem.g_2k\[3\].u_cell.u_sram/dout0[21]
 instr_bram_ctrl_inst.instr_ram.u_mem.g_2k\[3\].u_cell.u_sram/dout0[22]
 instr_bram_ctrl_inst.instr_ram.u_mem.g_2k\[3\].u_cell.u_sram/dout0[23]
 instr_bram_ctrl_inst.instr_ram.u_mem.g_2k\[3\].u_cell.u_sram/dout0[24]
 instr_bram_ctrl_inst.instr_ram.u_mem.g_2k\[3\].u_cell.u_sram/dout0[25]
 instr_bram_ctrl_inst.instr_ram.u_mem.g_2k\[3\].u_cell.u_sram/dout0[26]
 instr_bram_ctrl_inst.instr_ram.u_mem.g_2k\[3\].u_cell.u_sram/dout0[27]
 instr_bram_ctrl_inst.instr_ram.u_mem.g_2k\[3\].u_cell.u_sram/dout0[28]
 instr_bram_ctrl_inst.instr_ram.u_mem.g_2k\[3\].u_cell.u_sram/dout0[29]
 instr_bram_ctrl_inst.instr_ram.u_mem.g_2k\[3\].u_cell.u_sram/dout0[2]
 instr_bram_ctrl_inst.instr_ram.u_mem.g_2k\[3\].u_cell.u_sram/dout0[30]
 instr_bram_ctrl_inst.instr_ram.u_mem.g_2k\[3\].u_cell.u_sram/dout0[31]
 instr_bram_ctrl_inst.instr_ram.u_mem.g_2k\[3\].u_cell.u_sram/dout0[3]
 instr_bram_ctrl_inst.instr_ram.u_mem.g_2k\[3\].u_cell.u_sram/dout0[4]
 instr_bram_ctrl_inst.instr_ram.u_mem.g_2k\[3\].u_cell.u_sram/dout0[5]
 instr_bram_ctrl_inst.instr_ram.u_mem.g_2k\[3\].u_cell.u_sram/dout0[6]
 instr_bram_ctrl_inst.instr_ram.u_mem.g_2k\[3\].u_cell.u_sram/dout0[7]
 instr_bram_ctrl_inst.instr_ram.u_mem.g_2k\[3\].u_cell.u_sram/dout0[8]
 instr_bram_ctrl_inst.instr_ram.u_mem.g_2k\[3\].u_cell.u_sram/dout0[9]
 instr_bram_ctrl_inst.instr_ram.u_mem.g_2k\[3\].u_cell.u_sram_30867/HI
 top_module/HI
 top_module_30873/HI
 top_module_30874/HI
 top_module_30875/HI
 top_module_30876/HI
 top_module_30877/HI
 top_module_30878/HI
 top_module_30879/HI
 top_module_30880/HI
 top_module_30881/HI
 top_module_30882/HI
 top_module_30883/HI
 top_module_30884/HI
 top_module_30885/HI
 top_module_30886/HI
 top_module_30887/HI
 yz_bram_ctrl_inst.yz_ram.u_mem.u_mem.g_1k.u_cell.u_sram/dout0[0]
 yz_bram_ctrl_inst.yz_ram.u_mem.u_mem.g_1k.u_cell.u_sram/dout0[10]
 yz_bram_ctrl_inst.yz_ram.u_mem.u_mem.g_1k.u_cell.u_sram/dout0[11]
 yz_bram_ctrl_inst.yz_ram.u_mem.u_mem.g_1k.u_cell.u_sram/dout0[12]
 yz_bram_ctrl_inst.yz_ram.u_mem.u_mem.g_1k.u_cell.u_sram/dout0[13]
 yz_bram_ctrl_inst.yz_ram.u_mem.u_mem.g_1k.u_cell.u_sram/dout0[14]
 yz_bram_ctrl_inst.yz_ram.u_mem.u_mem.g_1k.u_cell.u_sram/dout0[15]
 yz_bram_ctrl_inst.yz_ram.u_mem.u_mem.g_1k.u_cell.u_sram/dout0[16]
 yz_bram_ctrl_inst.yz_ram.u_mem.u_mem.g_1k.u_cell.u_sram/dout0[17]
 yz_bram_ctrl_inst.yz_ram.u_mem.u_mem.g_1k.u_cell.u_sram/dout0[18]
 yz_bram_ctrl_inst.yz_ram.u_mem.u_mem.g_1k.u_cell.u_sram/dout0[19]
 yz_bram_ctrl_inst.yz_ram.u_mem.u_mem.g_1k.u_cell.u_sram/dout0[1]
 yz_bram_ctrl_inst.yz_ram.u_mem.u_mem.g_1k.u_cell.u_sram/dout0[20]
 yz_bram_ctrl_inst.yz_ram.u_mem.u_mem.g_1k.u_cell.u_sram/dout0[21]
 yz_bram_ctrl_inst.yz_ram.u_mem.u_mem.g_1k.u_cell.u_sram/dout0[22]
 yz_bram_ctrl_inst.yz_ram.u_mem.u_mem.g_1k.u_cell.u_sram/dout0[23]
 yz_bram_ctrl_inst.yz_ram.u_mem.u_mem.g_1k.u_cell.u_sram/dout0[24]
 yz_bram_ctrl_inst.yz_ram.u_mem.u_mem.g_1k.u_cell.u_sram/dout0[25]
 yz_bram_ctrl_inst.yz_ram.u_mem.u_mem.g_1k.u_cell.u_sram/dout0[26]
 yz_bram_ctrl_inst.yz_ram.u_mem.u_mem.g_1k.u_cell.u_sram/dout0[27]
 yz_bram_ctrl_inst.yz_ram.u_mem.u_mem.g_1k.u_cell.u_sram/dout0[28]
 yz_bram_ctrl_inst.yz_ram.u_mem.u_mem.g_1k.u_cell.u_sram/dout0[29]
 yz_bram_ctrl_inst.yz_ram.u_mem.u_mem.g_1k.u_cell.u_sram/dout0[2]
 yz_bram_ctrl_inst.yz_ram.u_mem.u_mem.g_1k.u_cell.u_sram/dout0[30]
 yz_bram_ctrl_inst.yz_ram.u_mem.u_mem.g_1k.u_cell.u_sram/dout0[31]
 yz_bram_ctrl_inst.yz_ram.u_mem.u_mem.g_1k.u_cell.u_sram/dout0[3]
 yz_bram_ctrl_inst.yz_ram.u_mem.u_mem.g_1k.u_cell.u_sram/dout0[4]
 yz_bram_ctrl_inst.yz_ram.u_mem.u_mem.g_1k.u_cell.u_sram/dout0[5]
 yz_bram_ctrl_inst.yz_ram.u_mem.u_mem.g_1k.u_cell.u_sram/dout0[6]
 yz_bram_ctrl_inst.yz_ram.u_mem.u_mem.g_1k.u_cell.u_sram/dout0[7]
 yz_bram_ctrl_inst.yz_ram.u_mem.u_mem.g_1k.u_cell.u_sram/dout0[8]
 yz_bram_ctrl_inst.yz_ram.u_mem.u_mem.g_1k.u_cell.u_sram/dout0[9]
 yz_bram_ctrl_inst.yz_ram.u_mem.u_mem.g_1k.u_cell.u_sram_30868/HI
 yz_bram_ctrl_inst.yz_ram.u_mem.u_mem.g_2k\[0\].u_cell.u_sram/dout0[0]
 yz_bram_ctrl_inst.yz_ram.u_mem.u_mem.g_2k\[0\].u_cell.u_sram/dout0[10]
 yz_bram_ctrl_inst.yz_ram.u_mem.u_mem.g_2k\[0\].u_cell.u_sram/dout0[11]
 yz_bram_ctrl_inst.yz_ram.u_mem.u_mem.g_2k\[0\].u_cell.u_sram/dout0[12]
 yz_bram_ctrl_inst.yz_ram.u_mem.u_mem.g_2k\[0\].u_cell.u_sram/dout0[13]
 yz_bram_ctrl_inst.yz_ram.u_mem.u_mem.g_2k\[0\].u_cell.u_sram/dout0[14]
 yz_bram_ctrl_inst.yz_ram.u_mem.u_mem.g_2k\[0\].u_cell.u_sram/dout0[15]
 yz_bram_ctrl_inst.yz_ram.u_mem.u_mem.g_2k\[0\].u_cell.u_sram/dout0[16]
 yz_bram_ctrl_inst.yz_ram.u_mem.u_mem.g_2k\[0\].u_cell.u_sram/dout0[17]
 yz_bram_ctrl_inst.yz_ram.u_mem.u_mem.g_2k\[0\].u_cell.u_sram/dout0[18]
 yz_bram_ctrl_inst.yz_ram.u_mem.u_mem.g_2k\[0\].u_cell.u_sram/dout0[19]
 yz_bram_ctrl_inst.yz_ram.u_mem.u_mem.g_2k\[0\].u_cell.u_sram/dout0[1]
 yz_bram_ctrl_inst.yz_ram.u_mem.u_mem.g_2k\[0\].u_cell.u_sram/dout0[20]
 yz_bram_ctrl_inst.yz_ram.u_mem.u_mem.g_2k\[0\].u_cell.u_sram/dout0[21]
 yz_bram_ctrl_inst.yz_ram.u_mem.u_mem.g_2k\[0\].u_cell.u_sram/dout0[22]
 yz_bram_ctrl_inst.yz_ram.u_mem.u_mem.g_2k\[0\].u_cell.u_sram/dout0[23]
 yz_bram_ctrl_inst.yz_ram.u_mem.u_mem.g_2k\[0\].u_cell.u_sram/dout0[24]
 yz_bram_ctrl_inst.yz_ram.u_mem.u_mem.g_2k\[0\].u_cell.u_sram/dout0[25]
 yz_bram_ctrl_inst.yz_ram.u_mem.u_mem.g_2k\[0\].u_cell.u_sram/dout0[26]
 yz_bram_ctrl_inst.yz_ram.u_mem.u_mem.g_2k\[0\].u_cell.u_sram/dout0[27]
 yz_bram_ctrl_inst.yz_ram.u_mem.u_mem.g_2k\[0\].u_cell.u_sram/dout0[28]
 yz_bram_ctrl_inst.yz_ram.u_mem.u_mem.g_2k\[0\].u_cell.u_sram/dout0[29]
 yz_bram_ctrl_inst.yz_ram.u_mem.u_mem.g_2k\[0\].u_cell.u_sram/dout0[2]
 yz_bram_ctrl_inst.yz_ram.u_mem.u_mem.g_2k\[0\].u_cell.u_sram/dout0[30]
 yz_bram_ctrl_inst.yz_ram.u_mem.u_mem.g_2k\[0\].u_cell.u_sram/dout0[31]
 yz_bram_ctrl_inst.yz_ram.u_mem.u_mem.g_2k\[0\].u_cell.u_sram/dout0[3]
 yz_bram_ctrl_inst.yz_ram.u_mem.u_mem.g_2k\[0\].u_cell.u_sram/dout0[4]
 yz_bram_ctrl_inst.yz_ram.u_mem.u_mem.g_2k\[0\].u_cell.u_sram/dout0[5]
 yz_bram_ctrl_inst.yz_ram.u_mem.u_mem.g_2k\[0\].u_cell.u_sram/dout0[6]
 yz_bram_ctrl_inst.yz_ram.u_mem.u_mem.g_2k\[0\].u_cell.u_sram/dout0[7]
 yz_bram_ctrl_inst.yz_ram.u_mem.u_mem.g_2k\[0\].u_cell.u_sram/dout0[8]
 yz_bram_ctrl_inst.yz_ram.u_mem.u_mem.g_2k\[0\].u_cell.u_sram/dout0[9]
 yz_bram_ctrl_inst.yz_ram.u_mem.u_mem.g_2k\[0\].u_cell.u_sram_30869/HI
 yz_bram_ctrl_inst.yz_ram.u_mem.u_mem.g_2k\[1\].u_cell.u_sram/dout0[0]
 yz_bram_ctrl_inst.yz_ram.u_mem.u_mem.g_2k\[1\].u_cell.u_sram/dout0[10]
 yz_bram_ctrl_inst.yz_ram.u_mem.u_mem.g_2k\[1\].u_cell.u_sram/dout0[11]
 yz_bram_ctrl_inst.yz_ram.u_mem.u_mem.g_2k\[1\].u_cell.u_sram/dout0[12]
 yz_bram_ctrl_inst.yz_ram.u_mem.u_mem.g_2k\[1\].u_cell.u_sram/dout0[13]
 yz_bram_ctrl_inst.yz_ram.u_mem.u_mem.g_2k\[1\].u_cell.u_sram/dout0[14]
 yz_bram_ctrl_inst.yz_ram.u_mem.u_mem.g_2k\[1\].u_cell.u_sram/dout0[15]
 yz_bram_ctrl_inst.yz_ram.u_mem.u_mem.g_2k\[1\].u_cell.u_sram/dout0[16]
 yz_bram_ctrl_inst.yz_ram.u_mem.u_mem.g_2k\[1\].u_cell.u_sram/dout0[17]
 yz_bram_ctrl_inst.yz_ram.u_mem.u_mem.g_2k\[1\].u_cell.u_sram/dout0[18]
 yz_bram_ctrl_inst.yz_ram.u_mem.u_mem.g_2k\[1\].u_cell.u_sram/dout0[19]
 yz_bram_ctrl_inst.yz_ram.u_mem.u_mem.g_2k\[1\].u_cell.u_sram/dout0[1]
 yz_bram_ctrl_inst.yz_ram.u_mem.u_mem.g_2k\[1\].u_cell.u_sram/dout0[20]
 yz_bram_ctrl_inst.yz_ram.u_mem.u_mem.g_2k\[1\].u_cell.u_sram/dout0[21]
 yz_bram_ctrl_inst.yz_ram.u_mem.u_mem.g_2k\[1\].u_cell.u_sram/dout0[22]
 yz_bram_ctrl_inst.yz_ram.u_mem.u_mem.g_2k\[1\].u_cell.u_sram/dout0[23]
 yz_bram_ctrl_inst.yz_ram.u_mem.u_mem.g_2k\[1\].u_cell.u_sram/dout0[24]
 yz_bram_ctrl_inst.yz_ram.u_mem.u_mem.g_2k\[1\].u_cell.u_sram/dout0[25]
 yz_bram_ctrl_inst.yz_ram.u_mem.u_mem.g_2k\[1\].u_cell.u_sram/dout0[26]
 yz_bram_ctrl_inst.yz_ram.u_mem.u_mem.g_2k\[1\].u_cell.u_sram/dout0[27]
 yz_bram_ctrl_inst.yz_ram.u_mem.u_mem.g_2k\[1\].u_cell.u_sram/dout0[28]
 yz_bram_ctrl_inst.yz_ram.u_mem.u_mem.g_2k\[1\].u_cell.u_sram/dout0[29]
 yz_bram_ctrl_inst.yz_ram.u_mem.u_mem.g_2k\[1\].u_cell.u_sram/dout0[2]
 yz_bram_ctrl_inst.yz_ram.u_mem.u_mem.g_2k\[1\].u_cell.u_sram/dout0[30]
 yz_bram_ctrl_inst.yz_ram.u_mem.u_mem.g_2k\[1\].u_cell.u_sram/dout0[31]
 yz_bram_ctrl_inst.yz_ram.u_mem.u_mem.g_2k\[1\].u_cell.u_sram/dout0[3]
 yz_bram_ctrl_inst.yz_ram.u_mem.u_mem.g_2k\[1\].u_cell.u_sram/dout0[4]
 yz_bram_ctrl_inst.yz_ram.u_mem.u_mem.g_2k\[1\].u_cell.u_sram/dout0[5]
 yz_bram_ctrl_inst.yz_ram.u_mem.u_mem.g_2k\[1\].u_cell.u_sram/dout0[6]
 yz_bram_ctrl_inst.yz_ram.u_mem.u_mem.g_2k\[1\].u_cell.u_sram/dout0[7]
 yz_bram_ctrl_inst.yz_ram.u_mem.u_mem.g_2k\[1\].u_cell.u_sram/dout0[8]
 yz_bram_ctrl_inst.yz_ram.u_mem.u_mem.g_2k\[1\].u_cell.u_sram/dout0[9]
 yz_bram_ctrl_inst.yz_ram.u_mem.u_mem.g_2k\[1\].u_cell.u_sram_30870/HI
 yz_bram_ctrl_inst.yz_ram.u_mem.u_mem.g_2k\[2\].u_cell.u_sram/dout0[0]
 yz_bram_ctrl_inst.yz_ram.u_mem.u_mem.g_2k\[2\].u_cell.u_sram/dout0[10]
 yz_bram_ctrl_inst.yz_ram.u_mem.u_mem.g_2k\[2\].u_cell.u_sram/dout0[11]
 yz_bram_ctrl_inst.yz_ram.u_mem.u_mem.g_2k\[2\].u_cell.u_sram/dout0[12]
 yz_bram_ctrl_inst.yz_ram.u_mem.u_mem.g_2k\[2\].u_cell.u_sram/dout0[13]
 yz_bram_ctrl_inst.yz_ram.u_mem.u_mem.g_2k\[2\].u_cell.u_sram/dout0[14]
 yz_bram_ctrl_inst.yz_ram.u_mem.u_mem.g_2k\[2\].u_cell.u_sram/dout0[15]
 yz_bram_ctrl_inst.yz_ram.u_mem.u_mem.g_2k\[2\].u_cell.u_sram/dout0[16]
 yz_bram_ctrl_inst.yz_ram.u_mem.u_mem.g_2k\[2\].u_cell.u_sram/dout0[17]
 yz_bram_ctrl_inst.yz_ram.u_mem.u_mem.g_2k\[2\].u_cell.u_sram/dout0[18]
 yz_bram_ctrl_inst.yz_ram.u_mem.u_mem.g_2k\[2\].u_cell.u_sram/dout0[19]
 yz_bram_ctrl_inst.yz_ram.u_mem.u_mem.g_2k\[2\].u_cell.u_sram/dout0[1]
 yz_bram_ctrl_inst.yz_ram.u_mem.u_mem.g_2k\[2\].u_cell.u_sram/dout0[20]
 yz_bram_ctrl_inst.yz_ram.u_mem.u_mem.g_2k\[2\].u_cell.u_sram/dout0[21]
 yz_bram_ctrl_inst.yz_ram.u_mem.u_mem.g_2k\[2\].u_cell.u_sram/dout0[22]
 yz_bram_ctrl_inst.yz_ram.u_mem.u_mem.g_2k\[2\].u_cell.u_sram/dout0[23]
 yz_bram_ctrl_inst.yz_ram.u_mem.u_mem.g_2k\[2\].u_cell.u_sram/dout0[24]
 yz_bram_ctrl_inst.yz_ram.u_mem.u_mem.g_2k\[2\].u_cell.u_sram/dout0[25]
 yz_bram_ctrl_inst.yz_ram.u_mem.u_mem.g_2k\[2\].u_cell.u_sram/dout0[26]
 yz_bram_ctrl_inst.yz_ram.u_mem.u_mem.g_2k\[2\].u_cell.u_sram/dout0[27]
 yz_bram_ctrl_inst.yz_ram.u_mem.u_mem.g_2k\[2\].u_cell.u_sram/dout0[28]
 yz_bram_ctrl_inst.yz_ram.u_mem.u_mem.g_2k\[2\].u_cell.u_sram/dout0[29]
 yz_bram_ctrl_inst.yz_ram.u_mem.u_mem.g_2k\[2\].u_cell.u_sram/dout0[2]
 yz_bram_ctrl_inst.yz_ram.u_mem.u_mem.g_2k\[2\].u_cell.u_sram/dout0[30]
 yz_bram_ctrl_inst.yz_ram.u_mem.u_mem.g_2k\[2\].u_cell.u_sram/dout0[31]
 yz_bram_ctrl_inst.yz_ram.u_mem.u_mem.g_2k\[2\].u_cell.u_sram/dout0[3]
 yz_bram_ctrl_inst.yz_ram.u_mem.u_mem.g_2k\[2\].u_cell.u_sram/dout0[4]
 yz_bram_ctrl_inst.yz_ram.u_mem.u_mem.g_2k\[2\].u_cell.u_sram/dout0[5]
 yz_bram_ctrl_inst.yz_ram.u_mem.u_mem.g_2k\[2\].u_cell.u_sram/dout0[6]
 yz_bram_ctrl_inst.yz_ram.u_mem.u_mem.g_2k\[2\].u_cell.u_sram/dout0[7]
 yz_bram_ctrl_inst.yz_ram.u_mem.u_mem.g_2k\[2\].u_cell.u_sram/dout0[8]
 yz_bram_ctrl_inst.yz_ram.u_mem.u_mem.g_2k\[2\].u_cell.u_sram/dout0[9]
 yz_bram_ctrl_inst.yz_ram.u_mem.u_mem.g_2k\[2\].u_cell.u_sram_30871/HI
 yz_bram_ctrl_inst.yz_ram.u_mem.u_mem.g_2k\[3\].u_cell.u_sram/dout0[0]
 yz_bram_ctrl_inst.yz_ram.u_mem.u_mem.g_2k\[3\].u_cell.u_sram/dout0[10]
 yz_bram_ctrl_inst.yz_ram.u_mem.u_mem.g_2k\[3\].u_cell.u_sram/dout0[11]
 yz_bram_ctrl_inst.yz_ram.u_mem.u_mem.g_2k\[3\].u_cell.u_sram/dout0[12]
 yz_bram_ctrl_inst.yz_ram.u_mem.u_mem.g_2k\[3\].u_cell.u_sram/dout0[13]
 yz_bram_ctrl_inst.yz_ram.u_mem.u_mem.g_2k\[3\].u_cell.u_sram/dout0[14]
 yz_bram_ctrl_inst.yz_ram.u_mem.u_mem.g_2k\[3\].u_cell.u_sram/dout0[15]
 yz_bram_ctrl_inst.yz_ram.u_mem.u_mem.g_2k\[3\].u_cell.u_sram/dout0[16]
 yz_bram_ctrl_inst.yz_ram.u_mem.u_mem.g_2k\[3\].u_cell.u_sram/dout0[17]
 yz_bram_ctrl_inst.yz_ram.u_mem.u_mem.g_2k\[3\].u_cell.u_sram/dout0[18]
 yz_bram_ctrl_inst.yz_ram.u_mem.u_mem.g_2k\[3\].u_cell.u_sram/dout0[19]
 yz_bram_ctrl_inst.yz_ram.u_mem.u_mem.g_2k\[3\].u_cell.u_sram/dout0[1]
 yz_bram_ctrl_inst.yz_ram.u_mem.u_mem.g_2k\[3\].u_cell.u_sram/dout0[20]
 yz_bram_ctrl_inst.yz_ram.u_mem.u_mem.g_2k\[3\].u_cell.u_sram/dout0[21]
 yz_bram_ctrl_inst.yz_ram.u_mem.u_mem.g_2k\[3\].u_cell.u_sram/dout0[22]
 yz_bram_ctrl_inst.yz_ram.u_mem.u_mem.g_2k\[3\].u_cell.u_sram/dout0[23]
 yz_bram_ctrl_inst.yz_ram.u_mem.u_mem.g_2k\[3\].u_cell.u_sram/dout0[24]
 yz_bram_ctrl_inst.yz_ram.u_mem.u_mem.g_2k\[3\].u_cell.u_sram/dout0[25]
 yz_bram_ctrl_inst.yz_ram.u_mem.u_mem.g_2k\[3\].u_cell.u_sram/dout0[26]
 yz_bram_ctrl_inst.yz_ram.u_mem.u_mem.g_2k\[3\].u_cell.u_sram/dout0[27]
 yz_bram_ctrl_inst.yz_ram.u_mem.u_mem.g_2k\[3\].u_cell.u_sram/dout0[28]
 yz_bram_ctrl_inst.yz_ram.u_mem.u_mem.g_2k\[3\].u_cell.u_sram/dout0[29]
 yz_bram_ctrl_inst.yz_ram.u_mem.u_mem.g_2k\[3\].u_cell.u_sram/dout0[2]
 yz_bram_ctrl_inst.yz_ram.u_mem.u_mem.g_2k\[3\].u_cell.u_sram/dout0[30]
 yz_bram_ctrl_inst.yz_ram.u_mem.u_mem.g_2k\[3\].u_cell.u_sram/dout0[31]
 yz_bram_ctrl_inst.yz_ram.u_mem.u_mem.g_2k\[3\].u_cell.u_sram/dout0[3]
 yz_bram_ctrl_inst.yz_ram.u_mem.u_mem.g_2k\[3\].u_cell.u_sram/dout0[4]
 yz_bram_ctrl_inst.yz_ram.u_mem.u_mem.g_2k\[3\].u_cell.u_sram/dout0[5]
 yz_bram_ctrl_inst.yz_ram.u_mem.u_mem.g_2k\[3\].u_cell.u_sram/dout0[6]
 yz_bram_ctrl_inst.yz_ram.u_mem.u_mem.g_2k\[3\].u_cell.u_sram/dout0[7]
 yz_bram_ctrl_inst.yz_ram.u_mem.u_mem.g_2k\[3\].u_cell.u_sram/dout0[8]
 yz_bram_ctrl_inst.yz_ram.u_mem.u_mem.g_2k\[3\].u_cell.u_sram/dout0[9]
 yz_bram_ctrl_inst.yz_ram.u_mem.u_mem.g_2k\[3\].u_cell.u_sram_30872/HI
Found 0 partially unannotated drivers.

===========================================================================
max slew violation count 332
max fanout violation count 0
max cap violation count 17
============================================================================

===========================================================================
check_setup -verbose -unconstrained_endpoints -multiple_clock -no_clock -no_input_delay -loops -generated_clocks
===========================================================================
