
===========================================================================
report_checks -unconstrained
===========================================================================
======================= nom_tt_025C_1v80 Corner ===================================

Startpoint: _129540_ (rising edge-triggered flip-flop clocked by clk_i)
Endpoint: _128156_ (recovery check against rising-edge clock clk_i)
Path Group: asynchronous
Path Type: max

Fanout         Cap        Slew       Delay        Time   Description
---------------------------------------------------------------------------------------------
                                  0.000000    0.000000   clock clk_i (rise edge)
                                  0.000000    0.000000   clock source latency
     1    0.041503    0.060996    0.044752    0.044752 ^ clk_i (in)
                                                         clk_i (net)
                      0.061627    0.000000    0.044752 ^ wire30895/A (sky130_fd_sc_hd__buf_12)
     1    0.077748    0.098188    0.148468    0.193221 ^ wire30895/X (sky130_fd_sc_hd__buf_12)
                                                         net30895 (net)
                      0.103995    0.019342    0.212563 ^ wire30894/A (sky130_fd_sc_hd__buf_12)
     1    0.055806    0.075006    0.149438    0.362000 ^ wire30894/X (sky130_fd_sc_hd__buf_12)
                                                         net30894 (net)
                      0.076765    0.009394    0.371394 ^ wire30893/A (sky130_fd_sc_hd__buf_12)
     2    0.081954    0.102858    0.161041    0.532435 ^ wire30893/X (sky130_fd_sc_hd__buf_12)
                                                         net30893 (net)
                      0.106318    0.015534    0.547969 ^ wire30892/A (sky130_fd_sc_hd__buf_8)
     1    0.043142    0.079627    0.150092    0.698061 ^ wire30892/X (sky130_fd_sc_hd__buf_8)
                                                         net30892 (net)
                      0.080184    0.005577    0.703638 ^ wire30891/A (sky130_fd_sc_hd__buf_12)
     1    0.087001    0.108159    0.165209    0.868847 ^ wire30891/X (sky130_fd_sc_hd__buf_12)
                                                         net30891 (net)
                      0.112665    0.018062    0.886909 ^ wire30890/A (sky130_fd_sc_hd__buf_12)
     1    0.110721    0.134231    0.193418    1.080327 ^ wire30890/X (sky130_fd_sc_hd__buf_12)
                                                         net30890 (net)
                      0.137522    0.017466    1.097793 ^ clkbuf_regs_0_clk_i/A (sky130_fd_sc_hd__clkbuf_16)
     1    0.008277    0.032339    0.154621    1.252414 ^ clkbuf_regs_0_clk_i/X (sky130_fd_sc_hd__clkbuf_16)
                                                         clk_i_regs (net)
                      0.032340    0.000258    1.252672 ^ clkbuf_0_clk_i_regs/A (sky130_fd_sc_hd__clkbuf_16)
     2    0.143441    0.155974    0.219846    1.472518 ^ clkbuf_0_clk_i_regs/X (sky130_fd_sc_hd__clkbuf_16)
                                                         clknet_0_clk_i_regs (net)
                      0.156275    0.005811    1.478329 ^ clkbuf_1_0_0_clk_i_regs/A (sky130_fd_sc_hd__clkbuf_8)
     1    0.063305    0.121067    0.224880    1.703209 ^ clkbuf_1_0_0_clk_i_regs/X (sky130_fd_sc_hd__clkbuf_8)
                                                         clknet_1_0_0_clk_i_regs (net)
                      0.126525    0.020960    1.724169 ^ clkbuf_1_0_1_clk_i_regs/A (sky130_fd_sc_hd__clkbuf_8)
     2    0.079505    0.144135    0.241583    1.965752 ^ clkbuf_1_0_1_clk_i_regs/X (sky130_fd_sc_hd__clkbuf_8)
                                                         clknet_1_0_1_clk_i_regs (net)
                      0.144758    0.008057    1.973809 ^ clkbuf_2_1_0_clk_i_regs/A (sky130_fd_sc_hd__clkbuf_8)
     1    0.073585    0.137381    0.237079    2.210887 ^ clkbuf_2_1_0_clk_i_regs/X (sky130_fd_sc_hd__clkbuf_8)
                                                         clknet_2_1_0_clk_i_regs (net)
                      0.139295    0.013645    2.224532 ^ clkbuf_2_1_1_clk_i_regs/A (sky130_fd_sc_hd__clkbuf_8)
     2    0.086170    0.155161    0.255231    2.479763 ^ clkbuf_2_1_1_clk_i_regs/X (sky130_fd_sc_hd__clkbuf_8)
                                                         clknet_2_1_1_clk_i_regs (net)
                      0.155552    0.006644    2.486407 ^ clkbuf_3_3_0_clk_i_regs/A (sky130_fd_sc_hd__clkbuf_8)
     2    0.105960    0.186780    0.285056    2.771463 ^ clkbuf_3_3_0_clk_i_regs/X (sky130_fd_sc_hd__clkbuf_8)
                                                         clknet_3_3_0_clk_i_regs (net)
                      0.187033    0.005914    2.777377 ^ clkbuf_4_6_0_clk_i_regs/A (sky130_fd_sc_hd__clkbuf_8)
     4    0.155369    0.269412    0.350791    3.128168 ^ clkbuf_4_6_0_clk_i_regs/X (sky130_fd_sc_hd__clkbuf_8)
                                                         clknet_4_6_0_clk_i_regs (net)
                      0.270483    0.014546    3.142714 ^ clkbuf_6_24_0_clk_i_regs/A (sky130_fd_sc_hd__clkbuf_8)
     2    0.057038    0.111112    0.261444    3.404157 ^ clkbuf_6_24_0_clk_i_regs/X (sky130_fd_sc_hd__clkbuf_8)
                                                         clknet_6_24_0_clk_i_regs (net)
                      0.112260    0.009460    3.413617 ^ wire30934/A (sky130_fd_sc_hd__buf_12)
     3    0.087179    0.109016    0.171432    3.585049 ^ wire30934/X (sky130_fd_sc_hd__buf_12)
                                                         net30934 (net)
                      0.116159    0.022824    3.607873 ^ wire30933/A (sky130_fd_sc_hd__buf_12)
     5    0.093791    0.115763    0.180719    3.788592 ^ wire30933/X (sky130_fd_sc_hd__buf_12)
                                                         net30933 (net)
                      0.120474    0.019240    3.807832 ^ wire30932/A (sky130_fd_sc_hd__buf_12)
     2    0.137492    0.157631    0.188660    3.996492 ^ wire30932/X (sky130_fd_sc_hd__buf_12)
                                                         net30932 (net)
                      0.205539    0.070210    4.066702 ^ clkbuf_leaf_148_clk_i_regs/A (sky130_fd_sc_hd__clkbuf_8)
     3    0.016270    0.047585    0.189921    4.256624 ^ clkbuf_leaf_148_clk_i_regs/X (sky130_fd_sc_hd__clkbuf_8)
                                                         clknet_leaf_148_clk_i_regs (net)
                      0.047586    0.000308    4.256932 ^ _129540_/CLK (sky130_fd_sc_hd__dfrtp_2)
     1    0.011787    0.076888    0.390784    4.647716 ^ _129540_/Q (sky130_fd_sc_hd__dfrtp_2)
                                                         rst_sync_q[1] (net)
                      0.076890    0.000560    4.648275 ^ wire26011/A (sky130_fd_sc_hd__clkbuf_16)
     1    0.026540    0.048069    0.149019    4.797294 ^ wire26011/X (sky130_fd_sc_hd__clkbuf_16)
                                                         net26011 (net)
                      0.048670    0.004315    4.801609 ^ wire47235/A (sky130_fd_sc_hd__buf_4)
     1    0.039697    0.116992    0.173990    4.975598 ^ wire47235/X (sky130_fd_sc_hd__buf_4)
                                                         net47235 (net)
                      0.117313    0.005209    4.980807 ^ wire47234/A (sky130_fd_sc_hd__clkbuf_4)
     1    0.021962    0.078283    0.194861    5.175668 ^ wire47234/X (sky130_fd_sc_hd__clkbuf_4)
                                                         net47234 (net)
                      0.078480    0.002645    5.178313 ^ wire47233/A (sky130_fd_sc_hd__buf_6)
     1    0.033120    0.074853    0.139482    5.317795 ^ wire47233/X (sky130_fd_sc_hd__buf_6)
                                                         net47233 (net)
                      0.075477    0.005690    5.323485 ^ wire47232/A (sky130_fd_sc_hd__clkbuf_4)
     1    0.021413    0.076726    0.177506    5.500991 ^ wire47232/X (sky130_fd_sc_hd__clkbuf_4)
                                                         net47232 (net)
                      0.076760    0.001640    5.502631 ^ fanout25977/A (sky130_fd_sc_hd__buf_1)
     2    0.011560    0.142688    0.167414    5.670045 ^ fanout25977/X (sky130_fd_sc_hd__buf_1)
                                                         net25977 (net)
                      0.142690    0.000528    5.670574 ^ wire26010/A (sky130_fd_sc_hd__buf_4)
     2    0.024570    0.077544    0.179092    5.849666 ^ wire26010/X (sky130_fd_sc_hd__buf_4)
                                                         net26010 (net)
                      0.077751    0.002883    5.852550 ^ wire26008/A (sky130_fd_sc_hd__buf_4)
     2    0.024710    0.077815    0.156201    6.008750 ^ wire26008/X (sky130_fd_sc_hd__buf_4)
                                                         net26008 (net)
                      0.078035    0.003049    6.011799 ^ wire26004/A (sky130_fd_sc_hd__buf_4)
     2    0.027551    0.085266    0.161582    6.173381 ^ wire26004/X (sky130_fd_sc_hd__buf_4)
                                                         net26004 (net)
                      0.085487    0.003652    6.177034 ^ wire26003/A (sky130_fd_sc_hd__buf_4)
     1    0.021466    0.069229    0.153053    6.330086 ^ wire26003/X (sky130_fd_sc_hd__buf_4)
                                                         net26003 (net)
                      0.069362    0.002522    6.332608 ^ wire26002/A (sky130_fd_sc_hd__buf_4)
     1    0.025495    0.079889    0.154322    6.486931 ^ wire26002/X (sky130_fd_sc_hd__buf_4)
                                                         net26002 (net)
                      0.080099    0.003433    6.490364 ^ wire26001/A (sky130_fd_sc_hd__buf_4)
     1    0.031580    0.095787    0.169591    6.659956 ^ wire26001/X (sky130_fd_sc_hd__buf_4)
                                                         net26001 (net)
                      0.096157    0.005024    6.664980 ^ wire26000/A (sky130_fd_sc_hd__buf_4)
     1    0.033324    0.100359    0.179419    6.844399 ^ wire26000/X (sky130_fd_sc_hd__buf_4)
                                                         net26000 (net)
                      0.100691    0.004881    6.849280 ^ wire25999/A (sky130_fd_sc_hd__buf_4)
     2    0.037557    0.111441    0.189288    7.038568 ^ wire25999/X (sky130_fd_sc_hd__buf_4)
                                                         net25999 (net)
                      0.111805    0.005409    7.043977 ^ wire25998/A (sky130_fd_sc_hd__buf_4)
     1    0.034284    0.102882    0.187266    7.231243 ^ wire25998/X (sky130_fd_sc_hd__buf_4)
                                                         net25998 (net)
                      0.103218    0.004976    7.236219 ^ wire25997/A (sky130_fd_sc_hd__buf_4)
     2    0.023119    0.073492    0.163090    7.399309 ^ wire25997/X (sky130_fd_sc_hd__buf_4)
                                                         net25997 (net)
                      0.073643    0.002389    7.401699 ^ wire25992/A (sky130_fd_sc_hd__buf_4)
     1    0.027351    0.084393    0.159907    7.561606 ^ wire25992/X (sky130_fd_sc_hd__buf_4)
                                                         net25992 (net)
                      0.084540    0.002974    7.564579 ^ wire25991/A (sky130_fd_sc_hd__buf_4)
     1    0.029905    0.091352    0.168931    7.733510 ^ wire25991/X (sky130_fd_sc_hd__buf_4)
                                                         net25991 (net)
                      0.091576    0.003382    7.736892 ^ wire25990/A (sky130_fd_sc_hd__buf_4)
     1    0.031154    0.094478    0.175150    7.912042 ^ wire25990/X (sky130_fd_sc_hd__buf_4)
                                                         net25990 (net)
                      0.094492    0.001247    7.913289 ^ wire25989/A (sky130_fd_sc_hd__buf_4)
     2    0.033720    0.101377    0.180013    8.093303 ^ wire25989/X (sky130_fd_sc_hd__buf_4)
                                                         net25989 (net)
                      0.101471    0.002651    8.095954 ^ fanout25236/A (sky130_fd_sc_hd__clkbuf_1)
     8    0.036269    0.425094    0.379260    8.475214 ^ fanout25236/X (sky130_fd_sc_hd__clkbuf_1)
                                                         net25236 (net)
                      0.425102    0.001581    8.476794 ^ load_slew25241/A (sky130_fd_sc_hd__clkbuf_4)
     7    0.034301    0.116917    0.312016    8.788811 ^ load_slew25241/X (sky130_fd_sc_hd__clkbuf_4)
                                                         net25241 (net)
                      0.116927    0.001210    8.790021 ^ load_slew25240/A (sky130_fd_sc_hd__clkbuf_4)
     6    0.030747    0.102586    0.214087    9.004107 ^ load_slew25240/X (sky130_fd_sc_hd__clkbuf_4)
                                                         net25240 (net)
                      0.102618    0.001821    9.005928 ^ wire25239/A (sky130_fd_sc_hd__buf_4)
     1    0.027938    0.086253    0.172016    9.177944 ^ wire25239/X (sky130_fd_sc_hd__buf_4)
                                                         net25239 (net)
                      0.086475    0.003256    9.181200 ^ wire25238/A (sky130_fd_sc_hd__buf_4)
     1    0.029098    0.089252    0.168035    9.349236 ^ wire25238/X (sky130_fd_sc_hd__buf_4)
                                                         net25238 (net)
                      0.089490    0.003456    9.352692 ^ fanout25142/A (sky130_fd_sc_hd__clkbuf_1)
     1    0.004135    0.059001    0.108859    9.461550 ^ fanout25142/X (sky130_fd_sc_hd__clkbuf_1)
                                                         net25142 (net)
                      0.059001    0.000136    9.461686 ^ wire40246/A (sky130_fd_sc_hd__buf_4)
     6    0.037986    0.112021    0.175189    9.636875 ^ wire40246/X (sky130_fd_sc_hd__buf_4)
                                                         net40246 (net)
                      0.112174    0.003547    9.640422 ^ wire25146/A (sky130_fd_sc_hd__clkbuf_4)
     7    0.038546    0.124241    0.228659    9.869081 ^ wire25146/X (sky130_fd_sc_hd__clkbuf_4)
                                                         net25146 (net)
                      0.124397    0.003100    9.872181 ^ load_slew25145/A (sky130_fd_sc_hd__buf_4)
     2    0.031129    0.094216    0.186601   10.058782 ^ load_slew25145/X (sky130_fd_sc_hd__buf_4)
                                                         net25145 (net)
                      0.094399    0.003069   10.061851 ^ wire25144/A (sky130_fd_sc_hd__buf_4)
     4    0.031794    0.095907    0.176993   10.238843 ^ wire25144/X (sky130_fd_sc_hd__buf_4)
                                                         net25144 (net)
                      0.096036    0.002442   10.241284 ^ fanout25103/A (sky130_fd_sc_hd__buf_1)
     4    0.019647    0.235263    0.240223   10.481507 ^ fanout25103/X (sky130_fd_sc_hd__buf_1)
                                                         net25103 (net)
                      0.235266    0.000687   10.482195 ^ wire25105/A (sky130_fd_sc_hd__clkbuf_4)
     7    0.037139    0.121257    0.269623   10.751819 ^ wire25105/X (sky130_fd_sc_hd__clkbuf_4)
                                                         net25105 (net)
                      0.121261    0.000984   10.752803 ^ load_slew25104/A (sky130_fd_sc_hd__clkbuf_4)
     4    0.033173    0.109311    0.220664   10.973467 ^ load_slew25104/X (sky130_fd_sc_hd__clkbuf_4)
                                                         net25104 (net)
                      0.109376    0.002587   10.976054 ^ fanout25092/A (sky130_fd_sc_hd__buf_1)
     1    0.002483    0.041360    0.100368   11.076422 ^ fanout25092/X (sky130_fd_sc_hd__buf_1)
                                                         net25092 (net)
                      0.041360    0.000075   11.076496 ^ wire25096/A (sky130_fd_sc_hd__clkbuf_4)
     7    0.036778    0.119505    0.197449   11.273946 ^ wire25096/X (sky130_fd_sc_hd__clkbuf_4)
                                                         net25096 (net)
                      0.119516    0.001283   11.275229 ^ load_slew25095/A (sky130_fd_sc_hd__clkbuf_4)
     6    0.031731    0.105320    0.217256   11.492484 ^ load_slew25095/X (sky130_fd_sc_hd__clkbuf_4)
                                                         net25095 (net)
                      0.105337    0.001439   11.493922 ^ wire25094/A (sky130_fd_sc_hd__clkbuf_4)
     7    0.034365    0.112846    0.217645   11.711568 ^ wire25094/X (sky130_fd_sc_hd__clkbuf_4)
                                                         net25094 (net)
                      0.112849    0.000809   11.712378 ^ wire25093/A (sky130_fd_sc_hd__buf_2)
     8    0.039841    0.196344    0.252796   11.965173 ^ wire25093/X (sky130_fd_sc_hd__buf_2)
                                                         net25093 (net)
                      0.196427    0.001896   11.967070 ^ _128156_/RESET_B (sky130_fd_sc_hd__dfrtp_4)
                                             11.967070   data arrival time

                                 35.714283   35.714283   clock clk_i (rise edge)
                                  0.000000   35.714283   clock source latency
     1    0.041503    0.060996    0.040490   35.754776 ^ clk_i (in)
                                                         clk_i (net)
                      0.061627    0.000000   35.754776 ^ wire30895/A (sky130_fd_sc_hd__buf_12)
     1    0.077748    0.098188    0.134328   35.889103 ^ wire30895/X (sky130_fd_sc_hd__buf_12)
                                                         net30895 (net)
                      0.103995    0.017501   35.906605 ^ wire30894/A (sky130_fd_sc_hd__buf_12)
     1    0.055806    0.075006    0.135206   36.041809 ^ wire30894/X (sky130_fd_sc_hd__buf_12)
                                                         net30894 (net)
                      0.076765    0.008498   36.050308 ^ wire30893/A (sky130_fd_sc_hd__buf_12)
     2    0.081954    0.102858    0.145704   36.196011 ^ wire30893/X (sky130_fd_sc_hd__buf_12)
                                                         net30893 (net)
                      0.106318    0.014055   36.210064 ^ wire30892/A (sky130_fd_sc_hd__buf_8)
     1    0.043142    0.079627    0.135799   36.345863 ^ wire30892/X (sky130_fd_sc_hd__buf_8)
                                                         net30892 (net)
                      0.080184    0.005045   36.350910 ^ wire30891/A (sky130_fd_sc_hd__buf_12)
     1    0.087001    0.108159    0.149473   36.500381 ^ wire30891/X (sky130_fd_sc_hd__buf_12)
                                                         net30891 (net)
                      0.112665    0.016342   36.516724 ^ wire30890/A (sky130_fd_sc_hd__buf_12)
     1    0.110721    0.134231    0.175000   36.691723 ^ wire30890/X (sky130_fd_sc_hd__buf_12)
                                                         net30890 (net)
                      0.137522    0.015802   36.707527 ^ clkbuf_regs_0_clk_i/A (sky130_fd_sc_hd__clkbuf_16)
     1    0.008277    0.032339    0.139895   36.847424 ^ clkbuf_regs_0_clk_i/X (sky130_fd_sc_hd__clkbuf_16)
                                                         clk_i_regs (net)
                      0.032340    0.000231   36.847652 ^ clkbuf_0_clk_i_regs/A (sky130_fd_sc_hd__clkbuf_16)
     2    0.143441    0.155974    0.198909   37.046562 ^ clkbuf_0_clk_i_regs/X (sky130_fd_sc_hd__clkbuf_16)
                                                         clknet_0_clk_i_regs (net)
                      0.156275    0.005258   37.051819 ^ clkbuf_1_0_0_clk_i_regs/A (sky130_fd_sc_hd__clkbuf_8)
     1    0.063305    0.121067    0.203464   37.255283 ^ clkbuf_1_0_0_clk_i_regs/X (sky130_fd_sc_hd__clkbuf_8)
                                                         clknet_1_0_0_clk_i_regs (net)
                      0.126525    0.018961   37.274246 ^ clkbuf_1_0_1_clk_i_regs/A (sky130_fd_sc_hd__clkbuf_8)
     2    0.079505    0.144135    0.218577   37.492821 ^ clkbuf_1_0_1_clk_i_regs/X (sky130_fd_sc_hd__clkbuf_8)
                                                         clknet_1_0_1_clk_i_regs (net)
                      0.144831    0.007688   37.500511 ^ clkbuf_2_0_0_clk_i_regs/A (sky130_fd_sc_hd__clkbuf_8)
     1    0.093853    0.167801    0.241169   37.741680 ^ clkbuf_2_0_0_clk_i_regs/X (sky130_fd_sc_hd__clkbuf_8)
                                                         clknet_2_0_0_clk_i_regs (net)
                      0.168191    0.006249   37.747929 ^ clkbuf_2_0_1_clk_i_regs/A (sky130_fd_sc_hd__clkbuf_8)
     2    0.111131    0.196146    0.265217   38.013145 ^ clkbuf_2_0_1_clk_i_regs/X (sky130_fd_sc_hd__clkbuf_8)
                                                         clknet_2_0_1_clk_i_regs (net)
                      0.197413    0.012065   38.025211 ^ clkbuf_3_0_0_clk_i_regs/A (sky130_fd_sc_hd__clkbuf_8)
     2    0.123432    0.215413    0.289980   38.315189 ^ clkbuf_3_0_0_clk_i_regs/X (sky130_fd_sc_hd__clkbuf_8)
                                                         clknet_3_0_0_clk_i_regs (net)
                      0.215571    0.004572   38.319763 ^ clkbuf_4_0_0_clk_i_regs/A (sky130_fd_sc_hd__clkbuf_8)
     4    0.154802    0.266484    0.329155   38.648918 ^ clkbuf_4_0_0_clk_i_regs/X (sky130_fd_sc_hd__clkbuf_8)
                                                         clknet_4_0_0_clk_i_regs (net)
                      0.266757    0.005510   38.654427 ^ clkbuf_6_0_0_clk_i_regs/A (sky130_fd_sc_hd__clkbuf_8)
    16    0.212711    0.363271    0.403666   39.058094 ^ clkbuf_6_0_0_clk_i_regs/X (sky130_fd_sc_hd__clkbuf_8)
                                                         clknet_6_0_0_clk_i_regs (net)
                      0.364565    0.016840   39.074936 ^ clkbuf_leaf_2_clk_i_regs/A (sky130_fd_sc_hd__clkbuf_8)
    12    0.062017    0.119671    0.264308   39.339241 ^ clkbuf_leaf_2_clk_i_regs/X (sky130_fd_sc_hd__clkbuf_8)
                                                         clknet_leaf_2_clk_i_regs (net)
                      0.119685    0.001272   39.340515 ^ _128156_/CLK (sky130_fd_sc_hd__dfrtp_4)
                                 -0.250000   39.090515   clock uncertainty
                                  0.187214   39.277725   clock reconvergence pessimism
                                  0.191801   39.469528   library recovery time
                                             39.469528   data required time
---------------------------------------------------------------------------------------------
                                             39.469528   data required time
                                            -11.967070   data arrival time
---------------------------------------------------------------------------------------------
                                             27.502459   slack (MET)


Startpoint: data_bram_ctrl_inst.data_ram.u_mem.g_2k[0].u_cell.u_sram
            (falling edge-triggered flip-flop clocked by clk_i)
Endpoint: _128149_ (rising edge-triggered flip-flop clocked by clk_i)
Path Group: clk_i
Path Type: max

Fanout         Cap        Slew       Delay        Time   Description
---------------------------------------------------------------------------------------------
                                 17.857141   17.857141   clock clk_i (fall edge)
                                  0.000000   17.857141   clock source latency
     1    0.040631    0.046477    0.037167   17.894308 v clk_i (in)
                                                         clk_i (net)
                      0.047177    0.000000   17.894308 v wire30895/A (sky130_fd_sc_hd__buf_12)
     1    0.076876    0.052311    0.153982   18.048290 v wire30895/X (sky130_fd_sc_hd__buf_12)
                                                         net30895 (net)
                      0.062640    0.018318   18.066608 v wire30894/A (sky130_fd_sc_hd__buf_12)
     1    0.054934    0.043411    0.156515   18.223124 v wire30894/X (sky130_fd_sc_hd__buf_12)
                                                         net30894 (net)
                      0.046393    0.009072   18.232195 v wire30893/A (sky130_fd_sc_hd__buf_12)
     2    0.080299    0.054468    0.157524   18.389719 v wire30893/X (sky130_fd_sc_hd__buf_12)
                                                         net30893 (net)
                      0.057262    0.009548   18.399267 v delaybuf_0_clk_i/A (sky130_fd_sc_hd__clkbuf_16)
     1    0.043528    0.048065    0.174696   18.573963 v delaybuf_0_clk_i/X (sky130_fd_sc_hd__clkbuf_16)
                                                         delaynet_0_clk_i (net)
                      0.049004    0.004764   18.578726 v wire30945/A (sky130_fd_sc_hd__buf_8)
     1    0.043155    0.047082    0.147297   18.726025 v wire30945/X (sky130_fd_sc_hd__buf_8)
                                                         net30945 (net)
                      0.047775    0.004624   18.730648 v wire30944/A (sky130_fd_sc_hd__buf_12)
     1    0.076877    0.053237    0.158042   18.888691 v wire30944/X (sky130_fd_sc_hd__buf_12)
                                                         net30944 (net)
                      0.056975    0.011523   18.900213 v wire30943/A (sky130_fd_sc_hd__buf_12)
     1    0.090421    0.059034    0.167569   19.067783 v wire30943/X (sky130_fd_sc_hd__buf_12)
                                                         net30943 (net)
                      0.062978    0.012516   19.080299 v clkbuf_0_clk_i/A (sky130_fd_sc_hd__clkbuf_16)
     2    0.123606    0.091630    0.220993   19.301292 v clkbuf_0_clk_i/X (sky130_fd_sc_hd__clkbuf_16)
                                                         clknet_0_clk_i (net)
                      0.092203    0.005567   19.306858 v clkbuf_1_1_0_clk_i/A (sky130_fd_sc_hd__clkbuf_8)
     1    0.104020    0.117415    0.236849   19.543707 v clkbuf_1_1_0_clk_i/X (sky130_fd_sc_hd__clkbuf_8)
                                                         clknet_1_1_0_clk_i (net)
                      0.124206    0.023080   19.566788 v clkbuf_1_1_1_clk_i/A (sky130_fd_sc_hd__clkbuf_8)
     1    0.083832    0.096690    0.246368   19.813156 v clkbuf_1_1_1_clk_i/X (sky130_fd_sc_hd__clkbuf_8)
                                                         clknet_1_1_1_clk_i (net)
                      0.097213    0.005620   19.818777 v wire30930/A (sky130_fd_sc_hd__buf_12)
     2    0.093627    0.060301    0.188985   20.007761 v wire30930/X (sky130_fd_sc_hd__buf_12)
                                                         net30930 (net)
                      0.061921    0.008162   20.015924 v wire30928/A (sky130_fd_sc_hd__buf_12)
     2    0.106595    0.066559    0.175692   20.191616 v wire30928/X (sky130_fd_sc_hd__buf_12)
                                                         net30928 (net)
                      0.067294    0.005809   20.197424 v max_length30927/A (sky130_fd_sc_hd__buf_12)
     1    0.047443    0.043294    0.154424   20.351849 v max_length30927/X (sky130_fd_sc_hd__buf_12)
                                                         net30927 (net)
                      0.047537    0.010811   20.362659 v wire30926/A (sky130_fd_sc_hd__buf_8)
     1    0.053984    0.050299    0.149981   20.512642 v wire30926/X (sky130_fd_sc_hd__buf_8)
                                                         net30926 (net)
                      0.056444    0.013967   20.526609 v wire30925/A (sky130_fd_sc_hd__buf_12)
     1    0.068740    0.047459    0.156609   20.683218 v wire30925/X (sky130_fd_sc_hd__buf_12)
                                                         net30925 (net)
                      0.061248    0.021217   20.704433 v clkbuf_leaf_5_clk_i/A (sky130_fd_sc_hd__clkbuf_8)
     3    0.080954    0.094070    0.212939   20.917374 v clkbuf_leaf_5_clk_i/X (sky130_fd_sc_hd__clkbuf_8)
                                                         clknet_leaf_5_clk_i (net)
                      0.126637    0.007727   20.925100 v data_bram_ctrl_inst.data_ram.u_mem.g_2k[0].u_cell.u_sram/clk1 (sky130_sram_2kbyte_1rw1r_32x512_8)
     1    0.010439    0.006888    0.453690   21.378792 v data_bram_ctrl_inst.data_ram.u_mem.g_2k[0].u_cell.u_sram/dout1[17] (sky130_sram_2kbyte_1rw1r_32x512_8)
                                                         data_bram_ctrl_inst.data_ram.u_mem.g_2k[0].u_cell.rdata[17] (net)
                      0.005166    0.000453   21.379244 v wire23912/A (sky130_fd_sc_hd__buf_2)
     1    0.013936    0.046564    0.131804   21.511047 v wire23912/X (sky130_fd_sc_hd__buf_2)
                                                         net23912 (net)
                      0.046593    0.001112   21.512159 v wire23911/A (sky130_fd_sc_hd__buf_2)
     1    0.017386    0.053827    0.156525   21.668686 v wire23911/X (sky130_fd_sc_hd__buf_2)
                                                         net23911 (net)
                      0.053874    0.001524   21.670210 v wire23910/A (sky130_fd_sc_hd__buf_4)
     1    0.020479    0.044209    0.164333   21.834541 v wire23910/X (sky130_fd_sc_hd__buf_4)
                                                         net23910 (net)
                      0.044297    0.001762   21.836304 v wire23909/A (sky130_fd_sc_hd__buf_2)
     1    0.018586    0.056295    0.157836   21.994141 v wire23909/X (sky130_fd_sc_hd__buf_2)
                                                         net23909 (net)
                      0.056340    0.001519   21.995659 v wire23908/A (sky130_fd_sc_hd__buf_2)
     1    0.018921    0.057005    0.163762   22.159422 v wire23908/X (sky130_fd_sc_hd__buf_2)
                                                         net23908 (net)
                      0.057073    0.001865   22.161287 v wire23907/A (sky130_fd_sc_hd__buf_4)
     1    0.015012    0.038999    0.158918   22.320206 v wire23907/X (sky130_fd_sc_hd__buf_4)
                                                         net23907 (net)
                      0.039005    0.000535   22.320740 v wire23906/A (sky130_fd_sc_hd__clkbuf_4)
     1    0.018898    0.052872    0.163784   22.484524 v wire23906/X (sky130_fd_sc_hd__clkbuf_4)
                                                         net23906 (net)
                      0.052928    0.001583   22.486107 v wire23905/A (sky130_fd_sc_hd__buf_2)
     1    0.021497    0.062314    0.167795   22.653900 v wire23905/X (sky130_fd_sc_hd__buf_2)
                                                         net23905 (net)
                      0.062324    0.000828   22.654728 v wire23904/A (sky130_fd_sc_hd__clkbuf_4)
     1    0.018171    0.051571    0.173555   22.828283 v wire23904/X (sky130_fd_sc_hd__clkbuf_4)
                                                         net23904 (net)
                      0.051634    0.001647   22.829931 v wire23903/A (sky130_fd_sc_hd__buf_4)
     1    0.021169    0.044888    0.164137   22.994068 v wire23903/X (sky130_fd_sc_hd__buf_4)
                                                         net23903 (net)
                      0.044947    0.001471   22.995539 v wire23902/A (sky130_fd_sc_hd__clkbuf_4)
     1    0.021931    0.057983    0.171383   23.166922 v wire23902/X (sky130_fd_sc_hd__clkbuf_4)
                                                         net23902 (net)
                      0.058045    0.001773   23.168694 v wire23901/A (sky130_fd_sc_hd__clkbuf_4)
     1    0.022407    0.058704    0.178581   23.347275 v wire23901/X (sky130_fd_sc_hd__clkbuf_4)
                                                         net23901 (net)
                      0.058721    0.001023   23.348299 v wire23900/A (sky130_fd_sc_hd__buf_4)
     1    0.018678    0.042321    0.164611   23.512909 v wire23900/X (sky130_fd_sc_hd__buf_4)
                                                         net23900 (net)
                      0.042475    0.001640   23.514549 v wire23899/A (sky130_fd_sc_hd__clkbuf_4)
     1    0.020665    0.055801    0.168503   23.683052 v wire23899/X (sky130_fd_sc_hd__clkbuf_4)
                                                         net23899 (net)
                      0.055816    0.000941   23.683994 v wire23898/A (sky130_fd_sc_hd__buf_4)
     1    0.022285    0.046241    0.166999   23.850992 v wire23898/X (sky130_fd_sc_hd__buf_4)
                                                         net23898 (net)
                      0.046416    0.002521   23.853514 v wire23897/A (sky130_fd_sc_hd__buf_4)
     1    0.018452    0.042026    0.158895   24.012409 v wire23897/X (sky130_fd_sc_hd__buf_4)
                                                         net23897 (net)
                      0.042088    0.001069   24.013477 v wire23896/A (sky130_fd_sc_hd__buf_4)
     1    0.021052    0.044756    0.159481   24.172960 v wire23896/X (sky130_fd_sc_hd__buf_4)
                                                         net23896 (net)
                      0.044873    0.002030   24.174990 v wire23895/A (sky130_fd_sc_hd__buf_4)
     1    0.018601    0.042117    0.158105   24.333094 v wire23895/X (sky130_fd_sc_hd__buf_4)
                                                         net23895 (net)
                      0.042284    0.001751   24.334846 v wire23894/A (sky130_fd_sc_hd__clkbuf_4)
     1    0.024920    0.063138    0.175001   24.509848 v wire23894/X (sky130_fd_sc_hd__clkbuf_4)
                                                         net23894 (net)
                      0.063180    0.001577   24.511425 v wire23893/A (sky130_fd_sc_hd__clkbuf_4)
     1    0.020332    0.055201    0.177458   24.688883 v wire23893/X (sky130_fd_sc_hd__clkbuf_4)
                                                         net23893 (net)
                      0.055258    0.001654   24.690536 v wire23892/A (sky130_fd_sc_hd__buf_2)
     1    0.020727    0.060702    0.166940   24.857477 v wire23892/X (sky130_fd_sc_hd__buf_2)
                                                         net23892 (net)
                      0.060757    0.001736   24.859213 v wire23891/A (sky130_fd_sc_hd__buf_4)
     1    0.021597    0.045318    0.168971   25.028183 v wire23891/X (sky130_fd_sc_hd__buf_4)
                                                         net23891 (net)
                      0.045376    0.001476   25.029659 v wire23890/A (sky130_fd_sc_hd__clkbuf_4)
     1    0.018852    0.052762    0.166633   25.196293 v wire23890/X (sky130_fd_sc_hd__clkbuf_4)
                                                         net23890 (net)
                      0.052824    0.001666   25.197958 v wire23889/A (sky130_fd_sc_hd__buf_2)
     1    0.020208    0.059613    0.164830   25.362787 v wire23889/X (sky130_fd_sc_hd__buf_2)
                                                         net23889 (net)
                      0.059666    0.001702   25.364491 v wire23888/A (sky130_fd_sc_hd__buf_4)
     1    0.021389    0.045256    0.167976   25.532465 v wire23888/X (sky130_fd_sc_hd__buf_4)
                                                         net23888 (net)
                      0.045377    0.002082   25.534548 v wire23887/A (sky130_fd_sc_hd__buf_2)
     1    0.020244    0.059698    0.162007   25.696554 v wire23887/X (sky130_fd_sc_hd__buf_2)
                                                         net23887 (net)
                      0.059704    0.000689   25.697245 v wire23886/A (sky130_fd_sc_hd__clkbuf_4)
     1    0.024932    0.063048    0.183421   25.880665 v wire23886/X (sky130_fd_sc_hd__clkbuf_4)
                                                         net23886 (net)
                      0.063067    0.001110   25.881775 v wire23885/A (sky130_fd_sc_hd__clkbuf_4)
     1    0.021539    0.057273    0.179218   26.060993 v wire23885/X (sky130_fd_sc_hd__clkbuf_4)
                                                         net23885 (net)
                      0.057342    0.001853   26.062847 v wire23884/A (sky130_fd_sc_hd__buf_4)
     1    0.024503    0.048313    0.170783   26.233629 v wire23884/X (sky130_fd_sc_hd__buf_4)
                                                         net23884 (net)
                      0.048340    0.001101   26.234730 v wire23883/A (sky130_fd_sc_hd__buf_4)
     1    0.021673    0.045367    0.163103   26.397835 v wire23883/X (sky130_fd_sc_hd__buf_4)
                                                         net23883 (net)
                      0.045473    0.001972   26.399805 v wire23882/A (sky130_fd_sc_hd__clkbuf_4)
     1    0.024593    0.062534    0.176071   26.575876 v wire23882/X (sky130_fd_sc_hd__clkbuf_4)
                                                         net23882 (net)
                      0.062561    0.001270   26.577147 v wire23881/A (sky130_fd_sc_hd__buf_4)
     1    0.021643    0.045406    0.169651   26.746798 v wire23881/X (sky130_fd_sc_hd__buf_4)
                                                         net23881 (net)
                      0.045513    0.001968   26.748766 v wire23880/A (sky130_fd_sc_hd__buf_4)
     1    0.020190    0.043804    0.160194   26.908958 v wire23880/X (sky130_fd_sc_hd__buf_4)
                                                         net23880 (net)
                      0.043886    0.001684   26.910643 v wire23879/A (sky130_fd_sc_hd__clkbuf_4)
     1    0.028933    0.070652    0.181222   27.091866 v wire23879/X (sky130_fd_sc_hd__clkbuf_4)
                                                         net23879 (net)
                      0.070938    0.003505   27.095369 v wire23878/A (sky130_fd_sc_hd__buf_2)
     1    0.020305    0.059785    0.173735   27.269106 v wire23878/X (sky130_fd_sc_hd__buf_2)
                                                         net23878 (net)
                      0.059820    0.001421   27.270527 v wire23877/A (sky130_fd_sc_hd__buf_2)
     1    0.017101    0.053159    0.162387   27.432913 v wire23877/X (sky130_fd_sc_hd__buf_2)
                                                         net23877 (net)
                      0.053181    0.001073   27.433987 v wire23876/A (sky130_fd_sc_hd__buf_2)
     1    0.020187    0.059635    0.164691   27.598679 v wire23876/X (sky130_fd_sc_hd__buf_2)
                                                         net23876 (net)
                      0.059699    0.001846   27.600523 v _115099_/A0 (sky130_fd_sc_hd__mux4_2)
     1    0.011306    0.107963    0.524407   28.124931 v _115099_/X (sky130_fd_sc_hd__mux4_2)
                                                         _055893_ (net)
                      0.107964    0.000542   28.125473 v wire16151/A (sky130_fd_sc_hd__buf_8)
     1    0.039327    0.045572    0.170335   28.295807 v wire16151/X (sky130_fd_sc_hd__buf_8)
                                                         net16151 (net)
                      0.046981    0.006610   28.302418 v wire34102/A (sky130_fd_sc_hd__buf_4)
     1    0.042952    0.070778    0.183411   28.485828 v wire34102/X (sky130_fd_sc_hd__buf_4)
                                                         net34102 (net)
                      0.071767    0.006882   28.492710 v wire16150/A (sky130_fd_sc_hd__buf_8)
     1    0.029801    0.037269    0.148518   28.641228 v wire16150/X (sky130_fd_sc_hd__buf_8)
                                                         net16150 (net)
                      0.037562    0.002851   28.644077 v wire33769/A (sky130_fd_sc_hd__clkbuf_8)
     1    0.036130    0.054617    0.163229   28.807308 v wire33769/X (sky130_fd_sc_hd__clkbuf_8)
                                                         net33769 (net)
                      0.055201    0.004418   28.811726 v wire16149/A (sky130_fd_sc_hd__buf_8)
     1    0.040211    0.044361    0.149116   28.960842 v wire16149/X (sky130_fd_sc_hd__buf_8)
                                                         net16149 (net)
                      0.044446    0.001814   28.962656 v wire33514/A (sky130_fd_sc_hd__buf_6)
     1    0.046660    0.053897    0.151710   29.114365 v wire33514/X (sky130_fd_sc_hd__buf_6)
                                                         net33514 (net)
                      0.054107    0.003038   29.117403 v wire16148/A (sky130_fd_sc_hd__buf_8)
     1    0.047654    0.050308    0.153157   29.270559 v wire16148/X (sky130_fd_sc_hd__buf_8)
                                                         net16148 (net)
                      0.050718    0.003739   29.274300 v wire33291/A (sky130_fd_sc_hd__clkbuf_4)
     1    0.026651    0.066214    0.181110   29.455410 v wire33291/X (sky130_fd_sc_hd__clkbuf_4)
                                                         net33291 (net)
                      0.066345    0.002704   29.458113 v _115100_/A1 (sky130_fd_sc_hd__mux2_1)
     1    0.002165    0.051607    0.302785   29.760899 v _115100_/X (sky130_fd_sc_hd__mux2_1)
                                                         _007681_ (net)
                      0.051607    0.000064   29.760963 v _128149_/D (sky130_fd_sc_hd__dfrtp_2)
                                             29.760963   data arrival time

                                 35.714283   35.714283   clock clk_i (rise edge)
                                  0.000000   35.714283   clock source latency
     1    0.041503    0.060996    0.040490   35.754776 ^ clk_i (in)
                                                         clk_i (net)
                      0.061627    0.000000   35.754776 ^ wire30895/A (sky130_fd_sc_hd__buf_12)
     1    0.077748    0.098188    0.134328   35.889103 ^ wire30895/X (sky130_fd_sc_hd__buf_12)
                                                         net30895 (net)
                      0.103995    0.017501   35.906605 ^ wire30894/A (sky130_fd_sc_hd__buf_12)
     1    0.055806    0.075006    0.135206   36.041809 ^ wire30894/X (sky130_fd_sc_hd__buf_12)
                                                         net30894 (net)
                      0.076765    0.008498   36.050308 ^ wire30893/A (sky130_fd_sc_hd__buf_12)
     2    0.081954    0.102858    0.145704   36.196011 ^ wire30893/X (sky130_fd_sc_hd__buf_12)
                                                         net30893 (net)
                      0.106318    0.014055   36.210064 ^ wire30892/A (sky130_fd_sc_hd__buf_8)
     1    0.043142    0.079627    0.135799   36.345863 ^ wire30892/X (sky130_fd_sc_hd__buf_8)
                                                         net30892 (net)
                      0.080184    0.005045   36.350910 ^ wire30891/A (sky130_fd_sc_hd__buf_12)
     1    0.087001    0.108159    0.149473   36.500381 ^ wire30891/X (sky130_fd_sc_hd__buf_12)
                                                         net30891 (net)
                      0.112665    0.016342   36.516724 ^ wire30890/A (sky130_fd_sc_hd__buf_12)
     1    0.110721    0.134231    0.175000   36.691723 ^ wire30890/X (sky130_fd_sc_hd__buf_12)
                                                         net30890 (net)
                      0.137522    0.015802   36.707527 ^ clkbuf_regs_0_clk_i/A (sky130_fd_sc_hd__clkbuf_16)
     1    0.008277    0.032339    0.139895   36.847424 ^ clkbuf_regs_0_clk_i/X (sky130_fd_sc_hd__clkbuf_16)
                                                         clk_i_regs (net)
                      0.032340    0.000231   36.847652 ^ clkbuf_0_clk_i_regs/A (sky130_fd_sc_hd__clkbuf_16)
     2    0.143441    0.155974    0.198909   37.046562 ^ clkbuf_0_clk_i_regs/X (sky130_fd_sc_hd__clkbuf_16)
                                                         clknet_0_clk_i_regs (net)
                      0.156275    0.005258   37.051819 ^ clkbuf_1_0_0_clk_i_regs/A (sky130_fd_sc_hd__clkbuf_8)
     1    0.063305    0.121067    0.203464   37.255283 ^ clkbuf_1_0_0_clk_i_regs/X (sky130_fd_sc_hd__clkbuf_8)
                                                         clknet_1_0_0_clk_i_regs (net)
                      0.126525    0.018961   37.274246 ^ clkbuf_1_0_1_clk_i_regs/A (sky130_fd_sc_hd__clkbuf_8)
     2    0.079505    0.144135    0.218577   37.492821 ^ clkbuf_1_0_1_clk_i_regs/X (sky130_fd_sc_hd__clkbuf_8)
                                                         clknet_1_0_1_clk_i_regs (net)
                      0.144831    0.007688   37.500511 ^ clkbuf_2_0_0_clk_i_regs/A (sky130_fd_sc_hd__clkbuf_8)
     1    0.093853    0.167801    0.241169   37.741680 ^ clkbuf_2_0_0_clk_i_regs/X (sky130_fd_sc_hd__clkbuf_8)
                                                         clknet_2_0_0_clk_i_regs (net)
                      0.168191    0.006249   37.747929 ^ clkbuf_2_0_1_clk_i_regs/A (sky130_fd_sc_hd__clkbuf_8)
     2    0.111131    0.196146    0.265217   38.013145 ^ clkbuf_2_0_1_clk_i_regs/X (sky130_fd_sc_hd__clkbuf_8)
                                                         clknet_2_0_1_clk_i_regs (net)
                      0.196419    0.005755   38.018902 ^ clkbuf_3_1_0_clk_i_regs/A (sky130_fd_sc_hd__clkbuf_8)
     2    0.143095    0.249817    0.304492   38.323395 ^ clkbuf_3_1_0_clk_i_regs/X (sky130_fd_sc_hd__clkbuf_8)
                                                         clknet_3_1_0_clk_i_regs (net)
                      0.251193    0.014353   38.337746 ^ clkbuf_4_2_0_clk_i_regs/A (sky130_fd_sc_hd__clkbuf_8)
     4    0.145936    0.253510    0.327947   38.665695 ^ clkbuf_4_2_0_clk_i_regs/X (sky130_fd_sc_hd__clkbuf_8)
                                                         clknet_4_2_0_clk_i_regs (net)
                      0.253994    0.008669   38.674362 ^ clkbuf_6_9_0_clk_i_regs/A (sky130_fd_sc_hd__clkbuf_8)
    15    0.209057    0.357192    0.396408   39.070770 ^ clkbuf_6_9_0_clk_i_regs/X (sky130_fd_sc_hd__clkbuf_8)
                                                         clknet_6_9_0_clk_i_regs (net)
                      0.358580    0.017245   39.088017 ^ clkbuf_leaf_534_clk_i_regs/A (sky130_fd_sc_hd__clkbuf_8)
    20    0.068685    0.129724    0.269960   39.357975 ^ clkbuf_leaf_534_clk_i_regs/X (sky130_fd_sc_hd__clkbuf_8)
                                                         clknet_leaf_534_clk_i_regs (net)
                      0.129816    0.002974   39.360950 ^ _128149_/CLK (sky130_fd_sc_hd__dfrtp_2)
                                 -0.250000   39.110947   clock uncertainty
                                  0.050708   39.161655   clock reconvergence pessimism
                                 -0.098760   39.062893   library setup time
                                             39.062893   data required time
---------------------------------------------------------------------------------------------
                                             39.062893   data required time
                                            -29.760963   data arrival time
---------------------------------------------------------------------------------------------
                                              9.301932   slack (MET)




===========================================================================
report_checks --slack_max -0.01
============================================================================
======================= nom_tt_025C_1v80 Corner ===================================

No paths found.


===========================================================================
 report_check_types -max_slew -max_cap -max_fanout -violators
============================================================================
======================= nom_tt_025C_1v80 Corner ===================================

max slew

Pin                                        Limit        Slew       Slack
------------------------------------------------------------------------
I2C_SDA                                 0.750000    1.342150   -0.592150 (VIOLATED)
hold31031/A                             0.750000    1.174930   -0.424930 (VIOLATED)
_130213_/Z                              0.750000    1.168785   -0.418785 (VIOLATED)
QSPI_IO3                                0.750000    1.090008   -0.340008 (VIOLATED)
QSPI_IO1                                0.750000    1.000668   -0.250668 (VIOLATED)
wire30848/A                             0.750000    0.953403   -0.203403 (VIOLATED)
_130214_/Z                              0.750000    0.951917   -0.201917 (VIOLATED)
instr_bram_ctrl_inst.instr_ram.u_mem.g_2k[2].u_cell.u_sram/addr0[8]    0.040000    0.191463   -0.151463 (VIOLATED)
data_bram_ctrl_inst.data_ram.u_mem.g_2k[2].u_cell.u_sram/addr1[5]    0.040000    0.191329   -0.151329 (VIOLATED)
instr_bram_ctrl_inst.instr_ram.u_mem.g_2k[2].u_cell.u_sram/addr0[5]    0.040000    0.188758   -0.148758 (VIOLATED)
instr_bram_ctrl_inst.instr_ram.u_mem.g_2k[2].u_cell.u_sram/addr0[7]    0.040000    0.188732   -0.148732 (VIOLATED)
data_bram_ctrl_inst.data_ram.u_mem.g_2k[3].u_cell.u_sram/addr1[6]    0.040000    0.188691   -0.148691 (VIOLATED)
yz_bram_ctrl_inst.yz_ram.u_mem.u_mem.g_2k[3].u_cell.u_sram/addr1[7]    0.040000    0.187076   -0.147076 (VIOLATED)
yz_bram_ctrl_inst.yz_ram.u_mem.u_mem.g_2k[3].u_cell.u_sram/addr0[7]    0.040000    0.185978   -0.145978 (VIOLATED)
data_bram_ctrl_inst.data_ram.u_mem.g_2k[2].u_cell.u_sram/wmask0[1]    0.040000    0.185545   -0.145545 (VIOLATED)
data_bram_ctrl_inst.data_ram.u_mem.g_2k[2].u_cell.u_sram/addr0[4]    0.040000    0.185072   -0.145072 (VIOLATED)
data_bram_ctrl_inst.data_ram.u_mem.g_2k[2].u_cell.u_sram/addr0[7]    0.040000    0.183025   -0.143025 (VIOLATED)
data_bram_ctrl_inst.data_ram.u_mem.g_2k[2].u_cell.u_sram/addr1[4]    0.040000    0.182521   -0.142521 (VIOLATED)
data_bram_ctrl_inst.data_ram.u_mem.g_2k[2].u_cell.u_sram/addr1[6]    0.040000    0.182467   -0.142467 (VIOLATED)
instr_bram_ctrl_inst.instr_ram.u_mem.g_2k[2].u_cell.u_sram/addr1[5]    0.040000    0.182336   -0.142336 (VIOLATED)
data_bram_ctrl_inst.data_ram.u_mem.g_2k[1].u_cell.u_sram/addr0[5]    0.040000    0.182234   -0.142234 (VIOLATED)
data_bram_ctrl_inst.data_ram.u_mem.g_2k[1].u_cell.u_sram/addr0[1]    0.040000    0.181619   -0.141619 (VIOLATED)
instr_bram_ctrl_inst.instr_ram.u_mem.g_2k[2].u_cell.u_sram/addr1[4]    0.040000    0.181494   -0.141494 (VIOLATED)
instr_bram_ctrl_inst.instr_ram.u_mem.g_2k[1].u_cell.u_sram/wmask0[3]    0.040000    0.180142   -0.140142 (VIOLATED)
yz_bram_ctrl_inst.yz_ram.u_mem.u_mem.g_2k[1].u_cell.u_sram/addr1[8]    0.040000    0.179732   -0.139732 (VIOLATED)
conv_accelerator_inst.u_conv_buf_ram.u_mem.u_mem.g_2k[1].u_cell.u_sram/addr0[4]    0.040000    0.179400   -0.139400 (VIOLATED)
data_bram_ctrl_inst.data_ram.u_mem.g_2k[1].u_cell.u_sram/wmask0[0]    0.040000    0.179172   -0.139172 (VIOLATED)
instr_bram_ctrl_inst.instr_ram.u_mem.g_2k[2].u_cell.u_sram/addr0[0]    0.040000    0.179045   -0.139045 (VIOLATED)
yz_bram_ctrl_inst.yz_ram.u_mem.u_mem.g_2k[1].u_cell.u_sram/addr1[7]    0.040000    0.178977   -0.138977 (VIOLATED)
instr_bram_ctrl_inst.instr_ram.u_mem.g_2k[1].u_cell.u_sram/wmask0[2]    0.040000    0.178623   -0.138623 (VIOLATED)
data_bram_ctrl_inst.data_ram.u_mem.g_2k[2].u_cell.u_sram/wmask0[0]    0.040000    0.178584   -0.138584 (VIOLATED)
instr_bram_ctrl_inst.instr_ram.u_mem.g_2k[0].u_cell.u_sram/addr1[7]    0.040000    0.178090   -0.138090 (VIOLATED)
data_bram_ctrl_inst.data_ram.u_mem.g_2k[1].u_cell.u_sram/addr0[3]    0.040000    0.177589   -0.137589 (VIOLATED)
instr_bram_ctrl_inst.instr_ram.u_mem.g_2k[2].u_cell.u_sram/addr1[6]    0.040000    0.177359   -0.137359 (VIOLATED)
yz_bram_ctrl_inst.yz_ram.u_mem.u_mem.g_2k[3].u_cell.u_sram/addr0[1]    0.040000    0.176795   -0.136795 (VIOLATED)
conv_accelerator_inst.u_conv_buf_ram.u_mem.u_mem.g_2k[1].u_cell.u_sram/addr0[0]    0.040000    0.176574   -0.136574 (VIOLATED)
conv_accelerator_inst.u_conv_buf_ram.u_mem.u_mem.g_2k[1].u_cell.u_sram/wmask0[0]    0.040000    0.176222   -0.136222 (VIOLATED)
conv_accelerator_inst.u_conv_buf_ram.u_mem.u_mem.g_2k[1].u_cell.u_sram/addr0[1]    0.040000    0.175953   -0.135953 (VIOLATED)
data_bram_ctrl_inst.data_ram.u_mem.g_2k[1].u_cell.u_sram/addr0[7]    0.040000    0.175532   -0.135532 (VIOLATED)
yz_bram_ctrl_inst.yz_ram.u_mem.u_mem.g_2k[3].u_cell.u_sram/addr1[1]    0.040000    0.175383   -0.135383 (VIOLATED)
instr_bram_ctrl_inst.instr_ram.u_mem.g_2k[2].u_cell.u_sram/addr0[1]    0.040000    0.175164   -0.135164 (VIOLATED)
conv_accelerator_inst.u_conv_buf_ram.u_mem.u_mem.g_2k[0].u_cell.u_sram/addr0[5]    0.040000    0.174967   -0.134967 (VIOLATED)
instr_bram_ctrl_inst.instr_ram.u_mem.g_2k[2].u_cell.u_sram/addr1[7]    0.040000    0.174863   -0.134863 (VIOLATED)
yz_bram_ctrl_inst.yz_ram.u_mem.u_mem.g_2k[0].u_cell.u_sram/addr1[8]    0.040000    0.174813   -0.134813 (VIOLATED)
data_bram_ctrl_inst.data_ram.u_mem.g_2k[1].u_cell.u_sram/addr1[1]    0.040000    0.174360   -0.134360 (VIOLATED)
data_bram_ctrl_inst.data_ram.u_mem.g_2k[1].u_cell.u_sram/addr1[8]    0.040000    0.174358   -0.134358 (VIOLATED)
instr_bram_ctrl_inst.instr_ram.u_mem.g_2k[2].u_cell.u_sram/addr1[2]    0.040000    0.174048   -0.134048 (VIOLATED)
data_bram_ctrl_inst.data_ram.u_mem.g_2k[3].u_cell.u_sram/addr1[5]    0.040000    0.173586   -0.133586 (VIOLATED)
yz_bram_ctrl_inst.yz_ram.u_mem.u_mem.g_1k.u_cell.u_sram/addr1[5]    0.040000    0.173469   -0.133469 (VIOLATED)
instr_bram_ctrl_inst.instr_ram.u_mem.g_2k[3].u_cell.u_sram/addr1[1]    0.040000    0.172580   -0.132580 (VIOLATED)
yz_bram_ctrl_inst.yz_ram.u_mem.u_mem.g_2k[1].u_cell.u_sram/addr0[1]    0.040000    0.171987   -0.131987 (VIOLATED)
yz_bram_ctrl_inst.yz_ram.u_mem.u_mem.g_2k[2].u_cell.u_sram/addr0[0]    0.040000    0.171770   -0.131770 (VIOLATED)
instr_bram_ctrl_inst.instr_ram.u_mem.g_2k[3].u_cell.u_sram/addr0[0]    0.040000    0.171768   -0.131768 (VIOLATED)
conv_accelerator_inst.u_conv_buf_ram.u_mem.u_mem.g_2k[1].u_cell.u_sram/wmask0[1]    0.040000    0.171678   -0.131678 (VIOLATED)
yz_bram_ctrl_inst.yz_ram.u_mem.u_mem.g_2k[2].u_cell.u_sram/addr1[8]    0.040000    0.171438   -0.131438 (VIOLATED)
data_bram_ctrl_inst.data_ram.u_mem.g_2k[2].u_cell.u_sram/addr1[8]    0.040000    0.171394   -0.131394 (VIOLATED)
instr_bram_ctrl_inst.instr_ram.u_mem.g_2k[0].u_cell.u_sram/addr1[8]    0.040000    0.171102   -0.131102 (VIOLATED)
data_bram_ctrl_inst.data_ram.u_mem.g_2k[1].u_cell.u_sram/addr1[7]    0.040000    0.171080   -0.131080 (VIOLATED)
instr_bram_ctrl_inst.instr_ram.u_mem.g_2k[2].u_cell.u_sram/addr1[8]    0.040000    0.170998   -0.130998 (VIOLATED)
data_bram_ctrl_inst.data_ram.u_mem.g_2k[0].u_cell.u_sram/wmask0[2]    0.040000    0.170995   -0.130995 (VIOLATED)
instr_bram_ctrl_inst.instr_ram.u_mem.g_2k[3].u_cell.u_sram/addr1[0]    0.040000    0.170919   -0.130919 (VIOLATED)
conv_accelerator_inst.u_conv_buf_ram.u_mem.u_mem.g_2k[0].u_cell.u_sram/wmask0[2]    0.040000    0.170652   -0.130652 (VIOLATED)
data_bram_ctrl_inst.data_ram.u_mem.g_2k[2].u_cell.u_sram/addr1[2]    0.040000    0.170570   -0.130570 (VIOLATED)
instr_bram_ctrl_inst.instr_ram.u_mem.g_2k[2].u_cell.u_sram/addr1[3]    0.040000    0.170560   -0.130560 (VIOLATED)
data_bram_ctrl_inst.data_ram.u_mem.g_2k[2].u_cell.u_sram/addr1[3]    0.040000    0.170552   -0.130552 (VIOLATED)
instr_bram_ctrl_inst.instr_ram.u_mem.g_2k[2].u_cell.u_sram/addr0[4]    0.040000    0.170417   -0.130417 (VIOLATED)
yz_bram_ctrl_inst.yz_ram.u_mem.u_mem.g_1k.u_cell.u_sram/addr1[6]    0.040000    0.170279   -0.130279 (VIOLATED)
instr_bram_ctrl_inst.instr_ram.u_mem.g_2k[2].u_cell.u_sram/wmask0[2]    0.040000    0.170123   -0.130123 (VIOLATED)
yz_bram_ctrl_inst.yz_ram.u_mem.u_mem.g_2k[1].u_cell.u_sram/addr1[0]    0.040000    0.169966   -0.129966 (VIOLATED)
yz_bram_ctrl_inst.yz_ram.u_mem.u_mem.g_2k[3].u_cell.u_sram/addr0[6]    0.040000    0.169811   -0.129811 (VIOLATED)
data_bram_ctrl_inst.data_ram.u_mem.g_2k[1].u_cell.u_sram/addr0[2]    0.040000    0.169728   -0.129728 (VIOLATED)
yz_bram_ctrl_inst.yz_ram.u_mem.u_mem.g_2k[3].u_cell.u_sram/wmask0[3]    0.040000    0.169573   -0.129573 (VIOLATED)
instr_bram_ctrl_inst.instr_ram.u_mem.g_2k[2].u_cell.u_sram/addr0[6]    0.040000    0.169360   -0.129360 (VIOLATED)
yz_bram_ctrl_inst.yz_ram.u_mem.u_mem.g_2k[1].u_cell.u_sram/wmask0[0]    0.040000    0.169332   -0.129332 (VIOLATED)
data_bram_ctrl_inst.data_ram.u_mem.g_2k[3].u_cell.u_sram/addr0[1]    0.040000    0.169326   -0.129326 (VIOLATED)
instr_bram_ctrl_inst.instr_ram.u_mem.g_2k[3].u_cell.u_sram/addr1[8]    0.040000    0.169241   -0.129241 (VIOLATED)
conv_accelerator_inst.u_conv_buf_ram.u_mem.u_mem.g_2k[1].u_cell.u_sram/addr0[5]    0.040000    0.169027   -0.129027 (VIOLATED)
conv_accelerator_inst.u_conv_buf_ram.u_mem.u_mem.g_2k[1].u_cell.u_sram/addr0[6]    0.040000    0.168929   -0.128929 (VIOLATED)
instr_bram_ctrl_inst.instr_ram.u_mem.g_2k[2].u_cell.u_sram/wmask0[3]    0.040000    0.168883   -0.128883 (VIOLATED)
data_bram_ctrl_inst.data_ram.u_mem.g_2k[1].u_cell.u_sram/addr0[6]    0.040000    0.168785   -0.128785 (VIOLATED)
data_bram_ctrl_inst.data_ram.u_mem.g_2k[3].u_cell.u_sram/addr1[8]    0.040000    0.168668   -0.128668 (VIOLATED)
instr_bram_ctrl_inst.instr_ram.u_mem.g_2k[3].u_cell.u_sram/wmask0[2]    0.040000    0.168539   -0.128539 (VIOLATED)
instr_bram_ctrl_inst.instr_ram.u_mem.g_2k[3].u_cell.u_sram/addr1[7]    0.040000    0.168414   -0.128414 (VIOLATED)
yz_bram_ctrl_inst.yz_ram.u_mem.u_mem.g_2k[3].u_cell.u_sram/wmask0[1]    0.040000    0.168402   -0.128402 (VIOLATED)
data_bram_ctrl_inst.data_ram.u_mem.g_2k[2].u_cell.u_sram/addr0[1]    0.040000    0.168104   -0.128104 (VIOLATED)
conv_accelerator_inst.u_conv_buf_ram.u_mem.u_mem.g_2k[1].u_cell.u_sram/wmask0[3]    0.040000    0.168095   -0.128095 (VIOLATED)
yz_bram_ctrl_inst.yz_ram.u_mem.u_mem.g_2k[1].u_cell.u_sram/wmask0[2]    0.040000    0.168023   -0.128023 (VIOLATED)
yz_bram_ctrl_inst.yz_ram.u_mem.u_mem.g_2k[3].u_cell.u_sram/wmask0[2]    0.040000    0.167806   -0.127806 (VIOLATED)
conv_accelerator_inst.u_conv_buf_ram.u_mem.u_mem.g_2k[0].u_cell.u_sram/addr1[7]    0.040000    0.167789   -0.127789 (VIOLATED)
data_bram_ctrl_inst.data_ram.u_mem.g_2k[2].u_cell.u_sram/addr0[6]    0.040000    0.167548   -0.127548 (VIOLATED)
yz_bram_ctrl_inst.yz_ram.u_mem.u_mem.g_2k[3].u_cell.u_sram/addr1[8]    0.040000    0.167532   -0.127532 (VIOLATED)
instr_bram_ctrl_inst.instr_ram.u_mem.g_2k[3].u_cell.u_sram/wmask0[3]    0.040000    0.167503   -0.127503 (VIOLATED)
yz_bram_ctrl_inst.yz_ram.u_mem.u_mem.g_2k[3].u_cell.u_sram/addr0[0]    0.040000    0.167486   -0.127486 (VIOLATED)
yz_bram_ctrl_inst.yz_ram.u_mem.u_mem.g_1k.u_cell.u_sram/addr1[7]    0.040000    0.167445   -0.127445 (VIOLATED)
yz_bram_ctrl_inst.yz_ram.u_mem.u_mem.g_2k[3].u_cell.u_sram/addr0[3]    0.040000    0.167430   -0.127430 (VIOLATED)
data_bram_ctrl_inst.data_ram.u_mem.g_2k[3].u_cell.u_sram/wmask0[0]    0.040000    0.167367   -0.127367 (VIOLATED)
data_bram_ctrl_inst.data_ram.u_mem.g_2k[2].u_cell.u_sram/addr1[7]    0.040000    0.167257   -0.127257 (VIOLATED)
conv_accelerator_inst.u_conv_buf_ram.u_mem.u_mem.g_2k[1].u_cell.u_sram/addr0[2]    0.040000    0.167110   -0.127110 (VIOLATED)
instr_bram_ctrl_inst.instr_ram.u_mem.g_2k[1].u_cell.u_sram/addr1[1]    0.040000    0.166956   -0.126956 (VIOLATED)
data_bram_ctrl_inst.data_ram.u_mem.g_2k[3].u_cell.u_sram/addr1[3]    0.040000    0.166791   -0.126791 (VIOLATED)
yz_bram_ctrl_inst.yz_ram.u_mem.u_mem.g_2k[0].u_cell.u_sram/addr1[7]    0.040000    0.166768   -0.126768 (VIOLATED)
data_bram_ctrl_inst.data_ram.u_mem.g_2k[2].u_cell.u_sram/addr0[3]    0.040000    0.166684   -0.126684 (VIOLATED)
yz_bram_ctrl_inst.yz_ram.u_mem.u_mem.g_2k[0].u_cell.u_sram/addr1[0]    0.040000    0.166667   -0.126667 (VIOLATED)
data_bram_ctrl_inst.data_ram.u_mem.g_2k[2].u_cell.u_sram/addr1[0]    0.040000    0.166507   -0.126507 (VIOLATED)
conv_accelerator_inst.u_conv_buf_ram.u_mem.u_mem.g_2k[0].u_cell.u_sram/wmask0[3]    0.040000    0.166488   -0.126488 (VIOLATED)
instr_bram_ctrl_inst.instr_ram.u_mem.g_2k[1].u_cell.u_sram/addr1[8]    0.040000    0.166465   -0.126465 (VIOLATED)
data_bram_ctrl_inst.data_ram.u_mem.g_2k[3].u_cell.u_sram/addr1[7]    0.040000    0.166254   -0.126254 (VIOLATED)
data_bram_ctrl_inst.data_ram.u_mem.g_2k[2].u_cell.u_sram/wmask0[3]    0.040000    0.166192   -0.126192 (VIOLATED)
data_bram_ctrl_inst.data_ram.u_mem.g_2k[1].u_cell.u_sram/addr1[0]    0.040000    0.166166   -0.126165 (VIOLATED)
instr_bram_ctrl_inst.instr_ram.u_mem.g_2k[2].u_cell.u_sram/wmask0[1]    0.040000    0.166124   -0.126124 (VIOLATED)
yz_bram_ctrl_inst.yz_ram.u_mem.u_mem.g_2k[3].u_cell.u_sram/addr0[4]    0.040000    0.165935   -0.125935 (VIOLATED)
instr_bram_ctrl_inst.instr_ram.u_mem.g_2k[1].u_cell.u_sram/addr1[7]    0.040000    0.165815   -0.125815 (VIOLATED)
data_bram_ctrl_inst.data_ram.u_mem.g_2k[3].u_cell.u_sram/addr0[7]    0.040000    0.165739   -0.125739 (VIOLATED)
yz_bram_ctrl_inst.yz_ram.u_mem.u_mem.g_1k.u_cell.u_sram/addr0[0]    0.040000    0.165707   -0.125707 (VIOLATED)
data_bram_ctrl_inst.data_ram.u_mem.g_2k[1].u_cell.u_sram/addr0[8]    0.040000    0.165621   -0.125621 (VIOLATED)
instr_bram_ctrl_inst.instr_ram.u_mem.g_2k[2].u_cell.u_sram/addr1[0]    0.040000    0.165618   -0.125618 (VIOLATED)
data_bram_ctrl_inst.data_ram.u_mem.g_2k[1].u_cell.u_sram/addr1[6]    0.040000    0.165533   -0.125533 (VIOLATED)
yz_bram_ctrl_inst.yz_ram.u_mem.u_mem.g_2k[0].u_cell.u_sram/addr1[1]    0.040000    0.165393   -0.125393 (VIOLATED)
yz_bram_ctrl_inst.yz_ram.u_mem.u_mem.g_2k[3].u_cell.u_sram/wmask0[0]    0.040000    0.165303   -0.125303 (VIOLATED)
data_bram_ctrl_inst.data_ram.u_mem.g_2k[3].u_cell.u_sram/addr1[0]    0.040000    0.165234   -0.125234 (VIOLATED)
yz_bram_ctrl_inst.yz_ram.u_mem.u_mem.g_2k[2].u_cell.u_sram/wmask0[3]    0.040000    0.165186   -0.125186 (VIOLATED)
instr_bram_ctrl_inst.instr_ram.u_mem.g_2k[0].u_cell.u_sram/addr0[7]    0.040000    0.165126   -0.125126 (VIOLATED)
yz_bram_ctrl_inst.yz_ram.u_mem.u_mem.g_2k[2].u_cell.u_sram/wmask0[2]    0.040000    0.165053   -0.125053 (VIOLATED)
conv_accelerator_inst.u_conv_buf_ram.u_mem.u_mem.g_2k[1].u_cell.u_sram/addr1[8]    0.040000    0.165017   -0.125017 (VIOLATED)
wire30852/A                             0.750000    0.874646   -0.124647 (VIOLATED)
conv_accelerator_inst.u_conv_buf_ram.u_mem.u_mem.g_2k[0].u_cell.u_sram/addr0[8]    0.040000    0.164512   -0.124512 (VIOLATED)
data_bram_ctrl_inst.data_ram.u_mem.g_2k[2].u_cell.u_sram/addr0[2]    0.040000    0.164475   -0.124475 (VIOLATED)
instr_bram_ctrl_inst.instr_ram.u_mem.g_2k[0].u_cell.u_sram/addr0[1]    0.040000    0.164372   -0.124372 (VIOLATED)
conv_accelerator_inst.u_conv_buf_ram.u_mem.u_mem.g_2k[1].u_cell.u_sram/wmask0[2]    0.040000    0.164341   -0.124341 (VIOLATED)
data_bram_ctrl_inst.data_ram.u_mem.g_2k[3].u_cell.u_sram/addr1[4]    0.040000    0.164337   -0.124337 (VIOLATED)
data_bram_ctrl_inst.data_ram.u_mem.g_2k[1].u_cell.u_sram/addr0[4]    0.040000    0.164238   -0.124238 (VIOLATED)
conv_accelerator_inst.u_conv_buf_ram.u_mem.u_mem.g_2k[0].u_cell.u_sram/addr1[8]    0.040000    0.164099   -0.124099 (VIOLATED)
conv_accelerator_inst.u_conv_buf_ram.u_mem.u_mem.g_2k[0].u_cell.u_sram/addr0[3]    0.040000    0.164069   -0.124069 (VIOLATED)
data_bram_ctrl_inst.data_ram.u_mem.g_2k[2].u_cell.u_sram/addr0[8]    0.040000    0.163752   -0.123752 (VIOLATED)
yz_bram_ctrl_inst.yz_ram.u_mem.u_mem.g_2k[3].u_cell.u_sram/addr0[8]    0.040000    0.163672   -0.123672 (VIOLATED)
yz_bram_ctrl_inst.yz_ram.u_mem.u_mem.g_2k[2].u_cell.u_sram/addr1[7]    0.040000    0.163652   -0.123652 (VIOLATED)
conv_accelerator_inst.u_conv_buf_ram.u_mem.u_mem.g_2k[1].u_cell.u_sram/addr0[7]    0.040000    0.163548   -0.123548 (VIOLATED)
yz_bram_ctrl_inst.yz_ram.u_mem.u_mem.g_1k.u_cell.u_sram/addr1[4]    0.040000    0.163547   -0.123547 (VIOLATED)
yz_bram_ctrl_inst.yz_ram.u_mem.u_mem.g_2k[0].u_cell.u_sram/addr0[0]    0.040000    0.163479   -0.123479 (VIOLATED)
instr_bram_ctrl_inst.instr_ram.u_mem.g_2k[3].u_cell.u_sram/addr0[1]    0.040000    0.163473   -0.123473 (VIOLATED)
_130216_/Z                              0.750000    0.873300   -0.123300 (VIOLATED)
data_bram_ctrl_inst.data_ram.u_mem.g_2k[2].u_cell.u_sram/addr0[0]    0.040000    0.163213   -0.123213 (VIOLATED)
conv_accelerator_inst.u_conv_buf_ram.u_mem.u_mem.g_2k[0].u_cell.u_sram/addr0[7]    0.040000    0.162851   -0.122851 (VIOLATED)
conv_accelerator_inst.u_conv_buf_ram.u_mem.u_mem.g_2k[1].u_cell.u_sram/addr0[3]    0.040000    0.162785   -0.122785 (VIOLATED)
conv_accelerator_inst.u_conv_buf_ram.u_mem.u_mem.g_2k[1].u_cell.u_sram/addr1[3]    0.040000    0.162736   -0.122736 (VIOLATED)
instr_bram_ctrl_inst.instr_ram.u_mem.g_2k[2].u_cell.u_sram/addr0[2]    0.040000    0.162695   -0.122695 (VIOLATED)
instr_bram_ctrl_inst.instr_ram.u_mem.g_2k[2].u_cell.u_sram/addr0[3]    0.040000    0.162464   -0.122464 (VIOLATED)
data_bram_ctrl_inst.data_ram.u_mem.g_2k[1].u_cell.u_sram/addr0[0]    0.040000    0.162402   -0.122402 (VIOLATED)
conv_accelerator_inst.u_conv_buf_ram.u_mem.u_mem.g_2k[0].u_cell.u_sram/addr0[4]    0.040000    0.162374   -0.122374 (VIOLATED)
data_bram_ctrl_inst.data_ram.u_mem.g_2k[0].u_cell.u_sram/wmask0[0]    0.040000    0.162326   -0.122326 (VIOLATED)
conv_accelerator_inst.u_conv_buf_ram.u_mem.u_mem.g_2k[1].u_cell.u_sram/addr1[7]    0.040000    0.162237   -0.122237 (VIOLATED)
yz_bram_ctrl_inst.yz_ram.u_mem.u_mem.g_2k[3].u_cell.u_sram/addr0[5]    0.040000    0.162155   -0.122155 (VIOLATED)
data_bram_ctrl_inst.data_ram.u_mem.g_2k[0].u_cell.u_sram/wmask0[1]    0.040000    0.162096   -0.122096 (VIOLATED)
data_bram_ctrl_inst.data_ram.u_mem.g_2k[3].u_cell.u_sram/addr1[2]    0.040000    0.161944   -0.121944 (VIOLATED)
conv_accelerator_inst.u_conv_buf_ram.u_mem.u_mem.g_2k[0].u_cell.u_sram/addr1[6]    0.040000    0.161903   -0.121903 (VIOLATED)
data_bram_ctrl_inst.data_ram.u_mem.g_2k[0].u_cell.u_sram/addr1[7]    0.040000    0.161782   -0.121782 (VIOLATED)
data_bram_ctrl_inst.data_ram.u_mem.g_2k[1].u_cell.u_sram/addr1[3]    0.040000    0.161750   -0.121750 (VIOLATED)
yz_bram_ctrl_inst.yz_ram.u_mem.u_mem.g_2k[1].u_cell.u_sram/wmask0[1]    0.040000    0.161745   -0.121745 (VIOLATED)
data_bram_ctrl_inst.data_ram.u_mem.g_2k[1].u_cell.u_sram/addr1[2]    0.040000    0.161701   -0.121701 (VIOLATED)
yz_bram_ctrl_inst.yz_ram.u_mem.u_mem.g_2k[0].u_cell.u_sram/wmask0[2]    0.040000    0.161659   -0.121659 (VIOLATED)
instr_bram_ctrl_inst.instr_ram.u_mem.g_2k[0].u_cell.u_sram/wmask0[0]    0.040000    0.161647   -0.121647 (VIOLATED)
instr_bram_ctrl_inst.instr_ram.u_mem.g_2k[3].u_cell.u_sram/wmask0[0]    0.040000    0.161606   -0.121606 (VIOLATED)
yz_bram_ctrl_inst.yz_ram.u_mem.u_mem.g_2k[0].u_cell.u_sram/wmask0[3]    0.040000    0.161474   -0.121474 (VIOLATED)
yz_bram_ctrl_inst.yz_ram.u_mem.u_mem.g_2k[2].u_cell.u_sram/wmask0[1]    0.040000    0.161469   -0.121469 (VIOLATED)
instr_bram_ctrl_inst.instr_ram.u_mem.g_2k[3].u_cell.u_sram/wmask0[1]    0.040000    0.161432   -0.121432 (VIOLATED)
instr_bram_ctrl_inst.instr_ram.u_mem.g_2k[3].u_cell.u_sram/addr0[2]    0.040000    0.161321   -0.121321 (VIOLATED)
data_bram_ctrl_inst.data_ram.u_mem.g_2k[3].u_cell.u_sram/addr1[1]    0.040000    0.161284   -0.121284 (VIOLATED)
data_bram_ctrl_inst.data_ram.u_mem.g_2k[0].u_cell.u_sram/addr0[6]    0.040000    0.161044   -0.121044 (VIOLATED)
yz_bram_ctrl_inst.yz_ram.u_mem.u_mem.g_2k[0].u_cell.u_sram/addr0[1]    0.040000    0.161022   -0.121022 (VIOLATED)
QSPI_IO0                                0.750000    0.870990   -0.120990 (VIOLATED)
yz_bram_ctrl_inst.yz_ram.u_mem.u_mem.g_2k[1].u_cell.u_sram/addr0[0]    0.040000    0.160938   -0.120938 (VIOLATED)
instr_bram_ctrl_inst.instr_ram.u_mem.g_2k[1].u_cell.u_sram/addr0[4]    0.040000    0.160835   -0.120835 (VIOLATED)
instr_bram_ctrl_inst.instr_ram.u_mem.g_2k[1].u_cell.u_sram/addr0[1]    0.040000    0.160786   -0.120786 (VIOLATED)
data_bram_ctrl_inst.data_ram.u_mem.g_2k[0].u_cell.u_sram/addr0[4]    0.040000    0.160783   -0.120784 (VIOLATED)
yz_bram_ctrl_inst.yz_ram.u_mem.u_mem.g_2k[1].u_cell.u_sram/wmask0[3]    0.040000    0.160749   -0.120749 (VIOLATED)
data_bram_ctrl_inst.data_ram.u_mem.g_2k[2].u_cell.u_sram/addr0[5]    0.040000    0.160722   -0.120722 (VIOLATED)
yz_bram_ctrl_inst.yz_ram.u_mem.u_mem.g_2k[2].u_cell.u_sram/addr1[0]    0.040000    0.160711   -0.120711 (VIOLATED)
instr_bram_ctrl_inst.instr_ram.u_mem.g_2k[1].u_cell.u_sram/addr1[0]    0.040000    0.160644   -0.120644 (VIOLATED)
instr_bram_ctrl_inst.instr_ram.u_mem.g_2k[2].u_cell.u_sram/wmask0[0]    0.040000    0.160622   -0.120622 (VIOLATED)
data_bram_ctrl_inst.data_ram.u_mem.g_2k[3].u_cell.u_sram/wmask0[2]    0.040000    0.160609   -0.120609 (VIOLATED)
instr_bram_ctrl_inst.instr_ram.u_mem.g_2k[0].u_cell.u_sram/addr0[2]    0.040000    0.160596   -0.120596 (VIOLATED)
conv_accelerator_inst.u_conv_buf_ram.u_mem.u_mem.g_2k[0].u_cell.u_sram/addr0[0]    0.040000    0.160542   -0.120542 (VIOLATED)
instr_bram_ctrl_inst.instr_ram.u_mem.g_2k[0].u_cell.u_sram/addr0[4]    0.040000    0.160523   -0.120523 (VIOLATED)
data_bram_ctrl_inst.data_ram.u_mem.g_2k[1].u_cell.u_sram/wmask0[3]    0.040000    0.160496   -0.120496 (VIOLATED)
data_bram_ctrl_inst.data_ram.u_mem.g_2k[2].u_cell.u_sram/wmask0[2]    0.040000    0.160415   -0.120415 (VIOLATED)
instr_bram_ctrl_inst.instr_ram.u_mem.g_2k[1].u_cell.u_sram/wmask0[0]    0.040000    0.160415   -0.120415 (VIOLATED)
instr_bram_ctrl_inst.instr_ram.u_mem.g_2k[3].u_cell.u_sram/addr0[6]    0.040000    0.160410   -0.120410 (VIOLATED)
instr_bram_ctrl_inst.instr_ram.u_mem.g_2k[3].u_cell.u_sram/addr0[4]    0.040000    0.160378   -0.120378 (VIOLATED)
instr_bram_ctrl_inst.instr_ram.u_mem.g_2k[1].u_cell.u_sram/addr0[6]    0.040000    0.160372   -0.120372 (VIOLATED)
instr_bram_ctrl_inst.instr_ram.u_mem.g_2k[0].u_cell.u_sram/addr0[6]    0.040000    0.160278   -0.120278 (VIOLATED)
data_bram_ctrl_inst.data_ram.u_mem.g_2k[0].u_cell.u_sram/addr1[8]    0.040000    0.160167   -0.120167 (VIOLATED)
data_bram_ctrl_inst.data_ram.u_mem.g_2k[0].u_cell.u_sram/wmask0[3]    0.040000    0.160111   -0.120111 (VIOLATED)
data_bram_ctrl_inst.data_ram.u_mem.g_2k[0].u_cell.u_sram/addr0[1]    0.040000    0.160108   -0.120108 (VIOLATED)
conv_accelerator_inst.u_conv_buf_ram.u_mem.u_mem.g_2k[1].u_cell.u_sram/addr1[5]    0.040000    0.160063   -0.120063 (VIOLATED)
conv_accelerator_inst.u_conv_buf_ram.u_mem.u_mem.g_2k[0].u_cell.u_sram/wmask0[0]    0.040000    0.160058   -0.120058 (VIOLATED)
yz_bram_ctrl_inst.yz_ram.u_mem.u_mem.g_2k[1].u_cell.u_sram/addr0[2]    0.040000    0.160031   -0.120031 (VIOLATED)
data_bram_ctrl_inst.data_ram.u_mem.g_2k[1].u_cell.u_sram/wmask0[1]    0.040000    0.160017   -0.120017 (VIOLATED)
yz_bram_ctrl_inst.yz_ram.u_mem.u_mem.g_2k[2].u_cell.u_sram/addr0[2]    0.040000    0.160006   -0.120006 (VIOLATED)
data_bram_ctrl_inst.data_ram.u_mem.g_2k[1].u_cell.u_sram/addr1[4]    0.040000    0.159848   -0.119848 (VIOLATED)
data_bram_ctrl_inst.data_ram.u_mem.g_2k[3].u_cell.u_sram/addr0[3]    0.040000    0.159834   -0.119834 (VIOLATED)
yz_bram_ctrl_inst.yz_ram.u_mem.u_mem.g_1k.u_cell.u_sram/wmask0[0]    0.040000    0.159750   -0.119750 (VIOLATED)
yz_bram_ctrl_inst.yz_ram.u_mem.u_mem.g_2k[0].u_cell.u_sram/addr1[6]    0.040000    0.159742   -0.119742 (VIOLATED)
yz_bram_ctrl_inst.yz_ram.u_mem.u_mem.g_1k.u_cell.u_sram/addr1[3]    0.040000    0.159719   -0.119719 (VIOLATED)
data_bram_ctrl_inst.data_ram.u_mem.g_2k[3].u_cell.u_sram/addr0[4]    0.040000    0.159694   -0.119694 (VIOLATED)
data_bram_ctrl_inst.data_ram.u_mem.g_2k[3].u_cell.u_sram/addr0[0]    0.040000    0.159646   -0.119646 (VIOLATED)
instr_bram_ctrl_inst.instr_ram.u_mem.g_2k[1].u_cell.u_sram/addr0[2]    0.040000    0.159559   -0.119559 (VIOLATED)
yz_bram_ctrl_inst.yz_ram.u_mem.u_mem.g_2k[1].u_cell.u_sram/addr1[1]    0.040000    0.159524   -0.119524 (VIOLATED)
conv_accelerator_inst.u_conv_buf_ram.u_mem.u_mem.g_2k[0].u_cell.u_sram/addr0[6]    0.040000    0.159517   -0.119517 (VIOLATED)
data_bram_ctrl_inst.data_ram.u_mem.g_2k[0].u_cell.u_sram/addr1[4]    0.040000    0.159493   -0.119493 (VIOLATED)
yz_bram_ctrl_inst.yz_ram.u_mem.u_mem.g_2k[2].u_cell.u_sram/addr0[1]    0.040000    0.159470   -0.119470 (VIOLATED)
data_bram_ctrl_inst.data_ram.u_mem.g_2k[0].u_cell.u_sram/addr0[0]    0.040000    0.159456   -0.119456 (VIOLATED)
conv_accelerator_inst.u_conv_buf_ram.u_mem.u_mem.g_2k[1].u_cell.u_sram/addr0[8]    0.040000    0.159352   -0.119352 (VIOLATED)
data_bram_ctrl_inst.data_ram.u_mem.g_2k[0].u_cell.u_sram/addr1[5]    0.040000    0.159269   -0.119269 (VIOLATED)
instr_bram_ctrl_inst.instr_ram.u_mem.g_2k[1].u_cell.u_sram/addr0[0]    0.040000    0.159245   -0.119245 (VIOLATED)
data_bram_ctrl_inst.data_ram.u_mem.g_2k[0].u_cell.u_sram/addr0[2]    0.040000    0.159222   -0.119222 (VIOLATED)
yz_bram_ctrl_inst.yz_ram.u_mem.u_mem.g_2k[0].u_cell.u_sram/addr1[5]    0.040000    0.159141   -0.119141 (VIOLATED)
conv_accelerator_inst.u_conv_buf_ram.u_mem.u_mem.g_2k[0].u_cell.u_sram/addr1[3]    0.040000    0.159121   -0.119121 (VIOLATED)
data_bram_ctrl_inst.data_ram.u_mem.g_2k[0].u_cell.u_sram/addr0[8]    0.040000    0.159118   -0.119118 (VIOLATED)
instr_bram_ctrl_inst.instr_ram.u_mem.g_2k[1].u_cell.u_sram/wmask0[1]    0.040000    0.158993   -0.118993 (VIOLATED)
yz_bram_ctrl_inst.yz_ram.u_mem.u_mem.g_2k[1].u_cell.u_sram/addr1[5]    0.040000    0.158975   -0.118975 (VIOLATED)
data_bram_ctrl_inst.data_ram.u_mem.g_2k[3].u_cell.u_sram/wmask0[1]    0.040000    0.158961   -0.118961 (VIOLATED)
yz_bram_ctrl_inst.yz_ram.u_mem.u_mem.g_2k[0].u_cell.u_sram/wmask0[0]    0.040000    0.158924   -0.118924 (VIOLATED)
yz_bram_ctrl_inst.yz_ram.u_mem.u_mem.g_2k[3].u_cell.u_sram/addr1[0]    0.040000    0.158733   -0.118733 (VIOLATED)
yz_bram_ctrl_inst.yz_ram.u_mem.u_mem.g_2k[1].u_cell.u_sram/addr1[6]    0.040000    0.158707   -0.118707 (VIOLATED)
yz_bram_ctrl_inst.yz_ram.u_mem.u_mem.g_2k[0].u_cell.u_sram/addr1[4]    0.040000    0.158686   -0.118686 (VIOLATED)
yz_bram_ctrl_inst.yz_ram.u_mem.u_mem.g_2k[2].u_cell.u_sram/addr0[4]    0.040000    0.158671   -0.118671 (VIOLATED)
data_bram_ctrl_inst.data_ram.u_mem.g_2k[0].u_cell.u_sram/addr1[6]    0.040000    0.158636   -0.118636 (VIOLATED)
data_bram_ctrl_inst.data_ram.u_mem.g_2k[3].u_cell.u_sram/addr0[5]    0.040000    0.158586   -0.118586 (VIOLATED)
conv_accelerator_inst.u_conv_buf_ram.u_mem.u_mem.g_2k[0].u_cell.u_sram/addr1[5]    0.040000    0.158481   -0.118481 (VIOLATED)
data_bram_ctrl_inst.data_ram.u_mem.g_2k[0].u_cell.u_sram/addr0[3]    0.040000    0.158459   -0.118459 (VIOLATED)
yz_bram_ctrl_inst.yz_ram.u_mem.u_mem.g_1k.u_cell.u_sram/addr1[2]    0.040000    0.158423   -0.118423 (VIOLATED)
data_bram_ctrl_inst.data_ram.u_mem.g_2k[1].u_cell.u_sram/wmask0[2]    0.040000    0.158386   -0.118386 (VIOLATED)
yz_bram_ctrl_inst.yz_ram.u_mem.u_mem.g_2k[2].u_cell.u_sram/addr1[1]    0.040000    0.158381   -0.118381 (VIOLATED)
yz_bram_ctrl_inst.yz_ram.u_mem.u_mem.g_2k[2].u_cell.u_sram/addr0[6]    0.040000    0.158313   -0.118313 (VIOLATED)
yz_bram_ctrl_inst.yz_ram.u_mem.u_mem.g_1k.u_cell.u_sram/addr0[2]    0.040000    0.158280   -0.118280 (VIOLATED)
yz_bram_ctrl_inst.yz_ram.u_mem.u_mem.g_1k.u_cell.u_sram/addr0[6]    0.040000    0.158279   -0.118279 (VIOLATED)
data_bram_ctrl_inst.data_ram.u_mem.g_2k[0].u_cell.u_sram/addr1[2]    0.040000    0.158270   -0.118270 (VIOLATED)
conv_accelerator_inst.u_conv_buf_ram.u_mem.u_mem.g_2k[0].u_cell.u_sram/addr0[2]    0.040000    0.158181   -0.118181 (VIOLATED)
yz_bram_ctrl_inst.yz_ram.u_mem.u_mem.g_1k.u_cell.u_sram/addr0[7]    0.040000    0.158149   -0.118149 (VIOLATED)
conv_accelerator_inst.u_conv_buf_ram.u_mem.u_mem.g_2k[0].u_cell.u_sram/addr1[4]    0.040000    0.158081   -0.118081 (VIOLATED)
yz_bram_ctrl_inst.yz_ram.u_mem.u_mem.g_2k[2].u_cell.u_sram/addr0[5]    0.040000    0.158008   -0.118008 (VIOLATED)
yz_bram_ctrl_inst.yz_ram.u_mem.u_mem.g_2k[1].u_cell.u_sram/addr1[4]    0.040000    0.158005   -0.118005 (VIOLATED)
yz_bram_ctrl_inst.yz_ram.u_mem.u_mem.g_2k[2].u_cell.u_sram/wmask0[0]    0.040000    0.157993   -0.117993 (VIOLATED)
conv_accelerator_inst.u_conv_buf_ram.u_mem.u_mem.g_2k[1].u_cell.u_sram/addr1[0]    0.040000    0.157959   -0.117959 (VIOLATED)
data_bram_ctrl_inst.data_ram.u_mem.g_2k[1].u_cell.u_sram/addr1[5]    0.040000    0.157956   -0.117957 (VIOLATED)
yz_bram_ctrl_inst.yz_ram.u_mem.u_mem.g_2k[0].u_cell.u_sram/addr0[2]    0.040000    0.157809   -0.117809 (VIOLATED)
yz_bram_ctrl_inst.yz_ram.u_mem.u_mem.g_1k.u_cell.u_sram/wmask0[3]    0.040000    0.157717   -0.117717 (VIOLATED)
instr_bram_ctrl_inst.instr_ram.u_mem.g_2k[0].u_cell.u_sram/addr0[3]    0.040000    0.157608   -0.117608 (VIOLATED)
yz_bram_ctrl_inst.yz_ram.u_mem.u_mem.g_2k[1].u_cell.u_sram/addr0[4]    0.040000    0.157523   -0.117523 (VIOLATED)
yz_bram_ctrl_inst.yz_ram.u_mem.u_mem.g_2k[1].u_cell.u_sram/addr0[6]    0.040000    0.157509   -0.117509 (VIOLATED)
instr_bram_ctrl_inst.instr_ram.u_mem.g_2k[3].u_cell.u_sram/addr1[6]    0.040000    0.157471   -0.117471 (VIOLATED)
instr_bram_ctrl_inst.instr_ram.u_mem.g_2k[3].u_cell.u_sram/addr0[8]    0.040000    0.157458   -0.117458 (VIOLATED)
yz_bram_ctrl_inst.yz_ram.u_mem.u_mem.g_2k[0].u_cell.u_sram/addr0[4]    0.040000    0.157421   -0.117421 (VIOLATED)
instr_bram_ctrl_inst.instr_ram.u_mem.g_2k[3].u_cell.u_sram/addr1[4]    0.040000    0.157419   -0.117419 (VIOLATED)
yz_bram_ctrl_inst.yz_ram.u_mem.u_mem.g_2k[3].u_cell.u_sram/addr1[6]    0.040000    0.157327   -0.117327 (VIOLATED)
instr_bram_ctrl_inst.instr_ram.u_mem.g_2k[0].u_cell.u_sram/addr0[8]    0.040000    0.157295   -0.117295 (VIOLATED)
yz_bram_ctrl_inst.yz_ram.u_mem.u_mem.g_2k[0].u_cell.u_sram/addr0[6]    0.040000    0.157130   -0.117130 (VIOLATED)
instr_bram_ctrl_inst.instr_ram.u_mem.g_2k[2].u_cell.u_sram/addr1[1]    0.040000    0.157117   -0.117117 (VIOLATED)
conv_accelerator_inst.u_conv_buf_ram.u_mem.u_mem.g_2k[1].u_cell.u_sram/addr1[6]    0.040000    0.157104   -0.117104 (VIOLATED)
yz_bram_ctrl_inst.yz_ram.u_mem.u_mem.g_2k[3].u_cell.u_sram/addr1[4]    0.040000    0.157070   -0.117070 (VIOLATED)
instr_bram_ctrl_inst.instr_ram.u_mem.g_2k[1].u_cell.u_sram/addr0[8]    0.040000    0.157024   -0.117024 (VIOLATED)
yz_bram_ctrl_inst.yz_ram.u_mem.u_mem.g_2k[3].u_cell.u_sram/addr1[5]    0.040000    0.156977   -0.116977 (VIOLATED)
instr_bram_ctrl_inst.instr_ram.u_mem.g_2k[3].u_cell.u_sram/addr1[2]    0.040000    0.156820   -0.116820 (VIOLATED)
instr_bram_ctrl_inst.instr_ram.u_mem.g_2k[3].u_cell.u_sram/addr0[3]    0.040000    0.156781   -0.116781 (VIOLATED)
instr_bram_ctrl_inst.instr_ram.u_mem.g_2k[3].u_cell.u_sram/addr1[5]    0.040000    0.156696   -0.116696 (VIOLATED)
yz_bram_ctrl_inst.yz_ram.u_mem.u_mem.g_1k.u_cell.u_sram/addr0[1]    0.040000    0.156694   -0.116694 (VIOLATED)
yz_bram_ctrl_inst.yz_ram.u_mem.u_mem.g_2k[0].u_cell.u_sram/wmask0[1]    0.040000    0.156669   -0.116669 (VIOLATED)
conv_accelerator_inst.u_conv_buf_ram.u_mem.u_mem.g_2k[1].u_cell.u_sram/addr1[1]    0.040000    0.156644   -0.116644 (VIOLATED)
data_bram_ctrl_inst.data_ram.u_mem.g_2k[3].u_cell.u_sram/wmask0[3]    0.040000    0.156550   -0.116550 (VIOLATED)
instr_bram_ctrl_inst.instr_ram.u_mem.g_2k[1].u_cell.u_sram/addr0[7]    0.040000    0.156517   -0.116517 (VIOLATED)
instr_bram_ctrl_inst.instr_ram.u_mem.g_2k[1].u_cell.u_sram/addr1[6]    0.040000    0.156504   -0.116504 (VIOLATED)
instr_bram_ctrl_inst.instr_ram.u_mem.g_2k[1].u_cell.u_sram/addr1[4]    0.040000    0.156480   -0.116480 (VIOLATED)
yz_bram_ctrl_inst.yz_ram.u_mem.u_mem.g_2k[3].u_cell.u_sram/addr1[3]    0.040000    0.156444   -0.116444 (VIOLATED)
yz_bram_ctrl_inst.yz_ram.u_mem.u_mem.g_1k.u_cell.u_sram/addr0[4]    0.040000    0.156422   -0.116422 (VIOLATED)
yz_bram_ctrl_inst.yz_ram.u_mem.u_mem.g_1k.u_cell.u_sram/addr0[5]    0.040000    0.156419   -0.116419 (VIOLATED)
yz_bram_ctrl_inst.yz_ram.u_mem.u_mem.g_1k.u_cell.u_sram/addr0[3]    0.040000    0.156401   -0.116401 (VIOLATED)
conv_accelerator_inst.u_conv_buf_ram.u_mem.u_mem.g_2k[1].u_cell.u_sram/addr1[4]    0.040000    0.156354   -0.116354 (VIOLATED)
yz_bram_ctrl_inst.yz_ram.u_mem.u_mem.g_2k[2].u_cell.u_sram/addr1[6]    0.040000    0.156320   -0.116320 (VIOLATED)
data_bram_ctrl_inst.data_ram.u_mem.g_2k[0].u_cell.u_sram/addr1[3]    0.040000    0.156294   -0.116294 (VIOLATED)
yz_bram_ctrl_inst.yz_ram.u_mem.u_mem.g_2k[1].u_cell.u_sram/addr0[3]    0.040000    0.156238   -0.116238 (VIOLATED)
yz_bram_ctrl_inst.yz_ram.u_mem.u_mem.g_2k[3].u_cell.u_sram/addr1[2]    0.040000    0.156234   -0.116234 (VIOLATED)
instr_bram_ctrl_inst.instr_ram.u_mem.g_2k[0].u_cell.u_sram/addr0[5]    0.040000    0.156126   -0.116126 (VIOLATED)
yz_bram_ctrl_inst.yz_ram.u_mem.u_mem.g_2k[3].u_cell.u_sram/addr0[2]    0.040000    0.155935   -0.115935 (VIOLATED)
instr_bram_ctrl_inst.instr_ram.u_mem.g_2k[3].u_cell.u_sram/addr0[5]    0.040000    0.155882   -0.115882 (VIOLATED)
yz_bram_ctrl_inst.yz_ram.u_mem.u_mem.g_2k[2].u_cell.u_sram/addr1[5]    0.040000    0.155801   -0.115801 (VIOLATED)
instr_bram_ctrl_inst.instr_ram.u_mem.g_2k[0].u_cell.u_sram/addr1[4]    0.040000    0.155793   -0.115793 (VIOLATED)
data_bram_ctrl_inst.data_ram.u_mem.g_2k[3].u_cell.u_sram/addr0[6]    0.040000    0.155773   -0.115773 (VIOLATED)
data_bram_ctrl_inst.data_ram.u_mem.g_2k[2].u_cell.u_sram/addr1[1]    0.040000    0.155767   -0.115767 (VIOLATED)
instr_bram_ctrl_inst.instr_ram.u_mem.g_2k[0].u_cell.u_sram/addr1[6]    0.040000    0.155737   -0.115737 (VIOLATED)
data_bram_ctrl_inst.data_ram.u_mem.g_2k[3].u_cell.u_sram/addr0[8]    0.040000    0.155727   -0.115727 (VIOLATED)
instr_bram_ctrl_inst.instr_ram.u_mem.g_2k[1].u_cell.u_sram/addr1[5]    0.040000    0.155710   -0.115710 (VIOLATED)
conv_accelerator_inst.u_conv_buf_ram.u_mem.u_mem.g_2k[0].u_cell.u_sram/addr1[2]    0.040000    0.155639   -0.115639 (VIOLATED)
yz_bram_ctrl_inst.yz_ram.u_mem.u_mem.g_2k[2].u_cell.u_sram/addr0[7]    0.040000    0.155637   -0.115637 (VIOLATED)
yz_bram_ctrl_inst.yz_ram.u_mem.u_mem.g_2k[2].u_cell.u_sram/addr0[8]    0.040000    0.155602   -0.115602 (VIOLATED)
instr_bram_ctrl_inst.instr_ram.u_mem.g_2k[3].u_cell.u_sram/addr1[3]    0.040000    0.155589   -0.115589 (VIOLATED)
data_bram_ctrl_inst.data_ram.u_mem.g_2k[0].u_cell.u_sram/addr0[5]    0.040000    0.155542   -0.115542 (VIOLATED)
data_bram_ctrl_inst.data_ram.u_mem.g_2k[0].u_cell.u_sram/addr1[1]    0.040000    0.155538   -0.115538 (VIOLATED)
data_bram_ctrl_inst.data_ram.u_mem.g_2k[3].u_cell.u_sram/addr0[2]    0.040000    0.155507   -0.115507 (VIOLATED)
instr_bram_ctrl_inst.instr_ram.u_mem.g_2k[1].u_cell.u_sram/addr0[3]    0.040000    0.155293   -0.115293 (VIOLATED)
yz_bram_ctrl_inst.yz_ram.u_mem.u_mem.g_2k[2].u_cell.u_sram/addr1[4]    0.040000    0.155288   -0.115288 (VIOLATED)
yz_bram_ctrl_inst.yz_ram.u_mem.u_mem.g_2k[2].u_cell.u_sram/addr0[3]    0.040000    0.155261   -0.115261 (VIOLATED)
conv_accelerator_inst.u_conv_buf_ram.u_mem.u_mem.g_2k[0].u_cell.u_sram/wmask0[1]    0.040000    0.155181   -0.115181 (VIOLATED)
instr_bram_ctrl_inst.instr_ram.u_mem.g_2k[0].u_cell.u_sram/addr1[5]    0.040000    0.155110   -0.115110 (VIOLATED)
instr_bram_ctrl_inst.instr_ram.u_mem.g_2k[0].u_cell.u_sram/wmask0[1]    0.040000    0.155033   -0.115033 (VIOLATED)
yz_bram_ctrl_inst.yz_ram.u_mem.u_mem.g_2k[1].u_cell.u_sram/addr0[7]    0.040000    0.154924   -0.114924 (VIOLATED)
data_bram_ctrl_inst.data_ram.u_mem.g_2k[0].u_cell.u_sram/addr0[7]    0.040000    0.154910   -0.114910 (VIOLATED)
yz_bram_ctrl_inst.yz_ram.u_mem.u_mem.g_2k[1].u_cell.u_sram/addr1[3]    0.040000    0.154845   -0.114845 (VIOLATED)
instr_bram_ctrl_inst.instr_ram.u_mem.g_2k[1].u_cell.u_sram/addr0[5]    0.040000    0.154824   -0.114824 (VIOLATED)
instr_bram_ctrl_inst.instr_ram.u_mem.g_2k[1].u_cell.u_sram/addr1[3]    0.040000    0.154774   -0.114774 (VIOLATED)
conv_accelerator_inst.u_conv_buf_ram.u_mem.u_mem.g_2k[1].u_cell.u_sram/addr1[2]    0.040000    0.154709   -0.114709 (VIOLATED)
yz_bram_ctrl_inst.yz_ram.u_mem.u_mem.g_2k[1].u_cell.u_sram/addr0[8]    0.040000    0.154632   -0.114632 (VIOLATED)
conv_accelerator_inst.u_conv_buf_ram.u_mem.u_mem.g_2k[0].u_cell.u_sram/addr1[1]    0.040000    0.154595   -0.114595 (VIOLATED)
yz_bram_ctrl_inst.yz_ram.u_mem.u_mem.g_2k[2].u_cell.u_sram/addr1[3]    0.040000    0.154552   -0.114552 (VIOLATED)
conv_accelerator_inst.u_conv_buf_ram.u_mem.u_mem.g_2k[0].u_cell.u_sram/addr0[1]    0.040000    0.154530   -0.114530 (VIOLATED)
yz_bram_ctrl_inst.yz_ram.u_mem.u_mem.g_2k[0].u_cell.u_sram/addr1[3]    0.040000    0.154494   -0.114494 (VIOLATED)
yz_bram_ctrl_inst.yz_ram.u_mem.u_mem.g_2k[2].u_cell.u_sram/addr1[2]    0.040000    0.154404   -0.114404 (VIOLATED)
yz_bram_ctrl_inst.yz_ram.u_mem.u_mem.g_2k[0].u_cell.u_sram/addr0[8]    0.040000    0.154404   -0.114404 (VIOLATED)
instr_bram_ctrl_inst.instr_ram.u_mem.g_2k[3].u_cell.u_sram/addr0[7]    0.040000    0.154342   -0.114342 (VIOLATED)
instr_bram_ctrl_inst.instr_ram.u_mem.g_2k[0].u_cell.u_sram/addr1[3]    0.040000    0.154321   -0.114321 (VIOLATED)
yz_bram_ctrl_inst.yz_ram.u_mem.u_mem.g_1k.u_cell.u_sram/addr1[0]    0.040000    0.154317   -0.114317 (VIOLATED)
yz_bram_ctrl_inst.yz_ram.u_mem.u_mem.g_2k[0].u_cell.u_sram/addr0[3]    0.040000    0.154219   -0.114219 (VIOLATED)
instr_bram_ctrl_inst.instr_ram.u_mem.g_2k[0].u_cell.u_sram/addr1[1]    0.040000    0.154211   -0.114211 (VIOLATED)
yz_bram_ctrl_inst.yz_ram.u_mem.u_mem.g_2k[0].u_cell.u_sram/addr0[7]    0.040000    0.154191   -0.114191 (VIOLATED)
instr_bram_ctrl_inst.instr_ram.u_mem.g_2k[0].u_cell.u_sram/addr0[0]    0.040000    0.154173   -0.114173 (VIOLATED)
yz_bram_ctrl_inst.yz_ram.u_mem.u_mem.g_2k[0].u_cell.u_sram/addr1[2]    0.040000    0.153996   -0.113996 (VIOLATED)
yz_bram_ctrl_inst.yz_ram.u_mem.u_mem.g_1k.u_cell.u_sram/wmask0[2]    0.040000    0.153887   -0.113887 (VIOLATED)
yz_bram_ctrl_inst.yz_ram.u_mem.u_mem.g_1k.u_cell.u_sram/wmask0[1]    0.040000    0.153876   -0.113876 (VIOLATED)
conv_accelerator_inst.u_conv_buf_ram.u_mem.u_mem.g_2k[0].u_cell.u_sram/addr1[0]    0.040000    0.153710   -0.113710 (VIOLATED)
yz_bram_ctrl_inst.yz_ram.u_mem.u_mem.g_1k.u_cell.u_sram/addr1[1]    0.040000    0.153573   -0.113573 (VIOLATED)
yz_bram_ctrl_inst.yz_ram.u_mem.u_mem.g_2k[1].u_cell.u_sram/addr1[2]    0.040000    0.153554   -0.113554 (VIOLATED)
instr_bram_ctrl_inst.instr_ram.u_mem.g_2k[1].u_cell.u_sram/addr1[2]    0.040000    0.153416   -0.113416 (VIOLATED)
data_bram_ctrl_inst.data_ram.u_mem.g_2k[0].u_cell.u_sram/addr1[0]    0.040000    0.153371   -0.113371 (VIOLATED)
instr_bram_ctrl_inst.instr_ram.u_mem.g_2k[0].u_cell.u_sram/wmask0[3]    0.040000    0.153291   -0.113291 (VIOLATED)
yz_bram_ctrl_inst.yz_ram.u_mem.u_mem.g_2k[1].u_cell.u_sram/addr0[5]    0.040000    0.153049   -0.113049 (VIOLATED)
instr_bram_ctrl_inst.instr_ram.u_mem.g_2k[0].u_cell.u_sram/wmask0[2]    0.040000    0.153013   -0.113013 (VIOLATED)
instr_bram_ctrl_inst.instr_ram.u_mem.g_2k[0].u_cell.u_sram/addr1[2]    0.040000    0.152852   -0.112852 (VIOLATED)
instr_bram_ctrl_inst.instr_ram.u_mem.g_2k[0].u_cell.u_sram/addr1[0]    0.040000    0.152384   -0.112384 (VIOLATED)
yz_bram_ctrl_inst.yz_ram.u_mem.u_mem.g_2k[0].u_cell.u_sram/addr0[5]    0.040000    0.152100   -0.112100 (VIOLATED)
QSPI_IO2                                0.750000    0.828123   -0.078123 (VIOLATED)
wire30854/A                             0.750000    0.766517   -0.016517 (VIOLATED)
_130217_/Z                              0.750000    0.764876   -0.014876 (VIOLATED)
wire30850/A                             0.750000    0.753439   -0.003440 (VIOLATED)

max capacitance

Pin                                        Limit         Cap       Slack
------------------------------------------------------------------------
clkbuf_6_16_0_clk_i_regs/X              0.200000    0.356952   -0.156952 (VIOLATED)
I2C_SDA                                 0.200000    0.300144   -0.100144 (VIOLATED)
_130213_/Z                              0.200000    0.300144   -0.100144 (VIOLATED)
clkbuf_6_13_0_clk_i_regs/X              0.200000    0.289705   -0.089705 (VIOLATED)
clkbuf_6_15_0_clk_i_regs/X              0.200000    0.281606   -0.081606 (VIOLATED)
clkbuf_6_3_0_clk_i_regs/X               0.200000    0.253548   -0.053548 (VIOLATED)
QSPI_IO3                                0.200000    0.244777   -0.044777 (VIOLATED)
_130214_/Z                              0.200000    0.244777   -0.044777 (VIOLATED)
clkbuf_6_12_0_clk_i_regs/X              0.200000    0.242326   -0.042326 (VIOLATED)
clkbuf_6_36_0_clk_i_regs/X              0.200000    0.240877   -0.040877 (VIOLATED)
clkbuf_6_1_0_clk_i_regs/X               0.200000    0.226081   -0.026081 (VIOLATED)
QSPI_IO1                                0.200000    0.224533   -0.024533 (VIOLATED)
_130216_/Z                              0.200000    0.224533   -0.024533 (VIOLATED)
yz_bram_ctrl_inst.yz_ram.u_mem.u_mem.g_2k[3].u_cell.u_sram/dout1[3]    0.027560    0.045976   -0.018416 (VIOLATED)
clkbuf_6_0_0_clk_i_regs/X               0.200000    0.212711   -0.012711 (VIOLATED)
clkbuf_6_2_0_clk_i_regs/X               0.200000    0.210024   -0.010024 (VIOLATED)
clkbuf_6_9_0_clk_i_regs/X               0.200000    0.209057   -0.009057 (VIOLATED)
yz_bram_ctrl_inst.yz_ram.u_mem.u_mem.g_2k[3].u_cell.u_sram/dout1[0]    0.027560    0.035753   -0.008193 (VIOLATED)
yz_bram_ctrl_inst.yz_ram.u_mem.u_mem.g_2k[1].u_cell.u_sram/dout1[31]    0.027560    0.033394   -0.005834 (VIOLATED)



===========================================================================
report_parasitic_annotation -report_unannotated
============================================================================
Found 945 unannotated drivers.
 _120712__30888/LO
 _129539__30889/LO
 _130213__30857/HI
 clkload0/Y
 clkload1/Y
 clkload10/Y
 clkload100/Y
 clkload101/Y
 clkload102/Y
 clkload103/Y
 clkload104/Y
 clkload105/X
 clkload106/Y
 clkload107/Y
 clkload108/Y
 clkload109/X
 clkload11/Y
 clkload110/X
 clkload111/X
 clkload112/Y
 clkload113/X
 clkload114/Y
 clkload115/Y
 clkload116/X
 clkload117/X
 clkload118/X
 clkload119/X
 clkload12/Y
 clkload120/X
 clkload121/X
 clkload122/Y
 clkload123/X
 clkload124/Y
 clkload125/X
 clkload126/Y
 clkload127/Y
 clkload128/Y
 clkload129/Y
 clkload13/Y
 clkload130/Y
 clkload131/X
 clkload132/X
 clkload133/X
 clkload134/X
 clkload135/Y
 clkload136/Y
 clkload137/Y
 clkload138/X
 clkload139/Y
 clkload14/Y
 clkload140/Y
 clkload141/Y
 clkload142/Y
 clkload143/Y
 clkload144/Y
 clkload145/X
 clkload146/Y
 clkload147/X
 clkload148/Y
 clkload149/Y
 clkload15/Y
 clkload150/Y
 clkload151/Y
 clkload152/Y
 clkload153/Y
 clkload154/Y
 clkload155/Y
 clkload156/Y
 clkload157/Y
 clkload158/Y
 clkload159/X
 clkload16/Y
 clkload160/X
 clkload161/Y
 clkload162/Y
 clkload163/X
 clkload164/X
 clkload165/Y
 clkload166/Y
 clkload167/X
 clkload168/Y
 clkload169/Y
 clkload17/Y
 clkload170/Y
 clkload171/X
 clkload172/Y
 clkload173/X
 clkload174/Y
 clkload175/Y
 clkload176/Y
 clkload177/Y
 clkload178/X
 clkload179/Y
 clkload18/Y
 clkload180/Y
 clkload181/Y
 clkload182/Y
 clkload183/Y
 clkload184/Y
 clkload185/X
 clkload186/X
 clkload187/Y
 clkload188/Y
 clkload189/X
 clkload19/Y
 clkload190/Y
 clkload191/X
 clkload192/Y
 clkload193/Y
 clkload194/X
 clkload195/Y
 clkload196/Y
 clkload197/Y
 clkload198/Y
 clkload199/Y
 clkload2/Y
 clkload20/Y
 clkload200/X
 clkload201/X
 clkload202/X
 clkload203/X
 clkload204/X
 clkload205/X
 clkload206/Y
 clkload207/Y
 clkload208/Y
 clkload209/X
 clkload21/Y
 clkload210/X
 clkload211/X
 clkload212/Y
 clkload213/X
 clkload214/X
 clkload215/X
 clkload216/Y
 clkload217/X
 clkload218/Y
 clkload219/X
 clkload22/X
 clkload220/X
 clkload221/Y
 clkload222/X
 clkload223/Y
 clkload224/X
 clkload225/X
 clkload226/Y
 clkload227/Y
 clkload228/X
 clkload229/X
 clkload23/Y
 clkload230/X
 clkload231/Y
 clkload232/Y
 clkload233/X
 clkload234/Y
 clkload235/X
 clkload236/Y
 clkload237/Y
 clkload238/Y
 clkload239/Y
 clkload24/Y
 clkload240/Y
 clkload241/X
 clkload242/Y
 clkload243/Y
 clkload244/Y
 clkload245/Y
 clkload246/Y
 clkload247/Y
 clkload248/Y
 clkload249/X
 clkload25/Y
 clkload250/Y
 clkload251/X
 clkload252/Y
 clkload253/X
 clkload254/X
 clkload255/X
 clkload256/X
 clkload257/X
 clkload258/X
 clkload259/X
 clkload26/Y
 clkload260/X
 clkload261/X
 clkload262/X
 clkload263/X
 clkload264/Y
 clkload265/Y
 clkload266/X
 clkload267/X
 clkload268/X
 clkload269/X
 clkload27/Y
 clkload270/X
 clkload271/Y
 clkload272/Y
 clkload273/Y
 clkload274/Y
 clkload275/Y
 clkload276/X
 clkload277/Y
 clkload278/X
 clkload279/X
 clkload28/Y
 clkload280/X
 clkload281/X
 clkload282/X
 clkload283/X
 clkload284/X
 clkload285/X
 clkload286/X
 clkload287/X
 clkload288/X
 clkload289/X
 clkload29/X
 clkload290/Y
 clkload291/X
 clkload292/X
 clkload293/X
 clkload294/X
 clkload295/X
 clkload296/Y
 clkload297/Y
 clkload298/Y
 clkload299/X
 clkload3/Y
 clkload30/X
 clkload300/Y
 clkload301/Y
 clkload302/Y
 clkload303/Y
 clkload304/Y
 clkload305/Y
 clkload306/Y
 clkload307/Y
 clkload308/X
 clkload309/Y
 clkload31/Y
 clkload310/X
 clkload311/X
 clkload312/X
 clkload313/Y
 clkload314/Y
 clkload315/X
 clkload316/X
 clkload317/X
 clkload318/X
 clkload319/Y
 clkload32/X
 clkload320/Y
 clkload321/Y
 clkload322/X
 clkload323/X
 clkload324/Y
 clkload325/Y
 clkload326/Y
 clkload327/X
 clkload328/Y
 clkload329/Y
 clkload33/Y
 clkload330/Y
 clkload331/Y
 clkload332/Y
 clkload333/Y
 clkload334/Y
 clkload335/Y
 clkload336/Y
 clkload337/Y
 clkload338/Y
 clkload339/Y
 clkload34/Y
 clkload340/Y
 clkload341/Y
 clkload342/Y
 clkload343/Y
 clkload344/X
 clkload345/Y
 clkload346/X
 clkload347/Y
 clkload348/Y
 clkload349/X
 clkload35/Y
 clkload350/Y
 clkload351/Y
 clkload352/Y
 clkload353/Y
 clkload354/Y
 clkload355/Y
 clkload356/X
 clkload357/Y
 clkload358/X
 clkload359/Y
 clkload36/X
 clkload360/Y
 clkload361/Y
 clkload362/Y
 clkload363/Y
 clkload364/Y
 clkload365/X
 clkload366/Y
 clkload367/Y
 clkload368/X
 clkload369/X
 clkload37/Y
 clkload370/Y
 clkload371/Y
 clkload372/Y
 clkload373/X
 clkload374/Y
 clkload375/Y
 clkload376/Y
 clkload377/Y
 clkload378/Y
 clkload379/X
 clkload38/Y
 clkload380/Y
 clkload381/X
 clkload382/Y
 clkload383/Y
 clkload384/X
 clkload385/Y
 clkload386/Y
 clkload387/Y
 clkload388/Y
 clkload389/Y
 clkload39/Y
 clkload390/Y
 clkload391/Y
 clkload392/Y
 clkload393/Y
 clkload394/Y
 clkload395/Y
 clkload396/Y
 clkload397/Y
 clkload398/Y
 clkload399/Y
 clkload4/Y
 clkload40/Y
 clkload400/X
 clkload401/X
 clkload402/Y
 clkload403/Y
 clkload404/Y
 clkload405/X
 clkload406/Y
 clkload407/Y
 clkload408/X
 clkload409/Y
 clkload41/Y
 clkload410/Y
 clkload411/Y
 clkload412/Y
 clkload413/X
 clkload414/X
 clkload415/Y
 clkload416/Y
 clkload417/X
 clkload418/X
 clkload419/X
 clkload42/Y
 clkload420/Y
 clkload421/Y
 clkload422/Y
 clkload423/X
 clkload424/X
 clkload425/X
 clkload426/X
 clkload427/X
 clkload428/X
 clkload429/Y
 clkload43/Y
 clkload430/X
 clkload44/Y
 clkload45/Y
 clkload46/Y
 clkload47/Y
 clkload48/Y
 clkload49/Y
 clkload5/Y
 clkload50/Y
 clkload51/Y
 clkload52/Y
 clkload53/Y
 clkload54/Y
 clkload55/Y
 clkload56/X
 clkload57/X
 clkload58/Y
 clkload59/Y
 clkload6/Y
 clkload60/Y
 clkload61/X
 clkload62/Y
 clkload63/Y
 clkload64/Y
 clkload65/X
 clkload66/Y
 clkload67/Y
 clkload68/Y
 clkload69/Y
 clkload7/Y
 clkload70/Y
 clkload71/Y
 clkload72/Y
 clkload73/Y
 clkload74/Y
 clkload75/Y
 clkload76/X
 clkload77/X
 clkload78/Y
 clkload79/Y
 clkload8/Y
 clkload80/Y
 clkload81/Y
 clkload82/Y
 clkload83/Y
 clkload84/X
 clkload85/X
 clkload86/Y
 clkload87/Y
 clkload88/X
 clkload89/Y
 clkload9/Y
 clkload90/Y
 clkload91/Y
 clkload92/Y
 clkload93/Y
 clkload94/Y
 clkload95/Y
 clkload96/Y
 clkload97/Y
 clkload98/Y
 clkload99/X
 conv_accelerator_inst.u_conv_buf_ram.u_mem.u_mem.g_2k\[0\].u_cell.u_sram/dout0[0]
 conv_accelerator_inst.u_conv_buf_ram.u_mem.u_mem.g_2k\[0\].u_cell.u_sram/dout0[10]
 conv_accelerator_inst.u_conv_buf_ram.u_mem.u_mem.g_2k\[0\].u_cell.u_sram/dout0[11]
 conv_accelerator_inst.u_conv_buf_ram.u_mem.u_mem.g_2k\[0\].u_cell.u_sram/dout0[12]
 conv_accelerator_inst.u_conv_buf_ram.u_mem.u_mem.g_2k\[0\].u_cell.u_sram/dout0[13]
 conv_accelerator_inst.u_conv_buf_ram.u_mem.u_mem.g_2k\[0\].u_cell.u_sram/dout0[14]
 conv_accelerator_inst.u_conv_buf_ram.u_mem.u_mem.g_2k\[0\].u_cell.u_sram/dout0[15]
 conv_accelerator_inst.u_conv_buf_ram.u_mem.u_mem.g_2k\[0\].u_cell.u_sram/dout0[16]
 conv_accelerator_inst.u_conv_buf_ram.u_mem.u_mem.g_2k\[0\].u_cell.u_sram/dout0[17]
 conv_accelerator_inst.u_conv_buf_ram.u_mem.u_mem.g_2k\[0\].u_cell.u_sram/dout0[18]
 conv_accelerator_inst.u_conv_buf_ram.u_mem.u_mem.g_2k\[0\].u_cell.u_sram/dout0[19]
 conv_accelerator_inst.u_conv_buf_ram.u_mem.u_mem.g_2k\[0\].u_cell.u_sram/dout0[1]
 conv_accelerator_inst.u_conv_buf_ram.u_mem.u_mem.g_2k\[0\].u_cell.u_sram/dout0[20]
 conv_accelerator_inst.u_conv_buf_ram.u_mem.u_mem.g_2k\[0\].u_cell.u_sram/dout0[21]
 conv_accelerator_inst.u_conv_buf_ram.u_mem.u_mem.g_2k\[0\].u_cell.u_sram/dout0[22]
 conv_accelerator_inst.u_conv_buf_ram.u_mem.u_mem.g_2k\[0\].u_cell.u_sram/dout0[23]
 conv_accelerator_inst.u_conv_buf_ram.u_mem.u_mem.g_2k\[0\].u_cell.u_sram/dout0[24]
 conv_accelerator_inst.u_conv_buf_ram.u_mem.u_mem.g_2k\[0\].u_cell.u_sram/dout0[25]
 conv_accelerator_inst.u_conv_buf_ram.u_mem.u_mem.g_2k\[0\].u_cell.u_sram/dout0[26]
 conv_accelerator_inst.u_conv_buf_ram.u_mem.u_mem.g_2k\[0\].u_cell.u_sram/dout0[27]
 conv_accelerator_inst.u_conv_buf_ram.u_mem.u_mem.g_2k\[0\].u_cell.u_sram/dout0[28]
 conv_accelerator_inst.u_conv_buf_ram.u_mem.u_mem.g_2k\[0\].u_cell.u_sram/dout0[29]
 conv_accelerator_inst.u_conv_buf_ram.u_mem.u_mem.g_2k\[0\].u_cell.u_sram/dout0[2]
 conv_accelerator_inst.u_conv_buf_ram.u_mem.u_mem.g_2k\[0\].u_cell.u_sram/dout0[30]
 conv_accelerator_inst.u_conv_buf_ram.u_mem.u_mem.g_2k\[0\].u_cell.u_sram/dout0[31]
 conv_accelerator_inst.u_conv_buf_ram.u_mem.u_mem.g_2k\[0\].u_cell.u_sram/dout0[3]
 conv_accelerator_inst.u_conv_buf_ram.u_mem.u_mem.g_2k\[0\].u_cell.u_sram/dout0[4]
 conv_accelerator_inst.u_conv_buf_ram.u_mem.u_mem.g_2k\[0\].u_cell.u_sram/dout0[5]
 conv_accelerator_inst.u_conv_buf_ram.u_mem.u_mem.g_2k\[0\].u_cell.u_sram/dout0[6]
 conv_accelerator_inst.u_conv_buf_ram.u_mem.u_mem.g_2k\[0\].u_cell.u_sram/dout0[7]
 conv_accelerator_inst.u_conv_buf_ram.u_mem.u_mem.g_2k\[0\].u_cell.u_sram/dout0[8]
 conv_accelerator_inst.u_conv_buf_ram.u_mem.u_mem.g_2k\[0\].u_cell.u_sram/dout0[9]
 conv_accelerator_inst.u_conv_buf_ram.u_mem.u_mem.g_2k\[0\].u_cell.u_sram_30858/HI
 conv_accelerator_inst.u_conv_buf_ram.u_mem.u_mem.g_2k\[1\].u_cell.u_sram/dout0[0]
 conv_accelerator_inst.u_conv_buf_ram.u_mem.u_mem.g_2k\[1\].u_cell.u_sram/dout0[10]
 conv_accelerator_inst.u_conv_buf_ram.u_mem.u_mem.g_2k\[1\].u_cell.u_sram/dout0[11]
 conv_accelerator_inst.u_conv_buf_ram.u_mem.u_mem.g_2k\[1\].u_cell.u_sram/dout0[12]
 conv_accelerator_inst.u_conv_buf_ram.u_mem.u_mem.g_2k\[1\].u_cell.u_sram/dout0[13]
 conv_accelerator_inst.u_conv_buf_ram.u_mem.u_mem.g_2k\[1\].u_cell.u_sram/dout0[14]
 conv_accelerator_inst.u_conv_buf_ram.u_mem.u_mem.g_2k\[1\].u_cell.u_sram/dout0[15]
 conv_accelerator_inst.u_conv_buf_ram.u_mem.u_mem.g_2k\[1\].u_cell.u_sram/dout0[16]
 conv_accelerator_inst.u_conv_buf_ram.u_mem.u_mem.g_2k\[1\].u_cell.u_sram/dout0[17]
 conv_accelerator_inst.u_conv_buf_ram.u_mem.u_mem.g_2k\[1\].u_cell.u_sram/dout0[18]
 conv_accelerator_inst.u_conv_buf_ram.u_mem.u_mem.g_2k\[1\].u_cell.u_sram/dout0[19]
 conv_accelerator_inst.u_conv_buf_ram.u_mem.u_mem.g_2k\[1\].u_cell.u_sram/dout0[1]
 conv_accelerator_inst.u_conv_buf_ram.u_mem.u_mem.g_2k\[1\].u_cell.u_sram/dout0[20]
 conv_accelerator_inst.u_conv_buf_ram.u_mem.u_mem.g_2k\[1\].u_cell.u_sram/dout0[21]
 conv_accelerator_inst.u_conv_buf_ram.u_mem.u_mem.g_2k\[1\].u_cell.u_sram/dout0[22]
 conv_accelerator_inst.u_conv_buf_ram.u_mem.u_mem.g_2k\[1\].u_cell.u_sram/dout0[23]
 conv_accelerator_inst.u_conv_buf_ram.u_mem.u_mem.g_2k\[1\].u_cell.u_sram/dout0[24]
 conv_accelerator_inst.u_conv_buf_ram.u_mem.u_mem.g_2k\[1\].u_cell.u_sram/dout0[25]
 conv_accelerator_inst.u_conv_buf_ram.u_mem.u_mem.g_2k\[1\].u_cell.u_sram/dout0[26]
 conv_accelerator_inst.u_conv_buf_ram.u_mem.u_mem.g_2k\[1\].u_cell.u_sram/dout0[27]
 conv_accelerator_inst.u_conv_buf_ram.u_mem.u_mem.g_2k\[1\].u_cell.u_sram/dout0[28]
 conv_accelerator_inst.u_conv_buf_ram.u_mem.u_mem.g_2k\[1\].u_cell.u_sram/dout0[29]
 conv_accelerator_inst.u_conv_buf_ram.u_mem.u_mem.g_2k\[1\].u_cell.u_sram/dout0[2]
 conv_accelerator_inst.u_conv_buf_ram.u_mem.u_mem.g_2k\[1\].u_cell.u_sram/dout0[30]
 conv_accelerator_inst.u_conv_buf_ram.u_mem.u_mem.g_2k\[1\].u_cell.u_sram/dout0[31]
 conv_accelerator_inst.u_conv_buf_ram.u_mem.u_mem.g_2k\[1\].u_cell.u_sram/dout0[3]
 conv_accelerator_inst.u_conv_buf_ram.u_mem.u_mem.g_2k\[1\].u_cell.u_sram/dout0[4]
 conv_accelerator_inst.u_conv_buf_ram.u_mem.u_mem.g_2k\[1\].u_cell.u_sram/dout0[5]
 conv_accelerator_inst.u_conv_buf_ram.u_mem.u_mem.g_2k\[1\].u_cell.u_sram/dout0[6]
 conv_accelerator_inst.u_conv_buf_ram.u_mem.u_mem.g_2k\[1\].u_cell.u_sram/dout0[7]
 conv_accelerator_inst.u_conv_buf_ram.u_mem.u_mem.g_2k\[1\].u_cell.u_sram/dout0[8]
 conv_accelerator_inst.u_conv_buf_ram.u_mem.u_mem.g_2k\[1\].u_cell.u_sram/dout0[9]
 conv_accelerator_inst.u_conv_buf_ram.u_mem.u_mem.g_2k\[1\].u_cell.u_sram_30859/HI
 data_bram_ctrl_inst.data_ram.u_mem.g_2k\[0\].u_cell.u_sram/dout0[0]
 data_bram_ctrl_inst.data_ram.u_mem.g_2k\[0\].u_cell.u_sram/dout0[10]
 data_bram_ctrl_inst.data_ram.u_mem.g_2k\[0\].u_cell.u_sram/dout0[11]
 data_bram_ctrl_inst.data_ram.u_mem.g_2k\[0\].u_cell.u_sram/dout0[12]
 data_bram_ctrl_inst.data_ram.u_mem.g_2k\[0\].u_cell.u_sram/dout0[13]
 data_bram_ctrl_inst.data_ram.u_mem.g_2k\[0\].u_cell.u_sram/dout0[14]
 data_bram_ctrl_inst.data_ram.u_mem.g_2k\[0\].u_cell.u_sram/dout0[15]
 data_bram_ctrl_inst.data_ram.u_mem.g_2k\[0\].u_cell.u_sram/dout0[16]
 data_bram_ctrl_inst.data_ram.u_mem.g_2k\[0\].u_cell.u_sram/dout0[17]
 data_bram_ctrl_inst.data_ram.u_mem.g_2k\[0\].u_cell.u_sram/dout0[18]
 data_bram_ctrl_inst.data_ram.u_mem.g_2k\[0\].u_cell.u_sram/dout0[19]
 data_bram_ctrl_inst.data_ram.u_mem.g_2k\[0\].u_cell.u_sram/dout0[1]
 data_bram_ctrl_inst.data_ram.u_mem.g_2k\[0\].u_cell.u_sram/dout0[20]
 data_bram_ctrl_inst.data_ram.u_mem.g_2k\[0\].u_cell.u_sram/dout0[21]
 data_bram_ctrl_inst.data_ram.u_mem.g_2k\[0\].u_cell.u_sram/dout0[22]
 data_bram_ctrl_inst.data_ram.u_mem.g_2k\[0\].u_cell.u_sram/dout0[23]
 data_bram_ctrl_inst.data_ram.u_mem.g_2k\[0\].u_cell.u_sram/dout0[24]
 data_bram_ctrl_inst.data_ram.u_mem.g_2k\[0\].u_cell.u_sram/dout0[25]
 data_bram_ctrl_inst.data_ram.u_mem.g_2k\[0\].u_cell.u_sram/dout0[26]
 data_bram_ctrl_inst.data_ram.u_mem.g_2k\[0\].u_cell.u_sram/dout0[27]
 data_bram_ctrl_inst.data_ram.u_mem.g_2k\[0\].u_cell.u_sram/dout0[28]
 data_bram_ctrl_inst.data_ram.u_mem.g_2k\[0\].u_cell.u_sram/dout0[29]
 data_bram_ctrl_inst.data_ram.u_mem.g_2k\[0\].u_cell.u_sram/dout0[2]
 data_bram_ctrl_inst.data_ram.u_mem.g_2k\[0\].u_cell.u_sram/dout0[30]
 data_bram_ctrl_inst.data_ram.u_mem.g_2k\[0\].u_cell.u_sram/dout0[31]
 data_bram_ctrl_inst.data_ram.u_mem.g_2k\[0\].u_cell.u_sram/dout0[3]
 data_bram_ctrl_inst.data_ram.u_mem.g_2k\[0\].u_cell.u_sram/dout0[4]
 data_bram_ctrl_inst.data_ram.u_mem.g_2k\[0\].u_cell.u_sram/dout0[5]
 data_bram_ctrl_inst.data_ram.u_mem.g_2k\[0\].u_cell.u_sram/dout0[6]
 data_bram_ctrl_inst.data_ram.u_mem.g_2k\[0\].u_cell.u_sram/dout0[7]
 data_bram_ctrl_inst.data_ram.u_mem.g_2k\[0\].u_cell.u_sram/dout0[8]
 data_bram_ctrl_inst.data_ram.u_mem.g_2k\[0\].u_cell.u_sram/dout0[9]
 data_bram_ctrl_inst.data_ram.u_mem.g_2k\[0\].u_cell.u_sram_30860/HI
 data_bram_ctrl_inst.data_ram.u_mem.g_2k\[1\].u_cell.u_sram/dout0[0]
 data_bram_ctrl_inst.data_ram.u_mem.g_2k\[1\].u_cell.u_sram/dout0[10]
 data_bram_ctrl_inst.data_ram.u_mem.g_2k\[1\].u_cell.u_sram/dout0[11]
 data_bram_ctrl_inst.data_ram.u_mem.g_2k\[1\].u_cell.u_sram/dout0[12]
 data_bram_ctrl_inst.data_ram.u_mem.g_2k\[1\].u_cell.u_sram/dout0[13]
 data_bram_ctrl_inst.data_ram.u_mem.g_2k\[1\].u_cell.u_sram/dout0[14]
 data_bram_ctrl_inst.data_ram.u_mem.g_2k\[1\].u_cell.u_sram/dout0[15]
 data_bram_ctrl_inst.data_ram.u_mem.g_2k\[1\].u_cell.u_sram/dout0[16]
 data_bram_ctrl_inst.data_ram.u_mem.g_2k\[1\].u_cell.u_sram/dout0[17]
 data_bram_ctrl_inst.data_ram.u_mem.g_2k\[1\].u_cell.u_sram/dout0[18]
 data_bram_ctrl_inst.data_ram.u_mem.g_2k\[1\].u_cell.u_sram/dout0[19]
 data_bram_ctrl_inst.data_ram.u_mem.g_2k\[1\].u_cell.u_sram/dout0[1]
 data_bram_ctrl_inst.data_ram.u_mem.g_2k\[1\].u_cell.u_sram/dout0[20]
 data_bram_ctrl_inst.data_ram.u_mem.g_2k\[1\].u_cell.u_sram/dout0[21]
 data_bram_ctrl_inst.data_ram.u_mem.g_2k\[1\].u_cell.u_sram/dout0[22]
 data_bram_ctrl_inst.data_ram.u_mem.g_2k\[1\].u_cell.u_sram/dout0[23]
 data_bram_ctrl_inst.data_ram.u_mem.g_2k\[1\].u_cell.u_sram/dout0[24]
 data_bram_ctrl_inst.data_ram.u_mem.g_2k\[1\].u_cell.u_sram/dout0[25]
 data_bram_ctrl_inst.data_ram.u_mem.g_2k\[1\].u_cell.u_sram/dout0[26]
 data_bram_ctrl_inst.data_ram.u_mem.g_2k\[1\].u_cell.u_sram/dout0[27]
 data_bram_ctrl_inst.data_ram.u_mem.g_2k\[1\].u_cell.u_sram/dout0[28]
 data_bram_ctrl_inst.data_ram.u_mem.g_2k\[1\].u_cell.u_sram/dout0[29]
 data_bram_ctrl_inst.data_ram.u_mem.g_2k\[1\].u_cell.u_sram/dout0[2]
 data_bram_ctrl_inst.data_ram.u_mem.g_2k\[1\].u_cell.u_sram/dout0[30]
 data_bram_ctrl_inst.data_ram.u_mem.g_2k\[1\].u_cell.u_sram/dout0[31]
 data_bram_ctrl_inst.data_ram.u_mem.g_2k\[1\].u_cell.u_sram/dout0[3]
 data_bram_ctrl_inst.data_ram.u_mem.g_2k\[1\].u_cell.u_sram/dout0[4]
 data_bram_ctrl_inst.data_ram.u_mem.g_2k\[1\].u_cell.u_sram/dout0[5]
 data_bram_ctrl_inst.data_ram.u_mem.g_2k\[1\].u_cell.u_sram/dout0[6]
 data_bram_ctrl_inst.data_ram.u_mem.g_2k\[1\].u_cell.u_sram/dout0[7]
 data_bram_ctrl_inst.data_ram.u_mem.g_2k\[1\].u_cell.u_sram/dout0[8]
 data_bram_ctrl_inst.data_ram.u_mem.g_2k\[1\].u_cell.u_sram/dout0[9]
 data_bram_ctrl_inst.data_ram.u_mem.g_2k\[1\].u_cell.u_sram_30861/HI
 data_bram_ctrl_inst.data_ram.u_mem.g_2k\[2\].u_cell.u_sram/dout0[0]
 data_bram_ctrl_inst.data_ram.u_mem.g_2k\[2\].u_cell.u_sram/dout0[10]
 data_bram_ctrl_inst.data_ram.u_mem.g_2k\[2\].u_cell.u_sram/dout0[11]
 data_bram_ctrl_inst.data_ram.u_mem.g_2k\[2\].u_cell.u_sram/dout0[12]
 data_bram_ctrl_inst.data_ram.u_mem.g_2k\[2\].u_cell.u_sram/dout0[13]
 data_bram_ctrl_inst.data_ram.u_mem.g_2k\[2\].u_cell.u_sram/dout0[14]
 data_bram_ctrl_inst.data_ram.u_mem.g_2k\[2\].u_cell.u_sram/dout0[15]
 data_bram_ctrl_inst.data_ram.u_mem.g_2k\[2\].u_cell.u_sram/dout0[16]
 data_bram_ctrl_inst.data_ram.u_mem.g_2k\[2\].u_cell.u_sram/dout0[17]
 data_bram_ctrl_inst.data_ram.u_mem.g_2k\[2\].u_cell.u_sram/dout0[18]
 data_bram_ctrl_inst.data_ram.u_mem.g_2k\[2\].u_cell.u_sram/dout0[19]
 data_bram_ctrl_inst.data_ram.u_mem.g_2k\[2\].u_cell.u_sram/dout0[1]
 data_bram_ctrl_inst.data_ram.u_mem.g_2k\[2\].u_cell.u_sram/dout0[20]
 data_bram_ctrl_inst.data_ram.u_mem.g_2k\[2\].u_cell.u_sram/dout0[21]
 data_bram_ctrl_inst.data_ram.u_mem.g_2k\[2\].u_cell.u_sram/dout0[22]
 data_bram_ctrl_inst.data_ram.u_mem.g_2k\[2\].u_cell.u_sram/dout0[23]
 data_bram_ctrl_inst.data_ram.u_mem.g_2k\[2\].u_cell.u_sram/dout0[24]
 data_bram_ctrl_inst.data_ram.u_mem.g_2k\[2\].u_cell.u_sram/dout0[25]
 data_bram_ctrl_inst.data_ram.u_mem.g_2k\[2\].u_cell.u_sram/dout0[26]
 data_bram_ctrl_inst.data_ram.u_mem.g_2k\[2\].u_cell.u_sram/dout0[27]
 data_bram_ctrl_inst.data_ram.u_mem.g_2k\[2\].u_cell.u_sram/dout0[28]
 data_bram_ctrl_inst.data_ram.u_mem.g_2k\[2\].u_cell.u_sram/dout0[29]
 data_bram_ctrl_inst.data_ram.u_mem.g_2k\[2\].u_cell.u_sram/dout0[2]
 data_bram_ctrl_inst.data_ram.u_mem.g_2k\[2\].u_cell.u_sram/dout0[30]
 data_bram_ctrl_inst.data_ram.u_mem.g_2k\[2\].u_cell.u_sram/dout0[31]
 data_bram_ctrl_inst.data_ram.u_mem.g_2k\[2\].u_cell.u_sram/dout0[3]
 data_bram_ctrl_inst.data_ram.u_mem.g_2k\[2\].u_cell.u_sram/dout0[4]
 data_bram_ctrl_inst.data_ram.u_mem.g_2k\[2\].u_cell.u_sram/dout0[5]
 data_bram_ctrl_inst.data_ram.u_mem.g_2k\[2\].u_cell.u_sram/dout0[6]
 data_bram_ctrl_inst.data_ram.u_mem.g_2k\[2\].u_cell.u_sram/dout0[7]
 data_bram_ctrl_inst.data_ram.u_mem.g_2k\[2\].u_cell.u_sram/dout0[8]
 data_bram_ctrl_inst.data_ram.u_mem.g_2k\[2\].u_cell.u_sram/dout0[9]
 data_bram_ctrl_inst.data_ram.u_mem.g_2k\[2\].u_cell.u_sram_30862/HI
 data_bram_ctrl_inst.data_ram.u_mem.g_2k\[3\].u_cell.u_sram/dout0[0]
 data_bram_ctrl_inst.data_ram.u_mem.g_2k\[3\].u_cell.u_sram/dout0[10]
 data_bram_ctrl_inst.data_ram.u_mem.g_2k\[3\].u_cell.u_sram/dout0[11]
 data_bram_ctrl_inst.data_ram.u_mem.g_2k\[3\].u_cell.u_sram/dout0[12]
 data_bram_ctrl_inst.data_ram.u_mem.g_2k\[3\].u_cell.u_sram/dout0[13]
 data_bram_ctrl_inst.data_ram.u_mem.g_2k\[3\].u_cell.u_sram/dout0[14]
 data_bram_ctrl_inst.data_ram.u_mem.g_2k\[3\].u_cell.u_sram/dout0[15]
 data_bram_ctrl_inst.data_ram.u_mem.g_2k\[3\].u_cell.u_sram/dout0[16]
 data_bram_ctrl_inst.data_ram.u_mem.g_2k\[3\].u_cell.u_sram/dout0[17]
 data_bram_ctrl_inst.data_ram.u_mem.g_2k\[3\].u_cell.u_sram/dout0[18]
 data_bram_ctrl_inst.data_ram.u_mem.g_2k\[3\].u_cell.u_sram/dout0[19]
 data_bram_ctrl_inst.data_ram.u_mem.g_2k\[3\].u_cell.u_sram/dout0[1]
 data_bram_ctrl_inst.data_ram.u_mem.g_2k\[3\].u_cell.u_sram/dout0[20]
 data_bram_ctrl_inst.data_ram.u_mem.g_2k\[3\].u_cell.u_sram/dout0[21]
 data_bram_ctrl_inst.data_ram.u_mem.g_2k\[3\].u_cell.u_sram/dout0[22]
 data_bram_ctrl_inst.data_ram.u_mem.g_2k\[3\].u_cell.u_sram/dout0[23]
 data_bram_ctrl_inst.data_ram.u_mem.g_2k\[3\].u_cell.u_sram/dout0[24]
 data_bram_ctrl_inst.data_ram.u_mem.g_2k\[3\].u_cell.u_sram/dout0[25]
 data_bram_ctrl_inst.data_ram.u_mem.g_2k\[3\].u_cell.u_sram/dout0[26]
 data_bram_ctrl_inst.data_ram.u_mem.g_2k\[3\].u_cell.u_sram/dout0[27]
 data_bram_ctrl_inst.data_ram.u_mem.g_2k\[3\].u_cell.u_sram/dout0[28]
 data_bram_ctrl_inst.data_ram.u_mem.g_2k\[3\].u_cell.u_sram/dout0[29]
 data_bram_ctrl_inst.data_ram.u_mem.g_2k\[3\].u_cell.u_sram/dout0[2]
 data_bram_ctrl_inst.data_ram.u_mem.g_2k\[3\].u_cell.u_sram/dout0[30]
 data_bram_ctrl_inst.data_ram.u_mem.g_2k\[3\].u_cell.u_sram/dout0[31]
 data_bram_ctrl_inst.data_ram.u_mem.g_2k\[3\].u_cell.u_sram/dout0[3]
 data_bram_ctrl_inst.data_ram.u_mem.g_2k\[3\].u_cell.u_sram/dout0[4]
 data_bram_ctrl_inst.data_ram.u_mem.g_2k\[3\].u_cell.u_sram/dout0[5]
 data_bram_ctrl_inst.data_ram.u_mem.g_2k\[3\].u_cell.u_sram/dout0[6]
 data_bram_ctrl_inst.data_ram.u_mem.g_2k\[3\].u_cell.u_sram/dout0[7]
 data_bram_ctrl_inst.data_ram.u_mem.g_2k\[3\].u_cell.u_sram/dout0[8]
 data_bram_ctrl_inst.data_ram.u_mem.g_2k\[3\].u_cell.u_sram/dout0[9]
 data_bram_ctrl_inst.data_ram.u_mem.g_2k\[3\].u_cell.u_sram_30863/HI
 instr_bram_ctrl_inst.instr_ram.u_mem.g_2k\[0\].u_cell.u_sram/dout0[0]
 instr_bram_ctrl_inst.instr_ram.u_mem.g_2k\[0\].u_cell.u_sram/dout0[10]
 instr_bram_ctrl_inst.instr_ram.u_mem.g_2k\[0\].u_cell.u_sram/dout0[11]
 instr_bram_ctrl_inst.instr_ram.u_mem.g_2k\[0\].u_cell.u_sram/dout0[12]
 instr_bram_ctrl_inst.instr_ram.u_mem.g_2k\[0\].u_cell.u_sram/dout0[13]
 instr_bram_ctrl_inst.instr_ram.u_mem.g_2k\[0\].u_cell.u_sram/dout0[14]
 instr_bram_ctrl_inst.instr_ram.u_mem.g_2k\[0\].u_cell.u_sram/dout0[15]
 instr_bram_ctrl_inst.instr_ram.u_mem.g_2k\[0\].u_cell.u_sram/dout0[16]
 instr_bram_ctrl_inst.instr_ram.u_mem.g_2k\[0\].u_cell.u_sram/dout0[17]
 instr_bram_ctrl_inst.instr_ram.u_mem.g_2k\[0\].u_cell.u_sram/dout0[18]
 instr_bram_ctrl_inst.instr_ram.u_mem.g_2k\[0\].u_cell.u_sram/dout0[19]
 instr_bram_ctrl_inst.instr_ram.u_mem.g_2k\[0\].u_cell.u_sram/dout0[1]
 instr_bram_ctrl_inst.instr_ram.u_mem.g_2k\[0\].u_cell.u_sram/dout0[20]
 instr_bram_ctrl_inst.instr_ram.u_mem.g_2k\[0\].u_cell.u_sram/dout0[21]
 instr_bram_ctrl_inst.instr_ram.u_mem.g_2k\[0\].u_cell.u_sram/dout0[22]
 instr_bram_ctrl_inst.instr_ram.u_mem.g_2k\[0\].u_cell.u_sram/dout0[23]
 instr_bram_ctrl_inst.instr_ram.u_mem.g_2k\[0\].u_cell.u_sram/dout0[24]
 instr_bram_ctrl_inst.instr_ram.u_mem.g_2k\[0\].u_cell.u_sram/dout0[25]
 instr_bram_ctrl_inst.instr_ram.u_mem.g_2k\[0\].u_cell.u_sram/dout0[26]
 instr_bram_ctrl_inst.instr_ram.u_mem.g_2k\[0\].u_cell.u_sram/dout0[27]
 instr_bram_ctrl_inst.instr_ram.u_mem.g_2k\[0\].u_cell.u_sram/dout0[28]
 instr_bram_ctrl_inst.instr_ram.u_mem.g_2k\[0\].u_cell.u_sram/dout0[29]
 instr_bram_ctrl_inst.instr_ram.u_mem.g_2k\[0\].u_cell.u_sram/dout0[2]
 instr_bram_ctrl_inst.instr_ram.u_mem.g_2k\[0\].u_cell.u_sram/dout0[30]
 instr_bram_ctrl_inst.instr_ram.u_mem.g_2k\[0\].u_cell.u_sram/dout0[31]
 instr_bram_ctrl_inst.instr_ram.u_mem.g_2k\[0\].u_cell.u_sram/dout0[3]
 instr_bram_ctrl_inst.instr_ram.u_mem.g_2k\[0\].u_cell.u_sram/dout0[4]
 instr_bram_ctrl_inst.instr_ram.u_mem.g_2k\[0\].u_cell.u_sram/dout0[5]
 instr_bram_ctrl_inst.instr_ram.u_mem.g_2k\[0\].u_cell.u_sram/dout0[6]
 instr_bram_ctrl_inst.instr_ram.u_mem.g_2k\[0\].u_cell.u_sram/dout0[7]
 instr_bram_ctrl_inst.instr_ram.u_mem.g_2k\[0\].u_cell.u_sram/dout0[8]
 instr_bram_ctrl_inst.instr_ram.u_mem.g_2k\[0\].u_cell.u_sram/dout0[9]
 instr_bram_ctrl_inst.instr_ram.u_mem.g_2k\[0\].u_cell.u_sram_30864/HI
 instr_bram_ctrl_inst.instr_ram.u_mem.g_2k\[1\].u_cell.u_sram/dout0[0]
 instr_bram_ctrl_inst.instr_ram.u_mem.g_2k\[1\].u_cell.u_sram/dout0[10]
 instr_bram_ctrl_inst.instr_ram.u_mem.g_2k\[1\].u_cell.u_sram/dout0[11]
 instr_bram_ctrl_inst.instr_ram.u_mem.g_2k\[1\].u_cell.u_sram/dout0[12]
 instr_bram_ctrl_inst.instr_ram.u_mem.g_2k\[1\].u_cell.u_sram/dout0[13]
 instr_bram_ctrl_inst.instr_ram.u_mem.g_2k\[1\].u_cell.u_sram/dout0[14]
 instr_bram_ctrl_inst.instr_ram.u_mem.g_2k\[1\].u_cell.u_sram/dout0[15]
 instr_bram_ctrl_inst.instr_ram.u_mem.g_2k\[1\].u_cell.u_sram/dout0[16]
 instr_bram_ctrl_inst.instr_ram.u_mem.g_2k\[1\].u_cell.u_sram/dout0[17]
 instr_bram_ctrl_inst.instr_ram.u_mem.g_2k\[1\].u_cell.u_sram/dout0[18]
 instr_bram_ctrl_inst.instr_ram.u_mem.g_2k\[1\].u_cell.u_sram/dout0[19]
 instr_bram_ctrl_inst.instr_ram.u_mem.g_2k\[1\].u_cell.u_sram/dout0[1]
 instr_bram_ctrl_inst.instr_ram.u_mem.g_2k\[1\].u_cell.u_sram/dout0[20]
 instr_bram_ctrl_inst.instr_ram.u_mem.g_2k\[1\].u_cell.u_sram/dout0[21]
 instr_bram_ctrl_inst.instr_ram.u_mem.g_2k\[1\].u_cell.u_sram/dout0[22]
 instr_bram_ctrl_inst.instr_ram.u_mem.g_2k\[1\].u_cell.u_sram/dout0[23]
 instr_bram_ctrl_inst.instr_ram.u_mem.g_2k\[1\].u_cell.u_sram/dout0[24]
 instr_bram_ctrl_inst.instr_ram.u_mem.g_2k\[1\].u_cell.u_sram/dout0[25]
 instr_bram_ctrl_inst.instr_ram.u_mem.g_2k\[1\].u_cell.u_sram/dout0[26]
 instr_bram_ctrl_inst.instr_ram.u_mem.g_2k\[1\].u_cell.u_sram/dout0[27]
 instr_bram_ctrl_inst.instr_ram.u_mem.g_2k\[1\].u_cell.u_sram/dout0[28]
 instr_bram_ctrl_inst.instr_ram.u_mem.g_2k\[1\].u_cell.u_sram/dout0[29]
 instr_bram_ctrl_inst.instr_ram.u_mem.g_2k\[1\].u_cell.u_sram/dout0[2]
 instr_bram_ctrl_inst.instr_ram.u_mem.g_2k\[1\].u_cell.u_sram/dout0[30]
 instr_bram_ctrl_inst.instr_ram.u_mem.g_2k\[1\].u_cell.u_sram/dout0[31]
 instr_bram_ctrl_inst.instr_ram.u_mem.g_2k\[1\].u_cell.u_sram/dout0[3]
 instr_bram_ctrl_inst.instr_ram.u_mem.g_2k\[1\].u_cell.u_sram/dout0[4]
 instr_bram_ctrl_inst.instr_ram.u_mem.g_2k\[1\].u_cell.u_sram/dout0[5]
 instr_bram_ctrl_inst.instr_ram.u_mem.g_2k\[1\].u_cell.u_sram/dout0[6]
 instr_bram_ctrl_inst.instr_ram.u_mem.g_2k\[1\].u_cell.u_sram/dout0[7]
 instr_bram_ctrl_inst.instr_ram.u_mem.g_2k\[1\].u_cell.u_sram/dout0[8]
 instr_bram_ctrl_inst.instr_ram.u_mem.g_2k\[1\].u_cell.u_sram/dout0[9]
 instr_bram_ctrl_inst.instr_ram.u_mem.g_2k\[1\].u_cell.u_sram_30865/HI
 instr_bram_ctrl_inst.instr_ram.u_mem.g_2k\[2\].u_cell.u_sram/dout0[0]
 instr_bram_ctrl_inst.instr_ram.u_mem.g_2k\[2\].u_cell.u_sram/dout0[10]
 instr_bram_ctrl_inst.instr_ram.u_mem.g_2k\[2\].u_cell.u_sram/dout0[11]
 instr_bram_ctrl_inst.instr_ram.u_mem.g_2k\[2\].u_cell.u_sram/dout0[12]
 instr_bram_ctrl_inst.instr_ram.u_mem.g_2k\[2\].u_cell.u_sram/dout0[13]
 instr_bram_ctrl_inst.instr_ram.u_mem.g_2k\[2\].u_cell.u_sram/dout0[14]
 instr_bram_ctrl_inst.instr_ram.u_mem.g_2k\[2\].u_cell.u_sram/dout0[15]
 instr_bram_ctrl_inst.instr_ram.u_mem.g_2k\[2\].u_cell.u_sram/dout0[16]
 instr_bram_ctrl_inst.instr_ram.u_mem.g_2k\[2\].u_cell.u_sram/dout0[17]
 instr_bram_ctrl_inst.instr_ram.u_mem.g_2k\[2\].u_cell.u_sram/dout0[18]
 instr_bram_ctrl_inst.instr_ram.u_mem.g_2k\[2\].u_cell.u_sram/dout0[19]
 instr_bram_ctrl_inst.instr_ram.u_mem.g_2k\[2\].u_cell.u_sram/dout0[1]
 instr_bram_ctrl_inst.instr_ram.u_mem.g_2k\[2\].u_cell.u_sram/dout0[20]
 instr_bram_ctrl_inst.instr_ram.u_mem.g_2k\[2\].u_cell.u_sram/dout0[21]
 instr_bram_ctrl_inst.instr_ram.u_mem.g_2k\[2\].u_cell.u_sram/dout0[22]
 instr_bram_ctrl_inst.instr_ram.u_mem.g_2k\[2\].u_cell.u_sram/dout0[23]
 instr_bram_ctrl_inst.instr_ram.u_mem.g_2k\[2\].u_cell.u_sram/dout0[24]
 instr_bram_ctrl_inst.instr_ram.u_mem.g_2k\[2\].u_cell.u_sram/dout0[25]
 instr_bram_ctrl_inst.instr_ram.u_mem.g_2k\[2\].u_cell.u_sram/dout0[26]
 instr_bram_ctrl_inst.instr_ram.u_mem.g_2k\[2\].u_cell.u_sram/dout0[27]
 instr_bram_ctrl_inst.instr_ram.u_mem.g_2k\[2\].u_cell.u_sram/dout0[28]
 instr_bram_ctrl_inst.instr_ram.u_mem.g_2k\[2\].u_cell.u_sram/dout0[29]
 instr_bram_ctrl_inst.instr_ram.u_mem.g_2k\[2\].u_cell.u_sram/dout0[2]
 instr_bram_ctrl_inst.instr_ram.u_mem.g_2k\[2\].u_cell.u_sram/dout0[30]
 instr_bram_ctrl_inst.instr_ram.u_mem.g_2k\[2\].u_cell.u_sram/dout0[31]
 instr_bram_ctrl_inst.instr_ram.u_mem.g_2k\[2\].u_cell.u_sram/dout0[3]
 instr_bram_ctrl_inst.instr_ram.u_mem.g_2k\[2\].u_cell.u_sram/dout0[4]
 instr_bram_ctrl_inst.instr_ram.u_mem.g_2k\[2\].u_cell.u_sram/dout0[5]
 instr_bram_ctrl_inst.instr_ram.u_mem.g_2k\[2\].u_cell.u_sram/dout0[6]
 instr_bram_ctrl_inst.instr_ram.u_mem.g_2k\[2\].u_cell.u_sram/dout0[7]
 instr_bram_ctrl_inst.instr_ram.u_mem.g_2k\[2\].u_cell.u_sram/dout0[8]
 instr_bram_ctrl_inst.instr_ram.u_mem.g_2k\[2\].u_cell.u_sram/dout0[9]
 instr_bram_ctrl_inst.instr_ram.u_mem.g_2k\[2\].u_cell.u_sram_30866/HI
 instr_bram_ctrl_inst.instr_ram.u_mem.g_2k\[3\].u_cell.u_sram/dout0[0]
 instr_bram_ctrl_inst.instr_ram.u_mem.g_2k\[3\].u_cell.u_sram/dout0[10]
 instr_bram_ctrl_inst.instr_ram.u_mem.g_2k\[3\].u_cell.u_sram/dout0[11]
 instr_bram_ctrl_inst.instr_ram.u_mem.g_2k\[3\].u_cell.u_sram/dout0[12]
 instr_bram_ctrl_inst.instr_ram.u_mem.g_2k\[3\].u_cell.u_sram/dout0[13]
 instr_bram_ctrl_inst.instr_ram.u_mem.g_2k\[3\].u_cell.u_sram/dout0[14]
 instr_bram_ctrl_inst.instr_ram.u_mem.g_2k\[3\].u_cell.u_sram/dout0[15]
 instr_bram_ctrl_inst.instr_ram.u_mem.g_2k\[3\].u_cell.u_sram/dout0[16]
 instr_bram_ctrl_inst.instr_ram.u_mem.g_2k\[3\].u_cell.u_sram/dout0[17]
 instr_bram_ctrl_inst.instr_ram.u_mem.g_2k\[3\].u_cell.u_sram/dout0[18]
 instr_bram_ctrl_inst.instr_ram.u_mem.g_2k\[3\].u_cell.u_sram/dout0[19]
 instr_bram_ctrl_inst.instr_ram.u_mem.g_2k\[3\].u_cell.u_sram/dout0[1]
 instr_bram_ctrl_inst.instr_ram.u_mem.g_2k\[3\].u_cell.u_sram/dout0[20]
 instr_bram_ctrl_inst.instr_ram.u_mem.g_2k\[3\].u_cell.u_sram/dout0[21]
 instr_bram_ctrl_inst.instr_ram.u_mem.g_2k\[3\].u_cell.u_sram/dout0[22]
 instr_bram_ctrl_inst.instr_ram.u_mem.g_2k\[3\].u_cell.u_sram/dout0[23]
 instr_bram_ctrl_inst.instr_ram.u_mem.g_2k\[3\].u_cell.u_sram/dout0[24]
 instr_bram_ctrl_inst.instr_ram.u_mem.g_2k\[3\].u_cell.u_sram/dout0[25]
 instr_bram_ctrl_inst.instr_ram.u_mem.g_2k\[3\].u_cell.u_sram/dout0[26]
 instr_bram_ctrl_inst.instr_ram.u_mem.g_2k\[3\].u_cell.u_sram/dout0[27]
 instr_bram_ctrl_inst.instr_ram.u_mem.g_2k\[3\].u_cell.u_sram/dout0[28]
 instr_bram_ctrl_inst.instr_ram.u_mem.g_2k\[3\].u_cell.u_sram/dout0[29]
 instr_bram_ctrl_inst.instr_ram.u_mem.g_2k\[3\].u_cell.u_sram/dout0[2]
 instr_bram_ctrl_inst.instr_ram.u_mem.g_2k\[3\].u_cell.u_sram/dout0[30]
 instr_bram_ctrl_inst.instr_ram.u_mem.g_2k\[3\].u_cell.u_sram/dout0[31]
 instr_bram_ctrl_inst.instr_ram.u_mem.g_2k\[3\].u_cell.u_sram/dout0[3]
 instr_bram_ctrl_inst.instr_ram.u_mem.g_2k\[3\].u_cell.u_sram/dout0[4]
 instr_bram_ctrl_inst.instr_ram.u_mem.g_2k\[3\].u_cell.u_sram/dout0[5]
 instr_bram_ctrl_inst.instr_ram.u_mem.g_2k\[3\].u_cell.u_sram/dout0[6]
 instr_bram_ctrl_inst.instr_ram.u_mem.g_2k\[3\].u_cell.u_sram/dout0[7]
 instr_bram_ctrl_inst.instr_ram.u_mem.g_2k\[3\].u_cell.u_sram/dout0[8]
 instr_bram_ctrl_inst.instr_ram.u_mem.g_2k\[3\].u_cell.u_sram/dout0[9]
 instr_bram_ctrl_inst.instr_ram.u_mem.g_2k\[3\].u_cell.u_sram_30867/HI
 top_module/HI
 top_module_30873/HI
 top_module_30874/HI
 top_module_30875/HI
 top_module_30876/HI
 top_module_30877/HI
 top_module_30878/HI
 top_module_30879/HI
 top_module_30880/HI
 top_module_30881/HI
 top_module_30882/HI
 top_module_30883/HI
 top_module_30884/HI
 top_module_30885/HI
 top_module_30886/HI
 top_module_30887/HI
 yz_bram_ctrl_inst.yz_ram.u_mem.u_mem.g_1k.u_cell.u_sram/dout0[0]
 yz_bram_ctrl_inst.yz_ram.u_mem.u_mem.g_1k.u_cell.u_sram/dout0[10]
 yz_bram_ctrl_inst.yz_ram.u_mem.u_mem.g_1k.u_cell.u_sram/dout0[11]
 yz_bram_ctrl_inst.yz_ram.u_mem.u_mem.g_1k.u_cell.u_sram/dout0[12]
 yz_bram_ctrl_inst.yz_ram.u_mem.u_mem.g_1k.u_cell.u_sram/dout0[13]
 yz_bram_ctrl_inst.yz_ram.u_mem.u_mem.g_1k.u_cell.u_sram/dout0[14]
 yz_bram_ctrl_inst.yz_ram.u_mem.u_mem.g_1k.u_cell.u_sram/dout0[15]
 yz_bram_ctrl_inst.yz_ram.u_mem.u_mem.g_1k.u_cell.u_sram/dout0[16]
 yz_bram_ctrl_inst.yz_ram.u_mem.u_mem.g_1k.u_cell.u_sram/dout0[17]
 yz_bram_ctrl_inst.yz_ram.u_mem.u_mem.g_1k.u_cell.u_sram/dout0[18]
 yz_bram_ctrl_inst.yz_ram.u_mem.u_mem.g_1k.u_cell.u_sram/dout0[19]
 yz_bram_ctrl_inst.yz_ram.u_mem.u_mem.g_1k.u_cell.u_sram/dout0[1]
 yz_bram_ctrl_inst.yz_ram.u_mem.u_mem.g_1k.u_cell.u_sram/dout0[20]
 yz_bram_ctrl_inst.yz_ram.u_mem.u_mem.g_1k.u_cell.u_sram/dout0[21]
 yz_bram_ctrl_inst.yz_ram.u_mem.u_mem.g_1k.u_cell.u_sram/dout0[22]
 yz_bram_ctrl_inst.yz_ram.u_mem.u_mem.g_1k.u_cell.u_sram/dout0[23]
 yz_bram_ctrl_inst.yz_ram.u_mem.u_mem.g_1k.u_cell.u_sram/dout0[24]
 yz_bram_ctrl_inst.yz_ram.u_mem.u_mem.g_1k.u_cell.u_sram/dout0[25]
 yz_bram_ctrl_inst.yz_ram.u_mem.u_mem.g_1k.u_cell.u_sram/dout0[26]
 yz_bram_ctrl_inst.yz_ram.u_mem.u_mem.g_1k.u_cell.u_sram/dout0[27]
 yz_bram_ctrl_inst.yz_ram.u_mem.u_mem.g_1k.u_cell.u_sram/dout0[28]
 yz_bram_ctrl_inst.yz_ram.u_mem.u_mem.g_1k.u_cell.u_sram/dout0[29]
 yz_bram_ctrl_inst.yz_ram.u_mem.u_mem.g_1k.u_cell.u_sram/dout0[2]
 yz_bram_ctrl_inst.yz_ram.u_mem.u_mem.g_1k.u_cell.u_sram/dout0[30]
 yz_bram_ctrl_inst.yz_ram.u_mem.u_mem.g_1k.u_cell.u_sram/dout0[31]
 yz_bram_ctrl_inst.yz_ram.u_mem.u_mem.g_1k.u_cell.u_sram/dout0[3]
 yz_bram_ctrl_inst.yz_ram.u_mem.u_mem.g_1k.u_cell.u_sram/dout0[4]
 yz_bram_ctrl_inst.yz_ram.u_mem.u_mem.g_1k.u_cell.u_sram/dout0[5]
 yz_bram_ctrl_inst.yz_ram.u_mem.u_mem.g_1k.u_cell.u_sram/dout0[6]
 yz_bram_ctrl_inst.yz_ram.u_mem.u_mem.g_1k.u_cell.u_sram/dout0[7]
 yz_bram_ctrl_inst.yz_ram.u_mem.u_mem.g_1k.u_cell.u_sram/dout0[8]
 yz_bram_ctrl_inst.yz_ram.u_mem.u_mem.g_1k.u_cell.u_sram/dout0[9]
 yz_bram_ctrl_inst.yz_ram.u_mem.u_mem.g_1k.u_cell.u_sram_30868/HI
 yz_bram_ctrl_inst.yz_ram.u_mem.u_mem.g_2k\[0\].u_cell.u_sram/dout0[0]
 yz_bram_ctrl_inst.yz_ram.u_mem.u_mem.g_2k\[0\].u_cell.u_sram/dout0[10]
 yz_bram_ctrl_inst.yz_ram.u_mem.u_mem.g_2k\[0\].u_cell.u_sram/dout0[11]
 yz_bram_ctrl_inst.yz_ram.u_mem.u_mem.g_2k\[0\].u_cell.u_sram/dout0[12]
 yz_bram_ctrl_inst.yz_ram.u_mem.u_mem.g_2k\[0\].u_cell.u_sram/dout0[13]
 yz_bram_ctrl_inst.yz_ram.u_mem.u_mem.g_2k\[0\].u_cell.u_sram/dout0[14]
 yz_bram_ctrl_inst.yz_ram.u_mem.u_mem.g_2k\[0\].u_cell.u_sram/dout0[15]
 yz_bram_ctrl_inst.yz_ram.u_mem.u_mem.g_2k\[0\].u_cell.u_sram/dout0[16]
 yz_bram_ctrl_inst.yz_ram.u_mem.u_mem.g_2k\[0\].u_cell.u_sram/dout0[17]
 yz_bram_ctrl_inst.yz_ram.u_mem.u_mem.g_2k\[0\].u_cell.u_sram/dout0[18]
 yz_bram_ctrl_inst.yz_ram.u_mem.u_mem.g_2k\[0\].u_cell.u_sram/dout0[19]
 yz_bram_ctrl_inst.yz_ram.u_mem.u_mem.g_2k\[0\].u_cell.u_sram/dout0[1]
 yz_bram_ctrl_inst.yz_ram.u_mem.u_mem.g_2k\[0\].u_cell.u_sram/dout0[20]
 yz_bram_ctrl_inst.yz_ram.u_mem.u_mem.g_2k\[0\].u_cell.u_sram/dout0[21]
 yz_bram_ctrl_inst.yz_ram.u_mem.u_mem.g_2k\[0\].u_cell.u_sram/dout0[22]
 yz_bram_ctrl_inst.yz_ram.u_mem.u_mem.g_2k\[0\].u_cell.u_sram/dout0[23]
 yz_bram_ctrl_inst.yz_ram.u_mem.u_mem.g_2k\[0\].u_cell.u_sram/dout0[24]
 yz_bram_ctrl_inst.yz_ram.u_mem.u_mem.g_2k\[0\].u_cell.u_sram/dout0[25]
 yz_bram_ctrl_inst.yz_ram.u_mem.u_mem.g_2k\[0\].u_cell.u_sram/dout0[26]
 yz_bram_ctrl_inst.yz_ram.u_mem.u_mem.g_2k\[0\].u_cell.u_sram/dout0[27]
 yz_bram_ctrl_inst.yz_ram.u_mem.u_mem.g_2k\[0\].u_cell.u_sram/dout0[28]
 yz_bram_ctrl_inst.yz_ram.u_mem.u_mem.g_2k\[0\].u_cell.u_sram/dout0[29]
 yz_bram_ctrl_inst.yz_ram.u_mem.u_mem.g_2k\[0\].u_cell.u_sram/dout0[2]
 yz_bram_ctrl_inst.yz_ram.u_mem.u_mem.g_2k\[0\].u_cell.u_sram/dout0[30]
 yz_bram_ctrl_inst.yz_ram.u_mem.u_mem.g_2k\[0\].u_cell.u_sram/dout0[31]
 yz_bram_ctrl_inst.yz_ram.u_mem.u_mem.g_2k\[0\].u_cell.u_sram/dout0[3]
 yz_bram_ctrl_inst.yz_ram.u_mem.u_mem.g_2k\[0\].u_cell.u_sram/dout0[4]
 yz_bram_ctrl_inst.yz_ram.u_mem.u_mem.g_2k\[0\].u_cell.u_sram/dout0[5]
 yz_bram_ctrl_inst.yz_ram.u_mem.u_mem.g_2k\[0\].u_cell.u_sram/dout0[6]
 yz_bram_ctrl_inst.yz_ram.u_mem.u_mem.g_2k\[0\].u_cell.u_sram/dout0[7]
 yz_bram_ctrl_inst.yz_ram.u_mem.u_mem.g_2k\[0\].u_cell.u_sram/dout0[8]
 yz_bram_ctrl_inst.yz_ram.u_mem.u_mem.g_2k\[0\].u_cell.u_sram/dout0[9]
 yz_bram_ctrl_inst.yz_ram.u_mem.u_mem.g_2k\[0\].u_cell.u_sram_30869/HI
 yz_bram_ctrl_inst.yz_ram.u_mem.u_mem.g_2k\[1\].u_cell.u_sram/dout0[0]
 yz_bram_ctrl_inst.yz_ram.u_mem.u_mem.g_2k\[1\].u_cell.u_sram/dout0[10]
 yz_bram_ctrl_inst.yz_ram.u_mem.u_mem.g_2k\[1\].u_cell.u_sram/dout0[11]
 yz_bram_ctrl_inst.yz_ram.u_mem.u_mem.g_2k\[1\].u_cell.u_sram/dout0[12]
 yz_bram_ctrl_inst.yz_ram.u_mem.u_mem.g_2k\[1\].u_cell.u_sram/dout0[13]
 yz_bram_ctrl_inst.yz_ram.u_mem.u_mem.g_2k\[1\].u_cell.u_sram/dout0[14]
 yz_bram_ctrl_inst.yz_ram.u_mem.u_mem.g_2k\[1\].u_cell.u_sram/dout0[15]
 yz_bram_ctrl_inst.yz_ram.u_mem.u_mem.g_2k\[1\].u_cell.u_sram/dout0[16]
 yz_bram_ctrl_inst.yz_ram.u_mem.u_mem.g_2k\[1\].u_cell.u_sram/dout0[17]
 yz_bram_ctrl_inst.yz_ram.u_mem.u_mem.g_2k\[1\].u_cell.u_sram/dout0[18]
 yz_bram_ctrl_inst.yz_ram.u_mem.u_mem.g_2k\[1\].u_cell.u_sram/dout0[19]
 yz_bram_ctrl_inst.yz_ram.u_mem.u_mem.g_2k\[1\].u_cell.u_sram/dout0[1]
 yz_bram_ctrl_inst.yz_ram.u_mem.u_mem.g_2k\[1\].u_cell.u_sram/dout0[20]
 yz_bram_ctrl_inst.yz_ram.u_mem.u_mem.g_2k\[1\].u_cell.u_sram/dout0[21]
 yz_bram_ctrl_inst.yz_ram.u_mem.u_mem.g_2k\[1\].u_cell.u_sram/dout0[22]
 yz_bram_ctrl_inst.yz_ram.u_mem.u_mem.g_2k\[1\].u_cell.u_sram/dout0[23]
 yz_bram_ctrl_inst.yz_ram.u_mem.u_mem.g_2k\[1\].u_cell.u_sram/dout0[24]
 yz_bram_ctrl_inst.yz_ram.u_mem.u_mem.g_2k\[1\].u_cell.u_sram/dout0[25]
 yz_bram_ctrl_inst.yz_ram.u_mem.u_mem.g_2k\[1\].u_cell.u_sram/dout0[26]
 yz_bram_ctrl_inst.yz_ram.u_mem.u_mem.g_2k\[1\].u_cell.u_sram/dout0[27]
 yz_bram_ctrl_inst.yz_ram.u_mem.u_mem.g_2k\[1\].u_cell.u_sram/dout0[28]
 yz_bram_ctrl_inst.yz_ram.u_mem.u_mem.g_2k\[1\].u_cell.u_sram/dout0[29]
 yz_bram_ctrl_inst.yz_ram.u_mem.u_mem.g_2k\[1\].u_cell.u_sram/dout0[2]
 yz_bram_ctrl_inst.yz_ram.u_mem.u_mem.g_2k\[1\].u_cell.u_sram/dout0[30]
 yz_bram_ctrl_inst.yz_ram.u_mem.u_mem.g_2k\[1\].u_cell.u_sram/dout0[31]
 yz_bram_ctrl_inst.yz_ram.u_mem.u_mem.g_2k\[1\].u_cell.u_sram/dout0[3]
 yz_bram_ctrl_inst.yz_ram.u_mem.u_mem.g_2k\[1\].u_cell.u_sram/dout0[4]
 yz_bram_ctrl_inst.yz_ram.u_mem.u_mem.g_2k\[1\].u_cell.u_sram/dout0[5]
 yz_bram_ctrl_inst.yz_ram.u_mem.u_mem.g_2k\[1\].u_cell.u_sram/dout0[6]
 yz_bram_ctrl_inst.yz_ram.u_mem.u_mem.g_2k\[1\].u_cell.u_sram/dout0[7]
 yz_bram_ctrl_inst.yz_ram.u_mem.u_mem.g_2k\[1\].u_cell.u_sram/dout0[8]
 yz_bram_ctrl_inst.yz_ram.u_mem.u_mem.g_2k\[1\].u_cell.u_sram/dout0[9]
 yz_bram_ctrl_inst.yz_ram.u_mem.u_mem.g_2k\[1\].u_cell.u_sram_30870/HI
 yz_bram_ctrl_inst.yz_ram.u_mem.u_mem.g_2k\[2\].u_cell.u_sram/dout0[0]
 yz_bram_ctrl_inst.yz_ram.u_mem.u_mem.g_2k\[2\].u_cell.u_sram/dout0[10]
 yz_bram_ctrl_inst.yz_ram.u_mem.u_mem.g_2k\[2\].u_cell.u_sram/dout0[11]
 yz_bram_ctrl_inst.yz_ram.u_mem.u_mem.g_2k\[2\].u_cell.u_sram/dout0[12]
 yz_bram_ctrl_inst.yz_ram.u_mem.u_mem.g_2k\[2\].u_cell.u_sram/dout0[13]
 yz_bram_ctrl_inst.yz_ram.u_mem.u_mem.g_2k\[2\].u_cell.u_sram/dout0[14]
 yz_bram_ctrl_inst.yz_ram.u_mem.u_mem.g_2k\[2\].u_cell.u_sram/dout0[15]
 yz_bram_ctrl_inst.yz_ram.u_mem.u_mem.g_2k\[2\].u_cell.u_sram/dout0[16]
 yz_bram_ctrl_inst.yz_ram.u_mem.u_mem.g_2k\[2\].u_cell.u_sram/dout0[17]
 yz_bram_ctrl_inst.yz_ram.u_mem.u_mem.g_2k\[2\].u_cell.u_sram/dout0[18]
 yz_bram_ctrl_inst.yz_ram.u_mem.u_mem.g_2k\[2\].u_cell.u_sram/dout0[19]
 yz_bram_ctrl_inst.yz_ram.u_mem.u_mem.g_2k\[2\].u_cell.u_sram/dout0[1]
 yz_bram_ctrl_inst.yz_ram.u_mem.u_mem.g_2k\[2\].u_cell.u_sram/dout0[20]
 yz_bram_ctrl_inst.yz_ram.u_mem.u_mem.g_2k\[2\].u_cell.u_sram/dout0[21]
 yz_bram_ctrl_inst.yz_ram.u_mem.u_mem.g_2k\[2\].u_cell.u_sram/dout0[22]
 yz_bram_ctrl_inst.yz_ram.u_mem.u_mem.g_2k\[2\].u_cell.u_sram/dout0[23]
 yz_bram_ctrl_inst.yz_ram.u_mem.u_mem.g_2k\[2\].u_cell.u_sram/dout0[24]
 yz_bram_ctrl_inst.yz_ram.u_mem.u_mem.g_2k\[2\].u_cell.u_sram/dout0[25]
 yz_bram_ctrl_inst.yz_ram.u_mem.u_mem.g_2k\[2\].u_cell.u_sram/dout0[26]
 yz_bram_ctrl_inst.yz_ram.u_mem.u_mem.g_2k\[2\].u_cell.u_sram/dout0[27]
 yz_bram_ctrl_inst.yz_ram.u_mem.u_mem.g_2k\[2\].u_cell.u_sram/dout0[28]
 yz_bram_ctrl_inst.yz_ram.u_mem.u_mem.g_2k\[2\].u_cell.u_sram/dout0[29]
 yz_bram_ctrl_inst.yz_ram.u_mem.u_mem.g_2k\[2\].u_cell.u_sram/dout0[2]
 yz_bram_ctrl_inst.yz_ram.u_mem.u_mem.g_2k\[2\].u_cell.u_sram/dout0[30]
 yz_bram_ctrl_inst.yz_ram.u_mem.u_mem.g_2k\[2\].u_cell.u_sram/dout0[31]
 yz_bram_ctrl_inst.yz_ram.u_mem.u_mem.g_2k\[2\].u_cell.u_sram/dout0[3]
 yz_bram_ctrl_inst.yz_ram.u_mem.u_mem.g_2k\[2\].u_cell.u_sram/dout0[4]
 yz_bram_ctrl_inst.yz_ram.u_mem.u_mem.g_2k\[2\].u_cell.u_sram/dout0[5]
 yz_bram_ctrl_inst.yz_ram.u_mem.u_mem.g_2k\[2\].u_cell.u_sram/dout0[6]
 yz_bram_ctrl_inst.yz_ram.u_mem.u_mem.g_2k\[2\].u_cell.u_sram/dout0[7]
 yz_bram_ctrl_inst.yz_ram.u_mem.u_mem.g_2k\[2\].u_cell.u_sram/dout0[8]
 yz_bram_ctrl_inst.yz_ram.u_mem.u_mem.g_2k\[2\].u_cell.u_sram/dout0[9]
 yz_bram_ctrl_inst.yz_ram.u_mem.u_mem.g_2k\[2\].u_cell.u_sram_30871/HI
 yz_bram_ctrl_inst.yz_ram.u_mem.u_mem.g_2k\[3\].u_cell.u_sram/dout0[0]
 yz_bram_ctrl_inst.yz_ram.u_mem.u_mem.g_2k\[3\].u_cell.u_sram/dout0[10]
 yz_bram_ctrl_inst.yz_ram.u_mem.u_mem.g_2k\[3\].u_cell.u_sram/dout0[11]
 yz_bram_ctrl_inst.yz_ram.u_mem.u_mem.g_2k\[3\].u_cell.u_sram/dout0[12]
 yz_bram_ctrl_inst.yz_ram.u_mem.u_mem.g_2k\[3\].u_cell.u_sram/dout0[13]
 yz_bram_ctrl_inst.yz_ram.u_mem.u_mem.g_2k\[3\].u_cell.u_sram/dout0[14]
 yz_bram_ctrl_inst.yz_ram.u_mem.u_mem.g_2k\[3\].u_cell.u_sram/dout0[15]
 yz_bram_ctrl_inst.yz_ram.u_mem.u_mem.g_2k\[3\].u_cell.u_sram/dout0[16]
 yz_bram_ctrl_inst.yz_ram.u_mem.u_mem.g_2k\[3\].u_cell.u_sram/dout0[17]
 yz_bram_ctrl_inst.yz_ram.u_mem.u_mem.g_2k\[3\].u_cell.u_sram/dout0[18]
 yz_bram_ctrl_inst.yz_ram.u_mem.u_mem.g_2k\[3\].u_cell.u_sram/dout0[19]
 yz_bram_ctrl_inst.yz_ram.u_mem.u_mem.g_2k\[3\].u_cell.u_sram/dout0[1]
 yz_bram_ctrl_inst.yz_ram.u_mem.u_mem.g_2k\[3\].u_cell.u_sram/dout0[20]
 yz_bram_ctrl_inst.yz_ram.u_mem.u_mem.g_2k\[3\].u_cell.u_sram/dout0[21]
 yz_bram_ctrl_inst.yz_ram.u_mem.u_mem.g_2k\[3\].u_cell.u_sram/dout0[22]
 yz_bram_ctrl_inst.yz_ram.u_mem.u_mem.g_2k\[3\].u_cell.u_sram/dout0[23]
 yz_bram_ctrl_inst.yz_ram.u_mem.u_mem.g_2k\[3\].u_cell.u_sram/dout0[24]
 yz_bram_ctrl_inst.yz_ram.u_mem.u_mem.g_2k\[3\].u_cell.u_sram/dout0[25]
 yz_bram_ctrl_inst.yz_ram.u_mem.u_mem.g_2k\[3\].u_cell.u_sram/dout0[26]
 yz_bram_ctrl_inst.yz_ram.u_mem.u_mem.g_2k\[3\].u_cell.u_sram/dout0[27]
 yz_bram_ctrl_inst.yz_ram.u_mem.u_mem.g_2k\[3\].u_cell.u_sram/dout0[28]
 yz_bram_ctrl_inst.yz_ram.u_mem.u_mem.g_2k\[3\].u_cell.u_sram/dout0[29]
 yz_bram_ctrl_inst.yz_ram.u_mem.u_mem.g_2k\[3\].u_cell.u_sram/dout0[2]
 yz_bram_ctrl_inst.yz_ram.u_mem.u_mem.g_2k\[3\].u_cell.u_sram/dout0[30]
 yz_bram_ctrl_inst.yz_ram.u_mem.u_mem.g_2k\[3\].u_cell.u_sram/dout0[31]
 yz_bram_ctrl_inst.yz_ram.u_mem.u_mem.g_2k\[3\].u_cell.u_sram/dout0[3]
 yz_bram_ctrl_inst.yz_ram.u_mem.u_mem.g_2k\[3\].u_cell.u_sram/dout0[4]
 yz_bram_ctrl_inst.yz_ram.u_mem.u_mem.g_2k\[3\].u_cell.u_sram/dout0[5]
 yz_bram_ctrl_inst.yz_ram.u_mem.u_mem.g_2k\[3\].u_cell.u_sram/dout0[6]
 yz_bram_ctrl_inst.yz_ram.u_mem.u_mem.g_2k\[3\].u_cell.u_sram/dout0[7]
 yz_bram_ctrl_inst.yz_ram.u_mem.u_mem.g_2k\[3\].u_cell.u_sram/dout0[8]
 yz_bram_ctrl_inst.yz_ram.u_mem.u_mem.g_2k\[3\].u_cell.u_sram/dout0[9]
 yz_bram_ctrl_inst.yz_ram.u_mem.u_mem.g_2k\[3\].u_cell.u_sram_30872/HI
Found 0 partially unannotated drivers.

===========================================================================
max slew violation count 342
max fanout violation count 0
max cap violation count 19
============================================================================

===========================================================================
check_setup -verbose -unconstrained_endpoints -multiple_clock -no_clock -no_input_delay -loops -generated_clocks
===========================================================================
