
===========================================================================
report_checks -unconstrained
===========================================================================
======================= max_ff_n40C_1v95 Corner ===================================

Startpoint: _129115_ (rising edge-triggered flip-flop clocked by clk_i)
Endpoint: _128963_ (recovery check against rising-edge clock clk_i)
Path Group: asynchronous
Path Type: max

Fanout         Cap        Slew       Delay        Time   Description
---------------------------------------------------------------------------------------------
                                  0.000000    0.000000   clock clk_i (rise edge)
                                  0.000000    0.000000   clock source latency
     1    0.045554    0.048519    0.038068    0.038068 ^ clk_i (in)
                                                         clk_i (net)
                      0.050138    0.000000    0.038068 ^ wire30560/A (sky130_fd_sc_hd__buf_12)
     1    0.082989    0.077425    0.100163    0.138231 ^ wire30560/X (sky130_fd_sc_hd__buf_12)
                                                         net30560 (net)
                      0.089837    0.024525    0.162756 ^ wire30559/A (sky130_fd_sc_hd__buf_12)
     1    0.076344    0.073402    0.111446    0.274202 ^ wire30559/X (sky130_fd_sc_hd__buf_12)
                                                         net30559 (net)
                      0.077371    0.014003    0.288205 ^ wire30558/A (sky130_fd_sc_hd__buf_12)
     2    0.101033    0.093709    0.117205    0.405410 ^ wire30558/X (sky130_fd_sc_hd__buf_12)
                                                         net30558 (net)
                      0.104594    0.025674    0.431083 ^ wire30557/A (sky130_fd_sc_hd__buf_12)
     1    0.051261    0.053301    0.098556    0.529640 ^ wire30557/X (sky130_fd_sc_hd__buf_12)
                                                         net30557 (net)
                      0.055667    0.009142    0.538781 ^ wire30556/A (sky130_fd_sc_hd__buf_12)
     1    0.068983    0.067071    0.101769    0.640551 ^ wire30556/X (sky130_fd_sc_hd__buf_12)
                                                         net30556 (net)
                      0.070557    0.012572    0.653123 ^ wire30555/A (sky130_fd_sc_hd__buf_12)
     1    0.078063    0.074691    0.108747    0.761870 ^ wire30555/X (sky130_fd_sc_hd__buf_12)
                                                         net30555 (net)
                      0.079539    0.015559    0.777429 ^ clkbuf_regs_0_clk_i/A (sky130_fd_sc_hd__clkbuf_16)
     1    0.009671    0.024998    0.095237    0.872666 ^ clkbuf_regs_0_clk_i/X (sky130_fd_sc_hd__clkbuf_16)
                                                         clk_i_regs (net)
                      0.025004    0.000843    0.873509 ^ clkbuf_0_clk_i_regs/A (sky130_fd_sc_hd__clkbuf_16)
     2    0.118493    0.103493    0.140930    1.014439 ^ clkbuf_0_clk_i_regs/X (sky130_fd_sc_hd__clkbuf_16)
                                                         clknet_0_clk_i_regs (net)
                      0.104609    0.009033    1.023473 ^ clkbuf_1_1_0_clk_i_regs/A (sky130_fd_sc_hd__clkbuf_8)
     1    0.121979    0.163712    0.198625    1.222098 ^ clkbuf_1_1_0_clk_i_regs/X (sky130_fd_sc_hd__clkbuf_8)
                                                         clknet_1_1_0_clk_i_regs (net)
                      0.168441    0.023118    1.245215 ^ clkbuf_1_1_1_clk_i_regs/A (sky130_fd_sc_hd__clkbuf_8)
     2    0.128320    0.171784    0.219105    1.464320 ^ clkbuf_1_1_1_clk_i_regs/X (sky130_fd_sc_hd__clkbuf_8)
                                                         clknet_1_1_1_clk_i_regs (net)
                      0.173527    0.014626    1.478946 ^ clkbuf_2_3_0_clk_i_regs/A (sky130_fd_sc_hd__clkbuf_8)
     1    0.070985    0.100632    0.171221    1.650167 ^ clkbuf_2_3_0_clk_i_regs/X (sky130_fd_sc_hd__clkbuf_8)
                                                         clknet_2_3_0_clk_i_regs (net)
                      0.101634    0.008447    1.658614 ^ clkbuf_2_3_1_clk_i_regs/A (sky130_fd_sc_hd__clkbuf_8)
     2    0.106905    0.144669    0.185765    1.844379 ^ clkbuf_2_3_1_clk_i_regs/X (sky130_fd_sc_hd__clkbuf_8)
                                                         clknet_2_3_1_clk_i_regs (net)
                      0.147952    0.018182    1.862560 ^ clkbuf_3_6_0_clk_i_regs/A (sky130_fd_sc_hd__clkbuf_8)
     2    0.072921    0.102595    0.169022    2.031582 ^ clkbuf_3_6_0_clk_i_regs/X (sky130_fd_sc_hd__clkbuf_8)
                                                         clknet_3_6_0_clk_i_regs (net)
                      0.104166    0.010617    2.042199 ^ clkbuf_4_13_0_clk_i_regs/A (sky130_fd_sc_hd__clkbuf_8)
     2    0.128148    0.171568    0.199463    2.241662 ^ clkbuf_4_13_0_clk_i_regs/X (sky130_fd_sc_hd__clkbuf_8)
                                                         clknet_4_13_0_clk_i_regs (net)
                      0.176624    0.024482    2.266144 ^ clkbuf_5_26_0_clk_i_regs/A (sky130_fd_sc_hd__clkbuf_8)
     2    0.067060    0.096492    0.167576    2.433720 ^ clkbuf_5_26_0_clk_i_regs/X (sky130_fd_sc_hd__clkbuf_8)
                                                         clknet_5_26_0_clk_i_regs (net)
                      0.097608    0.008699    2.442418 ^ clkbuf_6_53__f_clk_i_regs/A (sky130_fd_sc_hd__clkbuf_16)
     5    0.148993    0.124167    0.170651    2.613069 ^ clkbuf_6_53__f_clk_i_regs/X (sky130_fd_sc_hd__clkbuf_16)
                                                         clknet_6_53__leaf_clk_i_regs (net)
                      0.134972    0.029662    2.642730 ^ clkbuf_leaf_118_clk_i_regs/A (sky130_fd_sc_hd__clkbuf_8)
     3    0.025453    0.044913    0.126306    2.769036 ^ clkbuf_leaf_118_clk_i_regs/X (sky130_fd_sc_hd__clkbuf_8)
                                                         clknet_leaf_118_clk_i_regs (net)
                      0.044915    0.000405    2.769442 ^ _129115_/CLK (sky130_fd_sc_hd__dfrtp_4)
     1    0.002860    0.030351    0.253523    3.022965 ^ _129115_/Q (sky130_fd_sc_hd__dfrtp_4)
                                                         rst_sync_q[1] (net)
                      0.030351    0.000189    3.023154 ^ hold62253/A (sky130_fd_sc_hd__dlygate4sd3_1)
     1    0.006752    0.063948    0.412451    3.435604 ^ hold62253/X (sky130_fd_sc_hd__dlygate4sd3_1)
                                                         net62253 (net)
                      0.063948    0.000573    3.436177 ^ wire49339/A (sky130_fd_sc_hd__buf_6)
     2    0.059183    0.093490    0.118935    3.555113 ^ wire49339/X (sky130_fd_sc_hd__buf_6)
                                                         net49339 (net)
                      0.095307    0.010851    3.565964 ^ wire49338/A (sky130_fd_sc_hd__buf_4)
     1    0.034917    0.078574    0.124657    3.690620 ^ wire49338/X (sky130_fd_sc_hd__buf_4)
                                                         net49338 (net)
                      0.079836    0.008292    3.698912 ^ wire49337/A (sky130_fd_sc_hd__clkbuf_4)
     1    0.025206    0.065055    0.130492    3.829404 ^ wire49337/X (sky130_fd_sc_hd__clkbuf_4)
                                                         net49337 (net)
                      0.065474    0.004338    3.833741 ^ wire49336/A (sky130_fd_sc_hd__buf_6)
     1    0.036581    0.061249    0.096297    3.930038 ^ wire49336/X (sky130_fd_sc_hd__buf_6)
                                                         net49336 (net)
                      0.062877    0.008237    3.938275 ^ wire49335/A (sky130_fd_sc_hd__buf_4)
     1    0.030909    0.070028    0.113210    4.051485 ^ wire49335/X (sky130_fd_sc_hd__buf_4)
                                                         net49335 (net)
                      0.070400    0.004286    4.055770 ^ wire25716/A (sky130_fd_sc_hd__buf_12)
     1    0.017989    0.027657    0.075809    4.131579 ^ wire25716/X (sky130_fd_sc_hd__buf_12)
                                                         net25716 (net)
                      0.027824    0.002430    4.134009 ^ wire48931/A (sky130_fd_sc_hd__clkbuf_4)
     1    0.017023    0.048267    0.102131    4.236140 ^ wire48931/X (sky130_fd_sc_hd__clkbuf_4)
                                                         net48931 (net)
                      0.048411    0.002213    4.238353 ^ wire48930/A (sky130_fd_sc_hd__buf_4)
     1    0.029990    0.068012    0.108013    4.346366 ^ wire48930/X (sky130_fd_sc_hd__buf_4)
                                                         net48930 (net)
                      0.068735    0.005835    4.352201 ^ wire48929/A (sky130_fd_sc_hd__buf_6)
     1    0.036105    0.060446    0.096787    4.448988 ^ wire48929/X (sky130_fd_sc_hd__buf_6)
                                                         net48929 (net)
                      0.061969    0.007877    4.456866 ^ wire25715/A (sky130_fd_sc_hd__buf_12)
     2    0.016255    0.026325    0.072817    4.529683 ^ wire25715/X (sky130_fd_sc_hd__buf_12)
                                                         net25715 (net)
                      0.026370    0.001655    4.531337 ^ wire48407/A (sky130_fd_sc_hd__buf_6)
     1    0.037554    0.062322    0.088490    4.619827 ^ wire48407/X (sky130_fd_sc_hd__buf_6)
                                                         net48407 (net)
                      0.063711    0.007702    4.627529 ^ wire48406/A (sky130_fd_sc_hd__buf_4)
     2    0.038471    0.084937    0.122889    4.750418 ^ wire48406/X (sky130_fd_sc_hd__buf_4)
                                                         net48406 (net)
                      0.085257    0.004474    4.754892 ^ max_length48405/A (sky130_fd_sc_hd__buf_6)
     1    0.041642    0.068725    0.104333    4.859225 ^ max_length48405/X (sky130_fd_sc_hd__buf_6)
                                                         net48405 (net)
                      0.070398    0.008880    4.868104 ^ fanout25418/A (sky130_fd_sc_hd__buf_1)
     2    0.013112    0.119301    0.123300    4.991405 ^ fanout25418/X (sky130_fd_sc_hd__buf_1)
                                                         net25418 (net)
                      0.119325    0.001461    4.992866 ^ wire25438/A (sky130_fd_sc_hd__buf_4)
     2    0.037361    0.083139    0.134796    5.127662 ^ wire25438/X (sky130_fd_sc_hd__buf_4)
                                                         net25438 (net)
                      0.083846    0.006438    5.134100 ^ wire25437/A (sky130_fd_sc_hd__buf_4)
     2    0.030115    0.068594    0.116480    5.250581 ^ wire25437/X (sky130_fd_sc_hd__buf_4)
                                                         net25437 (net)
                      0.069137    0.005111    5.255691 ^ wire25433/A (sky130_fd_sc_hd__buf_4)
     1    0.026858    0.062041    0.108962    5.364653 ^ wire25433/X (sky130_fd_sc_hd__buf_4)
                                                         net25433 (net)
                      0.062403    0.003957    5.368610 ^ wire25432/A (sky130_fd_sc_hd__buf_4)
     2    0.029910    0.068040    0.111776    5.480386 ^ wire25432/X (sky130_fd_sc_hd__buf_4)
                                                         net25432 (net)
                      0.068490    0.004630    5.485016 ^ wire25431/A (sky130_fd_sc_hd__buf_4)
     1    0.026767    0.061851    0.108504    5.593520 ^ wire25431/X (sky130_fd_sc_hd__buf_4)
                                                         net25431 (net)
                      0.062302    0.004407    5.597927 ^ wire25430/A (sky130_fd_sc_hd__buf_4)
     2    0.032627    0.073366    0.114879    5.712806 ^ wire25430/X (sky130_fd_sc_hd__buf_4)
                                                         net25430 (net)
                      0.073827    0.004900    5.717706 ^ fanout25248/A (sky130_fd_sc_hd__buf_1)
     3    0.014244    0.128873    0.131002    5.848708 ^ fanout25248/X (sky130_fd_sc_hd__buf_1)
                                                         net25248 (net)
                      0.128874    0.000418    5.849126 ^ load_slew25254/A (sky130_fd_sc_hd__clkbuf_4)
     1    0.027136    0.069607    0.147646    5.996772 ^ load_slew25254/X (sky130_fd_sc_hd__clkbuf_4)
                                                         net25254 (net)
                      0.069943    0.004022    6.000794 ^ wire25253/A (sky130_fd_sc_hd__buf_4)
     1    0.030062    0.068460    0.114474    6.115268 ^ wire25253/X (sky130_fd_sc_hd__buf_4)
                                                         net25253 (net)
                      0.068606    0.002663    6.117931 ^ fanout25156/A (sky130_fd_sc_hd__buf_1)
     2    0.007658    0.072942    0.089960    6.207891 ^ fanout25156/X (sky130_fd_sc_hd__buf_1)
                                                         net25156 (net)
                      0.072946    0.000487    6.208377 ^ wire25162/A (sky130_fd_sc_hd__buf_4)
     3    0.046831    0.102296    0.135592    6.343969 ^ wire25162/X (sky130_fd_sc_hd__buf_4)
                                                         net25162 (net)
                      0.102683    0.005441    6.349410 ^ load_slew25161/A (sky130_fd_sc_hd__clkbuf_4)
     1    0.030275    0.076056    0.145953    6.495363 ^ load_slew25161/X (sky130_fd_sc_hd__clkbuf_4)
                                                         net25161 (net)
                      0.076248    0.002863    6.498227 ^ wire25160/A (sky130_fd_sc_hd__buf_4)
     4    0.041314    0.090773    0.131063    6.629289 ^ wire25160/X (sky130_fd_sc_hd__buf_4)
                                                         net25160 (net)
                      0.091216    0.005368    6.634657 ^ wire25157/A (sky130_fd_sc_hd__buf_4)
     4    0.044705    0.098051    0.137318    6.771975 ^ wire25157/X (sky130_fd_sc_hd__buf_4)
                                                         net25157 (net)
                      0.099413    0.009686    6.781660 ^ fanout25070/A (sky130_fd_sc_hd__buf_1)
     3    0.033276    0.290872    0.249237    7.030898 ^ fanout25070/X (sky130_fd_sc_hd__buf_1)
                                                         net25070 (net)
                      0.290896    0.002333    7.033230 ^ fanout25049/A (sky130_fd_sc_hd__buf_1)
     2    0.010038    0.093431    0.106277    7.139507 ^ fanout25049/X (sky130_fd_sc_hd__buf_1)
                                                         net25049 (net)
                      0.093437    0.000651    7.140159 ^ fanout25044/A (sky130_fd_sc_hd__buf_1)
     7    0.033186    0.290201    0.248080    7.388238 ^ fanout25044/X (sky130_fd_sc_hd__buf_1)
                                                         net25044 (net)
                      0.290216    0.001839    7.390077 ^ load_slew25048/A (sky130_fd_sc_hd__clkbuf_2)
     5    0.028059    0.121666    0.173219    7.563296 ^ load_slew25048/X (sky130_fd_sc_hd__clkbuf_2)
                                                         net25048 (net)
                      0.121747    0.002686    7.565982 ^ load_slew25045/A (sky130_fd_sc_hd__clkbuf_4)
     5    0.032041    0.079964    0.154147    7.720129 ^ load_slew25045/X (sky130_fd_sc_hd__clkbuf_4)
                                                         net25045 (net)
                      0.080125    0.003035    7.723164 ^ fanout25039/A (sky130_fd_sc_hd__buf_1)
     3    0.011489    0.105412    0.114377    7.837541 ^ fanout25039/X (sky130_fd_sc_hd__buf_1)
                                                         net25039 (net)
                      0.105417    0.000651    7.838192 ^ load_slew25042/A (sky130_fd_sc_hd__clkbuf_4)
     7    0.037275    0.091087    0.156716    7.994908 ^ load_slew25042/X (sky130_fd_sc_hd__clkbuf_4)
                                                         net25042 (net)
                      0.091414    0.004618    7.999526 ^ load_slew25041/A (sky130_fd_sc_hd__buf_2)
     6    0.029439    0.111265    0.146660    8.146186 ^ load_slew25041/X (sky130_fd_sc_hd__buf_2)
                                                         net25041 (net)
                      0.111363    0.002832    8.149017 ^ load_slew25040/A (sky130_fd_sc_hd__clkbuf_4)
     7    0.036239    0.088892    0.156972    8.305990 ^ load_slew25040/X (sky130_fd_sc_hd__clkbuf_4)
                                                         net25040 (net)
                      0.089189    0.004346    8.310336 ^ _128963_/RESET_B (sky130_fd_sc_hd__dfrtp_4)
                                              8.310336   data arrival time

                                 35.714283   35.714283   clock clk_i (rise edge)
                                  0.000000   35.714283   clock source latency
     1    0.045554    0.048519    0.034444   35.748726 ^ clk_i (in)
                                                         clk_i (net)
                      0.050138    0.000000   35.748726 ^ wire30560/A (sky130_fd_sc_hd__buf_12)
     1    0.082989    0.077425    0.090623   35.839352 ^ wire30560/X (sky130_fd_sc_hd__buf_12)
                                                         net30560 (net)
                      0.089837    0.022190   35.861542 ^ wire30559/A (sky130_fd_sc_hd__buf_12)
     1    0.076344    0.073402    0.100830   35.962372 ^ wire30559/X (sky130_fd_sc_hd__buf_12)
                                                         net30559 (net)
                      0.077371    0.012673   35.975044 ^ wire30558/A (sky130_fd_sc_hd__buf_12)
     2    0.101033    0.093709    0.106041   36.081085 ^ wire30558/X (sky130_fd_sc_hd__buf_12)
                                                         net30558 (net)
                      0.104594    0.023228   36.104313 ^ wire30557/A (sky130_fd_sc_hd__buf_12)
     1    0.051261    0.053301    0.089170   36.193481 ^ wire30557/X (sky130_fd_sc_hd__buf_12)
                                                         net30557 (net)
                      0.055667    0.008271   36.201752 ^ wire30556/A (sky130_fd_sc_hd__buf_12)
     1    0.068983    0.067071    0.092079   36.293831 ^ wire30556/X (sky130_fd_sc_hd__buf_12)
                                                         net30556 (net)
                      0.070557    0.011372   36.305202 ^ wire30555/A (sky130_fd_sc_hd__buf_12)
     1    0.078063    0.074691    0.098392   36.403595 ^ wire30555/X (sky130_fd_sc_hd__buf_12)
                                                         net30555 (net)
                      0.079539    0.014076   36.417671 ^ clkbuf_regs_0_clk_i/A (sky130_fd_sc_hd__clkbuf_16)
     1    0.009671    0.024998    0.086168   36.503838 ^ clkbuf_regs_0_clk_i/X (sky130_fd_sc_hd__clkbuf_16)
                                                         clk_i_regs (net)
                      0.025004    0.000764   36.504604 ^ clkbuf_0_clk_i_regs/A (sky130_fd_sc_hd__clkbuf_16)
     2    0.118493    0.103493    0.127507   36.632111 ^ clkbuf_0_clk_i_regs/X (sky130_fd_sc_hd__clkbuf_16)
                                                         clknet_0_clk_i_regs (net)
                      0.104364    0.007248   36.639359 ^ clkbuf_1_0_0_clk_i_regs/A (sky130_fd_sc_hd__clkbuf_8)
     1    0.075647    0.106638    0.137810   36.777168 ^ clkbuf_1_0_0_clk_i_regs/X (sky130_fd_sc_hd__clkbuf_8)
                                                         clknet_1_0_0_clk_i_regs (net)
                      0.116595    0.023707   36.800873 ^ clkbuf_1_0_1_clk_i_regs/A (sky130_fd_sc_hd__clkbuf_8)
     2    0.102811    0.139381    0.165688   36.966564 ^ clkbuf_1_0_1_clk_i_regs/X (sky130_fd_sc_hd__clkbuf_8)
                                                         clknet_1_0_1_clk_i_regs (net)
                      0.143679    0.018328   36.984890 ^ clkbuf_2_1_0_clk_i_regs/A (sky130_fd_sc_hd__clkbuf_8)
     1    0.088755    0.122180    0.162299   37.147190 ^ clkbuf_2_1_0_clk_i_regs/X (sky130_fd_sc_hd__clkbuf_8)
                                                         clknet_2_1_0_clk_i_regs (net)
                      0.124635    0.013070   37.160259 ^ clkbuf_2_1_1_clk_i_regs/A (sky130_fd_sc_hd__clkbuf_8)
     2    0.118827    0.159174    0.187111   37.347370 ^ clkbuf_2_1_1_clk_i_regs/X (sky130_fd_sc_hd__clkbuf_8)
                                                         clknet_2_1_1_clk_i_regs (net)
                      0.159916    0.008381   37.355751 ^ clkbuf_3_3_0_clk_i_regs/A (sky130_fd_sc_hd__clkbuf_8)
     2    0.099530    0.134585    0.177121   37.532871 ^ clkbuf_3_3_0_clk_i_regs/X (sky130_fd_sc_hd__clkbuf_8)
                                                         clknet_3_3_0_clk_i_regs (net)
                      0.135376    0.007905   37.540775 ^ clkbuf_4_7_0_clk_i_regs/A (sky130_fd_sc_hd__clkbuf_8)
     2    0.080175    0.111409    0.158053   37.698830 ^ clkbuf_4_7_0_clk_i_regs/X (sky130_fd_sc_hd__clkbuf_8)
                                                         clknet_4_7_0_clk_i_regs (net)
                      0.111711    0.004519   37.703350 ^ clkbuf_5_14_0_clk_i_regs/A (sky130_fd_sc_hd__clkbuf_8)
     2    0.077502    0.107914    0.150429   37.853779 ^ clkbuf_5_14_0_clk_i_regs/X (sky130_fd_sc_hd__clkbuf_8)
                                                         clknet_5_14_0_clk_i_regs (net)
                      0.108826    0.007589   37.861366 ^ clkbuf_6_28__f_clk_i_regs/A (sky130_fd_sc_hd__clkbuf_16)
     8    0.118727    0.104562    0.137678   37.999046 ^ clkbuf_6_28__f_clk_i_regs/X (sky130_fd_sc_hd__clkbuf_16)
                                                         clknet_6_28__leaf_clk_i_regs (net)
                      0.111420    0.019412   38.018456 ^ clkbuf_leaf_57_clk_i_regs/A (sky130_fd_sc_hd__clkbuf_8)
    17    0.067095    0.095101    0.143388   38.161846 ^ clkbuf_leaf_57_clk_i_regs/X (sky130_fd_sc_hd__clkbuf_8)
                                                         clknet_leaf_57_clk_i_regs (net)
                      0.095162    0.001894   38.163738 ^ _128963_/CLK (sky130_fd_sc_hd__dfrtp_4)
                                 -0.250000   37.913738   clock uncertainty
                                  0.096613   38.010349   clock reconvergence pessimism
                                  0.122778   38.133129   library recovery time
                                             38.133129   data required time
---------------------------------------------------------------------------------------------
                                             38.133129   data required time
                                             -8.310336   data arrival time
---------------------------------------------------------------------------------------------
                                             29.822794   slack (MET)


Startpoint: data_bram_ctrl_inst.data_ram.u_mem.g_2k[0].u_cell.u_sram
            (falling edge-triggered flip-flop clocked by clk_i)
Endpoint: _127885_ (rising edge-triggered flip-flop clocked by clk_i)
Path Group: clk_i
Path Type: max

Fanout         Cap        Slew       Delay        Time   Description
---------------------------------------------------------------------------------------------
                                 17.857141   17.857141   clock clk_i (fall edge)
                                  0.000000   17.857141   clock source latency
     1    0.044667    0.036724    0.032125   17.889267 v clk_i (in)
                                                         clk_i (net)
                      0.038461    0.000000   17.889267 v wire30560/A (sky130_fd_sc_hd__buf_12)
     1    0.082102    0.038181    0.102903   17.992170 v wire30560/X (sky130_fd_sc_hd__buf_12)
                                                         net30560 (net)
                      0.058998    0.022720   18.014889 v wire30559/A (sky130_fd_sc_hd__buf_12)
     1    0.075457    0.039009    0.115561   18.130451 v wire30559/X (sky130_fd_sc_hd__buf_12)
                                                         net30559 (net)
                      0.045791    0.013179   18.143629 v wire30558/A (sky130_fd_sc_hd__buf_12)
     2    0.099183    0.046132    0.110040   18.253670 v wire30558/X (sky130_fd_sc_hd__buf_12)
                                                         net30558 (net)
                      0.054914    0.015090   18.268759 v delaybuf_0_clk_i/A (sky130_fd_sc_hd__clkbuf_16)
     1    0.046648    0.037745    0.124674   18.393433 v delaybuf_0_clk_i/X (sky130_fd_sc_hd__clkbuf_16)
                                                         delaynet_0_clk_i (net)
                      0.041039    0.008859   18.402292 v wire30601/A (sky130_fd_sc_hd__buf_8)
     1    0.044397    0.037091    0.099160   18.501451 v wire30601/X (sky130_fd_sc_hd__buf_8)
                                                         net30601 (net)
                      0.039778    0.008109   18.509562 v wire30600/A (sky130_fd_sc_hd__buf_12)
     1    0.073030    0.037731    0.104151   18.613712 v wire30600/X (sky130_fd_sc_hd__buf_12)
                                                         net30600 (net)
                      0.048786    0.016291   18.630003 v wire30599/A (sky130_fd_sc_hd__buf_12)
     1    0.097277    0.045703    0.114818   18.744822 v wire30599/X (sky130_fd_sc_hd__buf_12)
                                                         net30599 (net)
                      0.057718    0.018900   18.763721 v clkbuf_0_clk_i/A (sky130_fd_sc_hd__clkbuf_16)
     2    0.142677    0.076648    0.162061   18.925783 v clkbuf_0_clk_i/X (sky130_fd_sc_hd__clkbuf_16)
                                                         clknet_0_clk_i (net)
                      0.078928    0.010855   18.936638 v clkbuf_1_1_0_clk_i/A (sky130_fd_sc_hd__clkbuf_8)
     1    0.117458    0.093076    0.174998   19.111635 v clkbuf_1_1_0_clk_i/X (sky130_fd_sc_hd__clkbuf_8)
                                                         clknet_1_1_0_clk_i (net)
                      0.096891    0.015541   19.127176 v clkbuf_1_1_1_clk_i/A (sky130_fd_sc_hd__clkbuf_8)
     1    0.089389    0.073844    0.171065   19.298243 v clkbuf_1_1_1_clk_i/X (sky130_fd_sc_hd__clkbuf_8)
                                                         clknet_1_1_1_clk_i (net)
                      0.075426    0.008971   19.307213 v wire30595/A (sky130_fd_sc_hd__buf_12)
     2    0.095648    0.046355    0.128070   19.435282 v wire30595/X (sky130_fd_sc_hd__buf_12)
                                                         net30595 (net)
                      0.051548    0.012605   19.447887 v wire30593/A (sky130_fd_sc_hd__buf_12)
     2    0.089480    0.044280    0.115408   19.563295 v wire30593/X (sky130_fd_sc_hd__buf_12)
                                                         net30593 (net)
                      0.047228    0.009054   19.572350 v max_length30592/A (sky130_fd_sc_hd__buf_12)
     1    0.057914    0.031436    0.102773   19.675123 v max_length30592/X (sky130_fd_sc_hd__buf_12)
                                                         net30592 (net)
                      0.044869    0.017341   19.692463 v wire30591/A (sky130_fd_sc_hd__buf_8)
     1    0.067409    0.040523    0.104210   19.796673 v wire30591/X (sky130_fd_sc_hd__buf_8)
                                                         net30591 (net)
                      0.059996    0.022460   19.819134 v wire30590/A (sky130_fd_sc_hd__buf_12)
     1    0.073607    0.034415    0.111793   19.930927 v wire30590/X (sky130_fd_sc_hd__buf_12)
                                                         net30590 (net)
                      0.060567    0.026162   19.957088 v clkbuf_leaf_5_clk_i/A (sky130_fd_sc_hd__clkbuf_8)
     3    0.084625    0.074761    0.150532   20.107620 v clkbuf_leaf_5_clk_i/X (sky130_fd_sc_hd__clkbuf_8)
                                                         clknet_leaf_5_clk_i (net)
                      0.103095    0.011486   20.119106 v data_bram_ctrl_inst.data_ram.u_mem.g_2k[0].u_cell.u_sram/clk1 (sky130_sram_2kbyte_1rw1r_32x512_8)
     1    0.019544    0.011734    0.507809   20.626915 v data_bram_ctrl_inst.data_ram.u_mem.g_2k[0].u_cell.u_sram/dout1[0] (sky130_sram_2kbyte_1rw1r_32x512_8)
                                                         data_bram_ctrl_inst.data_ram.u_mem.g_2k[0].u_cell.rdata[0] (net)
                      0.008801    0.002059   20.628975 v wire23973/A (sky130_fd_sc_hd__buf_2)
     1    0.020554    0.042931    0.095644   20.724619 v wire23973/X (sky130_fd_sc_hd__buf_2)
                                                         net23973 (net)
                      0.043181    0.002741   20.727360 v wire23972/A (sky130_fd_sc_hd__buf_2)
     1    0.013890    0.033975    0.100574   20.827934 v wire23972/X (sky130_fd_sc_hd__buf_2)
                                                         net23972 (net)
                      0.034079    0.001700   20.829634 v wire23971/A (sky130_fd_sc_hd__buf_2)
     1    0.016401    0.036939    0.100373   20.930006 v wire23971/X (sky130_fd_sc_hd__buf_2)
                                                         net23971 (net)
                      0.037163    0.002196   20.932203 v wire23970/A (sky130_fd_sc_hd__buf_2)
     1    0.016841    0.037575    0.102171   21.034372 v wire23970/X (sky130_fd_sc_hd__buf_2)
                                                         net23970 (net)
                      0.037810    0.002263   21.036636 v wire23969/A (sky130_fd_sc_hd__buf_4)
     1    0.016856    0.030937    0.103997   21.140633 v wire23969/X (sky130_fd_sc_hd__buf_4)
                                                         net23969 (net)
                      0.031180    0.002190   21.142822 v wire23968/A (sky130_fd_sc_hd__buf_4)
     1    0.015392    0.029309    0.099615   21.242437 v wire23968/X (sky130_fd_sc_hd__buf_4)
                                                         net23968 (net)
                      0.029451    0.001819   21.244257 v wire23967/A (sky130_fd_sc_hd__buf_2)
     1    0.019176    0.040947    0.101904   21.346161 v wire23967/X (sky130_fd_sc_hd__buf_2)
                                                         net23967 (net)
                      0.041204    0.002499   21.348660 v wire23966/A (sky130_fd_sc_hd__buf_2)
     1    0.017538    0.038577    0.104732   21.453392 v wire23966/X (sky130_fd_sc_hd__buf_2)
                                                         net23966 (net)
                      0.038832    0.002409   21.455801 v wire23965/A (sky130_fd_sc_hd__buf_2)
     1    0.017054    0.037843    0.103331   21.559132 v wire23965/X (sky130_fd_sc_hd__buf_2)
                                                         net23965 (net)
                      0.038030    0.002027   21.561159 v wire23964/A (sky130_fd_sc_hd__buf_2)
     1    0.022367    0.045662    0.109418   21.670578 v wire23964/X (sky130_fd_sc_hd__buf_2)
                                                         net23964 (net)
                      0.045985    0.003059   21.673635 v wire23963/A (sky130_fd_sc_hd__buf_4)
     1    0.019812    0.032300    0.110891   21.784527 v wire23963/X (sky130_fd_sc_hd__buf_4)
                                                         net23963 (net)
                      0.032657    0.002565   21.787092 v wire23962/A (sky130_fd_sc_hd__buf_2)
     1    0.017361    0.038316    0.100979   21.888071 v wire23962/X (sky130_fd_sc_hd__buf_2)
                                                         net23962 (net)
                      0.038555    0.002315   21.890385 v wire23961/A (sky130_fd_sc_hd__buf_2)
     1    0.016771    0.037455    0.102771   21.993156 v wire23961/X (sky130_fd_sc_hd__buf_2)
                                                         net23961 (net)
                      0.037653    0.002064   21.995220 v wire23960/A (sky130_fd_sc_hd__buf_2)
     1    0.019339    0.041216    0.105414   22.100636 v wire23960/X (sky130_fd_sc_hd__buf_2)
                                                         net23960 (net)
                      0.041519    0.002760   22.103395 v wire23959/A (sky130_fd_sc_hd__buf_4)
     1    0.016569    0.030591    0.105363   22.208757 v wire23959/X (sky130_fd_sc_hd__buf_4)
                                                         net23959 (net)
                      0.030821    0.002085   22.210844 v wire23958/A (sky130_fd_sc_hd__buf_2)
     1    0.021035    0.043628    0.105000   22.315844 v wire23958/X (sky130_fd_sc_hd__buf_2)
                                                         net23958 (net)
                      0.043881    0.002604   22.318449 v wire23957/A (sky130_fd_sc_hd__clkbuf_4)
     1    0.021413    0.041356    0.119572   22.438021 v wire23957/X (sky130_fd_sc_hd__clkbuf_4)
                                                         net23957 (net)
                      0.041733    0.003034   22.441053 v wire23956/A (sky130_fd_sc_hd__buf_2)
     1    0.021128    0.043746    0.109702   22.550756 v wire23956/X (sky130_fd_sc_hd__buf_2)
                                                         net23956 (net)
                      0.044005    0.002615   22.553371 v wire23955/A (sky130_fd_sc_hd__buf_2)
     1    0.020893    0.043433    0.110299   22.663671 v wire23955/X (sky130_fd_sc_hd__buf_2)
                                                         net23955 (net)
                      0.043671    0.002531   22.666203 v wire23954/A (sky130_fd_sc_hd__buf_4)
     1    0.023391    0.035084    0.112315   22.778517 v wire23954/X (sky130_fd_sc_hd__buf_4)
                                                         net23954 (net)
                      0.035835    0.004144   22.782661 v wire23953/A (sky130_fd_sc_hd__buf_4)
     1    0.020587    0.032800    0.107326   22.889988 v wire23953/X (sky130_fd_sc_hd__buf_4)
                                                         net23953 (net)
                      0.033233    0.002652   22.892639 v wire23952/A (sky130_fd_sc_hd__buf_4)
     1    0.020550    0.032825    0.106185   22.998825 v wire23952/X (sky130_fd_sc_hd__buf_4)
                                                         net23952 (net)
                      0.033222    0.002903   23.001728 v wire23951/A (sky130_fd_sc_hd__buf_2)
     1    0.025894    0.050788    0.112300   23.114027 v wire23951/X (sky130_fd_sc_hd__buf_2)
                                                         net23951 (net)
                      0.050958    0.002331   23.116358 v wire23950/A (sky130_fd_sc_hd__clkbuf_4)
     1    0.025947    0.046772    0.127676   23.244034 v wire23950/X (sky130_fd_sc_hd__clkbuf_4)
                                                         net23950 (net)
                      0.047031    0.002688   23.246721 v wire23949/A (sky130_fd_sc_hd__buf_2)
     1    0.025374    0.049964    0.117579   23.364300 v wire23949/X (sky130_fd_sc_hd__buf_2)
                                                         net23949 (net)
                      0.050079    0.002190   23.366489 v wire23948/A (sky130_fd_sc_hd__buf_2)
     1    0.021299    0.044028    0.113360   23.479851 v wire23948/X (sky130_fd_sc_hd__buf_2)
                                                         net23948 (net)
                      0.044253    0.002478   23.482328 v wire23947/A (sky130_fd_sc_hd__buf_2)
     1    0.023903    0.047942    0.113916   23.596243 v wire23947/X (sky130_fd_sc_hd__buf_2)
                                                         net23947 (net)
                      0.048345    0.003533   23.599777 v wire23946/A (sky130_fd_sc_hd__buf_4)
     1    0.021315    0.033385    0.113424   23.713202 v wire23946/X (sky130_fd_sc_hd__buf_4)
                                                         net23946 (net)
                      0.033780    0.002441   23.715641 v wire23945/A (sky130_fd_sc_hd__buf_4)
     1    0.021043    0.033079    0.107057   23.822699 v wire23945/X (sky130_fd_sc_hd__buf_4)
                                                         net23945 (net)
                      0.033368    0.002013   23.824711 v wire23944/A (sky130_fd_sc_hd__buf_4)
     1    0.017330    0.031177    0.103022   23.927732 v wire23944/X (sky130_fd_sc_hd__buf_4)
                                                         net23944 (net)
                      0.031257    0.001439   23.929173 v wire23943/A (sky130_fd_sc_hd__clkbuf_4)
     1    0.023969    0.044433    0.116914   24.046087 v wire23943/X (sky130_fd_sc_hd__clkbuf_4)
                                                         net23943 (net)
                      0.044750    0.003094   24.049181 v wire23942/A (sky130_fd_sc_hd__buf_2)
     1    0.017259    0.038089    0.106251   24.155432 v wire23942/X (sky130_fd_sc_hd__buf_2)
                                                         net23942 (net)
                      0.038169    0.001595   24.157028 v wire23941/A (sky130_fd_sc_hd__buf_2)
     1    0.018683    0.040217    0.105009   24.262037 v wire23941/X (sky130_fd_sc_hd__buf_2)
                                                         net23941 (net)
                      0.040446    0.002345   24.264381 v wire23940/A (sky130_fd_sc_hd__buf_4)
     1    0.022835    0.034505    0.110882   24.375263 v wire23940/X (sky130_fd_sc_hd__buf_4)
                                                         net23940 (net)
                      0.035031    0.003130   24.378393 v wire23939/A (sky130_fd_sc_hd__buf_4)
     1    0.018741    0.031873    0.104890   24.483284 v wire23939/X (sky130_fd_sc_hd__buf_4)
                                                         net23939 (net)
                      0.032194    0.002482   24.485765 v wire23938/A (sky130_fd_sc_hd__buf_4)
     1    0.018423    0.032153    0.103348   24.589113 v wire23938/X (sky130_fd_sc_hd__buf_4)
                                                         net23938 (net)
                      0.032438    0.002398   24.591513 v wire23937/A (sky130_fd_sc_hd__buf_4)
     1    0.017493    0.031546    0.102448   24.693960 v wire23937/X (sky130_fd_sc_hd__buf_4)
                                                         net23937 (net)
                      0.031817    0.002343   24.696302 v _115053_/A0 (sky130_fd_sc_hd__mux4_2)
     1    0.025065    0.103106    0.327315   25.023617 v _115053_/X (sky130_fd_sc_hd__mux4_2)
                                                         _055811_ (net)
                      0.103253    0.003594   25.027212 v wire16036/A (sky130_fd_sc_hd__buf_8)
     1    0.032405    0.030355    0.122004   25.149216 v wire16036/X (sky130_fd_sc_hd__buf_8)
                                                         net16036 (net)
                      0.031481    0.004775   25.153990 v wire33285/A (sky130_fd_sc_hd__buf_4)
     1    0.030442    0.040430    0.112118   25.266108 v wire33285/X (sky130_fd_sc_hd__buf_4)
                                                         net33285 (net)
                      0.041299    0.004825   25.270933 v wire16035/A (sky130_fd_sc_hd__buf_8)
     1    0.037323    0.032937    0.095993   25.366926 v wire16035/X (sky130_fd_sc_hd__buf_8)
                                                         net16035 (net)
                      0.035597    0.007571   25.374496 v wire33056/A (sky130_fd_sc_hd__buf_4)
     1    0.032882    0.042819    0.115053   25.489550 v wire33056/X (sky130_fd_sc_hd__buf_4)
                                                         net33056 (net)
                      0.044295    0.006510   25.496059 v _115054_/A1 (sky130_fd_sc_hd__mux2_1)
     1    0.002256    0.035947    0.153976   25.650036 v _115054_/X (sky130_fd_sc_hd__mux2_1)
                                                         _007668_ (net)
                      0.035947    0.000172   25.650208 v _127885_/D (sky130_fd_sc_hd__dfrtp_2)
                                             25.650208   data arrival time

                                 35.714283   35.714283   clock clk_i (rise edge)
                                  0.000000   35.714283   clock source latency
     1    0.045554    0.048519    0.034444   35.748726 ^ clk_i (in)
                                                         clk_i (net)
                      0.050138    0.000000   35.748726 ^ wire30560/A (sky130_fd_sc_hd__buf_12)
     1    0.082989    0.077425    0.090623   35.839352 ^ wire30560/X (sky130_fd_sc_hd__buf_12)
                                                         net30560 (net)
                      0.089837    0.022190   35.861542 ^ wire30559/A (sky130_fd_sc_hd__buf_12)
     1    0.076344    0.073402    0.100830   35.962372 ^ wire30559/X (sky130_fd_sc_hd__buf_12)
                                                         net30559 (net)
                      0.077371    0.012673   35.975044 ^ wire30558/A (sky130_fd_sc_hd__buf_12)
     2    0.101033    0.093709    0.106041   36.081085 ^ wire30558/X (sky130_fd_sc_hd__buf_12)
                                                         net30558 (net)
                      0.104594    0.023228   36.104313 ^ wire30557/A (sky130_fd_sc_hd__buf_12)
     1    0.051261    0.053301    0.089170   36.193481 ^ wire30557/X (sky130_fd_sc_hd__buf_12)
                                                         net30557 (net)
                      0.055667    0.008271   36.201752 ^ wire30556/A (sky130_fd_sc_hd__buf_12)
     1    0.068983    0.067071    0.092079   36.293831 ^ wire30556/X (sky130_fd_sc_hd__buf_12)
                                                         net30556 (net)
                      0.070557    0.011372   36.305202 ^ wire30555/A (sky130_fd_sc_hd__buf_12)
     1    0.078063    0.074691    0.098392   36.403595 ^ wire30555/X (sky130_fd_sc_hd__buf_12)
                                                         net30555 (net)
                      0.079539    0.014076   36.417671 ^ clkbuf_regs_0_clk_i/A (sky130_fd_sc_hd__clkbuf_16)
     1    0.009671    0.024998    0.086168   36.503838 ^ clkbuf_regs_0_clk_i/X (sky130_fd_sc_hd__clkbuf_16)
                                                         clk_i_regs (net)
                      0.025004    0.000764   36.504604 ^ clkbuf_0_clk_i_regs/A (sky130_fd_sc_hd__clkbuf_16)
     2    0.118493    0.103493    0.127507   36.632111 ^ clkbuf_0_clk_i_regs/X (sky130_fd_sc_hd__clkbuf_16)
                                                         clknet_0_clk_i_regs (net)
                      0.104364    0.007248   36.639359 ^ clkbuf_1_0_0_clk_i_regs/A (sky130_fd_sc_hd__clkbuf_8)
     1    0.075647    0.106638    0.137810   36.777168 ^ clkbuf_1_0_0_clk_i_regs/X (sky130_fd_sc_hd__clkbuf_8)
                                                         clknet_1_0_0_clk_i_regs (net)
                      0.116595    0.023707   36.800873 ^ clkbuf_1_0_1_clk_i_regs/A (sky130_fd_sc_hd__clkbuf_8)
     2    0.102811    0.139381    0.165688   36.966564 ^ clkbuf_1_0_1_clk_i_regs/X (sky130_fd_sc_hd__clkbuf_8)
                                                         clknet_1_0_1_clk_i_regs (net)
                      0.143679    0.018328   36.984890 ^ clkbuf_2_1_0_clk_i_regs/A (sky130_fd_sc_hd__clkbuf_8)
     1    0.088755    0.122180    0.162299   37.147190 ^ clkbuf_2_1_0_clk_i_regs/X (sky130_fd_sc_hd__clkbuf_8)
                                                         clknet_2_1_0_clk_i_regs (net)
                      0.124635    0.013070   37.160259 ^ clkbuf_2_1_1_clk_i_regs/A (sky130_fd_sc_hd__clkbuf_8)
     2    0.118827    0.159174    0.187111   37.347370 ^ clkbuf_2_1_1_clk_i_regs/X (sky130_fd_sc_hd__clkbuf_8)
                                                         clknet_2_1_1_clk_i_regs (net)
                      0.160413    0.010733   37.358105 ^ clkbuf_3_2_0_clk_i_regs/A (sky130_fd_sc_hd__clkbuf_8)
     2    0.087388    0.121377    0.165137   37.523239 ^ clkbuf_3_2_0_clk_i_regs/X (sky130_fd_sc_hd__clkbuf_8)
                                                         clknet_3_2_0_clk_i_regs (net)
                      0.122996    0.010672   37.533913 ^ clkbuf_4_4_0_clk_i_regs/A (sky130_fd_sc_hd__clkbuf_8)
     2    0.073928    0.103563    0.151008   37.684921 ^ clkbuf_4_4_0_clk_i_regs/X (sky130_fd_sc_hd__clkbuf_8)
                                                         clknet_4_4_0_clk_i_regs (net)
                      0.103949    0.004896   37.689816 ^ clkbuf_5_9_0_clk_i_regs/A (sky130_fd_sc_hd__clkbuf_8)
     2    0.078273    0.108853    0.149146   37.838963 ^ clkbuf_5_9_0_clk_i_regs/X (sky130_fd_sc_hd__clkbuf_8)
                                                         clknet_5_9_0_clk_i_regs (net)
                      0.109859    0.007990   37.846954 ^ clkbuf_6_18__f_clk_i_regs/A (sky130_fd_sc_hd__clkbuf_16)
    10    0.130807    0.110903    0.156337   38.003292 ^ clkbuf_6_18__f_clk_i_regs/X (sky130_fd_sc_hd__clkbuf_16)
                                                         clknet_6_18__leaf_clk_i_regs (net)
                      0.111713    0.007184   38.010475 ^ clkbuf_leaf_556_clk_i_regs/A (sky130_fd_sc_hd__clkbuf_8)
    17    0.077762    0.108248    0.152227   38.162701 ^ clkbuf_leaf_556_clk_i_regs/X (sky130_fd_sc_hd__clkbuf_8)
                                                         clknet_leaf_556_clk_i_regs (net)
                      0.108418    0.003347   38.166046 ^ _127885_/CLK (sky130_fd_sc_hd__dfrtp_2)
                                 -0.250000   37.916046   clock uncertainty
                                  0.037765   37.953812   clock reconvergence pessimism
                                 -0.067716   37.886097   library setup time
                                             37.886097   data required time
---------------------------------------------------------------------------------------------
                                             37.886097   data required time
                                            -25.650208   data arrival time
---------------------------------------------------------------------------------------------
                                             12.235889   slack (MET)




===========================================================================
report_checks --slack_max -0.01
============================================================================
======================= max_ff_n40C_1v95 Corner ===================================

No paths found.


===========================================================================
 report_check_types -max_slew -max_cap -max_fanout -violators
============================================================================
======================= max_ff_n40C_1v95 Corner ===================================

max slew

Pin                                        Limit        Slew       Slack
------------------------------------------------------------------------
QSPI_IO2                                0.750000    1.023829   -0.273829 (VIOLATED)
QSPI_IO0                                0.750000    1.018931   -0.268931 (VIOLATED)
load_slew30514/A                        0.750000    1.001489   -0.251489 (VIOLATED)
hold30721/A                             0.750000    0.992412   -0.242412 (VIOLATED)
QSPI_IO3                                0.750000    0.927457   -0.177457 (VIOLATED)
_129792_/Z                              0.750000    0.886617   -0.136617 (VIOLATED)
_129790_/Z                              0.750000    0.885886   -0.135886 (VIOLATED)
load_slew30512/A                        0.750000    0.885160   -0.135160 (VIOLATED)
QSPI_IO1                                0.750000    0.872077   -0.122077 (VIOLATED)
data_bram_ctrl_inst.data_ram.u_mem.g_2k[2].u_cell.u_sram/addr1[5]    0.040000    0.154477   -0.114477 (VIOLATED)
instr_bram_ctrl_inst.instr_ram.u_mem.g_2k[1].u_cell.u_sram/addr0[8]    0.040000    0.143914   -0.103914 (VIOLATED)
data_bram_ctrl_inst.data_ram.u_mem.g_2k[2].u_cell.u_sram/addr1[6]    0.040000    0.142357   -0.102357 (VIOLATED)
data_bram_ctrl_inst.data_ram.u_mem.g_2k[2].u_cell.u_sram/addr1[4]    0.040000    0.141158   -0.101158 (VIOLATED)
instr_bram_ctrl_inst.instr_ram.u_mem.g_2k[1].u_cell.u_sram/addr0[0]    0.040000    0.141110   -0.101110 (VIOLATED)
yz_bram_ctrl_inst.yz_ram.u_mem.u_mem.g_2k[3].u_cell.u_sram/wmask0[0]    0.040000    0.140416   -0.100416 (VIOLATED)
instr_bram_ctrl_inst.instr_ram.u_mem.g_2k[1].u_cell.u_sram/addr0[1]    0.040000    0.139560   -0.099560 (VIOLATED)
instr_bram_ctrl_inst.instr_ram.u_mem.g_2k[3].u_cell.u_sram/addr0[0]    0.040000    0.138555   -0.098555 (VIOLATED)
instr_bram_ctrl_inst.instr_ram.u_mem.g_2k[1].u_cell.u_sram/addr0[5]    0.040000    0.138060   -0.098060 (VIOLATED)
data_bram_ctrl_inst.data_ram.u_mem.g_2k[3].u_cell.u_sram/addr1[5]    0.040000    0.137535   -0.097535 (VIOLATED)
conv_accelerator_inst.u_conv_buf_ram.u_mem.u_mem.g_2k[1].u_cell.u_sram/wmask0[0]    0.040000    0.137534   -0.097534 (VIOLATED)
yz_bram_ctrl_inst.yz_ram.u_mem.u_mem.g_2k[1].u_cell.u_sram/wmask0[0]    0.040000    0.136554   -0.096554 (VIOLATED)
instr_bram_ctrl_inst.instr_ram.u_mem.g_2k[3].u_cell.u_sram/addr0[1]    0.040000    0.136511   -0.096511 (VIOLATED)
instr_bram_ctrl_inst.instr_ram.u_mem.g_2k[1].u_cell.u_sram/addr0[2]    0.040000    0.135682   -0.095682 (VIOLATED)
data_bram_ctrl_inst.data_ram.u_mem.g_2k[2].u_cell.u_sram/addr0[6]    0.040000    0.135503   -0.095503 (VIOLATED)
yz_bram_ctrl_inst.yz_ram.u_mem.u_mem.g_2k[0].u_cell.u_sram/addr1[8]    0.040000    0.135477   -0.095477 (VIOLATED)
yz_bram_ctrl_inst.yz_ram.u_mem.u_mem.g_2k[2].u_cell.u_sram/addr1[8]    0.040000    0.134847   -0.094847 (VIOLATED)
data_bram_ctrl_inst.data_ram.u_mem.g_2k[2].u_cell.u_sram/addr0[4]    0.040000    0.134730   -0.094730 (VIOLATED)
instr_bram_ctrl_inst.instr_ram.u_mem.g_2k[2].u_cell.u_sram/addr1[8]    0.040000    0.134360   -0.094360 (VIOLATED)
conv_accelerator_inst.u_conv_buf_ram.u_mem.u_mem.g_2k[1].u_cell.u_sram/addr1[5]    0.040000    0.134144   -0.094144 (VIOLATED)
data_bram_ctrl_inst.data_ram.u_mem.g_2k[1].u_cell.u_sram/addr1[8]    0.040000    0.134007   -0.094007 (VIOLATED)
yz_bram_ctrl_inst.yz_ram.u_mem.u_mem.g_2k[3].u_cell.u_sram/addr1[7]    0.040000    0.133757   -0.093757 (VIOLATED)
instr_bram_ctrl_inst.instr_ram.u_mem.g_2k[1].u_cell.u_sram/addr0[4]    0.040000    0.133678   -0.093678 (VIOLATED)
conv_accelerator_inst.u_conv_buf_ram.u_mem.u_mem.g_2k[0].u_cell.u_sram/addr1[7]    0.040000    0.133462   -0.093462 (VIOLATED)
data_bram_ctrl_inst.data_ram.u_mem.g_2k[2].u_cell.u_sram/addr0[2]    0.040000    0.133239   -0.093239 (VIOLATED)
data_bram_ctrl_inst.data_ram.u_mem.g_2k[2].u_cell.u_sram/wmask0[0]    0.040000    0.133201   -0.093201 (VIOLATED)
instr_bram_ctrl_inst.instr_ram.u_mem.g_2k[1].u_cell.u_sram/addr0[7]    0.040000    0.133192   -0.093192 (VIOLATED)
instr_bram_ctrl_inst.instr_ram.u_mem.g_2k[1].u_cell.u_sram/wmask0[3]    0.040000    0.132705   -0.092705 (VIOLATED)
data_bram_ctrl_inst.data_ram.u_mem.g_2k[1].u_cell.u_sram/addr1[7]    0.040000    0.132270   -0.092270 (VIOLATED)
conv_accelerator_inst.u_conv_buf_ram.u_mem.u_mem.g_2k[0].u_cell.u_sram/addr0[5]    0.040000    0.132243   -0.092243 (VIOLATED)
data_bram_ctrl_inst.data_ram.u_mem.g_2k[1].u_cell.u_sram/addr0[1]    0.040000    0.132230   -0.092230 (VIOLATED)
data_bram_ctrl_inst.data_ram.u_mem.g_2k[2].u_cell.u_sram/addr0[3]    0.040000    0.132029   -0.092029 (VIOLATED)
yz_bram_ctrl_inst.yz_ram.u_mem.u_mem.g_2k[3].u_cell.u_sram/addr0[0]    0.040000    0.131982   -0.091982 (VIOLATED)
instr_bram_ctrl_inst.instr_ram.u_mem.g_2k[1].u_cell.u_sram/wmask0[0]    0.040000    0.131914   -0.091914 (VIOLATED)
data_bram_ctrl_inst.data_ram.u_mem.g_2k[2].u_cell.u_sram/addr0[1]    0.040000    0.131736   -0.091736 (VIOLATED)
yz_bram_ctrl_inst.yz_ram.u_mem.u_mem.g_1k.u_cell.u_sram/addr1[5]    0.040000    0.131711   -0.091711 (VIOLATED)
conv_accelerator_inst.u_conv_buf_ram.u_mem.u_mem.g_2k[1].u_cell.u_sram/wmask0[1]    0.040000    0.131657   -0.091657 (VIOLATED)
yz_bram_ctrl_inst.yz_ram.u_mem.u_mem.g_2k[0].u_cell.u_sram/addr1[7]    0.040000    0.131169   -0.091169 (VIOLATED)
data_bram_ctrl_inst.data_ram.u_mem.g_2k[0].u_cell.u_sram/wmask0[0]    0.040000    0.130828   -0.090828 (VIOLATED)
yz_bram_ctrl_inst.yz_ram.u_mem.u_mem.g_1k.u_cell.u_sram/wmask0[3]    0.040000    0.130345   -0.090345 (VIOLATED)
data_bram_ctrl_inst.data_ram.u_mem.g_2k[1].u_cell.u_sram/wmask0[3]    0.040000    0.130276   -0.090276 (VIOLATED)
data_bram_ctrl_inst.data_ram.u_mem.g_2k[1].u_cell.u_sram/addr0[0]    0.040000    0.130273   -0.090273 (VIOLATED)
yz_bram_ctrl_inst.yz_ram.u_mem.u_mem.g_2k[1].u_cell.u_sram/wmask0[2]    0.040000    0.129904   -0.089904 (VIOLATED)
data_bram_ctrl_inst.data_ram.u_mem.g_2k[2].u_cell.u_sram/addr1[0]    0.040000    0.129889   -0.089889 (VIOLATED)
data_bram_ctrl_inst.data_ram.u_mem.g_2k[2].u_cell.u_sram/addr1[8]    0.040000    0.129882   -0.089882 (VIOLATED)
data_bram_ctrl_inst.data_ram.u_mem.g_2k[1].u_cell.u_sram/addr1[6]    0.040000    0.129519   -0.089519 (VIOLATED)
yz_bram_ctrl_inst.yz_ram.u_mem.u_mem.g_1k.u_cell.u_sram/addr1[6]    0.040000    0.129517   -0.089517 (VIOLATED)
conv_accelerator_inst.u_conv_buf_ram.u_mem.u_mem.g_2k[0].u_cell.u_sram/wmask0[3]    0.040000    0.129469   -0.089469 (VIOLATED)
instr_bram_ctrl_inst.instr_ram.u_mem.g_2k[1].u_cell.u_sram/addr1[1]    0.040000    0.129430   -0.089430 (VIOLATED)
yz_bram_ctrl_inst.yz_ram.u_mem.u_mem.g_2k[3].u_cell.u_sram/addr1[8]    0.040000    0.129121   -0.089121 (VIOLATED)
instr_bram_ctrl_inst.instr_ram.u_mem.g_2k[1].u_cell.u_sram/addr1[7]    0.040000    0.128973   -0.088973 (VIOLATED)
conv_accelerator_inst.u_conv_buf_ram.u_mem.u_mem.g_2k[1].u_cell.u_sram/addr1[6]    0.040000    0.128952   -0.088952 (VIOLATED)
data_bram_ctrl_inst.data_ram.u_mem.g_2k[0].u_cell.u_sram/wmask0[2]    0.040000    0.128942   -0.088942 (VIOLATED)
yz_bram_ctrl_inst.yz_ram.u_mem.u_mem.g_2k[2].u_cell.u_sram/addr1[0]    0.040000    0.128898   -0.088898 (VIOLATED)
yz_bram_ctrl_inst.yz_ram.u_mem.u_mem.g_2k[2].u_cell.u_sram/addr1[7]    0.040000    0.128863   -0.088863 (VIOLATED)
instr_bram_ctrl_inst.instr_ram.u_mem.g_2k[3].u_cell.u_sram/addr1[7]    0.040000    0.128856   -0.088856 (VIOLATED)
instr_bram_ctrl_inst.instr_ram.u_mem.g_2k[2].u_cell.u_sram/addr1[7]    0.040000    0.128640   -0.088640 (VIOLATED)
yz_bram_ctrl_inst.yz_ram.u_mem.u_mem.g_2k[1].u_cell.u_sram/addr0[1]    0.040000    0.128605   -0.088606 (VIOLATED)
data_bram_ctrl_inst.data_ram.u_mem.g_2k[2].u_cell.u_sram/addr0[8]    0.040000    0.128496   -0.088496 (VIOLATED)
instr_bram_ctrl_inst.instr_ram.u_mem.g_2k[0].u_cell.u_sram/addr1[7]    0.040000    0.128481   -0.088481 (VIOLATED)
data_bram_ctrl_inst.data_ram.u_mem.g_2k[2].u_cell.u_sram/addr0[7]    0.040000    0.128399   -0.088399 (VIOLATED)
data_bram_ctrl_inst.data_ram.u_mem.g_2k[2].u_cell.u_sram/addr1[3]    0.040000    0.128300   -0.088300 (VIOLATED)
data_bram_ctrl_inst.data_ram.u_mem.g_2k[1].u_cell.u_sram/wmask0[0]    0.040000    0.128084   -0.088084 (VIOLATED)
yz_bram_ctrl_inst.yz_ram.u_mem.u_mem.g_2k[1].u_cell.u_sram/addr1[7]    0.040000    0.127978   -0.087978 (VIOLATED)
conv_accelerator_inst.u_conv_buf_ram.u_mem.u_mem.g_2k[0].u_cell.u_sram/addr0[3]    0.040000    0.127945   -0.087945 (VIOLATED)
instr_bram_ctrl_inst.instr_ram.u_mem.g_2k[3].u_cell.u_sram/wmask0[2]    0.040000    0.127842   -0.087842 (VIOLATED)
instr_bram_ctrl_inst.instr_ram.u_mem.g_2k[3].u_cell.u_sram/wmask0[3]    0.040000    0.127840   -0.087840 (VIOLATED)
data_bram_ctrl_inst.data_ram.u_mem.g_2k[3].u_cell.u_sram/addr1[8]    0.040000    0.127799   -0.087799 (VIOLATED)
instr_bram_ctrl_inst.instr_ram.u_mem.g_2k[2].u_cell.u_sram/wmask0[1]    0.040000    0.127782   -0.087782 (VIOLATED)
data_bram_ctrl_inst.data_ram.u_mem.g_2k[2].u_cell.u_sram/addr1[1]    0.040000    0.127733   -0.087733 (VIOLATED)
data_bram_ctrl_inst.data_ram.u_mem.g_2k[2].u_cell.u_sram/wmask0[3]    0.040000    0.127731   -0.087731 (VIOLATED)
yz_bram_ctrl_inst.yz_ram.u_mem.u_mem.g_2k[3].u_cell.u_sram/wmask0[1]    0.040000    0.127617   -0.087617 (VIOLATED)
yz_bram_ctrl_inst.yz_ram.u_mem.u_mem.g_2k[1].u_cell.u_sram/wmask0[1]    0.040000    0.127493   -0.087493 (VIOLATED)
data_bram_ctrl_inst.data_ram.u_mem.g_2k[0].u_cell.u_sram/addr0[1]    0.040000    0.127306   -0.087306 (VIOLATED)
yz_bram_ctrl_inst.yz_ram.u_mem.u_mem.g_2k[3].u_cell.u_sram/addr0[1]    0.040000    0.127053   -0.087053 (VIOLATED)
data_bram_ctrl_inst.data_ram.u_mem.g_2k[0].u_cell.u_sram/wmask0[3]    0.040000    0.127014   -0.087014 (VIOLATED)
yz_bram_ctrl_inst.yz_ram.u_mem.u_mem.g_2k[1].u_cell.u_sram/addr1[8]    0.040000    0.126976   -0.086976 (VIOLATED)
data_bram_ctrl_inst.data_ram.u_mem.g_2k[1].u_cell.u_sram/wmask0[2]    0.040000    0.126955   -0.086955 (VIOLATED)
data_bram_ctrl_inst.data_ram.u_mem.g_2k[3].u_cell.u_sram/addr1[3]    0.040000    0.126944   -0.086944 (VIOLATED)
data_bram_ctrl_inst.data_ram.u_mem.g_2k[0].u_cell.u_sram/wmask0[1]    0.040000    0.126929   -0.086929 (VIOLATED)
instr_bram_ctrl_inst.instr_ram.u_mem.g_2k[3].u_cell.u_sram/addr1[8]    0.040000    0.126870   -0.086870 (VIOLATED)
data_bram_ctrl_inst.data_ram.u_mem.g_2k[2].u_cell.u_sram/addr1[7]    0.040000    0.126825   -0.086825 (VIOLATED)
yz_bram_ctrl_inst.yz_ram.u_mem.u_mem.g_1k.u_cell.u_sram/addr1[7]    0.040000    0.126821   -0.086821 (VIOLATED)
data_bram_ctrl_inst.data_ram.u_mem.g_2k[1].u_cell.u_sram/addr1[1]    0.040000    0.126759   -0.086759 (VIOLATED)
yz_bram_ctrl_inst.yz_ram.u_mem.u_mem.g_2k[1].u_cell.u_sram/addr1[1]    0.040000    0.126708   -0.086708 (VIOLATED)
data_bram_ctrl_inst.data_ram.u_mem.g_2k[2].u_cell.u_sram/addr0[5]    0.040000    0.126583   -0.086583 (VIOLATED)
yz_bram_ctrl_inst.yz_ram.u_mem.u_mem.g_2k[3].u_cell.u_sram/wmask0[2]    0.040000    0.126523   -0.086523 (VIOLATED)
data_bram_ctrl_inst.data_ram.u_mem.g_2k[1].u_cell.u_sram/wmask0[1]    0.040000    0.126344   -0.086344 (VIOLATED)
yz_bram_ctrl_inst.yz_ram.u_mem.u_mem.g_2k[0].u_cell.u_sram/addr0[0]    0.040000    0.126312   -0.086312 (VIOLATED)
yz_bram_ctrl_inst.yz_ram.u_mem.u_mem.g_2k[2].u_cell.u_sram/wmask0[3]    0.040000    0.126292   -0.086292 (VIOLATED)
data_bram_ctrl_inst.data_ram.u_mem.g_2k[0].u_cell.u_sram/addr0[0]    0.040000    0.126142   -0.086142 (VIOLATED)
instr_bram_ctrl_inst.instr_ram.u_mem.g_2k[0].u_cell.u_sram/addr1[8]    0.040000    0.126005   -0.086005 (VIOLATED)
data_bram_ctrl_inst.data_ram.u_mem.g_2k[3].u_cell.u_sram/addr1[7]    0.040000    0.126005   -0.086005 (VIOLATED)
yz_bram_ctrl_inst.yz_ram.u_mem.u_mem.g_2k[1].u_cell.u_sram/wmask0[3]    0.040000    0.126003   -0.086003 (VIOLATED)
data_bram_ctrl_inst.data_ram.u_mem.g_2k[3].u_cell.u_sram/addr1[0]    0.040000    0.125989   -0.085989 (VIOLATED)
data_bram_ctrl_inst.data_ram.u_mem.g_2k[2].u_cell.u_sram/addr1[2]    0.040000    0.125981   -0.085981 (VIOLATED)
instr_bram_ctrl_inst.instr_ram.u_mem.g_2k[1].u_cell.u_sram/addr0[6]    0.040000    0.125916   -0.085916 (VIOLATED)
yz_bram_ctrl_inst.yz_ram.u_mem.u_mem.g_2k[3].u_cell.u_sram/wmask0[3]    0.040000    0.125905   -0.085905 (VIOLATED)
conv_accelerator_inst.u_conv_buf_ram.u_mem.u_mem.g_2k[0].u_cell.u_sram/wmask0[2]    0.040000    0.125864   -0.085864 (VIOLATED)
instr_bram_ctrl_inst.instr_ram.u_mem.g_2k[1].u_cell.u_sram/addr1[8]    0.040000    0.125555   -0.085555 (VIOLATED)
conv_accelerator_inst.u_conv_buf_ram.u_mem.u_mem.g_2k[1].u_cell.u_sram/addr1[8]    0.040000    0.125300   -0.085300 (VIOLATED)
yz_bram_ctrl_inst.yz_ram.u_mem.u_mem.g_2k[3].u_cell.u_sram/addr1[0]    0.040000    0.125280   -0.085280 (VIOLATED)
conv_accelerator_inst.u_conv_buf_ram.u_mem.u_mem.g_2k[1].u_cell.u_sram/wmask0[3]    0.040000    0.125132   -0.085132 (VIOLATED)
data_bram_ctrl_inst.data_ram.u_mem.g_2k[3].u_cell.u_sram/addr1[4]    0.040000    0.125117   -0.085117 (VIOLATED)
yz_bram_ctrl_inst.yz_ram.u_mem.u_mem.g_2k[2].u_cell.u_sram/addr0[0]    0.040000    0.124994   -0.084994 (VIOLATED)
instr_bram_ctrl_inst.instr_ram.u_mem.g_2k[3].u_cell.u_sram/wmask0[1]    0.040000    0.124977   -0.084977 (VIOLATED)
instr_bram_ctrl_inst.instr_ram.u_mem.g_2k[2].u_cell.u_sram/addr1[6]    0.040000    0.124921   -0.084921 (VIOLATED)
yz_bram_ctrl_inst.yz_ram.u_mem.u_mem.g_1k.u_cell.u_sram/addr0[0]    0.040000    0.124651   -0.084651 (VIOLATED)
instr_bram_ctrl_inst.instr_ram.u_mem.g_2k[2].u_cell.u_sram/wmask0[0]    0.040000    0.124648   -0.084648 (VIOLATED)
yz_bram_ctrl_inst.yz_ram.u_mem.u_mem.g_2k[0].u_cell.u_sram/addr0[1]    0.040000    0.124598   -0.084598 (VIOLATED)
instr_bram_ctrl_inst.instr_ram.u_mem.g_2k[1].u_cell.u_sram/addr0[3]    0.040000    0.124597   -0.084597 (VIOLATED)
instr_bram_ctrl_inst.instr_ram.u_mem.g_2k[1].u_cell.u_sram/wmask0[2]    0.040000    0.124592   -0.084592 (VIOLATED)
data_bram_ctrl_inst.data_ram.u_mem.g_2k[2].u_cell.u_sram/wmask0[2]    0.040000    0.124589   -0.084589 (VIOLATED)
data_bram_ctrl_inst.data_ram.u_mem.g_2k[1].u_cell.u_sram/addr1[0]    0.040000    0.124573   -0.084573 (VIOLATED)
instr_bram_ctrl_inst.instr_ram.u_mem.g_2k[3].u_cell.u_sram/addr1[0]    0.040000    0.124437   -0.084437 (VIOLATED)
instr_bram_ctrl_inst.instr_ram.u_mem.g_2k[0].u_cell.u_sram/addr0[1]    0.040000    0.124397   -0.084397 (VIOLATED)
yz_bram_ctrl_inst.yz_ram.u_mem.u_mem.g_2k[0].u_cell.u_sram/wmask0[2]    0.040000    0.124383   -0.084383 (VIOLATED)
conv_accelerator_inst.u_conv_buf_ram.u_mem.u_mem.g_2k[0].u_cell.u_sram/addr0[7]    0.040000    0.124275   -0.084275 (VIOLATED)
conv_accelerator_inst.u_conv_buf_ram.u_mem.u_mem.g_2k[0].u_cell.u_sram/addr1[8]    0.040000    0.124259   -0.084259 (VIOLATED)
data_bram_ctrl_inst.data_ram.u_mem.g_2k[0].u_cell.u_sram/addr1[7]    0.040000    0.124183   -0.084183 (VIOLATED)
instr_bram_ctrl_inst.instr_ram.u_mem.g_2k[1].u_cell.u_sram/addr1[3]    0.040000    0.123977   -0.083977 (VIOLATED)
yz_bram_ctrl_inst.yz_ram.u_mem.u_mem.g_1k.u_cell.u_sram/addr1[4]    0.040000    0.123835   -0.083835 (VIOLATED)
conv_accelerator_inst.u_conv_buf_ram.u_mem.u_mem.g_2k[1].u_cell.u_sram/wmask0[2]    0.040000    0.123755   -0.083755 (VIOLATED)
data_bram_ctrl_inst.data_ram.u_mem.g_2k[2].u_cell.u_sram/addr0[0]    0.040000    0.123672   -0.083672 (VIOLATED)
yz_bram_ctrl_inst.yz_ram.u_mem.u_mem.g_2k[2].u_cell.u_sram/wmask0[2]    0.040000    0.123661   -0.083661 (VIOLATED)
yz_bram_ctrl_inst.yz_ram.u_mem.u_mem.g_2k[3].u_cell.u_sram/addr0[2]    0.040000    0.123649   -0.083649 (VIOLATED)
data_bram_ctrl_inst.data_ram.u_mem.g_2k[1].u_cell.u_sram/addr0[4]    0.040000    0.123625   -0.083625 (VIOLATED)
data_bram_ctrl_inst.data_ram.u_mem.g_2k[1].u_cell.u_sram/addr1[5]    0.040000    0.123542   -0.083542 (VIOLATED)
conv_accelerator_inst.u_conv_buf_ram.u_mem.u_mem.g_2k[0].u_cell.u_sram/addr0[4]    0.040000    0.123469   -0.083469 (VIOLATED)
conv_accelerator_inst.u_conv_buf_ram.u_mem.u_mem.g_2k[1].u_cell.u_sram/addr0[2]    0.040000    0.123409   -0.083409 (VIOLATED)
data_bram_ctrl_inst.data_ram.u_mem.g_2k[0].u_cell.u_sram/addr1[8]    0.040000    0.123359   -0.083359 (VIOLATED)
instr_bram_ctrl_inst.instr_ram.u_mem.g_2k[1].u_cell.u_sram/addr1[5]    0.040000    0.123341   -0.083341 (VIOLATED)
conv_accelerator_inst.u_conv_buf_ram.u_mem.u_mem.g_2k[1].u_cell.u_sram/addr0[3]    0.040000    0.123328   -0.083328 (VIOLATED)
instr_bram_ctrl_inst.instr_ram.u_mem.g_2k[0].u_cell.u_sram/wmask0[0]    0.040000    0.123160   -0.083160 (VIOLATED)
instr_bram_ctrl_inst.instr_ram.u_mem.g_2k[1].u_cell.u_sram/addr1[0]    0.040000    0.123146   -0.083146 (VIOLATED)
data_bram_ctrl_inst.data_ram.u_mem.g_2k[1].u_cell.u_sram/addr1[3]    0.040000    0.123084   -0.083084 (VIOLATED)
conv_accelerator_inst.u_conv_buf_ram.u_mem.u_mem.g_2k[1].u_cell.u_sram/addr1[7]    0.040000    0.123008   -0.083008 (VIOLATED)
conv_accelerator_inst.u_conv_buf_ram.u_mem.u_mem.g_2k[1].u_cell.u_sram/addr0[7]    0.040000    0.122929   -0.082929 (VIOLATED)
conv_accelerator_inst.u_conv_buf_ram.u_mem.u_mem.g_2k[1].u_cell.u_sram/addr0[8]    0.040000    0.122927   -0.082927 (VIOLATED)
instr_bram_ctrl_inst.instr_ram.u_mem.g_2k[1].u_cell.u_sram/wmask0[1]    0.040000    0.122909   -0.082909 (VIOLATED)
yz_bram_ctrl_inst.yz_ram.u_mem.u_mem.g_2k[3].u_cell.u_sram/addr0[3]    0.040000    0.122838   -0.082838 (VIOLATED)
data_bram_ctrl_inst.data_ram.u_mem.g_2k[3].u_cell.u_sram/addr1[6]    0.040000    0.122822   -0.082822 (VIOLATED)
yz_bram_ctrl_inst.yz_ram.u_mem.u_mem.g_2k[1].u_cell.u_sram/addr0[5]    0.040000    0.122808   -0.082808 (VIOLATED)
data_bram_ctrl_inst.data_ram.u_mem.g_2k[3].u_cell.u_sram/addr1[1]    0.040000    0.122753   -0.082753 (VIOLATED)
data_bram_ctrl_inst.data_ram.u_mem.g_2k[3].u_cell.u_sram/addr1[2]    0.040000    0.122715   -0.082715 (VIOLATED)
instr_bram_ctrl_inst.instr_ram.u_mem.g_2k[2].u_cell.u_sram/addr1[4]    0.040000    0.122560   -0.082560 (VIOLATED)
conv_accelerator_inst.u_conv_buf_ram.u_mem.u_mem.g_2k[1].u_cell.u_sram/addr0[1]    0.040000    0.122540   -0.082540 (VIOLATED)
yz_bram_ctrl_inst.yz_ram.u_mem.u_mem.g_2k[0].u_cell.u_sram/wmask0[3]    0.040000    0.122535   -0.082535 (VIOLATED)
instr_bram_ctrl_inst.instr_ram.u_mem.g_2k[2].u_cell.u_sram/wmask0[2]    0.040000    0.122517   -0.082517 (VIOLATED)
conv_accelerator_inst.u_conv_buf_ram.u_mem.u_mem.g_2k[0].u_cell.u_sram/addr1[3]    0.040000    0.122517   -0.082517 (VIOLATED)
instr_bram_ctrl_inst.instr_ram.u_mem.g_2k[1].u_cell.u_sram/addr1[6]    0.040000    0.122395   -0.082395 (VIOLATED)
data_bram_ctrl_inst.data_ram.u_mem.g_2k[0].u_cell.u_sram/addr0[6]    0.040000    0.122362   -0.082362 (VIOLATED)
yz_bram_ctrl_inst.yz_ram.u_mem.u_mem.g_2k[3].u_cell.u_sram/addr0[6]    0.040000    0.122107   -0.082107 (VIOLATED)
instr_bram_ctrl_inst.instr_ram.u_mem.g_2k[1].u_cell.u_sram/addr1[2]    0.040000    0.122082   -0.082082 (VIOLATED)
conv_accelerator_inst.u_conv_buf_ram.u_mem.u_mem.g_2k[0].u_cell.u_sram/addr0[0]    0.040000    0.122045   -0.082045 (VIOLATED)
yz_bram_ctrl_inst.yz_ram.u_mem.u_mem.g_2k[1].u_cell.u_sram/addr0[0]    0.040000    0.122044   -0.082044 (VIOLATED)
data_bram_ctrl_inst.data_ram.u_mem.g_2k[0].u_cell.u_sram/addr0[4]    0.040000    0.122022   -0.082022 (VIOLATED)
data_bram_ctrl_inst.data_ram.u_mem.g_2k[0].u_cell.u_sram/addr1[4]    0.040000    0.121975   -0.081975 (VIOLATED)
yz_bram_ctrl_inst.yz_ram.u_mem.u_mem.g_2k[3].u_cell.u_sram/addr0[5]    0.040000    0.121924   -0.081924 (VIOLATED)
instr_bram_ctrl_inst.instr_ram.u_mem.g_2k[1].u_cell.u_sram/addr1[4]    0.040000    0.121865   -0.081865 (VIOLATED)
data_bram_ctrl_inst.data_ram.u_mem.g_2k[3].u_cell.u_sram/addr0[1]    0.040000    0.121863   -0.081863 (VIOLATED)
yz_bram_ctrl_inst.yz_ram.u_mem.u_mem.g_2k[0].u_cell.u_sram/addr1[1]    0.040000    0.121826   -0.081826 (VIOLATED)
conv_accelerator_inst.u_conv_buf_ram.u_mem.u_mem.g_2k[0].u_cell.u_sram/addr1[6]    0.040000    0.121813   -0.081813 (VIOLATED)
data_bram_ctrl_inst.data_ram.u_mem.g_2k[2].u_cell.u_sram/wmask0[1]    0.040000    0.121803   -0.081803 (VIOLATED)
data_bram_ctrl_inst.data_ram.u_mem.g_2k[3].u_cell.u_sram/addr0[0]    0.040000    0.121779   -0.081779 (VIOLATED)
conv_accelerator_inst.u_conv_buf_ram.u_mem.u_mem.g_2k[1].u_cell.u_sram/addr0[4]    0.040000    0.121710   -0.081710 (VIOLATED)
yz_bram_ctrl_inst.yz_ram.u_mem.u_mem.g_2k[2].u_cell.u_sram/wmask0[1]    0.040000    0.121688   -0.081688 (VIOLATED)
yz_bram_ctrl_inst.yz_ram.u_mem.u_mem.g_2k[1].u_cell.u_sram/addr1[0]    0.040000    0.121510   -0.081510 (VIOLATED)
conv_accelerator_inst.u_conv_buf_ram.u_mem.u_mem.g_2k[1].u_cell.u_sram/addr0[0]    0.040000    0.121490   -0.081490 (VIOLATED)
yz_bram_ctrl_inst.yz_ram.u_mem.u_mem.g_1k.u_cell.u_sram/wmask0[0]    0.040000    0.121332   -0.081332 (VIOLATED)
conv_accelerator_inst.u_conv_buf_ram.u_mem.u_mem.g_2k[1].u_cell.u_sram/addr0[6]    0.040000    0.121245   -0.081245 (VIOLATED)
instr_bram_ctrl_inst.instr_ram.u_mem.g_2k[3].u_cell.u_sram/addr1[1]    0.040000    0.121175   -0.081175 (VIOLATED)
instr_bram_ctrl_inst.instr_ram.u_mem.g_2k[2].u_cell.u_sram/addr1[2]    0.040000    0.121075   -0.081075 (VIOLATED)
yz_bram_ctrl_inst.yz_ram.u_mem.u_mem.g_2k[2].u_cell.u_sram/addr0[1]    0.040000    0.121039   -0.081039 (VIOLATED)
conv_accelerator_inst.u_conv_buf_ram.u_mem.u_mem.g_2k[0].u_cell.u_sram/addr0[6]    0.040000    0.121028   -0.081028 (VIOLATED)
instr_bram_ctrl_inst.instr_ram.u_mem.g_2k[2].u_cell.u_sram/addr0[6]    0.040000    0.120968   -0.080968 (VIOLATED)
yz_bram_ctrl_inst.yz_ram.u_mem.u_mem.g_2k[2].u_cell.u_sram/addr1[1]    0.040000    0.120920   -0.080920 (VIOLATED)
instr_bram_ctrl_inst.instr_ram.u_mem.g_2k[3].u_cell.u_sram/wmask0[0]    0.040000    0.120801   -0.080801 (VIOLATED)
yz_bram_ctrl_inst.yz_ram.u_mem.u_mem.g_2k[3].u_cell.u_sram/addr0[4]    0.040000    0.120763   -0.080763 (VIOLATED)
data_bram_ctrl_inst.data_ram.u_mem.g_2k[3].u_cell.u_sram/addr0[7]    0.040000    0.120751   -0.080751 (VIOLATED)
data_bram_ctrl_inst.data_ram.u_mem.g_2k[0].u_cell.u_sram/addr0[8]    0.040000    0.120720   -0.080720 (VIOLATED)
yz_bram_ctrl_inst.yz_ram.u_mem.u_mem.g_2k[3].u_cell.u_sram/addr1[5]    0.040000    0.120651   -0.080651 (VIOLATED)
instr_bram_ctrl_inst.instr_ram.u_mem.g_2k[0].u_cell.u_sram/addr0[4]    0.040000    0.120591   -0.080591 (VIOLATED)
data_bram_ctrl_inst.data_ram.u_mem.g_2k[1].u_cell.u_sram/addr0[6]    0.040000    0.120582   -0.080582 (VIOLATED)
yz_bram_ctrl_inst.yz_ram.u_mem.u_mem.g_2k[0].u_cell.u_sram/wmask0[0]    0.040000    0.120549   -0.080549 (VIOLATED)
conv_accelerator_inst.u_conv_buf_ram.u_mem.u_mem.g_2k[1].u_cell.u_sram/addr0[5]    0.040000    0.120544   -0.080544 (VIOLATED)
yz_bram_ctrl_inst.yz_ram.u_mem.u_mem.g_2k[2].u_cell.u_sram/addr0[4]    0.040000    0.120509   -0.080509 (VIOLATED)
data_bram_ctrl_inst.data_ram.u_mem.g_2k[3].u_cell.u_sram/wmask0[3]    0.040000    0.120508   -0.080508 (VIOLATED)
conv_accelerator_inst.u_conv_buf_ram.u_mem.u_mem.g_2k[0].u_cell.u_sram/addr1[4]    0.040000    0.120492   -0.080492 (VIOLATED)
yz_bram_ctrl_inst.yz_ram.u_mem.u_mem.g_2k[2].u_cell.u_sram/addr0[6]    0.040000    0.120428   -0.080428 (VIOLATED)
instr_bram_ctrl_inst.instr_ram.u_mem.g_2k[0].u_cell.u_sram/addr0[6]    0.040000    0.120401   -0.080401 (VIOLATED)
yz_bram_ctrl_inst.yz_ram.u_mem.u_mem.g_2k[1].u_cell.u_sram/addr0[4]    0.040000    0.120383   -0.080383 (VIOLATED)
instr_bram_ctrl_inst.instr_ram.u_mem.g_2k[2].u_cell.u_sram/addr0[4]    0.040000    0.120282   -0.080282 (VIOLATED)
yz_bram_ctrl_inst.yz_ram.u_mem.u_mem.g_2k[0].u_cell.u_sram/addr1[5]    0.040000    0.120180   -0.080180 (VIOLATED)
data_bram_ctrl_inst.data_ram.u_mem.g_2k[3].u_cell.u_sram/addr0[4]    0.040000    0.120157   -0.080157 (VIOLATED)
yz_bram_ctrl_inst.yz_ram.u_mem.u_mem.g_2k[2].u_cell.u_sram/wmask0[0]    0.040000    0.120157   -0.080157 (VIOLATED)
instr_bram_ctrl_inst.instr_ram.u_mem.g_2k[3].u_cell.u_sram/addr0[6]    0.040000    0.120092   -0.080092 (VIOLATED)
data_bram_ctrl_inst.data_ram.u_mem.g_2k[1].u_cell.u_sram/addr0[3]    0.040000    0.120080   -0.080080 (VIOLATED)
instr_bram_ctrl_inst.instr_ram.u_mem.g_2k[3].u_cell.u_sram/addr0[4]    0.040000    0.120031   -0.080031 (VIOLATED)
data_bram_ctrl_inst.data_ram.u_mem.g_2k[1].u_cell.u_sram/addr1[2]    0.040000    0.119971   -0.079971 (VIOLATED)
yz_bram_ctrl_inst.yz_ram.u_mem.u_mem.g_2k[0].u_cell.u_sram/addr1[0]    0.040000    0.119894   -0.079894 (VIOLATED)
instr_bram_ctrl_inst.instr_ram.u_mem.g_2k[0].u_cell.u_sram/addr0[8]    0.040000    0.119779   -0.079779 (VIOLATED)
yz_bram_ctrl_inst.yz_ram.u_mem.u_mem.g_2k[0].u_cell.u_sram/addr1[6]    0.040000    0.119774   -0.079774 (VIOLATED)
conv_accelerator_inst.u_conv_buf_ram.u_mem.u_mem.g_2k[0].u_cell.u_sram/addr0[2]    0.040000    0.119727   -0.079727 (VIOLATED)
yz_bram_ctrl_inst.yz_ram.u_mem.u_mem.g_2k[0].u_cell.u_sram/wmask0[1]    0.040000    0.119723   -0.079723 (VIOLATED)
data_bram_ctrl_inst.data_ram.u_mem.g_2k[1].u_cell.u_sram/addr0[7]    0.040000    0.119687   -0.079687 (VIOLATED)
data_bram_ctrl_inst.data_ram.u_mem.g_2k[3].u_cell.u_sram/addr0[3]    0.040000    0.119672   -0.079672 (VIOLATED)
data_bram_ctrl_inst.data_ram.u_mem.g_2k[0].u_cell.u_sram/addr1[6]    0.040000    0.119648   -0.079648 (VIOLATED)
yz_bram_ctrl_inst.yz_ram.u_mem.u_mem.g_2k[3].u_cell.u_sram/addr1[6]    0.040000    0.119610   -0.079610 (VIOLATED)
data_bram_ctrl_inst.data_ram.u_mem.g_2k[1].u_cell.u_sram/addr0[8]    0.040000    0.119587   -0.079587 (VIOLATED)
instr_bram_ctrl_inst.instr_ram.u_mem.g_2k[0].u_cell.u_sram/addr0[0]    0.040000    0.119580   -0.079580 (VIOLATED)
data_bram_ctrl_inst.data_ram.u_mem.g_2k[3].u_cell.u_sram/wmask0[0]    0.040000    0.119565   -0.079565 (VIOLATED)
yz_bram_ctrl_inst.yz_ram.u_mem.u_mem.g_2k[1].u_cell.u_sram/addr1[5]    0.040000    0.119506   -0.079506 (VIOLATED)
yz_bram_ctrl_inst.yz_ram.u_mem.u_mem.g_2k[3].u_cell.u_sram/addr0[7]    0.040000    0.119458   -0.079458 (VIOLATED)
yz_bram_ctrl_inst.yz_ram.u_mem.u_mem.g_2k[1].u_cell.u_sram/addr1[6]    0.040000    0.119392   -0.079392 (VIOLATED)
yz_bram_ctrl_inst.yz_ram.u_mem.u_mem.g_2k[3].u_cell.u_sram/addr1[2]    0.040000    0.119380   -0.079380 (VIOLATED)
conv_accelerator_inst.u_conv_buf_ram.u_mem.u_mem.g_2k[1].u_cell.u_sram/addr1[3]    0.040000    0.119340   -0.079340 (VIOLATED)
data_bram_ctrl_inst.data_ram.u_mem.g_2k[0].u_cell.u_sram/addr0[2]    0.040000    0.119318   -0.079318 (VIOLATED)
yz_bram_ctrl_inst.yz_ram.u_mem.u_mem.g_2k[0].u_cell.u_sram/addr1[4]    0.040000    0.119211   -0.079211 (VIOLATED)
yz_bram_ctrl_inst.yz_ram.u_mem.u_mem.g_1k.u_cell.u_sram/addr1[2]    0.040000    0.119201   -0.079201 (VIOLATED)
data_bram_ctrl_inst.data_ram.u_mem.g_2k[1].u_cell.u_sram/addr1[4]    0.040000    0.119163   -0.079163 (VIOLATED)
yz_bram_ctrl_inst.yz_ram.u_mem.u_mem.g_2k[3].u_cell.u_sram/addr1[4]    0.040000    0.119043   -0.079043 (VIOLATED)
data_bram_ctrl_inst.data_ram.u_mem.g_2k[0].u_cell.u_sram/addr0[5]    0.040000    0.118997   -0.078997 (VIOLATED)
data_bram_ctrl_inst.data_ram.u_mem.g_2k[0].u_cell.u_sram/addr1[5]    0.040000    0.118950   -0.078950 (VIOLATED)
yz_bram_ctrl_inst.yz_ram.u_mem.u_mem.g_2k[1].u_cell.u_sram/addr0[2]    0.040000    0.118929   -0.078929 (VIOLATED)
instr_bram_ctrl_inst.instr_ram.u_mem.g_2k[0].u_cell.u_sram/addr0[2]    0.040000    0.118868   -0.078868 (VIOLATED)
data_bram_ctrl_inst.data_ram.u_mem.g_2k[3].u_cell.u_sram/addr0[8]    0.040000    0.118867   -0.078867 (VIOLATED)
instr_bram_ctrl_inst.instr_ram.u_mem.g_2k[3].u_cell.u_sram/addr1[3]    0.040000    0.118856   -0.078856 (VIOLATED)
yz_bram_ctrl_inst.yz_ram.u_mem.u_mem.g_2k[2].u_cell.u_sram/addr0[2]    0.040000    0.118833   -0.078833 (VIOLATED)
hold30719/A                             0.750000    0.828813   -0.078814 (VIOLATED)
yz_bram_ctrl_inst.yz_ram.u_mem.u_mem.g_1k.u_cell.u_sram/addr0[7]    0.040000    0.118806   -0.078806 (VIOLATED)
conv_accelerator_inst.u_conv_buf_ram.u_mem.u_mem.g_2k[0].u_cell.u_sram/addr1[5]    0.040000    0.118785   -0.078785 (VIOLATED)
data_bram_ctrl_inst.data_ram.u_mem.g_2k[0].u_cell.u_sram/addr0[3]    0.040000    0.118729   -0.078729 (VIOLATED)
instr_bram_ctrl_inst.instr_ram.u_mem.g_2k[2].u_cell.u_sram/addr0[1]    0.040000    0.118676   -0.078676 (VIOLATED)
conv_accelerator_inst.u_conv_buf_ram.u_mem.u_mem.g_2k[1].u_cell.u_sram/addr1[1]    0.040000    0.118674   -0.078674 (VIOLATED)
instr_bram_ctrl_inst.instr_ram.u_mem.g_2k[3].u_cell.u_sram/addr1[6]    0.040000    0.118647   -0.078647 (VIOLATED)
yz_bram_ctrl_inst.yz_ram.u_mem.u_mem.g_2k[1].u_cell.u_sram/addr1[4]    0.040000    0.118636   -0.078636 (VIOLATED)
instr_bram_ctrl_inst.instr_ram.u_mem.g_2k[2].u_cell.u_sram/addr0[8]    0.040000    0.118586   -0.078586 (VIOLATED)
yz_bram_ctrl_inst.yz_ram.u_mem.u_mem.g_2k[1].u_cell.u_sram/addr0[6]    0.040000    0.118575   -0.078575 (VIOLATED)
instr_bram_ctrl_inst.instr_ram.u_mem.g_2k[0].u_cell.u_sram/addr0[3]    0.040000    0.118537   -0.078537 (VIOLATED)
yz_bram_ctrl_inst.yz_ram.u_mem.u_mem.g_1k.u_cell.u_sram/addr1[3]    0.040000    0.118525   -0.078525 (VIOLATED)
instr_bram_ctrl_inst.instr_ram.u_mem.g_2k[0].u_cell.u_sram/addr1[5]    0.040000    0.118463   -0.078463 (VIOLATED)
instr_bram_ctrl_inst.instr_ram.u_mem.g_2k[3].u_cell.u_sram/addr1[4]    0.040000    0.118456   -0.078456 (VIOLATED)
yz_bram_ctrl_inst.yz_ram.u_mem.u_mem.g_2k[2].u_cell.u_sram/addr1[5]    0.040000    0.118433   -0.078433 (VIOLATED)
yz_bram_ctrl_inst.yz_ram.u_mem.u_mem.g_2k[0].u_cell.u_sram/addr0[4]    0.040000    0.118343   -0.078343 (VIOLATED)
conv_accelerator_inst.u_conv_buf_ram.u_mem.u_mem.g_2k[0].u_cell.u_sram/addr0[1]    0.040000    0.118340   -0.078340 (VIOLATED)
yz_bram_ctrl_inst.yz_ram.u_mem.u_mem.g_2k[2].u_cell.u_sram/addr1[6]    0.040000    0.118301   -0.078301 (VIOLATED)
yz_bram_ctrl_inst.yz_ram.u_mem.u_mem.g_2k[3].u_cell.u_sram/addr1[3]    0.040000    0.118291   -0.078291 (VIOLATED)
data_bram_ctrl_inst.data_ram.u_mem.g_2k[0].u_cell.u_sram/addr1[2]    0.040000    0.118215   -0.078215 (VIOLATED)
instr_bram_ctrl_inst.instr_ram.u_mem.g_2k[3].u_cell.u_sram/addr1[5]    0.040000    0.118077   -0.078077 (VIOLATED)
conv_accelerator_inst.u_conv_buf_ram.u_mem.u_mem.g_2k[0].u_cell.u_sram/addr1[2]    0.040000    0.118068   -0.078068 (VIOLATED)
instr_bram_ctrl_inst.instr_ram.u_mem.g_2k[2].u_cell.u_sram/addr0[2]    0.040000    0.118040   -0.078040 (VIOLATED)
instr_bram_ctrl_inst.instr_ram.u_mem.g_2k[3].u_cell.u_sram/addr0[2]    0.040000    0.117970   -0.077970 (VIOLATED)
yz_bram_ctrl_inst.yz_ram.u_mem.u_mem.g_2k[0].u_cell.u_sram/addr0[2]    0.040000    0.117927   -0.077927 (VIOLATED)
data_bram_ctrl_inst.data_ram.u_mem.g_2k[3].u_cell.u_sram/addr0[5]    0.040000    0.117922   -0.077922 (VIOLATED)
yz_bram_ctrl_inst.yz_ram.u_mem.u_mem.g_2k[0].u_cell.u_sram/addr0[6]    0.040000    0.117920   -0.077920 (VIOLATED)
data_bram_ctrl_inst.data_ram.u_mem.g_2k[1].u_cell.u_sram/addr0[5]    0.040000    0.117909   -0.077909 (VIOLATED)
data_bram_ctrl_inst.data_ram.u_mem.g_2k[3].u_cell.u_sram/wmask0[1]    0.040000    0.117907   -0.077907 (VIOLATED)
instr_bram_ctrl_inst.instr_ram.u_mem.g_2k[0].u_cell.u_sram/addr1[1]    0.040000    0.117906   -0.077906 (VIOLATED)
instr_bram_ctrl_inst.instr_ram.u_mem.g_2k[2].u_cell.u_sram/addr1[5]    0.040000    0.117904   -0.077904 (VIOLATED)
conv_accelerator_inst.u_conv_buf_ram.u_mem.u_mem.g_2k[1].u_cell.u_sram/addr1[4]    0.040000    0.117843   -0.077843 (VIOLATED)
conv_accelerator_inst.u_conv_buf_ram.u_mem.u_mem.g_2k[0].u_cell.u_sram/wmask0[1]    0.040000    0.117821   -0.077821 (VIOLATED)
yz_bram_ctrl_inst.yz_ram.u_mem.u_mem.g_2k[3].u_cell.u_sram/addr1[1]    0.040000    0.117743   -0.077743 (VIOLATED)
data_bram_ctrl_inst.data_ram.u_mem.g_2k[3].u_cell.u_sram/wmask0[2]    0.040000    0.117696   -0.077696 (VIOLATED)
yz_bram_ctrl_inst.yz_ram.u_mem.u_mem.g_1k.u_cell.u_sram/addr0[1]    0.040000    0.117683   -0.077683 (VIOLATED)
conv_accelerator_inst.u_conv_buf_ram.u_mem.u_mem.g_2k[0].u_cell.u_sram/addr0[8]    0.040000    0.117667   -0.077667 (VIOLATED)
instr_bram_ctrl_inst.instr_ram.u_mem.g_2k[3].u_cell.u_sram/addr1[2]    0.040000    0.117594   -0.077594 (VIOLATED)
instr_bram_ctrl_inst.instr_ram.u_mem.g_2k[2].u_cell.u_sram/addr0[3]    0.040000    0.117583   -0.077583 (VIOLATED)
instr_bram_ctrl_inst.instr_ram.u_mem.g_2k[2].u_cell.u_sram/addr0[0]    0.040000    0.117436   -0.077436 (VIOLATED)
yz_bram_ctrl_inst.yz_ram.u_mem.u_mem.g_1k.u_cell.u_sram/addr0[5]    0.040000    0.117411   -0.077411 (VIOLATED)
yz_bram_ctrl_inst.yz_ram.u_mem.u_mem.g_1k.u_cell.u_sram/addr0[4]    0.040000    0.117410   -0.077410 (VIOLATED)
yz_bram_ctrl_inst.yz_ram.u_mem.u_mem.g_1k.u_cell.u_sram/addr0[3]    0.040000    0.117398   -0.077398 (VIOLATED)
data_bram_ctrl_inst.data_ram.u_mem.g_2k[0].u_cell.u_sram/addr1[3]    0.040000    0.117382   -0.077382 (VIOLATED)
instr_bram_ctrl_inst.instr_ram.u_mem.g_2k[0].u_cell.u_sram/addr1[6]    0.040000    0.117378   -0.077378 (VIOLATED)
conv_accelerator_inst.u_conv_buf_ram.u_mem.u_mem.g_2k[0].u_cell.u_sram/wmask0[0]    0.040000    0.117362   -0.077362 (VIOLATED)
data_bram_ctrl_inst.data_ram.u_mem.g_2k[0].u_cell.u_sram/addr0[7]    0.040000    0.117248   -0.077248 (VIOLATED)
yz_bram_ctrl_inst.yz_ram.u_mem.u_mem.g_2k[2].u_cell.u_sram/addr0[7]    0.040000    0.117236   -0.077236 (VIOLATED)
instr_bram_ctrl_inst.instr_ram.u_mem.g_2k[2].u_cell.u_sram/wmask0[3]    0.040000    0.117233   -0.077233 (VIOLATED)
instr_bram_ctrl_inst.instr_ram.u_mem.g_2k[2].u_cell.u_sram/addr0[5]    0.040000    0.117227   -0.077227 (VIOLATED)
instr_bram_ctrl_inst.instr_ram.u_mem.g_2k[3].u_cell.u_sram/addr0[3]    0.040000    0.117209   -0.077209 (VIOLATED)
instr_bram_ctrl_inst.instr_ram.u_mem.g_2k[0].u_cell.u_sram/addr1[0]    0.040000    0.117206   -0.077206 (VIOLATED)
instr_bram_ctrl_inst.instr_ram.u_mem.g_2k[0].u_cell.u_sram/addr1[4]    0.040000    0.117191   -0.077191 (VIOLATED)
instr_bram_ctrl_inst.instr_ram.u_mem.g_2k[0].u_cell.u_sram/addr0[5]    0.040000    0.117188   -0.077188 (VIOLATED)
yz_bram_ctrl_inst.yz_ram.u_mem.u_mem.g_2k[2].u_cell.u_sram/addr0[8]    0.040000    0.117164   -0.077164 (VIOLATED)
data_bram_ctrl_inst.data_ram.u_mem.g_2k[0].u_cell.u_sram/addr1[1]    0.040000    0.117153   -0.077153 (VIOLATED)
instr_bram_ctrl_inst.instr_ram.u_mem.g_2k[0].u_cell.u_sram/wmask0[1]    0.040000    0.117144   -0.077144 (VIOLATED)
yz_bram_ctrl_inst.yz_ram.u_mem.u_mem.g_2k[3].u_cell.u_sram/addr0[8]    0.040000    0.117070   -0.077070 (VIOLATED)
instr_bram_ctrl_inst.instr_ram.u_mem.g_2k[0].u_cell.u_sram/addr1[3]    0.040000    0.117031   -0.077031 (VIOLATED)
data_bram_ctrl_inst.data_ram.u_mem.g_2k[3].u_cell.u_sram/addr0[6]    0.040000    0.117012   -0.077012 (VIOLATED)
instr_bram_ctrl_inst.instr_ram.u_mem.g_2k[2].u_cell.u_sram/addr1[3]    0.040000    0.117001   -0.077001 (VIOLATED)
yz_bram_ctrl_inst.yz_ram.u_mem.u_mem.g_1k.u_cell.u_sram/addr1[0]    0.040000    0.116929   -0.076929 (VIOLATED)
yz_bram_ctrl_inst.yz_ram.u_mem.u_mem.g_2k[2].u_cell.u_sram/addr0[3]    0.040000    0.116877   -0.076877 (VIOLATED)
conv_accelerator_inst.u_conv_buf_ram.u_mem.u_mem.g_2k[1].u_cell.u_sram/addr1[0]    0.040000    0.116843   -0.076843 (VIOLATED)
instr_bram_ctrl_inst.instr_ram.u_mem.g_2k[2].u_cell.u_sram/addr1[1]    0.040000    0.116840   -0.076840 (VIOLATED)
conv_accelerator_inst.u_conv_buf_ram.u_mem.u_mem.g_2k[0].u_cell.u_sram/addr1[1]    0.040000    0.116830   -0.076830 (VIOLATED)
yz_bram_ctrl_inst.yz_ram.u_mem.u_mem.g_1k.u_cell.u_sram/addr0[2]    0.040000    0.116703   -0.076703 (VIOLATED)
yz_bram_ctrl_inst.yz_ram.u_mem.u_mem.g_1k.u_cell.u_sram/addr0[6]    0.040000    0.116702   -0.076702 (VIOLATED)
instr_bram_ctrl_inst.instr_ram.u_mem.g_2k[2].u_cell.u_sram/addr1[0]    0.040000    0.116606   -0.076606 (VIOLATED)
instr_bram_ctrl_inst.instr_ram.u_mem.g_2k[3].u_cell.u_sram/addr0[5]    0.040000    0.116564   -0.076564 (VIOLATED)
data_bram_ctrl_inst.data_ram.u_mem.g_2k[1].u_cell.u_sram/addr0[2]    0.040000    0.116504   -0.076504 (VIOLATED)
yz_bram_ctrl_inst.yz_ram.u_mem.u_mem.g_1k.u_cell.u_sram/wmask0[2]    0.040000    0.116471   -0.076471 (VIOLATED)
yz_bram_ctrl_inst.yz_ram.u_mem.u_mem.g_1k.u_cell.u_sram/wmask0[1]    0.040000    0.116457   -0.076457 (VIOLATED)
data_bram_ctrl_inst.data_ram.u_mem.g_2k[3].u_cell.u_sram/addr0[2]    0.040000    0.116430   -0.076430 (VIOLATED)
yz_bram_ctrl_inst.yz_ram.u_mem.u_mem.g_2k[1].u_cell.u_sram/addr0[7]    0.040000    0.116308   -0.076308 (VIOLATED)
conv_accelerator_inst.u_conv_buf_ram.u_mem.u_mem.g_2k[1].u_cell.u_sram/addr1[2]    0.040000    0.116179   -0.076179 (VIOLATED)
yz_bram_ctrl_inst.yz_ram.u_mem.u_mem.g_2k[2].u_cell.u_sram/addr1[3]    0.040000    0.116151   -0.076151 (VIOLATED)
yz_bram_ctrl_inst.yz_ram.u_mem.u_mem.g_2k[1].u_cell.u_sram/addr1[3]    0.040000    0.116132   -0.076132 (VIOLATED)
yz_bram_ctrl_inst.yz_ram.u_mem.u_mem.g_2k[1].u_cell.u_sram/addr0[3]    0.040000    0.116066   -0.076066 (VIOLATED)
yz_bram_ctrl_inst.yz_ram.u_mem.u_mem.g_2k[2].u_cell.u_sram/addr1[4]    0.040000    0.115997   -0.075997 (VIOLATED)
yz_bram_ctrl_inst.yz_ram.u_mem.u_mem.g_2k[1].u_cell.u_sram/addr0[8]    0.040000    0.115984   -0.075984 (VIOLATED)
yz_bram_ctrl_inst.yz_ram.u_mem.u_mem.g_2k[0].u_cell.u_sram/addr0[8]    0.040000    0.115905   -0.075905 (VIOLATED)
instr_bram_ctrl_inst.instr_ram.u_mem.g_2k[3].u_cell.u_sram/addr0[8]    0.040000    0.115900   -0.075900 (VIOLATED)
yz_bram_ctrl_inst.yz_ram.u_mem.u_mem.g_2k[0].u_cell.u_sram/addr0[3]    0.040000    0.115892   -0.075892 (VIOLATED)
yz_bram_ctrl_inst.yz_ram.u_mem.u_mem.g_2k[2].u_cell.u_sram/addr0[5]    0.040000    0.115821   -0.075821 (VIOLATED)
yz_bram_ctrl_inst.yz_ram.u_mem.u_mem.g_2k[0].u_cell.u_sram/addr1[3]    0.040000    0.115812   -0.075812 (VIOLATED)
instr_bram_ctrl_inst.instr_ram.u_mem.g_2k[0].u_cell.u_sram/wmask0[3]    0.040000    0.115772   -0.075772 (VIOLATED)
data_bram_ctrl_inst.data_ram.u_mem.g_2k[0].u_cell.u_sram/addr1[0]    0.040000    0.115717   -0.075717 (VIOLATED)
yz_bram_ctrl_inst.yz_ram.u_mem.u_mem.g_2k[0].u_cell.u_sram/addr0[7]    0.040000    0.115715   -0.075715 (VIOLATED)
conv_accelerator_inst.u_conv_buf_ram.u_mem.u_mem.g_2k[0].u_cell.u_sram/addr1[0]    0.040000    0.115670   -0.075670 (VIOLATED)
instr_bram_ctrl_inst.instr_ram.u_mem.g_2k[0].u_cell.u_sram/addr0[7]    0.040000    0.115470   -0.075470 (VIOLATED)
instr_bram_ctrl_inst.instr_ram.u_mem.g_2k[0].u_cell.u_sram/wmask0[2]    0.040000    0.115459   -0.075459 (VIOLATED)
instr_bram_ctrl_inst.instr_ram.u_mem.g_2k[3].u_cell.u_sram/addr0[7]    0.040000    0.115403   -0.075403 (VIOLATED)
yz_bram_ctrl_inst.yz_ram.u_mem.u_mem.g_2k[0].u_cell.u_sram/addr1[2]    0.040000    0.115362   -0.075362 (VIOLATED)
yz_bram_ctrl_inst.yz_ram.u_mem.u_mem.g_1k.u_cell.u_sram/addr1[1]    0.040000    0.115360   -0.075360 (VIOLATED)
yz_bram_ctrl_inst.yz_ram.u_mem.u_mem.g_2k[1].u_cell.u_sram/addr1[2]    0.040000    0.115233   -0.075233 (VIOLATED)
yz_bram_ctrl_inst.yz_ram.u_mem.u_mem.g_2k[2].u_cell.u_sram/addr1[2]    0.040000    0.115156   -0.075156 (VIOLATED)
instr_bram_ctrl_inst.instr_ram.u_mem.g_2k[2].u_cell.u_sram/addr0[7]    0.040000    0.115134   -0.075134 (VIOLATED)
instr_bram_ctrl_inst.instr_ram.u_mem.g_2k[0].u_cell.u_sram/addr1[2]    0.040000    0.114423   -0.074423 (VIOLATED)
yz_bram_ctrl_inst.yz_ram.u_mem.u_mem.g_2k[0].u_cell.u_sram/addr0[5]    0.040000    0.114256   -0.074256 (VIOLATED)
_129789_/Z                              0.750000    0.807196   -0.057197 (VIOLATED)
_129791_/Z                              0.750000    0.757661   -0.007661 (VIOLATED)

max capacitance

Pin                                        Limit         Cap       Slack
------------------------------------------------------------------------
QSPI_IO2                                0.200000    0.303530   -0.103530 (VIOLATED)
_129790_/Z                              0.200000    0.303530   -0.103530 (VIOLATED)
QSPI_IO0                                0.200000    0.301486   -0.101486 (VIOLATED)
_129792_/Z                              0.200000    0.301486   -0.101486 (VIOLATED)
QSPI_IO3                                0.200000    0.274914   -0.074914 (VIOLATED)
_129789_/Z                              0.200000    0.274914   -0.074914 (VIOLATED)
QSPI_IO1                                0.200000    0.257247   -0.057247 (VIOLATED)
_129791_/Z                              0.200000    0.257247   -0.057247 (VIOLATED)
clkbuf_6_1__f_clk_i_regs/X              0.200000    0.237836   -0.037836 (VIOLATED)
clkbuf_6_0__f_clk_i_regs/X              0.200000    0.226220   -0.026220 (VIOLATED)
yz_bram_ctrl_inst.yz_ram.u_mem.u_mem.g_1k.u_cell.u_sram/dout1[1]    0.027560    0.051493   -0.023933 (VIOLATED)
clkbuf_6_14__f_clk_i_regs/X             0.200000    0.219696   -0.019696 (VIOLATED)
clkbuf_6_36__f_clk_i_regs/X             0.200000    0.218341   -0.018341 (VIOLATED)
yz_bram_ctrl_inst.yz_ram.u_mem.u_mem.g_2k[3].u_cell.u_sram/dout1[4]    0.027560    0.045440   -0.017880 (VIOLATED)
yz_bram_ctrl_inst.yz_ram.u_mem.u_mem.g_2k[1].u_cell.u_sram/dout1[25]    0.027560    0.038244   -0.010684 (VIOLATED)
clkbuf_6_15__f_clk_i_regs/X             0.200000    0.209777   -0.009777 (VIOLATED)
_129788_/Z                              0.200000    0.207231   -0.007231 (VIOLATED)
I2C_SDA                                 0.200000    0.207231   -0.007231 (VIOLATED)
clkbuf_6_37__f_clk_i_regs/X             0.200000    0.205092   -0.005092 (VIOLATED)
max_length30598/X                       0.200000    0.202815   -0.002815 (VIOLATED)
clkbuf_6_4__f_clk_i_regs/X              0.200000    0.201631   -0.001631 (VIOLATED)



===========================================================================
report_parasitic_annotation -report_unannotated
============================================================================
Found 872 unannotated drivers.
 _120461__30553/LO
 _129114__30554/LO
 _129788__30522/HI
 clkload0/Y
 clkload1/Y
 clkload10/Y
 clkload100/Y
 clkload101/X
 clkload102/X
 clkload103/X
 clkload104/Y
 clkload105/X
 clkload106/X
 clkload107/X
 clkload108/X
 clkload109/X
 clkload11/Y
 clkload110/X
 clkload111/Y
 clkload112/X
 clkload113/X
 clkload114/Y
 clkload115/Y
 clkload116/Y
 clkload117/Y
 clkload118/Y
 clkload119/Y
 clkload12/Y
 clkload120/Y
 clkload121/Y
 clkload122/Y
 clkload123/Y
 clkload124/X
 clkload125/Y
 clkload126/Y
 clkload127/Y
 clkload128/X
 clkload129/X
 clkload13/Y
 clkload130/Y
 clkload131/Y
 clkload132/Y
 clkload133/Y
 clkload134/X
 clkload135/X
 clkload136/X
 clkload137/X
 clkload138/Y
 clkload139/Y
 clkload14/X
 clkload140/Y
 clkload141/Y
 clkload142/Y
 clkload143/X
 clkload144/X
 clkload145/Y
 clkload146/Y
 clkload147/Y
 clkload148/Y
 clkload149/Y
 clkload15/Y
 clkload150/Y
 clkload151/X
 clkload152/Y
 clkload153/Y
 clkload154/Y
 clkload155/X
 clkload156/Y
 clkload157/X
 clkload158/Y
 clkload159/X
 clkload16/Y
 clkload160/Y
 clkload161/Y
 clkload162/Y
 clkload163/Y
 clkload164/Y
 clkload165/Y
 clkload166/Y
 clkload167/Y
 clkload168/X
 clkload169/Y
 clkload17/Y
 clkload170/Y
 clkload171/X
 clkload172/Y
 clkload173/Y
 clkload174/X
 clkload175/Y
 clkload176/X
 clkload177/X
 clkload178/Y
 clkload179/X
 clkload18/Y
 clkload180/Y
 clkload181/X
 clkload182/Y
 clkload183/Y
 clkload184/Y
 clkload185/Y
 clkload186/X
 clkload187/Y
 clkload188/X
 clkload189/Y
 clkload19/Y
 clkload190/Y
 clkload191/Y
 clkload192/Y
 clkload193/Y
 clkload194/Y
 clkload195/Y
 clkload196/X
 clkload197/X
 clkload198/X
 clkload199/X
 clkload2/Y
 clkload20/Y
 clkload200/X
 clkload201/Y
 clkload202/X
 clkload203/X
 clkload204/X
 clkload205/X
 clkload206/Y
 clkload207/Y
 clkload208/Y
 clkload209/Y
 clkload21/Y
 clkload210/X
 clkload211/Y
 clkload212/X
 clkload213/Y
 clkload214/Y
 clkload215/X
 clkload216/Y
 clkload217/Y
 clkload218/Y
 clkload219/Y
 clkload22/Y
 clkload220/Y
 clkload221/X
 clkload222/Y
 clkload223/Y
 clkload224/Y
 clkload225/Y
 clkload226/Y
 clkload227/Y
 clkload228/Y
 clkload229/Y
 clkload23/Y
 clkload230/Y
 clkload231/Y
 clkload232/Y
 clkload233/Y
 clkload234/Y
 clkload235/Y
 clkload236/Y
 clkload237/Y
 clkload238/Y
 clkload239/Y
 clkload24/Y
 clkload240/Y
 clkload241/Y
 clkload242/Y
 clkload243/Y
 clkload244/X
 clkload245/Y
 clkload246/Y
 clkload247/Y
 clkload248/Y
 clkload249/Y
 clkload25/Y
 clkload250/Y
 clkload251/X
 clkload252/Y
 clkload253/Y
 clkload254/Y
 clkload255/X
 clkload256/Y
 clkload257/X
 clkload258/Y
 clkload259/Y
 clkload26/X
 clkload260/Y
 clkload261/Y
 clkload262/Y
 clkload263/Y
 clkload264/Y
 clkload265/Y
 clkload266/X
 clkload267/X
 clkload268/Y
 clkload269/Y
 clkload27/X
 clkload270/Y
 clkload271/Y
 clkload272/X
 clkload273/Y
 clkload274/Y
 clkload275/Y
 clkload276/Y
 clkload277/Y
 clkload278/Y
 clkload279/Y
 clkload28/X
 clkload280/Y
 clkload281/Y
 clkload282/Y
 clkload283/Y
 clkload284/Y
 clkload285/Y
 clkload286/Y
 clkload287/Y
 clkload288/Y
 clkload289/Y
 clkload29/X
 clkload290/Y
 clkload291/Y
 clkload292/Y
 clkload293/Y
 clkload294/Y
 clkload295/Y
 clkload296/Y
 clkload297/Y
 clkload298/Y
 clkload299/Y
 clkload3/Y
 clkload30/Y
 clkload300/Y
 clkload301/Y
 clkload302/Y
 clkload303/Y
 clkload304/Y
 clkload305/Y
 clkload306/X
 clkload307/Y
 clkload308/Y
 clkload309/Y
 clkload31/Y
 clkload310/Y
 clkload311/Y
 clkload312/Y
 clkload313/Y
 clkload314/Y
 clkload315/Y
 clkload316/Y
 clkload317/Y
 clkload318/Y
 clkload319/Y
 clkload32/Y
 clkload320/Y
 clkload321/Y
 clkload322/Y
 clkload323/Y
 clkload324/Y
 clkload325/X
 clkload326/Y
 clkload327/X
 clkload328/Y
 clkload329/Y
 clkload33/X
 clkload330/Y
 clkload331/Y
 clkload332/Y
 clkload333/X
 clkload334/Y
 clkload335/Y
 clkload336/Y
 clkload337/Y
 clkload338/Y
 clkload339/Y
 clkload34/X
 clkload340/Y
 clkload341/X
 clkload342/Y
 clkload343/Y
 clkload344/Y
 clkload345/Y
 clkload346/Y
 clkload347/Y
 clkload348/Y
 clkload349/Y
 clkload35/Y
 clkload350/Y
 clkload351/Y
 clkload352/Y
 clkload353/Y
 clkload354/Y
 clkload355/Y
 clkload356/Y
 clkload357/Y
 clkload36/X
 clkload37/X
 clkload38/Y
 clkload39/X
 clkload4/Y
 clkload40/X
 clkload41/X
 clkload42/X
 clkload43/Y
 clkload44/Y
 clkload45/X
 clkload46/Y
 clkload47/X
 clkload48/X
 clkload49/X
 clkload5/Y
 clkload50/X
 clkload51/X
 clkload52/X
 clkload53/X
 clkload54/X
 clkload55/X
 clkload56/X
 clkload57/X
 clkload58/X
 clkload59/X
 clkload6/Y
 clkload60/Y
 clkload61/Y
 clkload62/X
 clkload63/X
 clkload64/X
 clkload65/Y
 clkload66/Y
 clkload67/Y
 clkload68/Y
 clkload69/Y
 clkload7/Y
 clkload70/Y
 clkload71/X
 clkload72/X
 clkload73/X
 clkload74/X
 clkload75/X
 clkload76/Y
 clkload77/X
 clkload78/X
 clkload79/X
 clkload8/X
 clkload80/X
 clkload81/Y
 clkload82/X
 clkload83/X
 clkload84/X
 clkload85/X
 clkload86/X
 clkload87/Y
 clkload88/Y
 clkload89/Y
 clkload9/Y
 clkload90/X
 clkload91/Y
 clkload92/X
 clkload93/Y
 clkload94/Y
 clkload95/Y
 clkload96/Y
 clkload97/Y
 clkload98/Y
 clkload99/Y
 conv_accelerator_inst.u_conv_buf_ram.u_mem.u_mem.g_2k\[0\].u_cell.u_sram/dout0[0]
 conv_accelerator_inst.u_conv_buf_ram.u_mem.u_mem.g_2k\[0\].u_cell.u_sram/dout0[10]
 conv_accelerator_inst.u_conv_buf_ram.u_mem.u_mem.g_2k\[0\].u_cell.u_sram/dout0[11]
 conv_accelerator_inst.u_conv_buf_ram.u_mem.u_mem.g_2k\[0\].u_cell.u_sram/dout0[12]
 conv_accelerator_inst.u_conv_buf_ram.u_mem.u_mem.g_2k\[0\].u_cell.u_sram/dout0[13]
 conv_accelerator_inst.u_conv_buf_ram.u_mem.u_mem.g_2k\[0\].u_cell.u_sram/dout0[14]
 conv_accelerator_inst.u_conv_buf_ram.u_mem.u_mem.g_2k\[0\].u_cell.u_sram/dout0[15]
 conv_accelerator_inst.u_conv_buf_ram.u_mem.u_mem.g_2k\[0\].u_cell.u_sram/dout0[16]
 conv_accelerator_inst.u_conv_buf_ram.u_mem.u_mem.g_2k\[0\].u_cell.u_sram/dout0[17]
 conv_accelerator_inst.u_conv_buf_ram.u_mem.u_mem.g_2k\[0\].u_cell.u_sram/dout0[18]
 conv_accelerator_inst.u_conv_buf_ram.u_mem.u_mem.g_2k\[0\].u_cell.u_sram/dout0[19]
 conv_accelerator_inst.u_conv_buf_ram.u_mem.u_mem.g_2k\[0\].u_cell.u_sram/dout0[1]
 conv_accelerator_inst.u_conv_buf_ram.u_mem.u_mem.g_2k\[0\].u_cell.u_sram/dout0[20]
 conv_accelerator_inst.u_conv_buf_ram.u_mem.u_mem.g_2k\[0\].u_cell.u_sram/dout0[21]
 conv_accelerator_inst.u_conv_buf_ram.u_mem.u_mem.g_2k\[0\].u_cell.u_sram/dout0[22]
 conv_accelerator_inst.u_conv_buf_ram.u_mem.u_mem.g_2k\[0\].u_cell.u_sram/dout0[23]
 conv_accelerator_inst.u_conv_buf_ram.u_mem.u_mem.g_2k\[0\].u_cell.u_sram/dout0[24]
 conv_accelerator_inst.u_conv_buf_ram.u_mem.u_mem.g_2k\[0\].u_cell.u_sram/dout0[25]
 conv_accelerator_inst.u_conv_buf_ram.u_mem.u_mem.g_2k\[0\].u_cell.u_sram/dout0[26]
 conv_accelerator_inst.u_conv_buf_ram.u_mem.u_mem.g_2k\[0\].u_cell.u_sram/dout0[27]
 conv_accelerator_inst.u_conv_buf_ram.u_mem.u_mem.g_2k\[0\].u_cell.u_sram/dout0[28]
 conv_accelerator_inst.u_conv_buf_ram.u_mem.u_mem.g_2k\[0\].u_cell.u_sram/dout0[29]
 conv_accelerator_inst.u_conv_buf_ram.u_mem.u_mem.g_2k\[0\].u_cell.u_sram/dout0[2]
 conv_accelerator_inst.u_conv_buf_ram.u_mem.u_mem.g_2k\[0\].u_cell.u_sram/dout0[30]
 conv_accelerator_inst.u_conv_buf_ram.u_mem.u_mem.g_2k\[0\].u_cell.u_sram/dout0[31]
 conv_accelerator_inst.u_conv_buf_ram.u_mem.u_mem.g_2k\[0\].u_cell.u_sram/dout0[3]
 conv_accelerator_inst.u_conv_buf_ram.u_mem.u_mem.g_2k\[0\].u_cell.u_sram/dout0[4]
 conv_accelerator_inst.u_conv_buf_ram.u_mem.u_mem.g_2k\[0\].u_cell.u_sram/dout0[5]
 conv_accelerator_inst.u_conv_buf_ram.u_mem.u_mem.g_2k\[0\].u_cell.u_sram/dout0[6]
 conv_accelerator_inst.u_conv_buf_ram.u_mem.u_mem.g_2k\[0\].u_cell.u_sram/dout0[7]
 conv_accelerator_inst.u_conv_buf_ram.u_mem.u_mem.g_2k\[0\].u_cell.u_sram/dout0[8]
 conv_accelerator_inst.u_conv_buf_ram.u_mem.u_mem.g_2k\[0\].u_cell.u_sram/dout0[9]
 conv_accelerator_inst.u_conv_buf_ram.u_mem.u_mem.g_2k\[0\].u_cell.u_sram_30523/HI
 conv_accelerator_inst.u_conv_buf_ram.u_mem.u_mem.g_2k\[1\].u_cell.u_sram/dout0[0]
 conv_accelerator_inst.u_conv_buf_ram.u_mem.u_mem.g_2k\[1\].u_cell.u_sram/dout0[10]
 conv_accelerator_inst.u_conv_buf_ram.u_mem.u_mem.g_2k\[1\].u_cell.u_sram/dout0[11]
 conv_accelerator_inst.u_conv_buf_ram.u_mem.u_mem.g_2k\[1\].u_cell.u_sram/dout0[12]
 conv_accelerator_inst.u_conv_buf_ram.u_mem.u_mem.g_2k\[1\].u_cell.u_sram/dout0[13]
 conv_accelerator_inst.u_conv_buf_ram.u_mem.u_mem.g_2k\[1\].u_cell.u_sram/dout0[14]
 conv_accelerator_inst.u_conv_buf_ram.u_mem.u_mem.g_2k\[1\].u_cell.u_sram/dout0[15]
 conv_accelerator_inst.u_conv_buf_ram.u_mem.u_mem.g_2k\[1\].u_cell.u_sram/dout0[16]
 conv_accelerator_inst.u_conv_buf_ram.u_mem.u_mem.g_2k\[1\].u_cell.u_sram/dout0[17]
 conv_accelerator_inst.u_conv_buf_ram.u_mem.u_mem.g_2k\[1\].u_cell.u_sram/dout0[18]
 conv_accelerator_inst.u_conv_buf_ram.u_mem.u_mem.g_2k\[1\].u_cell.u_sram/dout0[19]
 conv_accelerator_inst.u_conv_buf_ram.u_mem.u_mem.g_2k\[1\].u_cell.u_sram/dout0[1]
 conv_accelerator_inst.u_conv_buf_ram.u_mem.u_mem.g_2k\[1\].u_cell.u_sram/dout0[20]
 conv_accelerator_inst.u_conv_buf_ram.u_mem.u_mem.g_2k\[1\].u_cell.u_sram/dout0[21]
 conv_accelerator_inst.u_conv_buf_ram.u_mem.u_mem.g_2k\[1\].u_cell.u_sram/dout0[22]
 conv_accelerator_inst.u_conv_buf_ram.u_mem.u_mem.g_2k\[1\].u_cell.u_sram/dout0[23]
 conv_accelerator_inst.u_conv_buf_ram.u_mem.u_mem.g_2k\[1\].u_cell.u_sram/dout0[24]
 conv_accelerator_inst.u_conv_buf_ram.u_mem.u_mem.g_2k\[1\].u_cell.u_sram/dout0[25]
 conv_accelerator_inst.u_conv_buf_ram.u_mem.u_mem.g_2k\[1\].u_cell.u_sram/dout0[26]
 conv_accelerator_inst.u_conv_buf_ram.u_mem.u_mem.g_2k\[1\].u_cell.u_sram/dout0[27]
 conv_accelerator_inst.u_conv_buf_ram.u_mem.u_mem.g_2k\[1\].u_cell.u_sram/dout0[28]
 conv_accelerator_inst.u_conv_buf_ram.u_mem.u_mem.g_2k\[1\].u_cell.u_sram/dout0[29]
 conv_accelerator_inst.u_conv_buf_ram.u_mem.u_mem.g_2k\[1\].u_cell.u_sram/dout0[2]
 conv_accelerator_inst.u_conv_buf_ram.u_mem.u_mem.g_2k\[1\].u_cell.u_sram/dout0[30]
 conv_accelerator_inst.u_conv_buf_ram.u_mem.u_mem.g_2k\[1\].u_cell.u_sram/dout0[31]
 conv_accelerator_inst.u_conv_buf_ram.u_mem.u_mem.g_2k\[1\].u_cell.u_sram/dout0[3]
 conv_accelerator_inst.u_conv_buf_ram.u_mem.u_mem.g_2k\[1\].u_cell.u_sram/dout0[4]
 conv_accelerator_inst.u_conv_buf_ram.u_mem.u_mem.g_2k\[1\].u_cell.u_sram/dout0[5]
 conv_accelerator_inst.u_conv_buf_ram.u_mem.u_mem.g_2k\[1\].u_cell.u_sram/dout0[6]
 conv_accelerator_inst.u_conv_buf_ram.u_mem.u_mem.g_2k\[1\].u_cell.u_sram/dout0[7]
 conv_accelerator_inst.u_conv_buf_ram.u_mem.u_mem.g_2k\[1\].u_cell.u_sram/dout0[8]
 conv_accelerator_inst.u_conv_buf_ram.u_mem.u_mem.g_2k\[1\].u_cell.u_sram/dout0[9]
 conv_accelerator_inst.u_conv_buf_ram.u_mem.u_mem.g_2k\[1\].u_cell.u_sram_30524/HI
 data_bram_ctrl_inst.data_ram.u_mem.g_2k\[0\].u_cell.u_sram/dout0[0]
 data_bram_ctrl_inst.data_ram.u_mem.g_2k\[0\].u_cell.u_sram/dout0[10]
 data_bram_ctrl_inst.data_ram.u_mem.g_2k\[0\].u_cell.u_sram/dout0[11]
 data_bram_ctrl_inst.data_ram.u_mem.g_2k\[0\].u_cell.u_sram/dout0[12]
 data_bram_ctrl_inst.data_ram.u_mem.g_2k\[0\].u_cell.u_sram/dout0[13]
 data_bram_ctrl_inst.data_ram.u_mem.g_2k\[0\].u_cell.u_sram/dout0[14]
 data_bram_ctrl_inst.data_ram.u_mem.g_2k\[0\].u_cell.u_sram/dout0[15]
 data_bram_ctrl_inst.data_ram.u_mem.g_2k\[0\].u_cell.u_sram/dout0[16]
 data_bram_ctrl_inst.data_ram.u_mem.g_2k\[0\].u_cell.u_sram/dout0[17]
 data_bram_ctrl_inst.data_ram.u_mem.g_2k\[0\].u_cell.u_sram/dout0[18]
 data_bram_ctrl_inst.data_ram.u_mem.g_2k\[0\].u_cell.u_sram/dout0[19]
 data_bram_ctrl_inst.data_ram.u_mem.g_2k\[0\].u_cell.u_sram/dout0[1]
 data_bram_ctrl_inst.data_ram.u_mem.g_2k\[0\].u_cell.u_sram/dout0[20]
 data_bram_ctrl_inst.data_ram.u_mem.g_2k\[0\].u_cell.u_sram/dout0[21]
 data_bram_ctrl_inst.data_ram.u_mem.g_2k\[0\].u_cell.u_sram/dout0[22]
 data_bram_ctrl_inst.data_ram.u_mem.g_2k\[0\].u_cell.u_sram/dout0[23]
 data_bram_ctrl_inst.data_ram.u_mem.g_2k\[0\].u_cell.u_sram/dout0[24]
 data_bram_ctrl_inst.data_ram.u_mem.g_2k\[0\].u_cell.u_sram/dout0[25]
 data_bram_ctrl_inst.data_ram.u_mem.g_2k\[0\].u_cell.u_sram/dout0[26]
 data_bram_ctrl_inst.data_ram.u_mem.g_2k\[0\].u_cell.u_sram/dout0[27]
 data_bram_ctrl_inst.data_ram.u_mem.g_2k\[0\].u_cell.u_sram/dout0[28]
 data_bram_ctrl_inst.data_ram.u_mem.g_2k\[0\].u_cell.u_sram/dout0[29]
 data_bram_ctrl_inst.data_ram.u_mem.g_2k\[0\].u_cell.u_sram/dout0[2]
 data_bram_ctrl_inst.data_ram.u_mem.g_2k\[0\].u_cell.u_sram/dout0[30]
 data_bram_ctrl_inst.data_ram.u_mem.g_2k\[0\].u_cell.u_sram/dout0[31]
 data_bram_ctrl_inst.data_ram.u_mem.g_2k\[0\].u_cell.u_sram/dout0[3]
 data_bram_ctrl_inst.data_ram.u_mem.g_2k\[0\].u_cell.u_sram/dout0[4]
 data_bram_ctrl_inst.data_ram.u_mem.g_2k\[0\].u_cell.u_sram/dout0[5]
 data_bram_ctrl_inst.data_ram.u_mem.g_2k\[0\].u_cell.u_sram/dout0[6]
 data_bram_ctrl_inst.data_ram.u_mem.g_2k\[0\].u_cell.u_sram/dout0[7]
 data_bram_ctrl_inst.data_ram.u_mem.g_2k\[0\].u_cell.u_sram/dout0[8]
 data_bram_ctrl_inst.data_ram.u_mem.g_2k\[0\].u_cell.u_sram/dout0[9]
 data_bram_ctrl_inst.data_ram.u_mem.g_2k\[0\].u_cell.u_sram_30525/HI
 data_bram_ctrl_inst.data_ram.u_mem.g_2k\[1\].u_cell.u_sram/dout0[0]
 data_bram_ctrl_inst.data_ram.u_mem.g_2k\[1\].u_cell.u_sram/dout0[10]
 data_bram_ctrl_inst.data_ram.u_mem.g_2k\[1\].u_cell.u_sram/dout0[11]
 data_bram_ctrl_inst.data_ram.u_mem.g_2k\[1\].u_cell.u_sram/dout0[12]
 data_bram_ctrl_inst.data_ram.u_mem.g_2k\[1\].u_cell.u_sram/dout0[13]
 data_bram_ctrl_inst.data_ram.u_mem.g_2k\[1\].u_cell.u_sram/dout0[14]
 data_bram_ctrl_inst.data_ram.u_mem.g_2k\[1\].u_cell.u_sram/dout0[15]
 data_bram_ctrl_inst.data_ram.u_mem.g_2k\[1\].u_cell.u_sram/dout0[16]
 data_bram_ctrl_inst.data_ram.u_mem.g_2k\[1\].u_cell.u_sram/dout0[17]
 data_bram_ctrl_inst.data_ram.u_mem.g_2k\[1\].u_cell.u_sram/dout0[18]
 data_bram_ctrl_inst.data_ram.u_mem.g_2k\[1\].u_cell.u_sram/dout0[19]
 data_bram_ctrl_inst.data_ram.u_mem.g_2k\[1\].u_cell.u_sram/dout0[1]
 data_bram_ctrl_inst.data_ram.u_mem.g_2k\[1\].u_cell.u_sram/dout0[20]
 data_bram_ctrl_inst.data_ram.u_mem.g_2k\[1\].u_cell.u_sram/dout0[21]
 data_bram_ctrl_inst.data_ram.u_mem.g_2k\[1\].u_cell.u_sram/dout0[22]
 data_bram_ctrl_inst.data_ram.u_mem.g_2k\[1\].u_cell.u_sram/dout0[23]
 data_bram_ctrl_inst.data_ram.u_mem.g_2k\[1\].u_cell.u_sram/dout0[24]
 data_bram_ctrl_inst.data_ram.u_mem.g_2k\[1\].u_cell.u_sram/dout0[25]
 data_bram_ctrl_inst.data_ram.u_mem.g_2k\[1\].u_cell.u_sram/dout0[26]
 data_bram_ctrl_inst.data_ram.u_mem.g_2k\[1\].u_cell.u_sram/dout0[27]
 data_bram_ctrl_inst.data_ram.u_mem.g_2k\[1\].u_cell.u_sram/dout0[28]
 data_bram_ctrl_inst.data_ram.u_mem.g_2k\[1\].u_cell.u_sram/dout0[29]
 data_bram_ctrl_inst.data_ram.u_mem.g_2k\[1\].u_cell.u_sram/dout0[2]
 data_bram_ctrl_inst.data_ram.u_mem.g_2k\[1\].u_cell.u_sram/dout0[30]
 data_bram_ctrl_inst.data_ram.u_mem.g_2k\[1\].u_cell.u_sram/dout0[31]
 data_bram_ctrl_inst.data_ram.u_mem.g_2k\[1\].u_cell.u_sram/dout0[3]
 data_bram_ctrl_inst.data_ram.u_mem.g_2k\[1\].u_cell.u_sram/dout0[4]
 data_bram_ctrl_inst.data_ram.u_mem.g_2k\[1\].u_cell.u_sram/dout0[5]
 data_bram_ctrl_inst.data_ram.u_mem.g_2k\[1\].u_cell.u_sram/dout0[6]
 data_bram_ctrl_inst.data_ram.u_mem.g_2k\[1\].u_cell.u_sram/dout0[7]
 data_bram_ctrl_inst.data_ram.u_mem.g_2k\[1\].u_cell.u_sram/dout0[8]
 data_bram_ctrl_inst.data_ram.u_mem.g_2k\[1\].u_cell.u_sram/dout0[9]
 data_bram_ctrl_inst.data_ram.u_mem.g_2k\[1\].u_cell.u_sram_30526/HI
 data_bram_ctrl_inst.data_ram.u_mem.g_2k\[2\].u_cell.u_sram/dout0[0]
 data_bram_ctrl_inst.data_ram.u_mem.g_2k\[2\].u_cell.u_sram/dout0[10]
 data_bram_ctrl_inst.data_ram.u_mem.g_2k\[2\].u_cell.u_sram/dout0[11]
 data_bram_ctrl_inst.data_ram.u_mem.g_2k\[2\].u_cell.u_sram/dout0[12]
 data_bram_ctrl_inst.data_ram.u_mem.g_2k\[2\].u_cell.u_sram/dout0[13]
 data_bram_ctrl_inst.data_ram.u_mem.g_2k\[2\].u_cell.u_sram/dout0[14]
 data_bram_ctrl_inst.data_ram.u_mem.g_2k\[2\].u_cell.u_sram/dout0[15]
 data_bram_ctrl_inst.data_ram.u_mem.g_2k\[2\].u_cell.u_sram/dout0[16]
 data_bram_ctrl_inst.data_ram.u_mem.g_2k\[2\].u_cell.u_sram/dout0[17]
 data_bram_ctrl_inst.data_ram.u_mem.g_2k\[2\].u_cell.u_sram/dout0[18]
 data_bram_ctrl_inst.data_ram.u_mem.g_2k\[2\].u_cell.u_sram/dout0[19]
 data_bram_ctrl_inst.data_ram.u_mem.g_2k\[2\].u_cell.u_sram/dout0[1]
 data_bram_ctrl_inst.data_ram.u_mem.g_2k\[2\].u_cell.u_sram/dout0[20]
 data_bram_ctrl_inst.data_ram.u_mem.g_2k\[2\].u_cell.u_sram/dout0[21]
 data_bram_ctrl_inst.data_ram.u_mem.g_2k\[2\].u_cell.u_sram/dout0[22]
 data_bram_ctrl_inst.data_ram.u_mem.g_2k\[2\].u_cell.u_sram/dout0[23]
 data_bram_ctrl_inst.data_ram.u_mem.g_2k\[2\].u_cell.u_sram/dout0[24]
 data_bram_ctrl_inst.data_ram.u_mem.g_2k\[2\].u_cell.u_sram/dout0[25]
 data_bram_ctrl_inst.data_ram.u_mem.g_2k\[2\].u_cell.u_sram/dout0[26]
 data_bram_ctrl_inst.data_ram.u_mem.g_2k\[2\].u_cell.u_sram/dout0[27]
 data_bram_ctrl_inst.data_ram.u_mem.g_2k\[2\].u_cell.u_sram/dout0[28]
 data_bram_ctrl_inst.data_ram.u_mem.g_2k\[2\].u_cell.u_sram/dout0[29]
 data_bram_ctrl_inst.data_ram.u_mem.g_2k\[2\].u_cell.u_sram/dout0[2]
 data_bram_ctrl_inst.data_ram.u_mem.g_2k\[2\].u_cell.u_sram/dout0[30]
 data_bram_ctrl_inst.data_ram.u_mem.g_2k\[2\].u_cell.u_sram/dout0[31]
 data_bram_ctrl_inst.data_ram.u_mem.g_2k\[2\].u_cell.u_sram/dout0[3]
 data_bram_ctrl_inst.data_ram.u_mem.g_2k\[2\].u_cell.u_sram/dout0[4]
 data_bram_ctrl_inst.data_ram.u_mem.g_2k\[2\].u_cell.u_sram/dout0[5]
 data_bram_ctrl_inst.data_ram.u_mem.g_2k\[2\].u_cell.u_sram/dout0[6]
 data_bram_ctrl_inst.data_ram.u_mem.g_2k\[2\].u_cell.u_sram/dout0[7]
 data_bram_ctrl_inst.data_ram.u_mem.g_2k\[2\].u_cell.u_sram/dout0[8]
 data_bram_ctrl_inst.data_ram.u_mem.g_2k\[2\].u_cell.u_sram/dout0[9]
 data_bram_ctrl_inst.data_ram.u_mem.g_2k\[2\].u_cell.u_sram_30527/HI
 data_bram_ctrl_inst.data_ram.u_mem.g_2k\[3\].u_cell.u_sram/dout0[0]
 data_bram_ctrl_inst.data_ram.u_mem.g_2k\[3\].u_cell.u_sram/dout0[10]
 data_bram_ctrl_inst.data_ram.u_mem.g_2k\[3\].u_cell.u_sram/dout0[11]
 data_bram_ctrl_inst.data_ram.u_mem.g_2k\[3\].u_cell.u_sram/dout0[12]
 data_bram_ctrl_inst.data_ram.u_mem.g_2k\[3\].u_cell.u_sram/dout0[13]
 data_bram_ctrl_inst.data_ram.u_mem.g_2k\[3\].u_cell.u_sram/dout0[14]
 data_bram_ctrl_inst.data_ram.u_mem.g_2k\[3\].u_cell.u_sram/dout0[15]
 data_bram_ctrl_inst.data_ram.u_mem.g_2k\[3\].u_cell.u_sram/dout0[16]
 data_bram_ctrl_inst.data_ram.u_mem.g_2k\[3\].u_cell.u_sram/dout0[17]
 data_bram_ctrl_inst.data_ram.u_mem.g_2k\[3\].u_cell.u_sram/dout0[18]
 data_bram_ctrl_inst.data_ram.u_mem.g_2k\[3\].u_cell.u_sram/dout0[19]
 data_bram_ctrl_inst.data_ram.u_mem.g_2k\[3\].u_cell.u_sram/dout0[1]
 data_bram_ctrl_inst.data_ram.u_mem.g_2k\[3\].u_cell.u_sram/dout0[20]
 data_bram_ctrl_inst.data_ram.u_mem.g_2k\[3\].u_cell.u_sram/dout0[21]
 data_bram_ctrl_inst.data_ram.u_mem.g_2k\[3\].u_cell.u_sram/dout0[22]
 data_bram_ctrl_inst.data_ram.u_mem.g_2k\[3\].u_cell.u_sram/dout0[23]
 data_bram_ctrl_inst.data_ram.u_mem.g_2k\[3\].u_cell.u_sram/dout0[24]
 data_bram_ctrl_inst.data_ram.u_mem.g_2k\[3\].u_cell.u_sram/dout0[25]
 data_bram_ctrl_inst.data_ram.u_mem.g_2k\[3\].u_cell.u_sram/dout0[26]
 data_bram_ctrl_inst.data_ram.u_mem.g_2k\[3\].u_cell.u_sram/dout0[27]
 data_bram_ctrl_inst.data_ram.u_mem.g_2k\[3\].u_cell.u_sram/dout0[28]
 data_bram_ctrl_inst.data_ram.u_mem.g_2k\[3\].u_cell.u_sram/dout0[29]
 data_bram_ctrl_inst.data_ram.u_mem.g_2k\[3\].u_cell.u_sram/dout0[2]
 data_bram_ctrl_inst.data_ram.u_mem.g_2k\[3\].u_cell.u_sram/dout0[30]
 data_bram_ctrl_inst.data_ram.u_mem.g_2k\[3\].u_cell.u_sram/dout0[31]
 data_bram_ctrl_inst.data_ram.u_mem.g_2k\[3\].u_cell.u_sram/dout0[3]
 data_bram_ctrl_inst.data_ram.u_mem.g_2k\[3\].u_cell.u_sram/dout0[4]
 data_bram_ctrl_inst.data_ram.u_mem.g_2k\[3\].u_cell.u_sram/dout0[5]
 data_bram_ctrl_inst.data_ram.u_mem.g_2k\[3\].u_cell.u_sram/dout0[6]
 data_bram_ctrl_inst.data_ram.u_mem.g_2k\[3\].u_cell.u_sram/dout0[7]
 data_bram_ctrl_inst.data_ram.u_mem.g_2k\[3\].u_cell.u_sram/dout0[8]
 data_bram_ctrl_inst.data_ram.u_mem.g_2k\[3\].u_cell.u_sram/dout0[9]
 data_bram_ctrl_inst.data_ram.u_mem.g_2k\[3\].u_cell.u_sram_30528/HI
 instr_bram_ctrl_inst.instr_ram.u_mem.g_2k\[0\].u_cell.u_sram/dout0[0]
 instr_bram_ctrl_inst.instr_ram.u_mem.g_2k\[0\].u_cell.u_sram/dout0[10]
 instr_bram_ctrl_inst.instr_ram.u_mem.g_2k\[0\].u_cell.u_sram/dout0[11]
 instr_bram_ctrl_inst.instr_ram.u_mem.g_2k\[0\].u_cell.u_sram/dout0[12]
 instr_bram_ctrl_inst.instr_ram.u_mem.g_2k\[0\].u_cell.u_sram/dout0[13]
 instr_bram_ctrl_inst.instr_ram.u_mem.g_2k\[0\].u_cell.u_sram/dout0[14]
 instr_bram_ctrl_inst.instr_ram.u_mem.g_2k\[0\].u_cell.u_sram/dout0[15]
 instr_bram_ctrl_inst.instr_ram.u_mem.g_2k\[0\].u_cell.u_sram/dout0[16]
 instr_bram_ctrl_inst.instr_ram.u_mem.g_2k\[0\].u_cell.u_sram/dout0[17]
 instr_bram_ctrl_inst.instr_ram.u_mem.g_2k\[0\].u_cell.u_sram/dout0[18]
 instr_bram_ctrl_inst.instr_ram.u_mem.g_2k\[0\].u_cell.u_sram/dout0[19]
 instr_bram_ctrl_inst.instr_ram.u_mem.g_2k\[0\].u_cell.u_sram/dout0[1]
 instr_bram_ctrl_inst.instr_ram.u_mem.g_2k\[0\].u_cell.u_sram/dout0[20]
 instr_bram_ctrl_inst.instr_ram.u_mem.g_2k\[0\].u_cell.u_sram/dout0[21]
 instr_bram_ctrl_inst.instr_ram.u_mem.g_2k\[0\].u_cell.u_sram/dout0[22]
 instr_bram_ctrl_inst.instr_ram.u_mem.g_2k\[0\].u_cell.u_sram/dout0[23]
 instr_bram_ctrl_inst.instr_ram.u_mem.g_2k\[0\].u_cell.u_sram/dout0[24]
 instr_bram_ctrl_inst.instr_ram.u_mem.g_2k\[0\].u_cell.u_sram/dout0[25]
 instr_bram_ctrl_inst.instr_ram.u_mem.g_2k\[0\].u_cell.u_sram/dout0[26]
 instr_bram_ctrl_inst.instr_ram.u_mem.g_2k\[0\].u_cell.u_sram/dout0[27]
 instr_bram_ctrl_inst.instr_ram.u_mem.g_2k\[0\].u_cell.u_sram/dout0[28]
 instr_bram_ctrl_inst.instr_ram.u_mem.g_2k\[0\].u_cell.u_sram/dout0[29]
 instr_bram_ctrl_inst.instr_ram.u_mem.g_2k\[0\].u_cell.u_sram/dout0[2]
 instr_bram_ctrl_inst.instr_ram.u_mem.g_2k\[0\].u_cell.u_sram/dout0[30]
 instr_bram_ctrl_inst.instr_ram.u_mem.g_2k\[0\].u_cell.u_sram/dout0[31]
 instr_bram_ctrl_inst.instr_ram.u_mem.g_2k\[0\].u_cell.u_sram/dout0[3]
 instr_bram_ctrl_inst.instr_ram.u_mem.g_2k\[0\].u_cell.u_sram/dout0[4]
 instr_bram_ctrl_inst.instr_ram.u_mem.g_2k\[0\].u_cell.u_sram/dout0[5]
 instr_bram_ctrl_inst.instr_ram.u_mem.g_2k\[0\].u_cell.u_sram/dout0[6]
 instr_bram_ctrl_inst.instr_ram.u_mem.g_2k\[0\].u_cell.u_sram/dout0[7]
 instr_bram_ctrl_inst.instr_ram.u_mem.g_2k\[0\].u_cell.u_sram/dout0[8]
 instr_bram_ctrl_inst.instr_ram.u_mem.g_2k\[0\].u_cell.u_sram/dout0[9]
 instr_bram_ctrl_inst.instr_ram.u_mem.g_2k\[0\].u_cell.u_sram_30529/HI
 instr_bram_ctrl_inst.instr_ram.u_mem.g_2k\[1\].u_cell.u_sram/dout0[0]
 instr_bram_ctrl_inst.instr_ram.u_mem.g_2k\[1\].u_cell.u_sram/dout0[10]
 instr_bram_ctrl_inst.instr_ram.u_mem.g_2k\[1\].u_cell.u_sram/dout0[11]
 instr_bram_ctrl_inst.instr_ram.u_mem.g_2k\[1\].u_cell.u_sram/dout0[12]
 instr_bram_ctrl_inst.instr_ram.u_mem.g_2k\[1\].u_cell.u_sram/dout0[13]
 instr_bram_ctrl_inst.instr_ram.u_mem.g_2k\[1\].u_cell.u_sram/dout0[14]
 instr_bram_ctrl_inst.instr_ram.u_mem.g_2k\[1\].u_cell.u_sram/dout0[15]
 instr_bram_ctrl_inst.instr_ram.u_mem.g_2k\[1\].u_cell.u_sram/dout0[16]
 instr_bram_ctrl_inst.instr_ram.u_mem.g_2k\[1\].u_cell.u_sram/dout0[17]
 instr_bram_ctrl_inst.instr_ram.u_mem.g_2k\[1\].u_cell.u_sram/dout0[18]
 instr_bram_ctrl_inst.instr_ram.u_mem.g_2k\[1\].u_cell.u_sram/dout0[19]
 instr_bram_ctrl_inst.instr_ram.u_mem.g_2k\[1\].u_cell.u_sram/dout0[1]
 instr_bram_ctrl_inst.instr_ram.u_mem.g_2k\[1\].u_cell.u_sram/dout0[20]
 instr_bram_ctrl_inst.instr_ram.u_mem.g_2k\[1\].u_cell.u_sram/dout0[21]
 instr_bram_ctrl_inst.instr_ram.u_mem.g_2k\[1\].u_cell.u_sram/dout0[22]
 instr_bram_ctrl_inst.instr_ram.u_mem.g_2k\[1\].u_cell.u_sram/dout0[23]
 instr_bram_ctrl_inst.instr_ram.u_mem.g_2k\[1\].u_cell.u_sram/dout0[24]
 instr_bram_ctrl_inst.instr_ram.u_mem.g_2k\[1\].u_cell.u_sram/dout0[25]
 instr_bram_ctrl_inst.instr_ram.u_mem.g_2k\[1\].u_cell.u_sram/dout0[26]
 instr_bram_ctrl_inst.instr_ram.u_mem.g_2k\[1\].u_cell.u_sram/dout0[27]
 instr_bram_ctrl_inst.instr_ram.u_mem.g_2k\[1\].u_cell.u_sram/dout0[28]
 instr_bram_ctrl_inst.instr_ram.u_mem.g_2k\[1\].u_cell.u_sram/dout0[29]
 instr_bram_ctrl_inst.instr_ram.u_mem.g_2k\[1\].u_cell.u_sram/dout0[2]
 instr_bram_ctrl_inst.instr_ram.u_mem.g_2k\[1\].u_cell.u_sram/dout0[30]
 instr_bram_ctrl_inst.instr_ram.u_mem.g_2k\[1\].u_cell.u_sram/dout0[31]
 instr_bram_ctrl_inst.instr_ram.u_mem.g_2k\[1\].u_cell.u_sram/dout0[3]
 instr_bram_ctrl_inst.instr_ram.u_mem.g_2k\[1\].u_cell.u_sram/dout0[4]
 instr_bram_ctrl_inst.instr_ram.u_mem.g_2k\[1\].u_cell.u_sram/dout0[5]
 instr_bram_ctrl_inst.instr_ram.u_mem.g_2k\[1\].u_cell.u_sram/dout0[6]
 instr_bram_ctrl_inst.instr_ram.u_mem.g_2k\[1\].u_cell.u_sram/dout0[7]
 instr_bram_ctrl_inst.instr_ram.u_mem.g_2k\[1\].u_cell.u_sram/dout0[8]
 instr_bram_ctrl_inst.instr_ram.u_mem.g_2k\[1\].u_cell.u_sram/dout0[9]
 instr_bram_ctrl_inst.instr_ram.u_mem.g_2k\[1\].u_cell.u_sram_30530/HI
 instr_bram_ctrl_inst.instr_ram.u_mem.g_2k\[2\].u_cell.u_sram/dout0[0]
 instr_bram_ctrl_inst.instr_ram.u_mem.g_2k\[2\].u_cell.u_sram/dout0[10]
 instr_bram_ctrl_inst.instr_ram.u_mem.g_2k\[2\].u_cell.u_sram/dout0[11]
 instr_bram_ctrl_inst.instr_ram.u_mem.g_2k\[2\].u_cell.u_sram/dout0[12]
 instr_bram_ctrl_inst.instr_ram.u_mem.g_2k\[2\].u_cell.u_sram/dout0[13]
 instr_bram_ctrl_inst.instr_ram.u_mem.g_2k\[2\].u_cell.u_sram/dout0[14]
 instr_bram_ctrl_inst.instr_ram.u_mem.g_2k\[2\].u_cell.u_sram/dout0[15]
 instr_bram_ctrl_inst.instr_ram.u_mem.g_2k\[2\].u_cell.u_sram/dout0[16]
 instr_bram_ctrl_inst.instr_ram.u_mem.g_2k\[2\].u_cell.u_sram/dout0[17]
 instr_bram_ctrl_inst.instr_ram.u_mem.g_2k\[2\].u_cell.u_sram/dout0[18]
 instr_bram_ctrl_inst.instr_ram.u_mem.g_2k\[2\].u_cell.u_sram/dout0[19]
 instr_bram_ctrl_inst.instr_ram.u_mem.g_2k\[2\].u_cell.u_sram/dout0[1]
 instr_bram_ctrl_inst.instr_ram.u_mem.g_2k\[2\].u_cell.u_sram/dout0[20]
 instr_bram_ctrl_inst.instr_ram.u_mem.g_2k\[2\].u_cell.u_sram/dout0[21]
 instr_bram_ctrl_inst.instr_ram.u_mem.g_2k\[2\].u_cell.u_sram/dout0[22]
 instr_bram_ctrl_inst.instr_ram.u_mem.g_2k\[2\].u_cell.u_sram/dout0[23]
 instr_bram_ctrl_inst.instr_ram.u_mem.g_2k\[2\].u_cell.u_sram/dout0[24]
 instr_bram_ctrl_inst.instr_ram.u_mem.g_2k\[2\].u_cell.u_sram/dout0[25]
 instr_bram_ctrl_inst.instr_ram.u_mem.g_2k\[2\].u_cell.u_sram/dout0[26]
 instr_bram_ctrl_inst.instr_ram.u_mem.g_2k\[2\].u_cell.u_sram/dout0[27]
 instr_bram_ctrl_inst.instr_ram.u_mem.g_2k\[2\].u_cell.u_sram/dout0[28]
 instr_bram_ctrl_inst.instr_ram.u_mem.g_2k\[2\].u_cell.u_sram/dout0[29]
 instr_bram_ctrl_inst.instr_ram.u_mem.g_2k\[2\].u_cell.u_sram/dout0[2]
 instr_bram_ctrl_inst.instr_ram.u_mem.g_2k\[2\].u_cell.u_sram/dout0[30]
 instr_bram_ctrl_inst.instr_ram.u_mem.g_2k\[2\].u_cell.u_sram/dout0[31]
 instr_bram_ctrl_inst.instr_ram.u_mem.g_2k\[2\].u_cell.u_sram/dout0[3]
 instr_bram_ctrl_inst.instr_ram.u_mem.g_2k\[2\].u_cell.u_sram/dout0[4]
 instr_bram_ctrl_inst.instr_ram.u_mem.g_2k\[2\].u_cell.u_sram/dout0[5]
 instr_bram_ctrl_inst.instr_ram.u_mem.g_2k\[2\].u_cell.u_sram/dout0[6]
 instr_bram_ctrl_inst.instr_ram.u_mem.g_2k\[2\].u_cell.u_sram/dout0[7]
 instr_bram_ctrl_inst.instr_ram.u_mem.g_2k\[2\].u_cell.u_sram/dout0[8]
 instr_bram_ctrl_inst.instr_ram.u_mem.g_2k\[2\].u_cell.u_sram/dout0[9]
 instr_bram_ctrl_inst.instr_ram.u_mem.g_2k\[2\].u_cell.u_sram_30531/HI
 instr_bram_ctrl_inst.instr_ram.u_mem.g_2k\[3\].u_cell.u_sram/dout0[0]
 instr_bram_ctrl_inst.instr_ram.u_mem.g_2k\[3\].u_cell.u_sram/dout0[10]
 instr_bram_ctrl_inst.instr_ram.u_mem.g_2k\[3\].u_cell.u_sram/dout0[11]
 instr_bram_ctrl_inst.instr_ram.u_mem.g_2k\[3\].u_cell.u_sram/dout0[12]
 instr_bram_ctrl_inst.instr_ram.u_mem.g_2k\[3\].u_cell.u_sram/dout0[13]
 instr_bram_ctrl_inst.instr_ram.u_mem.g_2k\[3\].u_cell.u_sram/dout0[14]
 instr_bram_ctrl_inst.instr_ram.u_mem.g_2k\[3\].u_cell.u_sram/dout0[15]
 instr_bram_ctrl_inst.instr_ram.u_mem.g_2k\[3\].u_cell.u_sram/dout0[16]
 instr_bram_ctrl_inst.instr_ram.u_mem.g_2k\[3\].u_cell.u_sram/dout0[17]
 instr_bram_ctrl_inst.instr_ram.u_mem.g_2k\[3\].u_cell.u_sram/dout0[18]
 instr_bram_ctrl_inst.instr_ram.u_mem.g_2k\[3\].u_cell.u_sram/dout0[19]
 instr_bram_ctrl_inst.instr_ram.u_mem.g_2k\[3\].u_cell.u_sram/dout0[1]
 instr_bram_ctrl_inst.instr_ram.u_mem.g_2k\[3\].u_cell.u_sram/dout0[20]
 instr_bram_ctrl_inst.instr_ram.u_mem.g_2k\[3\].u_cell.u_sram/dout0[21]
 instr_bram_ctrl_inst.instr_ram.u_mem.g_2k\[3\].u_cell.u_sram/dout0[22]
 instr_bram_ctrl_inst.instr_ram.u_mem.g_2k\[3\].u_cell.u_sram/dout0[23]
 instr_bram_ctrl_inst.instr_ram.u_mem.g_2k\[3\].u_cell.u_sram/dout0[24]
 instr_bram_ctrl_inst.instr_ram.u_mem.g_2k\[3\].u_cell.u_sram/dout0[25]
 instr_bram_ctrl_inst.instr_ram.u_mem.g_2k\[3\].u_cell.u_sram/dout0[26]
 instr_bram_ctrl_inst.instr_ram.u_mem.g_2k\[3\].u_cell.u_sram/dout0[27]
 instr_bram_ctrl_inst.instr_ram.u_mem.g_2k\[3\].u_cell.u_sram/dout0[28]
 instr_bram_ctrl_inst.instr_ram.u_mem.g_2k\[3\].u_cell.u_sram/dout0[29]
 instr_bram_ctrl_inst.instr_ram.u_mem.g_2k\[3\].u_cell.u_sram/dout0[2]
 instr_bram_ctrl_inst.instr_ram.u_mem.g_2k\[3\].u_cell.u_sram/dout0[30]
 instr_bram_ctrl_inst.instr_ram.u_mem.g_2k\[3\].u_cell.u_sram/dout0[31]
 instr_bram_ctrl_inst.instr_ram.u_mem.g_2k\[3\].u_cell.u_sram/dout0[3]
 instr_bram_ctrl_inst.instr_ram.u_mem.g_2k\[3\].u_cell.u_sram/dout0[4]
 instr_bram_ctrl_inst.instr_ram.u_mem.g_2k\[3\].u_cell.u_sram/dout0[5]
 instr_bram_ctrl_inst.instr_ram.u_mem.g_2k\[3\].u_cell.u_sram/dout0[6]
 instr_bram_ctrl_inst.instr_ram.u_mem.g_2k\[3\].u_cell.u_sram/dout0[7]
 instr_bram_ctrl_inst.instr_ram.u_mem.g_2k\[3\].u_cell.u_sram/dout0[8]
 instr_bram_ctrl_inst.instr_ram.u_mem.g_2k\[3\].u_cell.u_sram/dout0[9]
 instr_bram_ctrl_inst.instr_ram.u_mem.g_2k\[3\].u_cell.u_sram_30532/HI
 top_module/HI
 top_module_30538/HI
 top_module_30539/HI
 top_module_30540/HI
 top_module_30541/HI
 top_module_30542/HI
 top_module_30543/HI
 top_module_30544/HI
 top_module_30545/HI
 top_module_30546/HI
 top_module_30547/HI
 top_module_30548/HI
 top_module_30549/HI
 top_module_30550/HI
 top_module_30551/HI
 top_module_30552/HI
 yz_bram_ctrl_inst.yz_ram.u_mem.u_mem.g_1k.u_cell.u_sram/dout0[0]
 yz_bram_ctrl_inst.yz_ram.u_mem.u_mem.g_1k.u_cell.u_sram/dout0[10]
 yz_bram_ctrl_inst.yz_ram.u_mem.u_mem.g_1k.u_cell.u_sram/dout0[11]
 yz_bram_ctrl_inst.yz_ram.u_mem.u_mem.g_1k.u_cell.u_sram/dout0[12]
 yz_bram_ctrl_inst.yz_ram.u_mem.u_mem.g_1k.u_cell.u_sram/dout0[13]
 yz_bram_ctrl_inst.yz_ram.u_mem.u_mem.g_1k.u_cell.u_sram/dout0[14]
 yz_bram_ctrl_inst.yz_ram.u_mem.u_mem.g_1k.u_cell.u_sram/dout0[15]
 yz_bram_ctrl_inst.yz_ram.u_mem.u_mem.g_1k.u_cell.u_sram/dout0[16]
 yz_bram_ctrl_inst.yz_ram.u_mem.u_mem.g_1k.u_cell.u_sram/dout0[17]
 yz_bram_ctrl_inst.yz_ram.u_mem.u_mem.g_1k.u_cell.u_sram/dout0[18]
 yz_bram_ctrl_inst.yz_ram.u_mem.u_mem.g_1k.u_cell.u_sram/dout0[19]
 yz_bram_ctrl_inst.yz_ram.u_mem.u_mem.g_1k.u_cell.u_sram/dout0[1]
 yz_bram_ctrl_inst.yz_ram.u_mem.u_mem.g_1k.u_cell.u_sram/dout0[20]
 yz_bram_ctrl_inst.yz_ram.u_mem.u_mem.g_1k.u_cell.u_sram/dout0[21]
 yz_bram_ctrl_inst.yz_ram.u_mem.u_mem.g_1k.u_cell.u_sram/dout0[22]
 yz_bram_ctrl_inst.yz_ram.u_mem.u_mem.g_1k.u_cell.u_sram/dout0[23]
 yz_bram_ctrl_inst.yz_ram.u_mem.u_mem.g_1k.u_cell.u_sram/dout0[24]
 yz_bram_ctrl_inst.yz_ram.u_mem.u_mem.g_1k.u_cell.u_sram/dout0[25]
 yz_bram_ctrl_inst.yz_ram.u_mem.u_mem.g_1k.u_cell.u_sram/dout0[26]
 yz_bram_ctrl_inst.yz_ram.u_mem.u_mem.g_1k.u_cell.u_sram/dout0[27]
 yz_bram_ctrl_inst.yz_ram.u_mem.u_mem.g_1k.u_cell.u_sram/dout0[28]
 yz_bram_ctrl_inst.yz_ram.u_mem.u_mem.g_1k.u_cell.u_sram/dout0[29]
 yz_bram_ctrl_inst.yz_ram.u_mem.u_mem.g_1k.u_cell.u_sram/dout0[2]
 yz_bram_ctrl_inst.yz_ram.u_mem.u_mem.g_1k.u_cell.u_sram/dout0[30]
 yz_bram_ctrl_inst.yz_ram.u_mem.u_mem.g_1k.u_cell.u_sram/dout0[31]
 yz_bram_ctrl_inst.yz_ram.u_mem.u_mem.g_1k.u_cell.u_sram/dout0[3]
 yz_bram_ctrl_inst.yz_ram.u_mem.u_mem.g_1k.u_cell.u_sram/dout0[4]
 yz_bram_ctrl_inst.yz_ram.u_mem.u_mem.g_1k.u_cell.u_sram/dout0[5]
 yz_bram_ctrl_inst.yz_ram.u_mem.u_mem.g_1k.u_cell.u_sram/dout0[6]
 yz_bram_ctrl_inst.yz_ram.u_mem.u_mem.g_1k.u_cell.u_sram/dout0[7]
 yz_bram_ctrl_inst.yz_ram.u_mem.u_mem.g_1k.u_cell.u_sram/dout0[8]
 yz_bram_ctrl_inst.yz_ram.u_mem.u_mem.g_1k.u_cell.u_sram/dout0[9]
 yz_bram_ctrl_inst.yz_ram.u_mem.u_mem.g_1k.u_cell.u_sram_30533/HI
 yz_bram_ctrl_inst.yz_ram.u_mem.u_mem.g_2k\[0\].u_cell.u_sram/dout0[0]
 yz_bram_ctrl_inst.yz_ram.u_mem.u_mem.g_2k\[0\].u_cell.u_sram/dout0[10]
 yz_bram_ctrl_inst.yz_ram.u_mem.u_mem.g_2k\[0\].u_cell.u_sram/dout0[11]
 yz_bram_ctrl_inst.yz_ram.u_mem.u_mem.g_2k\[0\].u_cell.u_sram/dout0[12]
 yz_bram_ctrl_inst.yz_ram.u_mem.u_mem.g_2k\[0\].u_cell.u_sram/dout0[13]
 yz_bram_ctrl_inst.yz_ram.u_mem.u_mem.g_2k\[0\].u_cell.u_sram/dout0[14]
 yz_bram_ctrl_inst.yz_ram.u_mem.u_mem.g_2k\[0\].u_cell.u_sram/dout0[15]
 yz_bram_ctrl_inst.yz_ram.u_mem.u_mem.g_2k\[0\].u_cell.u_sram/dout0[16]
 yz_bram_ctrl_inst.yz_ram.u_mem.u_mem.g_2k\[0\].u_cell.u_sram/dout0[17]
 yz_bram_ctrl_inst.yz_ram.u_mem.u_mem.g_2k\[0\].u_cell.u_sram/dout0[18]
 yz_bram_ctrl_inst.yz_ram.u_mem.u_mem.g_2k\[0\].u_cell.u_sram/dout0[19]
 yz_bram_ctrl_inst.yz_ram.u_mem.u_mem.g_2k\[0\].u_cell.u_sram/dout0[1]
 yz_bram_ctrl_inst.yz_ram.u_mem.u_mem.g_2k\[0\].u_cell.u_sram/dout0[20]
 yz_bram_ctrl_inst.yz_ram.u_mem.u_mem.g_2k\[0\].u_cell.u_sram/dout0[21]
 yz_bram_ctrl_inst.yz_ram.u_mem.u_mem.g_2k\[0\].u_cell.u_sram/dout0[22]
 yz_bram_ctrl_inst.yz_ram.u_mem.u_mem.g_2k\[0\].u_cell.u_sram/dout0[23]
 yz_bram_ctrl_inst.yz_ram.u_mem.u_mem.g_2k\[0\].u_cell.u_sram/dout0[24]
 yz_bram_ctrl_inst.yz_ram.u_mem.u_mem.g_2k\[0\].u_cell.u_sram/dout0[25]
 yz_bram_ctrl_inst.yz_ram.u_mem.u_mem.g_2k\[0\].u_cell.u_sram/dout0[26]
 yz_bram_ctrl_inst.yz_ram.u_mem.u_mem.g_2k\[0\].u_cell.u_sram/dout0[27]
 yz_bram_ctrl_inst.yz_ram.u_mem.u_mem.g_2k\[0\].u_cell.u_sram/dout0[28]
 yz_bram_ctrl_inst.yz_ram.u_mem.u_mem.g_2k\[0\].u_cell.u_sram/dout0[29]
 yz_bram_ctrl_inst.yz_ram.u_mem.u_mem.g_2k\[0\].u_cell.u_sram/dout0[2]
 yz_bram_ctrl_inst.yz_ram.u_mem.u_mem.g_2k\[0\].u_cell.u_sram/dout0[30]
 yz_bram_ctrl_inst.yz_ram.u_mem.u_mem.g_2k\[0\].u_cell.u_sram/dout0[31]
 yz_bram_ctrl_inst.yz_ram.u_mem.u_mem.g_2k\[0\].u_cell.u_sram/dout0[3]
 yz_bram_ctrl_inst.yz_ram.u_mem.u_mem.g_2k\[0\].u_cell.u_sram/dout0[4]
 yz_bram_ctrl_inst.yz_ram.u_mem.u_mem.g_2k\[0\].u_cell.u_sram/dout0[5]
 yz_bram_ctrl_inst.yz_ram.u_mem.u_mem.g_2k\[0\].u_cell.u_sram/dout0[6]
 yz_bram_ctrl_inst.yz_ram.u_mem.u_mem.g_2k\[0\].u_cell.u_sram/dout0[7]
 yz_bram_ctrl_inst.yz_ram.u_mem.u_mem.g_2k\[0\].u_cell.u_sram/dout0[8]
 yz_bram_ctrl_inst.yz_ram.u_mem.u_mem.g_2k\[0\].u_cell.u_sram/dout0[9]
 yz_bram_ctrl_inst.yz_ram.u_mem.u_mem.g_2k\[0\].u_cell.u_sram_30534/HI
 yz_bram_ctrl_inst.yz_ram.u_mem.u_mem.g_2k\[1\].u_cell.u_sram/dout0[0]
 yz_bram_ctrl_inst.yz_ram.u_mem.u_mem.g_2k\[1\].u_cell.u_sram/dout0[10]
 yz_bram_ctrl_inst.yz_ram.u_mem.u_mem.g_2k\[1\].u_cell.u_sram/dout0[11]
 yz_bram_ctrl_inst.yz_ram.u_mem.u_mem.g_2k\[1\].u_cell.u_sram/dout0[12]
 yz_bram_ctrl_inst.yz_ram.u_mem.u_mem.g_2k\[1\].u_cell.u_sram/dout0[13]
 yz_bram_ctrl_inst.yz_ram.u_mem.u_mem.g_2k\[1\].u_cell.u_sram/dout0[14]
 yz_bram_ctrl_inst.yz_ram.u_mem.u_mem.g_2k\[1\].u_cell.u_sram/dout0[15]
 yz_bram_ctrl_inst.yz_ram.u_mem.u_mem.g_2k\[1\].u_cell.u_sram/dout0[16]
 yz_bram_ctrl_inst.yz_ram.u_mem.u_mem.g_2k\[1\].u_cell.u_sram/dout0[17]
 yz_bram_ctrl_inst.yz_ram.u_mem.u_mem.g_2k\[1\].u_cell.u_sram/dout0[18]
 yz_bram_ctrl_inst.yz_ram.u_mem.u_mem.g_2k\[1\].u_cell.u_sram/dout0[19]
 yz_bram_ctrl_inst.yz_ram.u_mem.u_mem.g_2k\[1\].u_cell.u_sram/dout0[1]
 yz_bram_ctrl_inst.yz_ram.u_mem.u_mem.g_2k\[1\].u_cell.u_sram/dout0[20]
 yz_bram_ctrl_inst.yz_ram.u_mem.u_mem.g_2k\[1\].u_cell.u_sram/dout0[21]
 yz_bram_ctrl_inst.yz_ram.u_mem.u_mem.g_2k\[1\].u_cell.u_sram/dout0[22]
 yz_bram_ctrl_inst.yz_ram.u_mem.u_mem.g_2k\[1\].u_cell.u_sram/dout0[23]
 yz_bram_ctrl_inst.yz_ram.u_mem.u_mem.g_2k\[1\].u_cell.u_sram/dout0[24]
 yz_bram_ctrl_inst.yz_ram.u_mem.u_mem.g_2k\[1\].u_cell.u_sram/dout0[25]
 yz_bram_ctrl_inst.yz_ram.u_mem.u_mem.g_2k\[1\].u_cell.u_sram/dout0[26]
 yz_bram_ctrl_inst.yz_ram.u_mem.u_mem.g_2k\[1\].u_cell.u_sram/dout0[27]
 yz_bram_ctrl_inst.yz_ram.u_mem.u_mem.g_2k\[1\].u_cell.u_sram/dout0[28]
 yz_bram_ctrl_inst.yz_ram.u_mem.u_mem.g_2k\[1\].u_cell.u_sram/dout0[29]
 yz_bram_ctrl_inst.yz_ram.u_mem.u_mem.g_2k\[1\].u_cell.u_sram/dout0[2]
 yz_bram_ctrl_inst.yz_ram.u_mem.u_mem.g_2k\[1\].u_cell.u_sram/dout0[30]
 yz_bram_ctrl_inst.yz_ram.u_mem.u_mem.g_2k\[1\].u_cell.u_sram/dout0[31]
 yz_bram_ctrl_inst.yz_ram.u_mem.u_mem.g_2k\[1\].u_cell.u_sram/dout0[3]
 yz_bram_ctrl_inst.yz_ram.u_mem.u_mem.g_2k\[1\].u_cell.u_sram/dout0[4]
 yz_bram_ctrl_inst.yz_ram.u_mem.u_mem.g_2k\[1\].u_cell.u_sram/dout0[5]
 yz_bram_ctrl_inst.yz_ram.u_mem.u_mem.g_2k\[1\].u_cell.u_sram/dout0[6]
 yz_bram_ctrl_inst.yz_ram.u_mem.u_mem.g_2k\[1\].u_cell.u_sram/dout0[7]
 yz_bram_ctrl_inst.yz_ram.u_mem.u_mem.g_2k\[1\].u_cell.u_sram/dout0[8]
 yz_bram_ctrl_inst.yz_ram.u_mem.u_mem.g_2k\[1\].u_cell.u_sram/dout0[9]
 yz_bram_ctrl_inst.yz_ram.u_mem.u_mem.g_2k\[1\].u_cell.u_sram_30535/HI
 yz_bram_ctrl_inst.yz_ram.u_mem.u_mem.g_2k\[2\].u_cell.u_sram/dout0[0]
 yz_bram_ctrl_inst.yz_ram.u_mem.u_mem.g_2k\[2\].u_cell.u_sram/dout0[10]
 yz_bram_ctrl_inst.yz_ram.u_mem.u_mem.g_2k\[2\].u_cell.u_sram/dout0[11]
 yz_bram_ctrl_inst.yz_ram.u_mem.u_mem.g_2k\[2\].u_cell.u_sram/dout0[12]
 yz_bram_ctrl_inst.yz_ram.u_mem.u_mem.g_2k\[2\].u_cell.u_sram/dout0[13]
 yz_bram_ctrl_inst.yz_ram.u_mem.u_mem.g_2k\[2\].u_cell.u_sram/dout0[14]
 yz_bram_ctrl_inst.yz_ram.u_mem.u_mem.g_2k\[2\].u_cell.u_sram/dout0[15]
 yz_bram_ctrl_inst.yz_ram.u_mem.u_mem.g_2k\[2\].u_cell.u_sram/dout0[16]
 yz_bram_ctrl_inst.yz_ram.u_mem.u_mem.g_2k\[2\].u_cell.u_sram/dout0[17]
 yz_bram_ctrl_inst.yz_ram.u_mem.u_mem.g_2k\[2\].u_cell.u_sram/dout0[18]
 yz_bram_ctrl_inst.yz_ram.u_mem.u_mem.g_2k\[2\].u_cell.u_sram/dout0[19]
 yz_bram_ctrl_inst.yz_ram.u_mem.u_mem.g_2k\[2\].u_cell.u_sram/dout0[1]
 yz_bram_ctrl_inst.yz_ram.u_mem.u_mem.g_2k\[2\].u_cell.u_sram/dout0[20]
 yz_bram_ctrl_inst.yz_ram.u_mem.u_mem.g_2k\[2\].u_cell.u_sram/dout0[21]
 yz_bram_ctrl_inst.yz_ram.u_mem.u_mem.g_2k\[2\].u_cell.u_sram/dout0[22]
 yz_bram_ctrl_inst.yz_ram.u_mem.u_mem.g_2k\[2\].u_cell.u_sram/dout0[23]
 yz_bram_ctrl_inst.yz_ram.u_mem.u_mem.g_2k\[2\].u_cell.u_sram/dout0[24]
 yz_bram_ctrl_inst.yz_ram.u_mem.u_mem.g_2k\[2\].u_cell.u_sram/dout0[25]
 yz_bram_ctrl_inst.yz_ram.u_mem.u_mem.g_2k\[2\].u_cell.u_sram/dout0[26]
 yz_bram_ctrl_inst.yz_ram.u_mem.u_mem.g_2k\[2\].u_cell.u_sram/dout0[27]
 yz_bram_ctrl_inst.yz_ram.u_mem.u_mem.g_2k\[2\].u_cell.u_sram/dout0[28]
 yz_bram_ctrl_inst.yz_ram.u_mem.u_mem.g_2k\[2\].u_cell.u_sram/dout0[29]
 yz_bram_ctrl_inst.yz_ram.u_mem.u_mem.g_2k\[2\].u_cell.u_sram/dout0[2]
 yz_bram_ctrl_inst.yz_ram.u_mem.u_mem.g_2k\[2\].u_cell.u_sram/dout0[30]
 yz_bram_ctrl_inst.yz_ram.u_mem.u_mem.g_2k\[2\].u_cell.u_sram/dout0[31]
 yz_bram_ctrl_inst.yz_ram.u_mem.u_mem.g_2k\[2\].u_cell.u_sram/dout0[3]
 yz_bram_ctrl_inst.yz_ram.u_mem.u_mem.g_2k\[2\].u_cell.u_sram/dout0[4]
 yz_bram_ctrl_inst.yz_ram.u_mem.u_mem.g_2k\[2\].u_cell.u_sram/dout0[5]
 yz_bram_ctrl_inst.yz_ram.u_mem.u_mem.g_2k\[2\].u_cell.u_sram/dout0[6]
 yz_bram_ctrl_inst.yz_ram.u_mem.u_mem.g_2k\[2\].u_cell.u_sram/dout0[7]
 yz_bram_ctrl_inst.yz_ram.u_mem.u_mem.g_2k\[2\].u_cell.u_sram/dout0[8]
 yz_bram_ctrl_inst.yz_ram.u_mem.u_mem.g_2k\[2\].u_cell.u_sram/dout0[9]
 yz_bram_ctrl_inst.yz_ram.u_mem.u_mem.g_2k\[2\].u_cell.u_sram_30536/HI
 yz_bram_ctrl_inst.yz_ram.u_mem.u_mem.g_2k\[3\].u_cell.u_sram/dout0[0]
 yz_bram_ctrl_inst.yz_ram.u_mem.u_mem.g_2k\[3\].u_cell.u_sram/dout0[10]
 yz_bram_ctrl_inst.yz_ram.u_mem.u_mem.g_2k\[3\].u_cell.u_sram/dout0[11]
 yz_bram_ctrl_inst.yz_ram.u_mem.u_mem.g_2k\[3\].u_cell.u_sram/dout0[12]
 yz_bram_ctrl_inst.yz_ram.u_mem.u_mem.g_2k\[3\].u_cell.u_sram/dout0[13]
 yz_bram_ctrl_inst.yz_ram.u_mem.u_mem.g_2k\[3\].u_cell.u_sram/dout0[14]
 yz_bram_ctrl_inst.yz_ram.u_mem.u_mem.g_2k\[3\].u_cell.u_sram/dout0[15]
 yz_bram_ctrl_inst.yz_ram.u_mem.u_mem.g_2k\[3\].u_cell.u_sram/dout0[16]
 yz_bram_ctrl_inst.yz_ram.u_mem.u_mem.g_2k\[3\].u_cell.u_sram/dout0[17]
 yz_bram_ctrl_inst.yz_ram.u_mem.u_mem.g_2k\[3\].u_cell.u_sram/dout0[18]
 yz_bram_ctrl_inst.yz_ram.u_mem.u_mem.g_2k\[3\].u_cell.u_sram/dout0[19]
 yz_bram_ctrl_inst.yz_ram.u_mem.u_mem.g_2k\[3\].u_cell.u_sram/dout0[1]
 yz_bram_ctrl_inst.yz_ram.u_mem.u_mem.g_2k\[3\].u_cell.u_sram/dout0[20]
 yz_bram_ctrl_inst.yz_ram.u_mem.u_mem.g_2k\[3\].u_cell.u_sram/dout0[21]
 yz_bram_ctrl_inst.yz_ram.u_mem.u_mem.g_2k\[3\].u_cell.u_sram/dout0[22]
 yz_bram_ctrl_inst.yz_ram.u_mem.u_mem.g_2k\[3\].u_cell.u_sram/dout0[23]
 yz_bram_ctrl_inst.yz_ram.u_mem.u_mem.g_2k\[3\].u_cell.u_sram/dout0[24]
 yz_bram_ctrl_inst.yz_ram.u_mem.u_mem.g_2k\[3\].u_cell.u_sram/dout0[25]
 yz_bram_ctrl_inst.yz_ram.u_mem.u_mem.g_2k\[3\].u_cell.u_sram/dout0[26]
 yz_bram_ctrl_inst.yz_ram.u_mem.u_mem.g_2k\[3\].u_cell.u_sram/dout0[27]
 yz_bram_ctrl_inst.yz_ram.u_mem.u_mem.g_2k\[3\].u_cell.u_sram/dout0[28]
 yz_bram_ctrl_inst.yz_ram.u_mem.u_mem.g_2k\[3\].u_cell.u_sram/dout0[29]
 yz_bram_ctrl_inst.yz_ram.u_mem.u_mem.g_2k\[3\].u_cell.u_sram/dout0[2]
 yz_bram_ctrl_inst.yz_ram.u_mem.u_mem.g_2k\[3\].u_cell.u_sram/dout0[30]
 yz_bram_ctrl_inst.yz_ram.u_mem.u_mem.g_2k\[3\].u_cell.u_sram/dout0[31]
 yz_bram_ctrl_inst.yz_ram.u_mem.u_mem.g_2k\[3\].u_cell.u_sram/dout0[3]
 yz_bram_ctrl_inst.yz_ram.u_mem.u_mem.g_2k\[3\].u_cell.u_sram/dout0[4]
 yz_bram_ctrl_inst.yz_ram.u_mem.u_mem.g_2k\[3\].u_cell.u_sram/dout0[5]
 yz_bram_ctrl_inst.yz_ram.u_mem.u_mem.g_2k\[3\].u_cell.u_sram/dout0[6]
 yz_bram_ctrl_inst.yz_ram.u_mem.u_mem.g_2k\[3\].u_cell.u_sram/dout0[7]
 yz_bram_ctrl_inst.yz_ram.u_mem.u_mem.g_2k\[3\].u_cell.u_sram/dout0[8]
 yz_bram_ctrl_inst.yz_ram.u_mem.u_mem.g_2k\[3\].u_cell.u_sram/dout0[9]
 yz_bram_ctrl_inst.yz_ram.u_mem.u_mem.g_2k\[3\].u_cell.u_sram_30537/HI
Found 0 partially unannotated drivers.

===========================================================================
max slew violation count 340
max fanout violation count 0
max cap violation count 21
============================================================================

===========================================================================
check_setup -verbose -unconstrained_endpoints -multiple_clock -no_clock -no_input_delay -loops -generated_clocks
===========================================================================
