
===========================================================================
report_checks -unconstrained
===========================================================================
======================= nom_ff_n40C_1v95 Corner ===================================

Startpoint: _129115_ (rising edge-triggered flip-flop clocked by clk_i)
Endpoint: _128963_ (recovery check against rising-edge clock clk_i)
Path Group: asynchronous
Path Type: max

Fanout         Cap        Slew       Delay        Time   Description
---------------------------------------------------------------------------------------------
                                  0.000000    0.000000   clock clk_i (rise edge)
                                  0.000000    0.000000   clock source latency
     1    0.043131    0.046973    0.035439    0.035439 ^ clk_i (in)
                                                         clk_i (net)
                      0.047931    0.000000    0.035439 ^ wire30560/A (sky130_fd_sc_hd__buf_12)
     1    0.079739    0.075483    0.101156    0.136595 ^ wire30560/X (sky130_fd_sc_hd__buf_12)
                                                         net30560 (net)
                      0.083029    0.019106    0.155700 ^ wire30559/A (sky130_fd_sc_hd__buf_12)
     1    0.075175    0.071824    0.112526    0.268226 ^ wire30559/X (sky130_fd_sc_hd__buf_12)
                                                         net30559 (net)
                      0.073692    0.009575    0.277801 ^ wire30558/A (sky130_fd_sc_hd__buf_12)
     2    0.094038    0.087918    0.116366    0.394167 ^ wire30558/X (sky130_fd_sc_hd__buf_12)
                                                         net30558 (net)
                      0.093896    0.018675    0.412842 ^ wire30557/A (sky130_fd_sc_hd__buf_12)
     1    0.048539    0.052251    0.097282    0.510124 ^ wire30557/X (sky130_fd_sc_hd__buf_12)
                                                         net30557 (net)
                      0.053370    0.006334    0.516458 ^ wire30556/A (sky130_fd_sc_hd__buf_12)
     1    0.064943    0.063354    0.100780    0.617238 ^ wire30556/X (sky130_fd_sc_hd__buf_12)
                                                         net30556 (net)
                      0.065015    0.008472    0.625710 ^ wire30555/A (sky130_fd_sc_hd__buf_12)
     1    0.073106    0.070518    0.107051    0.732761 ^ wire30555/X (sky130_fd_sc_hd__buf_12)
                                                         net30555 (net)
                      0.072821    0.010503    0.743264 ^ clkbuf_regs_0_clk_i/A (sky130_fd_sc_hd__clkbuf_16)
     1    0.009454    0.024687    0.093303    0.836567 ^ clkbuf_regs_0_clk_i/X (sky130_fd_sc_hd__clkbuf_16)
                                                         clk_i_regs (net)
                      0.024688    0.000358    0.836925 ^ clkbuf_0_clk_i_regs/A (sky130_fd_sc_hd__clkbuf_16)
     2    0.110620    0.097005    0.139028    0.975952 ^ clkbuf_0_clk_i_regs/X (sky130_fd_sc_hd__clkbuf_16)
                                                         clknet_0_clk_i_regs (net)
                      0.097307    0.004578    0.980531 ^ clkbuf_1_1_0_clk_i_regs/A (sky130_fd_sc_hd__clkbuf_8)
     1    0.111220    0.149498    0.192363    1.172894 ^ clkbuf_1_1_0_clk_i_regs/X (sky130_fd_sc_hd__clkbuf_8)
                                                         clknet_1_1_0_clk_i_regs (net)
                      0.151197    0.013377    1.186271 ^ clkbuf_1_1_1_clk_i_regs/A (sky130_fd_sc_hd__clkbuf_8)
     2    0.114723    0.154083    0.207997    1.394269 ^ clkbuf_1_1_1_clk_i_regs/X (sky130_fd_sc_hd__clkbuf_8)
                                                         clknet_1_1_1_clk_i_regs (net)
                      0.154750    0.008626    1.402895 ^ clkbuf_2_3_0_clk_i_regs/A (sky130_fd_sc_hd__clkbuf_8)
     1    0.067464    0.096056    0.167039    1.569934 ^ clkbuf_2_3_0_clk_i_regs/X (sky130_fd_sc_hd__clkbuf_8)
                                                         clknet_2_3_0_clk_i_regs (net)
                      0.096419    0.004994    1.574927 ^ clkbuf_2_3_1_clk_i_regs/A (sky130_fd_sc_hd__clkbuf_8)
     2    0.100425    0.136025    0.181994    1.756921 ^ clkbuf_2_3_1_clk_i_regs/X (sky130_fd_sc_hd__clkbuf_8)
                                                         clknet_2_3_1_clk_i_regs (net)
                      0.137590    0.012264    1.769186 ^ clkbuf_3_6_0_clk_i_regs/A (sky130_fd_sc_hd__clkbuf_8)
     2    0.067605    0.095960    0.164334    1.933520 ^ clkbuf_3_6_0_clk_i_regs/X (sky130_fd_sc_hd__clkbuf_8)
                                                         clknet_3_6_0_clk_i_regs (net)
                      0.096670    0.006928    1.940448 ^ clkbuf_4_13_0_clk_i_regs/A (sky130_fd_sc_hd__clkbuf_8)
     2    0.125635    0.168518    0.199688    2.140136 ^ clkbuf_4_13_0_clk_i_regs/X (sky130_fd_sc_hd__clkbuf_8)
                                                         clknet_4_13_0_clk_i_regs (net)
                      0.171248    0.018021    2.158157 ^ clkbuf_5_26_0_clk_i_regs/A (sky130_fd_sc_hd__clkbuf_8)
     2    0.062324    0.090077    0.164552    2.322709 ^ clkbuf_5_26_0_clk_i_regs/X (sky130_fd_sc_hd__clkbuf_8)
                                                         clknet_5_26_0_clk_i_regs (net)
                      0.090499    0.005191    2.327900 ^ clkbuf_6_53__f_clk_i_regs/A (sky130_fd_sc_hd__clkbuf_16)
     5    0.141101    0.118619    0.168092    2.495992 ^ clkbuf_6_53__f_clk_i_regs/X (sky130_fd_sc_hd__clkbuf_16)
                                                         clknet_6_53__leaf_clk_i_regs (net)
                      0.124940    0.022347    2.518338 ^ clkbuf_leaf_118_clk_i_regs/A (sky130_fd_sc_hd__clkbuf_8)
     3    0.025322    0.044531    0.124870    2.643209 ^ clkbuf_leaf_118_clk_i_regs/X (sky130_fd_sc_hd__clkbuf_8)
                                                         clknet_leaf_118_clk_i_regs (net)
                      0.044531    0.000163    2.643371 ^ _129115_/CLK (sky130_fd_sc_hd__dfrtp_4)
     1    0.002745    0.030112    0.253080    2.896451 ^ _129115_/Q (sky130_fd_sc_hd__dfrtp_4)
                                                         rst_sync_q[1] (net)
                      0.030112    0.000085    2.896536 ^ hold62253/A (sky130_fd_sc_hd__dlygate4sd3_1)
     1    0.006536    0.062532    0.411327    3.307863 ^ hold62253/X (sky130_fd_sc_hd__dlygate4sd3_1)
                                                         net62253 (net)
                      0.062532    0.000238    3.308101 ^ wire49339/A (sky130_fd_sc_hd__buf_6)
     2    0.057738    0.091194    0.119034    3.427135 ^ wire49339/X (sky130_fd_sc_hd__buf_6)
                                                         net49339 (net)
                      0.092098    0.007607    3.434741 ^ wire49338/A (sky130_fd_sc_hd__buf_4)
     1    0.033390    0.075125    0.123151    3.557893 ^ wire49338/X (sky130_fd_sc_hd__buf_4)
                                                         net49338 (net)
                      0.075742    0.005700    3.563593 ^ wire49337/A (sky130_fd_sc_hd__clkbuf_4)
     1    0.023412    0.061235    0.127053    3.690646 ^ wire49337/X (sky130_fd_sc_hd__clkbuf_4)
                                                         net49337 (net)
                      0.061443    0.002957    3.693603 ^ wire49336/A (sky130_fd_sc_hd__buf_6)
     1    0.035107    0.058653    0.095282    3.788885 ^ wire49336/X (sky130_fd_sc_hd__buf_6)
                                                         net49336 (net)
                      0.059526    0.005937    3.794822 ^ wire49335/A (sky130_fd_sc_hd__buf_4)
     1    0.030542    0.069304    0.112486    3.907307 ^ wire49335/X (sky130_fd_sc_hd__buf_4)
                                                         net49335 (net)
                      0.069512    0.003198    3.910505 ^ wire25716/A (sky130_fd_sc_hd__buf_12)
     1    0.016684    0.026753    0.074969    3.985474 ^ wire25716/X (sky130_fd_sc_hd__buf_12)
                                                         net25716 (net)
                      0.026789    0.001590    3.987064 ^ wire48931/A (sky130_fd_sc_hd__clkbuf_4)
     1    0.015831    0.045539    0.100037    4.087101 ^ wire48931/X (sky130_fd_sc_hd__clkbuf_4)
                                                         net48931 (net)
                      0.045638    0.001431    4.088532 ^ wire48930/A (sky130_fd_sc_hd__buf_4)
     1    0.027920    0.063973    0.104988    4.193521 ^ wire48930/X (sky130_fd_sc_hd__buf_4)
                                                         net48930 (net)
                      0.064352    0.004099    4.197619 ^ wire48929/A (sky130_fd_sc_hd__buf_6)
     1    0.033762    0.056746    0.094723    4.292342 ^ wire48929/X (sky130_fd_sc_hd__buf_6)
                                                         net48929 (net)
                      0.057569    0.005626    4.297968 ^ wire25715/A (sky130_fd_sc_hd__buf_12)
     2    0.015386    0.025666    0.071424    4.369392 ^ wire25715/X (sky130_fd_sc_hd__buf_12)
                                                         net25715 (net)
                      0.025678    0.000952    4.370344 ^ wire48407/A (sky130_fd_sc_hd__buf_6)
     1    0.034700    0.057923    0.086640    4.456984 ^ wire48407/X (sky130_fd_sc_hd__buf_6)
                                                         net48407 (net)
                      0.058572    0.005098    4.462082 ^ wire48406/A (sky130_fd_sc_hd__buf_4)
     2    0.034891    0.077925    0.118051    4.580134 ^ wire48406/X (sky130_fd_sc_hd__buf_4)
                                                         net48406 (net)
                      0.078036    0.002528    4.582662 ^ max_length48405/A (sky130_fd_sc_hd__buf_6)
     1    0.039493    0.065075    0.102460    4.685122 ^ max_length48405/X (sky130_fd_sc_hd__buf_6)
                                                         net48405 (net)
                      0.065923    0.006188    4.691310 ^ fanout25418/A (sky130_fd_sc_hd__buf_1)
     2    0.012171    0.111218    0.117574    4.808883 ^ fanout25418/X (sky130_fd_sc_hd__buf_1)
                                                         net25418 (net)
                      0.111224    0.000723    4.809606 ^ wire25438/A (sky130_fd_sc_hd__buf_4)
     2    0.033840    0.076211    0.128822    4.938428 ^ wire25438/X (sky130_fd_sc_hd__buf_4)
                                                         net25438 (net)
                      0.076573    0.004414    4.942842 ^ wire25437/A (sky130_fd_sc_hd__buf_4)
     2    0.027609    0.063644    0.112041    5.054883 ^ wire25437/X (sky130_fd_sc_hd__buf_4)
                                                         net25437 (net)
                      0.063901    0.003387    5.058270 ^ wire25433/A (sky130_fd_sc_hd__buf_4)
     1    0.025742    0.059821    0.106594    5.164864 ^ wire25433/X (sky130_fd_sc_hd__buf_4)
                                                         net25433 (net)
                      0.060037    0.003005    5.167870 ^ wire25432/A (sky130_fd_sc_hd__buf_4)
     2    0.028053    0.064382    0.109289    5.277158 ^ wire25432/X (sky130_fd_sc_hd__buf_4)
                                                         net25432 (net)
                      0.064565    0.002880    5.280038 ^ wire25431/A (sky130_fd_sc_hd__buf_4)
     1    0.025132    0.058636    0.105985    5.386024 ^ wire25431/X (sky130_fd_sc_hd__buf_4)
                                                         net25431 (net)
                      0.058832    0.002828    5.388851 ^ wire25430/A (sky130_fd_sc_hd__buf_4)
     2    0.031080    0.070369    0.113055    5.501907 ^ wire25430/X (sky130_fd_sc_hd__buf_4)
                                                         net25430 (net)
                      0.070529    0.002845    5.504752 ^ fanout25248/A (sky130_fd_sc_hd__buf_1)
     3    0.013810    0.125148    0.128233    5.632985 ^ fanout25248/X (sky130_fd_sc_hd__buf_1)
                                                         net25248 (net)
                      0.125148    0.000171    5.633156 ^ load_slew25254/A (sky130_fd_sc_hd__clkbuf_4)
     1    0.024654    0.064228    0.143622    5.776778 ^ load_slew25254/X (sky130_fd_sc_hd__clkbuf_4)
                                                         net25254 (net)
                      0.064443    0.002699    5.779477 ^ wire25253/A (sky130_fd_sc_hd__buf_4)
     1    0.029011    0.066275    0.112564    5.892040 ^ wire25253/X (sky130_fd_sc_hd__buf_4)
                                                         net25253 (net)
                      0.066302    0.001127    5.893167 ^ fanout25156/A (sky130_fd_sc_hd__buf_1)
     2    0.007327    0.070105    0.087923    5.981090 ^ fanout25156/X (sky130_fd_sc_hd__buf_1)
                                                         net25156 (net)
                      0.070105    0.000190    5.981280 ^ wire25162/A (sky130_fd_sc_hd__buf_4)
     3    0.041848    0.091813    0.130571    6.111851 ^ wire25162/X (sky130_fd_sc_hd__buf_4)
                                                         net25162 (net)
                      0.091887    0.002276    6.114126 ^ load_slew25161/A (sky130_fd_sc_hd__clkbuf_4)
     1    0.028960    0.072968    0.141571    6.255697 ^ load_slew25161/X (sky130_fd_sc_hd__clkbuf_4)
                                                         net25161 (net)
                      0.072987    0.001219    6.256916 ^ wire25160/A (sky130_fd_sc_hd__buf_4)
     4    0.038082    0.084368    0.126551    6.383467 ^ wire25160/X (sky130_fd_sc_hd__buf_4)
                                                         net25160 (net)
                      0.084556    0.003379    6.386846 ^ wire25157/A (sky130_fd_sc_hd__buf_4)
     4    0.040318    0.088856    0.131925    6.518771 ^ wire25157/X (sky130_fd_sc_hd__buf_4)
                                                         net25157 (net)
                      0.089245    0.004968    6.523738 ^ fanout25070/A (sky130_fd_sc_hd__buf_1)
     3    0.031598    0.276574    0.238740    6.762478 ^ fanout25070/X (sky130_fd_sc_hd__buf_1)
                                                         net25070 (net)
                      0.276585    0.001526    6.764005 ^ fanout25049/A (sky130_fd_sc_hd__buf_1)
     2    0.009409    0.088064    0.103209    6.867213 ^ fanout25049/X (sky130_fd_sc_hd__buf_1)
                                                         net25049 (net)
                      0.088064    0.000240    6.867454 ^ fanout25044/A (sky130_fd_sc_hd__buf_1)
     7    0.031862    0.278819    0.240323    7.107777 ^ fanout25044/X (sky130_fd_sc_hd__buf_1)
                                                         net25044 (net)
                      0.278823    0.000846    7.108623 ^ load_slew25048/A (sky130_fd_sc_hd__clkbuf_2)
     5    0.027100    0.117367    0.170804    7.279427 ^ load_slew25048/X (sky130_fd_sc_hd__clkbuf_2)
                                                         net25048 (net)
                      0.117430    0.001333    7.280760 ^ load_slew25045/A (sky130_fd_sc_hd__clkbuf_4)
     5    0.030539    0.076437    0.151406    7.432166 ^ load_slew25045/X (sky130_fd_sc_hd__clkbuf_4)
                                                         net25045 (net)
                      0.076463    0.001431    7.433598 ^ fanout25039/A (sky130_fd_sc_hd__buf_1)
     3    0.011116    0.102197    0.112026    7.545624 ^ fanout25039/X (sky130_fd_sc_hd__buf_1)
                                                         net25039 (net)
                      0.102198    0.000288    7.545912 ^ load_slew25042/A (sky130_fd_sc_hd__clkbuf_4)
     7    0.035624    0.087157    0.154606    7.700518 ^ load_slew25042/X (sky130_fd_sc_hd__clkbuf_4)
                                                         net25042 (net)
                      0.087268    0.002119    7.702637 ^ load_slew25041/A (sky130_fd_sc_hd__buf_2)
     6    0.028727    0.108610    0.144771    7.847408 ^ load_slew25041/X (sky130_fd_sc_hd__buf_2)
                                                         net25041 (net)
                      0.108665    0.001259    7.848668 ^ load_slew25040/A (sky130_fd_sc_hd__clkbuf_4)
     7    0.035257    0.086412    0.156062    8.004729 ^ load_slew25040/X (sky130_fd_sc_hd__clkbuf_4)
                                                         net25040 (net)
                      0.086507    0.001889    8.006618 ^ _128963_/RESET_B (sky130_fd_sc_hd__dfrtp_4)
                                              8.006618   data arrival time

                                 35.714283   35.714283   clock clk_i (rise edge)
                                  0.000000   35.714283   clock source latency
     1    0.043131    0.046973    0.032063   35.746346 ^ clk_i (in)
                                                         clk_i (net)
                      0.047931    0.000000   35.746346 ^ wire30560/A (sky130_fd_sc_hd__buf_12)
     1    0.079739    0.075483    0.091521   35.837868 ^ wire30560/X (sky130_fd_sc_hd__buf_12)
                                                         net30560 (net)
                      0.083029    0.017288   35.855156 ^ wire30559/A (sky130_fd_sc_hd__buf_12)
     1    0.075175    0.071824    0.101810   35.956966 ^ wire30559/X (sky130_fd_sc_hd__buf_12)
                                                         net30559 (net)
                      0.073692    0.008662   35.965630 ^ wire30558/A (sky130_fd_sc_hd__buf_12)
     2    0.094038    0.087918    0.105285   36.070911 ^ wire30558/X (sky130_fd_sc_hd__buf_12)
                                                         net30558 (net)
                      0.093896    0.016897   36.087811 ^ wire30557/A (sky130_fd_sc_hd__buf_12)
     1    0.048539    0.052251    0.088015   36.175823 ^ wire30557/X (sky130_fd_sc_hd__buf_12)
                                                         net30557 (net)
                      0.053370    0.005731   36.181553 ^ wire30556/A (sky130_fd_sc_hd__buf_12)
     1    0.064943    0.063354    0.091184   36.272739 ^ wire30556/X (sky130_fd_sc_hd__buf_12)
                                                         net30556 (net)
                      0.065015    0.007663   36.280403 ^ wire30555/A (sky130_fd_sc_hd__buf_12)
     1    0.073106    0.070518    0.096858   36.377258 ^ wire30555/X (sky130_fd_sc_hd__buf_12)
                                                         net30555 (net)
                      0.072821    0.009504   36.386765 ^ clkbuf_regs_0_clk_i/A (sky130_fd_sc_hd__clkbuf_16)
     1    0.009454    0.024687    0.084416   36.471180 ^ clkbuf_regs_0_clk_i/X (sky130_fd_sc_hd__clkbuf_16)
                                                         clk_i_regs (net)
                      0.024688    0.000323   36.471504 ^ clkbuf_0_clk_i_regs/A (sky130_fd_sc_hd__clkbuf_16)
     2    0.110620    0.097005    0.125787   36.597290 ^ clkbuf_0_clk_i_regs/X (sky130_fd_sc_hd__clkbuf_16)
                                                         clknet_0_clk_i_regs (net)
                      0.097211    0.003446   36.600735 ^ clkbuf_1_0_0_clk_i_regs/A (sky130_fd_sc_hd__clkbuf_8)
     1    0.067303    0.096017    0.132928   36.733665 ^ clkbuf_1_0_0_clk_i_regs/X (sky130_fd_sc_hd__clkbuf_8)
                                                         clknet_1_0_0_clk_i_regs (net)
                      0.101715    0.017213   36.750877 ^ clkbuf_1_0_1_clk_i_regs/A (sky130_fd_sc_hd__clkbuf_8)
     2    0.093851    0.127983    0.158764   36.909641 ^ clkbuf_1_0_1_clk_i_regs/X (sky130_fd_sc_hd__clkbuf_8)
                                                         clknet_1_0_1_clk_i_regs (net)
                      0.129972    0.012072   36.921715 ^ clkbuf_2_1_0_clk_i_regs/A (sky130_fd_sc_hd__clkbuf_8)
     1    0.082405    0.114048    0.157765   37.079479 ^ clkbuf_2_1_0_clk_i_regs/X (sky130_fd_sc_hd__clkbuf_8)
                                                         clknet_2_1_0_clk_i_regs (net)
                      0.115168    0.008640   37.088120 ^ clkbuf_2_1_1_clk_i_regs/A (sky130_fd_sc_hd__clkbuf_8)
     2    0.111758    0.149862    0.181789   37.269909 ^ clkbuf_2_1_1_clk_i_regs/X (sky130_fd_sc_hd__clkbuf_8)
                                                         clknet_2_1_1_clk_i_regs (net)
                      0.150056    0.004196   37.274101 ^ clkbuf_3_3_0_clk_i_regs/A (sky130_fd_sc_hd__clkbuf_8)
     2    0.093348    0.126846    0.172758   37.446861 ^ clkbuf_3_3_0_clk_i_regs/X (sky130_fd_sc_hd__clkbuf_8)
                                                         clknet_3_3_0_clk_i_regs (net)
                      0.127092    0.004306   37.451168 ^ clkbuf_4_7_0_clk_i_regs/A (sky130_fd_sc_hd__clkbuf_8)
     2    0.076666    0.106413    0.155715   37.606884 ^ clkbuf_4_7_0_clk_i_regs/X (sky130_fd_sc_hd__clkbuf_8)
                                                         clknet_4_7_0_clk_i_regs (net)
                      0.106477    0.002050   37.608932 ^ clkbuf_5_14_0_clk_i_regs/A (sky130_fd_sc_hd__clkbuf_8)
     2    0.070823    0.099675    0.145171   37.754105 ^ clkbuf_5_14_0_clk_i_regs/X (sky130_fd_sc_hd__clkbuf_8)
                                                         clknet_5_14_0_clk_i_regs (net)
                      0.100024    0.004530   37.758633 ^ clkbuf_6_28__f_clk_i_regs/A (sky130_fd_sc_hd__clkbuf_16)
     8    0.111898    0.099396    0.139682   37.898315 ^ clkbuf_6_28__f_clk_i_regs/X (sky130_fd_sc_hd__clkbuf_16)
                                                         clknet_6_28__leaf_clk_i_regs (net)
                      0.101202    0.010093   37.908409 ^ clkbuf_leaf_57_clk_i_regs/A (sky130_fd_sc_hd__clkbuf_8)
    17    0.064466    0.091351    0.139803   38.048210 ^ clkbuf_leaf_57_clk_i_regs/X (sky130_fd_sc_hd__clkbuf_8)
                                                         clknet_leaf_57_clk_i_regs (net)
                      0.091405    0.000878   38.049088 ^ _128963_/CLK (sky130_fd_sc_hd__dfrtp_4)
                                 -0.250000   37.799088   clock uncertainty
                                  0.092948   37.892033   clock reconvergence pessimism
                                  0.123035   38.015068   library recovery time
                                             38.015068   data required time
---------------------------------------------------------------------------------------------
                                             38.015068   data required time
                                             -8.006618   data arrival time
---------------------------------------------------------------------------------------------
                                             30.008448   slack (MET)


Startpoint: data_bram_ctrl_inst.data_ram.u_mem.g_2k[0].u_cell.u_sram
            (falling edge-triggered flip-flop clocked by clk_i)
Endpoint: _127885_ (rising edge-triggered flip-flop clocked by clk_i)
Path Group: clk_i
Path Type: max

Fanout         Cap        Slew       Delay        Time   Description
---------------------------------------------------------------------------------------------
                                 17.857141   17.857141   clock clk_i (fall edge)
                                  0.000000   17.857141   clock source latency
     1    0.042244    0.035877    0.029917   17.887060 v clk_i (in)
                                                         clk_i (net)
                      0.036830    0.000000   17.887060 v wire30560/A (sky130_fd_sc_hd__buf_12)
     1    0.078852    0.038648    0.103514   17.990574 v wire30560/X (sky130_fd_sc_hd__buf_12)
                                                         net30560 (net)
                      0.051833    0.017755   18.008327 v wire30559/A (sky130_fd_sc_hd__buf_12)
     1    0.074288    0.038626    0.113728   18.122055 v wire30559/X (sky130_fd_sc_hd__buf_12)
                                                         net30559 (net)
                      0.041896    0.009159   18.131214 v wire30558/A (sky130_fd_sc_hd__buf_12)
     2    0.092188    0.044604    0.109534   18.240747 v wire30558/X (sky130_fd_sc_hd__buf_12)
                                                         net30558 (net)
                      0.048633    0.010157   18.250906 v delaybuf_0_clk_i/A (sky130_fd_sc_hd__clkbuf_16)
     1    0.043371    0.036440    0.121608   18.372513 v delaybuf_0_clk_i/X (sky130_fd_sc_hd__clkbuf_16)
                                                         delaynet_0_clk_i (net)
                      0.038046    0.006144   18.378656 v wire30601/A (sky130_fd_sc_hd__buf_8)
     1    0.041664    0.034840    0.098002   18.476660 v wire30601/X (sky130_fd_sc_hd__buf_8)
                                                         net30601 (net)
                      0.036041    0.005345   18.482004 v wire30600/A (sky130_fd_sc_hd__buf_12)
     1    0.067652    0.036410    0.103006   18.585011 v wire30600/X (sky130_fd_sc_hd__buf_12)
                                                         net30600 (net)
                      0.042489    0.011866   18.596876 v wire30599/A (sky130_fd_sc_hd__buf_12)
     1    0.090312    0.043678    0.112601   18.709476 v wire30599/X (sky130_fd_sc_hd__buf_12)
                                                         net30599 (net)
                      0.049742    0.013237   18.722715 v clkbuf_0_clk_i/A (sky130_fd_sc_hd__clkbuf_16)
     2    0.129350    0.070607    0.157025   18.879740 v clkbuf_0_clk_i/X (sky130_fd_sc_hd__clkbuf_16)
                                                         clknet_0_clk_i (net)
                      0.071227    0.005457   18.885197 v clkbuf_1_1_0_clk_i/A (sky130_fd_sc_hd__clkbuf_8)
     1    0.107546    0.085622    0.170422   19.055618 v clkbuf_1_1_0_clk_i/X (sky130_fd_sc_hd__clkbuf_8)
                                                         clknet_1_1_0_clk_i (net)
                      0.087006    0.009106   19.064724 v clkbuf_1_1_1_clk_i/A (sky130_fd_sc_hd__clkbuf_8)
     1    0.084005    0.072844    0.165709   19.230433 v clkbuf_1_1_1_clk_i/X (sky130_fd_sc_hd__clkbuf_8)
                                                         clknet_1_1_1_clk_i (net)
                      0.073373    0.005185   19.235619 v wire30595/A (sky130_fd_sc_hd__buf_12)
     2    0.090078    0.044112    0.127766   19.363384 v wire30595/X (sky130_fd_sc_hd__buf_12)
                                                         net30595 (net)
                      0.046271    0.008006   19.371391 v wire30593/A (sky130_fd_sc_hd__buf_12)
     2    0.084700    0.042283    0.114252   19.485641 v wire30593/X (sky130_fd_sc_hd__buf_12)
                                                         net30593 (net)
                      0.043058    0.004576   19.490217 v max_length30592/A (sky130_fd_sc_hd__buf_12)
     1    0.052999    0.030967    0.101018   19.591236 v max_length30592/X (sky130_fd_sc_hd__buf_12)
                                                         net30592 (net)
                      0.038661    0.013284   19.604519 v wire30591/A (sky130_fd_sc_hd__buf_8)
     1    0.063054    0.040130    0.103027   19.707546 v wire30591/X (sky130_fd_sc_hd__buf_8)
                                                         net30591 (net)
                      0.051642    0.016914   19.724461 v wire30590/A (sky130_fd_sc_hd__buf_12)
     1    0.068269    0.034487    0.108981   19.833443 v wire30590/X (sky130_fd_sc_hd__buf_12)
                                                         net30590 (net)
                      0.050523    0.020012   19.853455 v clkbuf_leaf_5_clk_i/A (sky130_fd_sc_hd__clkbuf_8)
     3    0.081846    0.071686    0.146947   20.000402 v clkbuf_leaf_5_clk_i/X (sky130_fd_sc_hd__clkbuf_8)
                                                         clknet_leaf_5_clk_i (net)
                      0.097171    0.007804   20.008205 v data_bram_ctrl_inst.data_ram.u_mem.g_2k[0].u_cell.u_sram/clk1 (sky130_sram_2kbyte_1rw1r_32x512_8)
     1    0.018958    0.011422    0.504326   20.512531 v data_bram_ctrl_inst.data_ram.u_mem.g_2k[0].u_cell.u_sram/dout1[0] (sky130_sram_2kbyte_1rw1r_32x512_8)
                                                         data_bram_ctrl_inst.data_ram.u_mem.g_2k[0].u_cell.rdata[0] (net)
                      0.008567    0.001229   20.513760 v wire23973/A (sky130_fd_sc_hd__buf_2)
     1    0.020298    0.042216    0.095769   20.609529 v wire23973/X (sky130_fd_sc_hd__buf_2)
                                                         net23973 (net)
                      0.042343    0.001721   20.611250 v wire23972/A (sky130_fd_sc_hd__buf_2)
     1    0.013191    0.033421    0.099387   20.710638 v wire23972/X (sky130_fd_sc_hd__buf_2)
                                                         net23972 (net)
                      0.033453    0.000973   20.711611 v wire23971/A (sky130_fd_sc_hd__buf_2)
     1    0.015729    0.035808    0.099611   20.811222 v wire23971/X (sky130_fd_sc_hd__buf_2)
                                                         net23971 (net)
                      0.035867    0.001341   20.812563 v wire23970/A (sky130_fd_sc_hd__buf_2)
     1    0.016299    0.036608    0.101315   20.913877 v wire23970/X (sky130_fd_sc_hd__buf_2)
                                                         net23970 (net)
                      0.036673    0.001428   20.915306 v wire23969/A (sky130_fd_sc_hd__buf_4)
     1    0.016134    0.029810    0.103142   21.018448 v wire23969/X (sky130_fd_sc_hd__buf_4)
                                                         net23969 (net)
                      0.029882    0.001348   21.019796 v wire23968/A (sky130_fd_sc_hd__buf_4)
     1    0.014711    0.028326    0.098639   21.118435 v wire23968/X (sky130_fd_sc_hd__buf_4)
                                                         net23968 (net)
                      0.028377    0.001112   21.119547 v wire23967/A (sky130_fd_sc_hd__buf_2)
     1    0.018278    0.039551    0.100719   21.220266 v wire23967/X (sky130_fd_sc_hd__buf_2)
                                                         net23967 (net)
                      0.039669    0.001574   21.221842 v wire23966/A (sky130_fd_sc_hd__buf_2)
     1    0.016821    0.037457    0.103572   21.325413 v wire23966/X (sky130_fd_sc_hd__buf_2)
                                                         net23966 (net)
                      0.037528    0.001506   21.326920 v wire23965/A (sky130_fd_sc_hd__buf_2)
     1    0.016486    0.036847    0.102430   21.429350 v wire23965/X (sky130_fd_sc_hd__buf_2)
                                                         net23965 (net)
                      0.036891    0.001190   21.430540 v wire23964/A (sky130_fd_sc_hd__buf_2)
     1    0.021811    0.044674    0.108834   21.539373 v wire23964/X (sky130_fd_sc_hd__buf_2)
                                                         net23964 (net)
                      0.044818    0.001920   21.541294 v wire23963/A (sky130_fd_sc_hd__buf_4)
     1    0.019192    0.031815    0.110189   21.651484 v wire23963/X (sky130_fd_sc_hd__buf_4)
                                                         net23963 (net)
                      0.031942    0.001627   21.653111 v wire23962/A (sky130_fd_sc_hd__buf_2)
     1    0.016765    0.037266    0.100288   21.753397 v wire23962/X (sky130_fd_sc_hd__buf_2)
                                                         net23962 (net)
                      0.037332    0.001450   21.754847 v wire23961/A (sky130_fd_sc_hd__buf_2)
     1    0.016036    0.036231    0.101661   21.856508 v wire23961/X (sky130_fd_sc_hd__buf_2)
                                                         net23961 (net)
                      0.036286    0.001300   21.857809 v wire23960/A (sky130_fd_sc_hd__buf_2)
     1    0.018649    0.040096    0.104448   21.962257 v wire23960/X (sky130_fd_sc_hd__buf_2)
                                                         net23960 (net)
                      0.040234    0.001739   21.963995 v wire23959/A (sky130_fd_sc_hd__buf_4)
     1    0.015915    0.029637    0.104377   22.068373 v wire23959/X (sky130_fd_sc_hd__buf_4)
                                                         net23959 (net)
                      0.029714    0.001384   22.069756 v wire23958/A (sky130_fd_sc_hd__buf_2)
     1    0.019654    0.041373    0.103118   22.172874 v wire23958/X (sky130_fd_sc_hd__buf_2)
                                                         net23958 (net)
                      0.041493    0.001661   22.174536 v wire23957/A (sky130_fd_sc_hd__clkbuf_4)
     1    0.019829    0.039437    0.117286   22.291821 v wire23957/X (sky130_fd_sc_hd__clkbuf_4)
                                                         net23957 (net)
                      0.039539    0.001799   22.293619 v wire23956/A (sky130_fd_sc_hd__buf_2)
     1    0.020170    0.042084    0.108011   22.401632 v wire23956/X (sky130_fd_sc_hd__buf_2)
                                                         net23956 (net)
                      0.042145    0.001494   22.403126 v wire23955/A (sky130_fd_sc_hd__buf_2)
     1    0.019378    0.040922    0.108198   22.511324 v wire23955/X (sky130_fd_sc_hd__buf_2)
                                                         net23955 (net)
                      0.040963    0.001245   22.512568 v wire23954/A (sky130_fd_sc_hd__buf_4)
     1    0.021662    0.033544    0.110585   22.623154 v wire23954/X (sky130_fd_sc_hd__buf_4)
                                                         net23954 (net)
                      0.033900    0.002171   22.625324 v wire23953/A (sky130_fd_sc_hd__buf_4)
     1    0.019216    0.031752    0.105503   22.730827 v wire23953/X (sky130_fd_sc_hd__buf_4)
                                                         net23953 (net)
                      0.031870    0.001672   22.732500 v wire23952/A (sky130_fd_sc_hd__buf_4)
     1    0.019444    0.031949    0.104928   22.837427 v wire23952/X (sky130_fd_sc_hd__buf_4)
                                                         net23952 (net)
                      0.032094    0.001773   22.839199 v wire23951/A (sky130_fd_sc_hd__buf_2)
     1    0.024645    0.048525    0.110937   22.950136 v wire23951/X (sky130_fd_sc_hd__buf_2)
                                                         net23951 (net)
                      0.048553    0.001139   22.951275 v wire23950/A (sky130_fd_sc_hd__clkbuf_4)
     1    0.024328    0.044553    0.125487   23.076763 v wire23950/X (sky130_fd_sc_hd__clkbuf_4)
                                                         net23950 (net)
                      0.044600    0.001373   23.078136 v wire23949/A (sky130_fd_sc_hd__buf_2)
     1    0.024146    0.047769    0.115618   23.193754 v wire23949/X (sky130_fd_sc_hd__buf_2)
                                                         net23949 (net)
                      0.047795    0.001110   23.194864 v wire23948/A (sky130_fd_sc_hd__buf_2)
     1    0.020154    0.042071    0.111401   23.306265 v wire23948/X (sky130_fd_sc_hd__buf_2)
                                                         net23948 (net)
                      0.042137    0.001544   23.307808 v wire23947/A (sky130_fd_sc_hd__buf_2)
     1    0.022371    0.045296    0.111791   23.419600 v wire23947/X (sky130_fd_sc_hd__buf_2)
                                                         net23947 (net)
                      0.045445    0.001990   23.421589 v wire23946/A (sky130_fd_sc_hd__buf_4)
     1    0.020272    0.032679    0.111632   23.533220 v wire23946/X (sky130_fd_sc_hd__buf_4)
                                                         net23946 (net)
                      0.032797    0.001574   23.534794 v wire23945/A (sky130_fd_sc_hd__buf_4)
     1    0.019655    0.032095    0.105793   23.640587 v wire23945/X (sky130_fd_sc_hd__buf_4)
                                                         net23945 (net)
                      0.032138    0.001229   23.641817 v wire23944/A (sky130_fd_sc_hd__buf_4)
     1    0.016523    0.030076    0.101952   23.743769 v wire23944/X (sky130_fd_sc_hd__buf_4)
                                                         net23944 (net)
                      0.030094    0.000734   23.744503 v wire23943/A (sky130_fd_sc_hd__clkbuf_4)
     1    0.022314    0.042351    0.115014   23.859516 v wire23943/X (sky130_fd_sc_hd__clkbuf_4)
                                                         net23943 (net)
                      0.042530    0.002016   23.861532 v wire23942/A (sky130_fd_sc_hd__buf_2)
     1    0.016654    0.037083    0.104725   23.966257 v wire23942/X (sky130_fd_sc_hd__buf_2)
                                                         net23942 (net)
                      0.037123    0.001126   23.967384 v wire23941/A (sky130_fd_sc_hd__buf_2)
     1    0.017848    0.038777    0.103940   24.071323 v wire23941/X (sky130_fd_sc_hd__buf_2)
                                                         net23941 (net)
                      0.038837    0.001425   24.072748 v wire23940/A (sky130_fd_sc_hd__buf_4)
     1    0.022165    0.033931    0.110143   24.182892 v wire23940/X (sky130_fd_sc_hd__buf_4)
                                                         net23940 (net)
                      0.034185    0.001950   24.184841 v wire23939/A (sky130_fd_sc_hd__buf_4)
     1    0.017893    0.031760    0.104025   24.288866 v wire23939/X (sky130_fd_sc_hd__buf_4)
                                                         net23939 (net)
                      0.031849    0.001537   24.290403 v wire23938/A (sky130_fd_sc_hd__buf_4)
     1    0.017709    0.031551    0.102810   24.393213 v wire23938/X (sky130_fd_sc_hd__buf_4)
                                                         net23938 (net)
                      0.031640    0.001540   24.394754 v wire23937/A (sky130_fd_sc_hd__buf_4)
     1    0.016721    0.030380    0.101647   24.496401 v wire23937/X (sky130_fd_sc_hd__buf_4)
                                                         net23937 (net)
                      0.030461    0.001444   24.497845 v _115053_/A0 (sky130_fd_sc_hd__mux4_2)
     1    0.024379    0.101551    0.325839   24.823683 v _115053_/X (sky130_fd_sc_hd__mux4_2)
                                                         _055811_ (net)
                      0.101605    0.002276   24.825958 v wire16036/A (sky130_fd_sc_hd__buf_8)
     1    0.031608    0.029601    0.121389   24.947348 v wire16036/X (sky130_fd_sc_hd__buf_8)
                                                         net16036 (net)
                      0.030284    0.003672   24.951019 v wire33285/A (sky130_fd_sc_hd__buf_4)
     1    0.029574    0.039632    0.111449   25.062468 v wire33285/X (sky130_fd_sc_hd__buf_4)
                                                         net33285 (net)
                      0.040153    0.003697   25.066164 v wire16035/A (sky130_fd_sc_hd__buf_8)
     1    0.035767    0.031498    0.096135   25.162300 v wire16035/X (sky130_fd_sc_hd__buf_8)
                                                         net16035 (net)
                      0.032648    0.004931   25.167231 v wire33056/A (sky130_fd_sc_hd__buf_4)
     1    0.030281    0.040238    0.113012   25.280243 v wire33056/X (sky130_fd_sc_hd__buf_4)
                                                         net33056 (net)
                      0.040797    0.003904   25.284147 v _115054_/A1 (sky130_fd_sc_hd__mux2_1)
     1    0.002229    0.035827    0.152820   25.436968 v _115054_/X (sky130_fd_sc_hd__mux2_1)
                                                         _007668_ (net)
                      0.035827    0.000066   25.437033 v _127885_/D (sky130_fd_sc_hd__dfrtp_2)
                                             25.437033   data arrival time

                                 35.714283   35.714283   clock clk_i (rise edge)
                                  0.000000   35.714283   clock source latency
     1    0.043131    0.046973    0.032063   35.746346 ^ clk_i (in)
                                                         clk_i (net)
                      0.047931    0.000000   35.746346 ^ wire30560/A (sky130_fd_sc_hd__buf_12)
     1    0.079739    0.075483    0.091521   35.837868 ^ wire30560/X (sky130_fd_sc_hd__buf_12)
                                                         net30560 (net)
                      0.083029    0.017288   35.855156 ^ wire30559/A (sky130_fd_sc_hd__buf_12)
     1    0.075175    0.071824    0.101810   35.956966 ^ wire30559/X (sky130_fd_sc_hd__buf_12)
                                                         net30559 (net)
                      0.073692    0.008662   35.965630 ^ wire30558/A (sky130_fd_sc_hd__buf_12)
     2    0.094038    0.087918    0.105285   36.070911 ^ wire30558/X (sky130_fd_sc_hd__buf_12)
                                                         net30558 (net)
                      0.093896    0.016897   36.087811 ^ wire30557/A (sky130_fd_sc_hd__buf_12)
     1    0.048539    0.052251    0.088015   36.175823 ^ wire30557/X (sky130_fd_sc_hd__buf_12)
                                                         net30557 (net)
                      0.053370    0.005731   36.181553 ^ wire30556/A (sky130_fd_sc_hd__buf_12)
     1    0.064943    0.063354    0.091184   36.272739 ^ wire30556/X (sky130_fd_sc_hd__buf_12)
                                                         net30556 (net)
                      0.065015    0.007663   36.280403 ^ wire30555/A (sky130_fd_sc_hd__buf_12)
     1    0.073106    0.070518    0.096858   36.377258 ^ wire30555/X (sky130_fd_sc_hd__buf_12)
                                                         net30555 (net)
                      0.072821    0.009504   36.386765 ^ clkbuf_regs_0_clk_i/A (sky130_fd_sc_hd__clkbuf_16)
     1    0.009454    0.024687    0.084416   36.471180 ^ clkbuf_regs_0_clk_i/X (sky130_fd_sc_hd__clkbuf_16)
                                                         clk_i_regs (net)
                      0.024688    0.000323   36.471504 ^ clkbuf_0_clk_i_regs/A (sky130_fd_sc_hd__clkbuf_16)
     2    0.110620    0.097005    0.125787   36.597290 ^ clkbuf_0_clk_i_regs/X (sky130_fd_sc_hd__clkbuf_16)
                                                         clknet_0_clk_i_regs (net)
                      0.097211    0.003446   36.600735 ^ clkbuf_1_0_0_clk_i_regs/A (sky130_fd_sc_hd__clkbuf_8)
     1    0.067303    0.096017    0.132928   36.733665 ^ clkbuf_1_0_0_clk_i_regs/X (sky130_fd_sc_hd__clkbuf_8)
                                                         clknet_1_0_0_clk_i_regs (net)
                      0.101715    0.017213   36.750877 ^ clkbuf_1_0_1_clk_i_regs/A (sky130_fd_sc_hd__clkbuf_8)
     2    0.093851    0.127983    0.158764   36.909641 ^ clkbuf_1_0_1_clk_i_regs/X (sky130_fd_sc_hd__clkbuf_8)
                                                         clknet_1_0_1_clk_i_regs (net)
                      0.129972    0.012072   36.921715 ^ clkbuf_2_1_0_clk_i_regs/A (sky130_fd_sc_hd__clkbuf_8)
     1    0.082405    0.114048    0.157765   37.079479 ^ clkbuf_2_1_0_clk_i_regs/X (sky130_fd_sc_hd__clkbuf_8)
                                                         clknet_2_1_0_clk_i_regs (net)
                      0.115168    0.008640   37.088120 ^ clkbuf_2_1_1_clk_i_regs/A (sky130_fd_sc_hd__clkbuf_8)
     2    0.111758    0.149862    0.181789   37.269909 ^ clkbuf_2_1_1_clk_i_regs/X (sky130_fd_sc_hd__clkbuf_8)
                                                         clknet_2_1_1_clk_i_regs (net)
                      0.150267    0.005993   37.275902 ^ clkbuf_3_2_0_clk_i_regs/A (sky130_fd_sc_hd__clkbuf_8)
     2    0.082311    0.114199    0.161947   37.437847 ^ clkbuf_3_2_0_clk_i_regs/X (sky130_fd_sc_hd__clkbuf_8)
                                                         clknet_3_2_0_clk_i_regs (net)
                      0.114843    0.006583   37.444431 ^ clkbuf_4_4_0_clk_i_regs/A (sky130_fd_sc_hd__clkbuf_8)
     2    0.066700    0.094618    0.144258   37.588688 ^ clkbuf_4_4_0_clk_i_regs/X (sky130_fd_sc_hd__clkbuf_8)
                                                         clknet_4_4_0_clk_i_regs (net)
                      0.094755    0.002796   37.591484 ^ clkbuf_5_9_0_clk_i_regs/A (sky130_fd_sc_hd__clkbuf_8)
     2    0.073192    0.102553    0.144215   37.735699 ^ clkbuf_5_9_0_clk_i_regs/X (sky130_fd_sc_hd__clkbuf_8)
                                                         clknet_5_9_0_clk_i_regs (net)
                      0.102938    0.004828   37.740528 ^ clkbuf_6_18__f_clk_i_regs/A (sky130_fd_sc_hd__clkbuf_16)
    10    0.122692    0.106147    0.152721   37.893250 ^ clkbuf_6_18__f_clk_i_regs/X (sky130_fd_sc_hd__clkbuf_16)
                                                         clknet_6_18__leaf_clk_i_regs (net)
                      0.106376    0.003421   37.896671 ^ clkbuf_leaf_556_clk_i_regs/A (sky130_fd_sc_hd__clkbuf_8)
    17    0.073884    0.102878    0.148919   38.045589 ^ clkbuf_leaf_556_clk_i_regs/X (sky130_fd_sc_hd__clkbuf_8)
                                                         clknet_leaf_556_clk_i_regs (net)
                      0.102953    0.001499   38.047089 ^ _127885_/CLK (sky130_fd_sc_hd__dfrtp_2)
                                 -0.250000   37.797089   clock uncertainty
                                  0.036533   37.833618   clock reconvergence pessimism
                                 -0.068200   37.765419   library setup time
                                             37.765419   data required time
---------------------------------------------------------------------------------------------
                                             37.765419   data required time
                                            -25.437033   data arrival time
---------------------------------------------------------------------------------------------
                                             12.328385   slack (MET)




===========================================================================
report_checks --slack_max -0.01
============================================================================
======================= nom_ff_n40C_1v95 Corner ===================================

No paths found.


===========================================================================
 report_check_types -max_slew -max_cap -max_fanout -violators
============================================================================
======================= nom_ff_n40C_1v95 Corner ===================================

max slew

Pin                                        Limit        Slew       Slack
------------------------------------------------------------------------
QSPI_IO2                                0.750000    0.973255   -0.223255 (VIOLATED)
QSPI_IO0                                0.750000    0.969071   -0.219071 (VIOLATED)
load_slew30514/A                        0.750000    0.926173   -0.176173 (VIOLATED)
hold30721/A                             0.750000    0.915425   -0.165425 (VIOLATED)
QSPI_IO3                                0.750000    0.884527   -0.134527 (VIOLATED)
data_bram_ctrl_inst.data_ram.u_mem.g_2k[2].u_cell.u_sram/addr1[5]    0.040000    0.147461   -0.107461 (VIOLATED)
instr_bram_ctrl_inst.instr_ram.u_mem.g_2k[1].u_cell.u_sram/addr0[8]    0.040000    0.139885   -0.099885 (VIOLATED)
_129790_/Z                              0.750000    0.849690   -0.099690 (VIOLATED)
data_bram_ctrl_inst.data_ram.u_mem.g_2k[2].u_cell.u_sram/addr1[6]    0.040000    0.136191   -0.096191 (VIOLATED)
instr_bram_ctrl_inst.instr_ram.u_mem.g_2k[1].u_cell.u_sram/addr0[0]    0.040000    0.136155   -0.096155 (VIOLATED)
yz_bram_ctrl_inst.yz_ram.u_mem.u_mem.g_2k[3].u_cell.u_sram/wmask0[0]    0.040000    0.135667   -0.095667 (VIOLATED)
data_bram_ctrl_inst.data_ram.u_mem.g_2k[2].u_cell.u_sram/addr1[4]    0.040000    0.135341   -0.095341 (VIOLATED)
_129792_/Z                              0.750000    0.844266   -0.094266 (VIOLATED)
data_bram_ctrl_inst.data_ram.u_mem.g_2k[3].u_cell.u_sram/addr1[5]    0.040000    0.133556   -0.093556 (VIOLATED)
instr_bram_ctrl_inst.instr_ram.u_mem.g_2k[1].u_cell.u_sram/addr0[1]    0.040000    0.133438   -0.093438 (VIOLATED)
instr_bram_ctrl_inst.instr_ram.u_mem.g_2k[1].u_cell.u_sram/addr0[5]    0.040000    0.133399   -0.093399 (VIOLATED)
instr_bram_ctrl_inst.instr_ram.u_mem.g_2k[3].u_cell.u_sram/addr0[0]    0.040000    0.132478   -0.092478 (VIOLATED)
conv_accelerator_inst.u_conv_buf_ram.u_mem.u_mem.g_2k[1].u_cell.u_sram/wmask0[0]    0.040000    0.132426   -0.092426 (VIOLATED)
yz_bram_ctrl_inst.yz_ram.u_mem.u_mem.g_2k[0].u_cell.u_sram/addr1[8]    0.040000    0.131648   -0.091648 (VIOLATED)
yz_bram_ctrl_inst.yz_ram.u_mem.u_mem.g_2k[1].u_cell.u_sram/wmask0[0]    0.040000    0.131512   -0.091512 (VIOLATED)
data_bram_ctrl_inst.data_ram.u_mem.g_2k[1].u_cell.u_sram/addr1[8]    0.040000    0.130788   -0.090788 (VIOLATED)
yz_bram_ctrl_inst.yz_ram.u_mem.u_mem.g_2k[2].u_cell.u_sram/addr1[8]    0.040000    0.130691   -0.090691 (VIOLATED)
instr_bram_ctrl_inst.instr_ram.u_mem.g_2k[3].u_cell.u_sram/addr0[1]    0.040000    0.130628   -0.090628 (VIOLATED)
conv_accelerator_inst.u_conv_buf_ram.u_mem.u_mem.g_2k[1].u_cell.u_sram/addr1[5]    0.040000    0.130582   -0.090582 (VIOLATED)
instr_bram_ctrl_inst.instr_ram.u_mem.g_2k[1].u_cell.u_sram/addr0[2]    0.040000    0.130459   -0.090459 (VIOLATED)
conv_accelerator_inst.u_conv_buf_ram.u_mem.u_mem.g_2k[0].u_cell.u_sram/addr1[7]    0.040000    0.130388   -0.090388 (VIOLATED)
data_bram_ctrl_inst.data_ram.u_mem.g_2k[2].u_cell.u_sram/addr0[6]    0.040000    0.130186   -0.090186 (VIOLATED)
instr_bram_ctrl_inst.instr_ram.u_mem.g_2k[2].u_cell.u_sram/addr1[8]    0.040000    0.130065   -0.090065 (VIOLATED)
data_bram_ctrl_inst.data_ram.u_mem.g_2k[2].u_cell.u_sram/addr0[4]    0.040000    0.129885   -0.089885 (VIOLATED)
data_bram_ctrl_inst.data_ram.u_mem.g_2k[1].u_cell.u_sram/addr1[7]    0.040000    0.129781   -0.089781 (VIOLATED)
instr_bram_ctrl_inst.instr_ram.u_mem.g_2k[1].u_cell.u_sram/addr0[4]    0.040000    0.129181   -0.089181 (VIOLATED)
data_bram_ctrl_inst.data_ram.u_mem.g_2k[2].u_cell.u_sram/wmask0[0]    0.040000    0.129048   -0.089048 (VIOLATED)
yz_bram_ctrl_inst.yz_ram.u_mem.u_mem.g_2k[3].u_cell.u_sram/addr1[7]    0.040000    0.129002   -0.089002 (VIOLATED)
conv_accelerator_inst.u_conv_buf_ram.u_mem.u_mem.g_2k[0].u_cell.u_sram/addr0[5]    0.040000    0.128973   -0.088973 (VIOLATED)
yz_bram_ctrl_inst.yz_ram.u_mem.u_mem.g_1k.u_cell.u_sram/addr1[5]    0.040000    0.128740   -0.088740 (VIOLATED)
instr_bram_ctrl_inst.instr_ram.u_mem.g_2k[1].u_cell.u_sram/addr0[7]    0.040000    0.128298   -0.088298 (VIOLATED)
instr_bram_ctrl_inst.instr_ram.u_mem.g_2k[1].u_cell.u_sram/wmask0[3]    0.040000    0.128053   -0.088053 (VIOLATED)
conv_accelerator_inst.u_conv_buf_ram.u_mem.u_mem.g_2k[0].u_cell.u_sram/wmask0[3]    0.040000    0.127951   -0.087951 (VIOLATED)
data_bram_ctrl_inst.data_ram.u_mem.g_2k[2].u_cell.u_sram/addr0[2]    0.040000    0.127939   -0.087939 (VIOLATED)
yz_bram_ctrl_inst.yz_ram.u_mem.u_mem.g_1k.u_cell.u_sram/wmask0[3]    0.040000    0.127376   -0.087376 (VIOLATED)
yz_bram_ctrl_inst.yz_ram.u_mem.u_mem.g_2k[0].u_cell.u_sram/addr1[7]    0.040000    0.127272   -0.087272 (VIOLATED)
yz_bram_ctrl_inst.yz_ram.u_mem.u_mem.g_2k[3].u_cell.u_sram/addr0[0]    0.040000    0.127107   -0.087107 (VIOLATED)
instr_bram_ctrl_inst.instr_ram.u_mem.g_2k[1].u_cell.u_sram/wmask0[0]    0.040000    0.127097   -0.087097 (VIOLATED)
data_bram_ctrl_inst.data_ram.u_mem.g_2k[2].u_cell.u_sram/addr0[3]    0.040000    0.127060   -0.087060 (VIOLATED)
conv_accelerator_inst.u_conv_buf_ram.u_mem.u_mem.g_2k[1].u_cell.u_sram/wmask0[1]    0.040000    0.127057   -0.087057 (VIOLATED)
data_bram_ctrl_inst.data_ram.u_mem.g_2k[2].u_cell.u_sram/addr1[8]    0.040000    0.126792   -0.086792 (VIOLATED)
data_bram_ctrl_inst.data_ram.u_mem.g_2k[2].u_cell.u_sram/addr0[1]    0.040000    0.126754   -0.086754 (VIOLATED)
data_bram_ctrl_inst.data_ram.u_mem.g_2k[1].u_cell.u_sram/addr0[1]    0.040000    0.126651   -0.086651 (VIOLATED)
instr_bram_ctrl_inst.instr_ram.u_mem.g_2k[2].u_cell.u_sram/addr1[7]    0.040000    0.126489   -0.086489 (VIOLATED)
data_bram_ctrl_inst.data_ram.u_mem.g_2k[1].u_cell.u_sram/addr1[6]    0.040000    0.126374   -0.086374 (VIOLATED)
yz_bram_ctrl_inst.yz_ram.u_mem.u_mem.g_1k.u_cell.u_sram/addr1[6]    0.040000    0.126317   -0.086317 (VIOLATED)
data_bram_ctrl_inst.data_ram.u_mem.g_2k[2].u_cell.u_sram/addr1[0]    0.040000    0.126271   -0.086271 (VIOLATED)
instr_bram_ctrl_inst.instr_ram.u_mem.g_2k[0].u_cell.u_sram/addr1[7]    0.040000    0.126137   -0.086137 (VIOLATED)
yz_bram_ctrl_inst.yz_ram.u_mem.u_mem.g_2k[3].u_cell.u_sram/addr1[8]    0.040000    0.125886   -0.085886 (VIOLATED)
conv_accelerator_inst.u_conv_buf_ram.u_mem.u_mem.g_2k[1].u_cell.u_sram/addr1[6]    0.040000    0.125860   -0.085860 (VIOLATED)
data_bram_ctrl_inst.data_ram.u_mem.g_2k[0].u_cell.u_sram/wmask0[0]    0.040000    0.125641   -0.085641 (VIOLATED)
instr_bram_ctrl_inst.instr_ram.u_mem.g_2k[3].u_cell.u_sram/addr1[7]    0.040000    0.125458   -0.085458 (VIOLATED)
yz_bram_ctrl_inst.yz_ram.u_mem.u_mem.g_2k[2].u_cell.u_sram/addr1[7]    0.040000    0.125226   -0.085226 (VIOLATED)
data_bram_ctrl_inst.data_ram.u_mem.g_2k[1].u_cell.u_sram/wmask0[3]    0.040000    0.125215   -0.085215 (VIOLATED)
instr_bram_ctrl_inst.instr_ram.u_mem.g_2k[1].u_cell.u_sram/addr1[7]    0.040000    0.125145   -0.085145 (VIOLATED)
data_bram_ctrl_inst.data_ram.u_mem.g_2k[3].u_cell.u_sram/addr1[8]    0.040000    0.125090   -0.085090 (VIOLATED)
instr_bram_ctrl_inst.instr_ram.u_mem.g_2k[1].u_cell.u_sram/addr1[1]    0.040000    0.125054   -0.085054 (VIOLATED)
yz_bram_ctrl_inst.yz_ram.u_mem.u_mem.g_2k[1].u_cell.u_sram/addr0[1]    0.040000    0.125003   -0.085003 (VIOLATED)
data_bram_ctrl_inst.data_ram.u_mem.g_2k[1].u_cell.u_sram/addr0[0]    0.040000    0.125000   -0.085000 (VIOLATED)
conv_accelerator_inst.u_conv_buf_ram.u_mem.u_mem.g_2k[0].u_cell.u_sram/addr0[3]    0.040000    0.124985   -0.084985 (VIOLATED)
yz_bram_ctrl_inst.yz_ram.u_mem.u_mem.g_2k[1].u_cell.u_sram/wmask0[2]    0.040000    0.124961   -0.084961 (VIOLATED)
yz_bram_ctrl_inst.yz_ram.u_mem.u_mem.g_2k[1].u_cell.u_sram/addr1[7]    0.040000    0.124813   -0.084813 (VIOLATED)
instr_bram_ctrl_inst.instr_ram.u_mem.g_2k[3].u_cell.u_sram/addr1[8]    0.040000    0.124766   -0.084766 (VIOLATED)
data_bram_ctrl_inst.data_ram.u_mem.g_2k[2].u_cell.u_sram/addr0[8]    0.040000    0.124572   -0.084572 (VIOLATED)
instr_bram_ctrl_inst.instr_ram.u_mem.g_2k[2].u_cell.u_sram/wmask0[1]    0.040000    0.124494   -0.084494 (VIOLATED)
data_bram_ctrl_inst.data_ram.u_mem.g_2k[2].u_cell.u_sram/addr1[3]    0.040000    0.124490   -0.084490 (VIOLATED)
yz_bram_ctrl_inst.yz_ram.u_mem.u_mem.g_1k.u_cell.u_sram/addr1[7]    0.040000    0.124217   -0.084217 (VIOLATED)
yz_bram_ctrl_inst.yz_ram.u_mem.u_mem.g_2k[2].u_cell.u_sram/addr1[0]    0.040000    0.124192   -0.084192 (VIOLATED)
data_bram_ctrl_inst.data_ram.u_mem.g_2k[2].u_cell.u_sram/addr1[1]    0.040000    0.124143   -0.084143 (VIOLATED)
data_bram_ctrl_inst.data_ram.u_mem.g_2k[2].u_cell.u_sram/addr0[7]    0.040000    0.124109   -0.084109 (VIOLATED)
instr_bram_ctrl_inst.instr_ram.u_mem.g_2k[2].u_cell.u_sram/addr1[6]    0.040000    0.123878   -0.083878 (VIOLATED)
data_bram_ctrl_inst.data_ram.u_mem.g_2k[0].u_cell.u_sram/wmask0[2]    0.040000    0.123768   -0.083768 (VIOLATED)
yz_bram_ctrl_inst.yz_ram.u_mem.u_mem.g_2k[1].u_cell.u_sram/addr1[8]    0.040000    0.123754   -0.083754 (VIOLATED)
data_bram_ctrl_inst.data_ram.u_mem.g_2k[2].u_cell.u_sram/addr1[7]    0.040000    0.123691   -0.083691 (VIOLATED)
data_bram_ctrl_inst.data_ram.u_mem.g_2k[2].u_cell.u_sram/wmask0[3]    0.040000    0.123666   -0.083666 (VIOLATED)
data_bram_ctrl_inst.data_ram.u_mem.g_2k[3].u_cell.u_sram/addr1[3]    0.040000    0.123562   -0.083562 (VIOLATED)
data_bram_ctrl_inst.data_ram.u_mem.g_2k[1].u_cell.u_sram/addr1[1]    0.040000    0.123443   -0.083443 (VIOLATED)
yz_bram_ctrl_inst.yz_ram.u_mem.u_mem.g_2k[0].u_cell.u_sram/addr0[0]    0.040000    0.123409   -0.083409 (VIOLATED)
data_bram_ctrl_inst.data_ram.u_mem.g_2k[3].u_cell.u_sram/addr1[7]    0.040000    0.123367   -0.083367 (VIOLATED)
conv_accelerator_inst.u_conv_buf_ram.u_mem.u_mem.g_2k[0].u_cell.u_sram/wmask0[2]    0.040000    0.123277   -0.083277 (VIOLATED)
instr_bram_ctrl_inst.instr_ram.u_mem.g_2k[3].u_cell.u_sram/wmask0[3]    0.040000    0.122954   -0.082954 (VIOLATED)
data_bram_ctrl_inst.data_ram.u_mem.g_2k[1].u_cell.u_sram/wmask0[0]    0.040000    0.122927   -0.082927 (VIOLATED)
yz_bram_ctrl_inst.yz_ram.u_mem.u_mem.g_2k[1].u_cell.u_sram/wmask0[1]    0.040000    0.122853   -0.082853 (VIOLATED)
instr_bram_ctrl_inst.instr_ram.u_mem.g_2k[3].u_cell.u_sram/wmask0[2]    0.040000    0.122764   -0.082764 (VIOLATED)
yz_bram_ctrl_inst.yz_ram.u_mem.u_mem.g_2k[3].u_cell.u_sram/addr0[2]    0.040000    0.122733   -0.082733 (VIOLATED)
yz_bram_ctrl_inst.yz_ram.u_mem.u_mem.g_2k[3].u_cell.u_sram/wmask0[1]    0.040000    0.122727   -0.082727 (VIOLATED)
yz_bram_ctrl_inst.yz_ram.u_mem.u_mem.g_2k[3].u_cell.u_sram/wmask0[2]    0.040000    0.122630   -0.082630 (VIOLATED)
conv_accelerator_inst.u_conv_buf_ram.u_mem.u_mem.g_2k[1].u_cell.u_sram/addr1[8]    0.040000    0.122552   -0.082552 (VIOLATED)
yz_bram_ctrl_inst.yz_ram.u_mem.u_mem.g_2k[1].u_cell.u_sram/addr1[1]    0.040000    0.122539   -0.082539 (VIOLATED)
instr_bram_ctrl_inst.instr_ram.u_mem.g_2k[1].u_cell.u_sram/addr1[8]    0.040000    0.122384   -0.082384 (VIOLATED)
yz_bram_ctrl_inst.yz_ram.u_mem.u_mem.g_2k[2].u_cell.u_sram/wmask0[3]    0.040000    0.122355   -0.082355 (VIOLATED)
instr_bram_ctrl_inst.instr_ram.u_mem.g_2k[3].u_cell.u_sram/addr1[0]    0.040000    0.122286   -0.082286 (VIOLATED)
data_bram_ctrl_inst.data_ram.u_mem.g_2k[2].u_cell.u_sram/addr1[2]    0.040000    0.122265   -0.082265 (VIOLATED)
data_bram_ctrl_inst.data_ram.u_mem.g_2k[2].u_cell.u_sram/addr0[5]    0.040000    0.122262   -0.082262 (VIOLATED)
data_bram_ctrl_inst.data_ram.u_mem.g_2k[3].u_cell.u_sram/addr1[0]    0.040000    0.122209   -0.082209 (VIOLATED)
instr_bram_ctrl_inst.instr_ram.u_mem.g_2k[0].u_cell.u_sram/addr1[8]    0.040000    0.122189   -0.082189 (VIOLATED)
yz_bram_ctrl_inst.yz_ram.u_mem.u_mem.g_2k[3].u_cell.u_sram/wmask0[3]    0.040000    0.122181   -0.082181 (VIOLATED)
data_bram_ctrl_inst.data_ram.u_mem.g_2k[0].u_cell.u_sram/addr0[1]    0.040000    0.122051   -0.082051 (VIOLATED)
yz_bram_ctrl_inst.yz_ram.u_mem.u_mem.g_2k[3].u_cell.u_sram/addr0[1]    0.040000    0.122000   -0.082000 (VIOLATED)
instr_bram_ctrl_inst.instr_ram.u_mem.g_2k[1].u_cell.u_sram/addr0[6]    0.040000    0.121986   -0.081986 (VIOLATED)
data_bram_ctrl_inst.data_ram.u_mem.g_2k[1].u_cell.u_sram/wmask0[2]    0.040000    0.121907   -0.081907 (VIOLATED)
conv_accelerator_inst.u_conv_buf_ram.u_mem.u_mem.g_2k[0].u_cell.u_sram/addr1[8]    0.040000    0.121869   -0.081869 (VIOLATED)
data_bram_ctrl_inst.data_ram.u_mem.g_2k[0].u_cell.u_sram/wmask0[3]    0.040000    0.121833   -0.081833 (VIOLATED)
data_bram_ctrl_inst.data_ram.u_mem.g_2k[3].u_cell.u_sram/addr1[4]    0.040000    0.121793   -0.081793 (VIOLATED)
yz_bram_ctrl_inst.yz_ram.u_mem.u_mem.g_1k.u_cell.u_sram/addr0[0]    0.040000    0.121788   -0.081788 (VIOLATED)
data_bram_ctrl_inst.data_ram.u_mem.g_2k[0].u_cell.u_sram/wmask0[1]    0.040000    0.121745   -0.081745 (VIOLATED)
yz_bram_ctrl_inst.yz_ram.u_mem.u_mem.g_2k[1].u_cell.u_sram/wmask0[3]    0.040000    0.121705   -0.081705 (VIOLATED)
data_bram_ctrl_inst.data_ram.u_mem.g_2k[0].u_cell.u_sram/addr1[7]    0.040000    0.121700   -0.081700 (VIOLATED)
yz_bram_ctrl_inst.yz_ram.u_mem.u_mem.g_2k[3].u_cell.u_sram/addr1[0]    0.040000    0.121557   -0.081557 (VIOLATED)
instr_bram_ctrl_inst.instr_ram.u_mem.g_2k[2].u_cell.u_sram/addr1[2]    0.040000    0.121543   -0.081543 (VIOLATED)
conv_accelerator_inst.u_conv_buf_ram.u_mem.u_mem.g_2k[0].u_cell.u_sram/addr0[7]    0.040000    0.121526   -0.081526 (VIOLATED)
yz_bram_ctrl_inst.yz_ram.u_mem.u_mem.g_2k[2].u_cell.u_sram/addr0[0]    0.040000    0.121469   -0.081469 (VIOLATED)
data_bram_ctrl_inst.data_ram.u_mem.g_2k[1].u_cell.u_sram/wmask0[1]    0.040000    0.121430   -0.081430 (VIOLATED)
yz_bram_ctrl_inst.yz_ram.u_mem.u_mem.g_2k[1].u_cell.u_sram/addr0[5]    0.040000    0.121415   -0.081415 (VIOLATED)
yz_bram_ctrl_inst.yz_ram.u_mem.u_mem.g_2k[0].u_cell.u_sram/addr0[1]    0.040000    0.121394   -0.081394 (VIOLATED)
yz_bram_ctrl_inst.yz_ram.u_mem.u_mem.g_1k.u_cell.u_sram/addr1[4]    0.040000    0.121341   -0.081341 (VIOLATED)
instr_bram_ctrl_inst.instr_ram.u_mem.g_2k[0].u_cell.u_sram/addr0[1]    0.040000    0.121249   -0.081249 (VIOLATED)
conv_accelerator_inst.u_conv_buf_ram.u_mem.u_mem.g_2k[1].u_cell.u_sram/wmask0[3]    0.040000    0.121158   -0.081158 (VIOLATED)
data_bram_ctrl_inst.data_ram.u_mem.g_2k[0].u_cell.u_sram/addr1[8]    0.040000    0.121107   -0.081107 (VIOLATED)
instr_bram_ctrl_inst.instr_ram.u_mem.g_2k[2].u_cell.u_sram/wmask0[0]    0.040000    0.121049   -0.081049 (VIOLATED)
data_bram_ctrl_inst.data_ram.u_mem.g_2k[1].u_cell.u_sram/addr1[0]    0.040000    0.121046   -0.081046 (VIOLATED)
data_bram_ctrl_inst.data_ram.u_mem.g_2k[1].u_cell.u_sram/addr0[4]    0.040000    0.120981   -0.080981 (VIOLATED)
yz_bram_ctrl_inst.yz_ram.u_mem.u_mem.g_2k[0].u_cell.u_sram/wmask0[2]    0.040000    0.120964   -0.080964 (VIOLATED)
data_bram_ctrl_inst.data_ram.u_mem.g_2k[0].u_cell.u_sram/addr0[0]    0.040000    0.120957   -0.080957 (VIOLATED)
instr_bram_ctrl_inst.instr_ram.u_mem.g_2k[1].u_cell.u_sram/addr1[3]    0.040000    0.120876   -0.080876 (VIOLATED)
instr_bram_ctrl_inst.instr_ram.u_mem.g_2k[1].u_cell.u_sram/addr0[3]    0.040000    0.120744   -0.080744 (VIOLATED)
conv_accelerator_inst.u_conv_buf_ram.u_mem.u_mem.g_2k[0].u_cell.u_sram/addr0[4]    0.040000    0.120649   -0.080649 (VIOLATED)
data_bram_ctrl_inst.data_ram.u_mem.g_2k[1].u_cell.u_sram/addr1[5]    0.040000    0.120558   -0.080558 (VIOLATED)
data_bram_ctrl_inst.data_ram.u_mem.g_2k[2].u_cell.u_sram/wmask0[2]    0.040000    0.120506   -0.080506 (VIOLATED)
data_bram_ctrl_inst.data_ram.u_mem.g_2k[1].u_cell.u_sram/addr1[3]    0.040000    0.120460   -0.080460 (VIOLATED)
instr_bram_ctrl_inst.instr_ram.u_mem.g_2k[1].u_cell.u_sram/wmask0[2]    0.040000    0.120390   -0.080390 (VIOLATED)
conv_accelerator_inst.u_conv_buf_ram.u_mem.u_mem.g_2k[1].u_cell.u_sram/wmask0[2]    0.040000    0.120377   -0.080377 (VIOLATED)
data_bram_ctrl_inst.data_ram.u_mem.g_2k[0].u_cell.u_sram/addr1[4]    0.040000    0.120362   -0.080362 (VIOLATED)
conv_accelerator_inst.u_conv_buf_ram.u_mem.u_mem.g_2k[1].u_cell.u_sram/addr1[7]    0.040000    0.120344   -0.080344 (VIOLATED)
instr_bram_ctrl_inst.instr_ram.u_mem.g_2k[2].u_cell.u_sram/addr1[4]    0.040000    0.120308   -0.080308 (VIOLATED)
conv_accelerator_inst.u_conv_buf_ram.u_mem.u_mem.g_2k[0].u_cell.u_sram/addr1[3]    0.040000    0.120288   -0.080288 (VIOLATED)
conv_accelerator_inst.u_conv_buf_ram.u_mem.u_mem.g_2k[0].u_cell.u_sram/addr0[0]    0.040000    0.120284   -0.080284 (VIOLATED)
conv_accelerator_inst.u_conv_buf_ram.u_mem.u_mem.g_2k[1].u_cell.u_sram/addr0[2]    0.040000    0.120256   -0.080256 (VIOLATED)
data_bram_ctrl_inst.data_ram.u_mem.g_2k[0].u_cell.u_sram/addr0[6]    0.040000    0.120152   -0.080152 (VIOLATED)
conv_accelerator_inst.u_conv_buf_ram.u_mem.u_mem.g_2k[1].u_cell.u_sram/addr0[3]    0.040000    0.120146   -0.080146 (VIOLATED)
yz_bram_ctrl_inst.yz_ram.u_mem.u_mem.g_2k[3].u_cell.u_sram/addr0[6]    0.040000    0.120134   -0.080134 (VIOLATED)
conv_accelerator_inst.u_conv_buf_ram.u_mem.u_mem.g_2k[1].u_cell.u_sram/addr0[8]    0.040000    0.120110   -0.080110 (VIOLATED)
yz_bram_ctrl_inst.yz_ram.u_mem.u_mem.g_2k[3].u_cell.u_sram/addr0[3]    0.040000    0.120106   -0.080106 (VIOLATED)
instr_bram_ctrl_inst.instr_ram.u_mem.g_2k[1].u_cell.u_sram/addr1[5]    0.040000    0.120042   -0.080042 (VIOLATED)
instr_bram_ctrl_inst.instr_ram.u_mem.g_2k[0].u_cell.u_sram/wmask0[0]    0.040000    0.120023   -0.080023 (VIOLATED)
instr_bram_ctrl_inst.instr_ram.u_mem.g_2k[3].u_cell.u_sram/wmask0[1]    0.040000    0.119974   -0.079974 (VIOLATED)
data_bram_ctrl_inst.data_ram.u_mem.g_2k[0].u_cell.u_sram/addr0[4]    0.040000    0.119966   -0.079966 (VIOLATED)
instr_bram_ctrl_inst.instr_ram.u_mem.g_2k[1].u_cell.u_sram/addr1[0]    0.040000    0.119885   -0.079885 (VIOLATED)
conv_accelerator_inst.u_conv_buf_ram.u_mem.u_mem.g_2k[1].u_cell.u_sram/addr0[7]    0.040000    0.119866   -0.079866 (VIOLATED)
yz_bram_ctrl_inst.yz_ram.u_mem.u_mem.g_2k[2].u_cell.u_sram/wmask0[2]    0.040000    0.119741   -0.079741 (VIOLATED)
conv_accelerator_inst.u_conv_buf_ram.u_mem.u_mem.g_2k[0].u_cell.u_sram/addr1[6]    0.040000    0.119703   -0.079703 (VIOLATED)
data_bram_ctrl_inst.data_ram.u_mem.g_2k[3].u_cell.u_sram/addr1[2]    0.040000    0.119629   -0.079629 (VIOLATED)
yz_bram_ctrl_inst.yz_ram.u_mem.u_mem.g_2k[3].u_cell.u_sram/addr0[5]    0.040000    0.119616   -0.079616 (VIOLATED)
yz_bram_ctrl_inst.yz_ram.u_mem.u_mem.g_2k[0].u_cell.u_sram/wmask0[3]    0.040000    0.119449   -0.079449 (VIOLATED)
data_bram_ctrl_inst.data_ram.u_mem.g_2k[3].u_cell.u_sram/addr0[1]    0.040000    0.119446   -0.079446 (VIOLATED)
data_bram_ctrl_inst.data_ram.u_mem.g_2k[2].u_cell.u_sram/addr0[0]    0.040000    0.119424   -0.079424 (VIOLATED)
data_bram_ctrl_inst.data_ram.u_mem.g_2k[3].u_cell.u_sram/addr0[0]    0.040000    0.119367   -0.079367 (VIOLATED)
data_bram_ctrl_inst.data_ram.u_mem.g_2k[3].u_cell.u_sram/addr1[6]    0.040000    0.119318   -0.079318 (VIOLATED)
instr_bram_ctrl_inst.instr_ram.u_mem.g_2k[1].u_cell.u_sram/addr1[2]    0.040000    0.119281   -0.079281 (VIOLATED)
instr_bram_ctrl_inst.instr_ram.u_mem.g_2k[2].u_cell.u_sram/addr0[6]    0.040000    0.119267   -0.079267 (VIOLATED)
instr_bram_ctrl_inst.instr_ram.u_mem.g_2k[3].u_cell.u_sram/addr1[1]    0.040000    0.119252   -0.079252 (VIOLATED)
yz_bram_ctrl_inst.yz_ram.u_mem.u_mem.g_2k[1].u_cell.u_sram/addr0[0]    0.040000    0.119213   -0.079213 (VIOLATED)
instr_bram_ctrl_inst.instr_ram.u_mem.g_2k[1].u_cell.u_sram/wmask0[1]    0.040000    0.119198   -0.079198 (VIOLATED)
conv_accelerator_inst.u_conv_buf_ram.u_mem.u_mem.g_2k[1].u_cell.u_sram/addr0[1]    0.040000    0.119177   -0.079177 (VIOLATED)
data_bram_ctrl_inst.data_ram.u_mem.g_2k[3].u_cell.u_sram/addr1[1]    0.040000    0.119154   -0.079154 (VIOLATED)
instr_bram_ctrl_inst.instr_ram.u_mem.g_2k[1].u_cell.u_sram/addr1[6]    0.040000    0.119124   -0.079124 (VIOLATED)
yz_bram_ctrl_inst.yz_ram.u_mem.u_mem.g_2k[0].u_cell.u_sram/addr1[1]    0.040000    0.119035   -0.079035 (VIOLATED)
instr_bram_ctrl_inst.instr_ram.u_mem.g_2k[2].u_cell.u_sram/wmask0[2]    0.040000    0.118956   -0.078956 (VIOLATED)
conv_accelerator_inst.u_conv_buf_ram.u_mem.u_mem.g_2k[1].u_cell.u_sram/addr0[4]    0.040000    0.118865   -0.078865 (VIOLATED)
instr_bram_ctrl_inst.instr_ram.u_mem.g_2k[0].u_cell.u_sram/addr0[4]    0.040000    0.118865   -0.078865 (VIOLATED)
data_bram_ctrl_inst.data_ram.u_mem.g_2k[3].u_cell.u_sram/addr0[7]    0.040000    0.118783   -0.078783 (VIOLATED)
instr_bram_ctrl_inst.instr_ram.u_mem.g_2k[1].u_cell.u_sram/addr1[4]    0.040000    0.118763   -0.078763 (VIOLATED)
instr_bram_ctrl_inst.instr_ram.u_mem.g_2k[0].u_cell.u_sram/addr0[6]    0.040000    0.118751   -0.078751 (VIOLATED)
yz_bram_ctrl_inst.yz_ram.u_mem.u_mem.g_2k[2].u_cell.u_sram/wmask0[1]    0.040000    0.118741   -0.078741 (VIOLATED)
instr_bram_ctrl_inst.instr_ram.u_mem.g_2k[2].u_cell.u_sram/addr0[4]    0.040000    0.118637   -0.078637 (VIOLATED)
yz_bram_ctrl_inst.yz_ram.u_mem.u_mem.g_2k[1].u_cell.u_sram/addr0[2]    0.040000    0.118600   -0.078600 (VIOLATED)
conv_accelerator_inst.u_conv_buf_ram.u_mem.u_mem.g_2k[1].u_cell.u_sram/addr0[6]    0.040000    0.118554   -0.078554 (VIOLATED)
yz_bram_ctrl_inst.yz_ram.u_mem.u_mem.g_2k[2].u_cell.u_sram/addr0[4]    0.040000    0.118536   -0.078536 (VIOLATED)
yz_bram_ctrl_inst.yz_ram.u_mem.u_mem.g_1k.u_cell.u_sram/wmask0[0]    0.040000    0.118524   -0.078524 (VIOLATED)
yz_bram_ctrl_inst.yz_ram.u_mem.u_mem.g_2k[2].u_cell.u_sram/addr0[6]    0.040000    0.118500   -0.078500 (VIOLATED)
data_bram_ctrl_inst.data_ram.u_mem.g_2k[0].u_cell.u_sram/addr0[8]    0.040000    0.118492   -0.078492 (VIOLATED)
yz_bram_ctrl_inst.yz_ram.u_mem.u_mem.g_2k[1].u_cell.u_sram/addr0[4]    0.040000    0.118480   -0.078480 (VIOLATED)
yz_bram_ctrl_inst.yz_ram.u_mem.u_mem.g_2k[0].u_cell.u_sram/addr1[5]    0.040000    0.118468   -0.078468 (VIOLATED)
conv_accelerator_inst.u_conv_buf_ram.u_mem.u_mem.g_2k[0].u_cell.u_sram/addr0[6]    0.040000    0.118459   -0.078459 (VIOLATED)
instr_bram_ctrl_inst.instr_ram.u_mem.g_2k[3].u_cell.u_sram/addr0[6]    0.040000    0.118398   -0.078398 (VIOLATED)
conv_accelerator_inst.u_conv_buf_ram.u_mem.u_mem.g_2k[0].u_cell.u_sram/addr1[4]    0.040000    0.118394   -0.078394 (VIOLATED)
yz_bram_ctrl_inst.yz_ram.u_mem.u_mem.g_2k[3].u_cell.u_sram/addr0[4]    0.040000    0.118367   -0.078367 (VIOLATED)
instr_bram_ctrl_inst.instr_ram.u_mem.g_2k[3].u_cell.u_sram/addr0[4]    0.040000    0.118343   -0.078343 (VIOLATED)
instr_bram_ctrl_inst.instr_ram.u_mem.g_2k[0].u_cell.u_sram/addr0[8]    0.040000    0.118322   -0.078322 (VIOLATED)
yz_bram_ctrl_inst.yz_ram.u_mem.u_mem.g_2k[2].u_cell.u_sram/addr0[1]    0.040000    0.118285   -0.078285 (VIOLATED)
data_bram_ctrl_inst.data_ram.u_mem.g_2k[1].u_cell.u_sram/addr0[6]    0.040000    0.118282   -0.078282 (VIOLATED)
yz_bram_ctrl_inst.yz_ram.u_mem.u_mem.g_2k[2].u_cell.u_sram/addr0[2]    0.040000    0.118141   -0.078141 (VIOLATED)
data_bram_ctrl_inst.data_ram.u_mem.g_2k[3].u_cell.u_sram/wmask0[3]    0.040000    0.118107   -0.078107 (VIOLATED)
yz_bram_ctrl_inst.yz_ram.u_mem.u_mem.g_2k[0].u_cell.u_sram/addr1[6]    0.040000    0.118088   -0.078088 (VIOLATED)
data_bram_ctrl_inst.data_ram.u_mem.g_2k[3].u_cell.u_sram/addr0[4]    0.040000    0.117987   -0.077987 (VIOLATED)
data_bram_ctrl_inst.data_ram.u_mem.g_2k[2].u_cell.u_sram/wmask0[1]    0.040000    0.117941   -0.077941 (VIOLATED)
data_bram_ctrl_inst.data_ram.u_mem.g_2k[1].u_cell.u_sram/addr0[3]    0.040000    0.117916   -0.077916 (VIOLATED)
yz_bram_ctrl_inst.yz_ram.u_mem.u_mem.g_2k[3].u_cell.u_sram/addr1[5]    0.040000    0.117898   -0.077898 (VIOLATED)
conv_accelerator_inst.u_conv_buf_ram.u_mem.u_mem.g_2k[1].u_cell.u_sram/addr0[5]    0.040000    0.117879   -0.077879 (VIOLATED)
yz_bram_ctrl_inst.yz_ram.u_mem.u_mem.g_2k[1].u_cell.u_sram/addr1[5]    0.040000    0.117870   -0.077870 (VIOLATED)
data_bram_ctrl_inst.data_ram.u_mem.g_2k[0].u_cell.u_sram/addr1[6]    0.040000    0.117762   -0.077762 (VIOLATED)
conv_accelerator_inst.u_conv_buf_ram.u_mem.u_mem.g_2k[1].u_cell.u_sram/addr0[0]    0.040000    0.117714   -0.077714 (VIOLATED)
yz_bram_ctrl_inst.yz_ram.u_mem.u_mem.g_2k[1].u_cell.u_sram/addr1[6]    0.040000    0.117668   -0.077668 (VIOLATED)
yz_bram_ctrl_inst.yz_ram.u_mem.u_mem.g_2k[1].u_cell.u_sram/addr1[0]    0.040000    0.117609   -0.077609 (VIOLATED)
data_bram_ctrl_inst.data_ram.u_mem.g_2k[1].u_cell.u_sram/addr0[7]    0.040000    0.117561   -0.077561 (VIOLATED)
yz_bram_ctrl_inst.yz_ram.u_mem.u_mem.g_2k[0].u_cell.u_sram/wmask0[0]    0.040000    0.117477   -0.077477 (VIOLATED)
yz_bram_ctrl_inst.yz_ram.u_mem.u_mem.g_2k[3].u_cell.u_sram/addr0[7]    0.040000    0.117473   -0.077473 (VIOLATED)
yz_bram_ctrl_inst.yz_ram.u_mem.u_mem.g_2k[0].u_cell.u_sram/addr1[4]    0.040000    0.117470   -0.077470 (VIOLATED)
yz_bram_ctrl_inst.yz_ram.u_mem.u_mem.g_2k[3].u_cell.u_sram/addr1[2]    0.040000    0.117462   -0.077462 (VIOLATED)
yz_bram_ctrl_inst.yz_ram.u_mem.u_mem.g_1k.u_cell.u_sram/addr1[2]    0.040000    0.117456   -0.077456 (VIOLATED)
data_bram_ctrl_inst.data_ram.u_mem.g_2k[3].u_cell.u_sram/addr0[3]    0.040000    0.117444   -0.077444 (VIOLATED)
data_bram_ctrl_inst.data_ram.u_mem.g_2k[1].u_cell.u_sram/addr1[2]    0.040000    0.117440   -0.077440 (VIOLATED)
instr_bram_ctrl_inst.instr_ram.u_mem.g_2k[0].u_cell.u_sram/addr0[0]    0.040000    0.117413   -0.077413 (VIOLATED)
yz_bram_ctrl_inst.yz_ram.u_mem.u_mem.g_2k[2].u_cell.u_sram/wmask0[0]    0.040000    0.117346   -0.077346 (VIOLATED)
conv_accelerator_inst.u_conv_buf_ram.u_mem.u_mem.g_2k[1].u_cell.u_sram/addr1[3]    0.040000    0.117339   -0.077339 (VIOLATED)
data_bram_ctrl_inst.data_ram.u_mem.g_2k[0].u_cell.u_sram/addr0[2]    0.040000    0.117331   -0.077331 (VIOLATED)
conv_accelerator_inst.u_conv_buf_ram.u_mem.u_mem.g_2k[0].u_cell.u_sram/addr0[2]    0.040000    0.117304   -0.077304 (VIOLATED)
data_bram_ctrl_inst.data_ram.u_mem.g_2k[0].u_cell.u_sram/addr0[5]    0.040000    0.117304   -0.077304 (VIOLATED)
data_bram_ctrl_inst.data_ram.u_mem.g_2k[1].u_cell.u_sram/addr0[8]    0.040000    0.117278   -0.077278 (VIOLATED)
yz_bram_ctrl_inst.yz_ram.u_mem.u_mem.g_1k.u_cell.u_sram/addr0[7]    0.040000    0.117269   -0.077269 (VIOLATED)
yz_bram_ctrl_inst.yz_ram.u_mem.u_mem.g_2k[2].u_cell.u_sram/addr1[1]    0.040000    0.117231   -0.077231 (VIOLATED)
yz_bram_ctrl_inst.yz_ram.u_mem.u_mem.g_2k[0].u_cell.u_sram/addr1[0]    0.040000    0.117198   -0.077198 (VIOLATED)
data_bram_ctrl_inst.data_ram.u_mem.g_2k[3].u_cell.u_sram/wmask0[0]    0.040000    0.117179   -0.077179 (VIOLATED)
yz_bram_ctrl_inst.yz_ram.u_mem.u_mem.g_2k[1].u_cell.u_sram/addr1[4]    0.040000    0.117145   -0.077145 (VIOLATED)
data_bram_ctrl_inst.data_ram.u_mem.g_2k[0].u_cell.u_sram/addr1[5]    0.040000    0.117090   -0.077090 (VIOLATED)
instr_bram_ctrl_inst.instr_ram.u_mem.g_2k[0].u_cell.u_sram/addr0[2]    0.040000    0.117050   -0.077050 (VIOLATED)
instr_bram_ctrl_inst.instr_ram.u_mem.g_2k[2].u_cell.u_sram/addr0[8]    0.040000    0.117033   -0.077033 (VIOLATED)
yz_bram_ctrl_inst.yz_ram.u_mem.u_mem.g_2k[3].u_cell.u_sram/addr1[6]    0.040000    0.116999   -0.076999 (VIOLATED)
yz_bram_ctrl_inst.yz_ram.u_mem.u_mem.g_2k[1].u_cell.u_sram/addr0[6]    0.040000    0.116997   -0.076997 (VIOLATED)
yz_bram_ctrl_inst.yz_ram.u_mem.u_mem.g_2k[0].u_cell.u_sram/addr0[2]    0.040000    0.116936   -0.076936 (VIOLATED)
data_bram_ctrl_inst.data_ram.u_mem.g_2k[3].u_cell.u_sram/addr0[8]    0.040000    0.116894   -0.076894 (VIOLATED)
instr_bram_ctrl_inst.instr_ram.u_mem.g_2k[3].u_cell.u_sram/addr1[3]    0.040000    0.116874   -0.076874 (VIOLATED)
conv_accelerator_inst.u_conv_buf_ram.u_mem.u_mem.g_2k[0].u_cell.u_sram/addr1[5]    0.040000    0.116824   -0.076824 (VIOLATED)
data_bram_ctrl_inst.data_ram.u_mem.g_2k[0].u_cell.u_sram/addr0[3]    0.040000    0.116798   -0.076798 (VIOLATED)
instr_bram_ctrl_inst.instr_ram.u_mem.g_2k[0].u_cell.u_sram/addr1[5]    0.040000    0.116792   -0.076792 (VIOLATED)
yz_bram_ctrl_inst.yz_ram.u_mem.u_mem.g_1k.u_cell.u_sram/addr1[3]    0.040000    0.116770   -0.076770 (VIOLATED)
conv_accelerator_inst.u_conv_buf_ram.u_mem.u_mem.g_2k[1].u_cell.u_sram/addr1[1]    0.040000    0.116710   -0.076710 (VIOLATED)
yz_bram_ctrl_inst.yz_ram.u_mem.u_mem.g_2k[2].u_cell.u_sram/addr1[5]    0.040000    0.116705   -0.076705 (VIOLATED)
instr_bram_ctrl_inst.instr_ram.u_mem.g_2k[3].u_cell.u_sram/wmask0[0]    0.040000    0.116703   -0.076703 (VIOLATED)
instr_bram_ctrl_inst.instr_ram.u_mem.g_2k[0].u_cell.u_sram/addr0[3]    0.040000    0.116699   -0.076699 (VIOLATED)
yz_bram_ctrl_inst.yz_ram.u_mem.u_mem.g_2k[0].u_cell.u_sram/addr0[4]    0.040000    0.116676   -0.076676 (VIOLATED)
data_bram_ctrl_inst.data_ram.u_mem.g_2k[1].u_cell.u_sram/addr1[4]    0.040000    0.116661   -0.076661 (VIOLATED)
data_bram_ctrl_inst.data_ram.u_mem.g_2k[0].u_cell.u_sram/addr1[2]    0.040000    0.116657   -0.076657 (VIOLATED)
instr_bram_ctrl_inst.instr_ram.u_mem.g_2k[3].u_cell.u_sram/addr1[6]    0.040000    0.116651   -0.076651 (VIOLATED)
yz_bram_ctrl_inst.yz_ram.u_mem.u_mem.g_2k[3].u_cell.u_sram/addr1[4]    0.040000    0.116631   -0.076631 (VIOLATED)
yz_bram_ctrl_inst.yz_ram.u_mem.u_mem.g_2k[0].u_cell.u_sram/wmask0[1]    0.040000    0.116613   -0.076613 (VIOLATED)
conv_accelerator_inst.u_conv_buf_ram.u_mem.u_mem.g_2k[0].u_cell.u_sram/addr0[1]    0.040000    0.116604   -0.076604 (VIOLATED)
yz_bram_ctrl_inst.yz_ram.u_mem.u_mem.g_2k[2].u_cell.u_sram/addr1[6]    0.040000    0.116568   -0.076568 (VIOLATED)
instr_bram_ctrl_inst.instr_ram.u_mem.g_2k[3].u_cell.u_sram/addr1[4]    0.040000    0.116536   -0.076536 (VIOLATED)
instr_bram_ctrl_inst.instr_ram.u_mem.g_2k[2].u_cell.u_sram/addr0[2]    0.040000    0.116495   -0.076495 (VIOLATED)
yz_bram_ctrl_inst.yz_ram.u_mem.u_mem.g_2k[0].u_cell.u_sram/addr0[6]    0.040000    0.116401   -0.076402 (VIOLATED)
instr_bram_ctrl_inst.instr_ram.u_mem.g_2k[3].u_cell.u_sram/addr0[2]    0.040000    0.116357   -0.076357 (VIOLATED)
conv_accelerator_inst.u_conv_buf_ram.u_mem.u_mem.g_2k[0].u_cell.u_sram/addr1[2]    0.040000    0.116247   -0.076247 (VIOLATED)
yz_bram_ctrl_inst.yz_ram.u_mem.u_mem.g_1k.u_cell.u_sram/addr0[1]    0.040000    0.116182   -0.076182 (VIOLATED)
instr_bram_ctrl_inst.instr_ram.u_mem.g_2k[3].u_cell.u_sram/addr1[5]    0.040000    0.116072   -0.076072 (VIOLATED)
instr_bram_ctrl_inst.instr_ram.u_mem.g_2k[3].u_cell.u_sram/addr1[2]    0.040000    0.116032   -0.076032 (VIOLATED)
instr_bram_ctrl_inst.instr_ram.u_mem.g_2k[2].u_cell.u_sram/addr0[3]    0.040000    0.116013   -0.076013 (VIOLATED)
instr_bram_ctrl_inst.instr_ram.u_mem.g_2k[2].u_cell.u_sram/addr1[5]    0.040000    0.115980   -0.075980 (VIOLATED)
yz_bram_ctrl_inst.yz_ram.u_mem.u_mem.g_1k.u_cell.u_sram/addr0[5]    0.040000    0.115979   -0.075979 (VIOLATED)
yz_bram_ctrl_inst.yz_ram.u_mem.u_mem.g_1k.u_cell.u_sram/addr0[4]    0.040000    0.115978   -0.075978 (VIOLATED)
data_bram_ctrl_inst.data_ram.u_mem.g_2k[3].u_cell.u_sram/addr0[5]    0.040000    0.115966   -0.075966 (VIOLATED)
yz_bram_ctrl_inst.yz_ram.u_mem.u_mem.g_1k.u_cell.u_sram/addr0[3]    0.040000    0.115966   -0.075966 (VIOLATED)
data_bram_ctrl_inst.data_ram.u_mem.g_2k[1].u_cell.u_sram/addr0[5]    0.040000    0.115897   -0.075897 (VIOLATED)
conv_accelerator_inst.u_conv_buf_ram.u_mem.u_mem.g_2k[0].u_cell.u_sram/wmask0[1]    0.040000    0.115839   -0.075839 (VIOLATED)
instr_bram_ctrl_inst.instr_ram.u_mem.g_2k[2].u_cell.u_sram/addr0[1]    0.040000    0.115825   -0.075825 (VIOLATED)
data_bram_ctrl_inst.data_ram.u_mem.g_2k[0].u_cell.u_sram/addr1[3]    0.040000    0.115786   -0.075786 (VIOLATED)
yz_bram_ctrl_inst.yz_ram.u_mem.u_mem.g_2k[3].u_cell.u_sram/addr1[3]    0.040000    0.115766   -0.075766 (VIOLATED)
instr_bram_ctrl_inst.instr_ram.u_mem.g_2k[0].u_cell.u_sram/addr1[6]    0.040000    0.115750   -0.075750 (VIOLATED)
instr_bram_ctrl_inst.instr_ram.u_mem.g_2k[2].u_cell.u_sram/addr0[5]    0.040000    0.115747   -0.075747 (VIOLATED)
instr_bram_ctrl_inst.instr_ram.u_mem.g_2k[0].u_cell.u_sram/addr1[4]    0.040000    0.115641   -0.075641 (VIOLATED)
instr_bram_ctrl_inst.instr_ram.u_mem.g_2k[3].u_cell.u_sram/addr0[3]    0.040000    0.115638   -0.075638 (VIOLATED)
instr_bram_ctrl_inst.instr_ram.u_mem.g_2k[0].u_cell.u_sram/addr0[5]    0.040000    0.115579   -0.075579 (VIOLATED)
yz_bram_ctrl_inst.yz_ram.u_mem.u_mem.g_2k[2].u_cell.u_sram/addr0[7]    0.040000    0.115577   -0.075577 (VIOLATED)
conv_accelerator_inst.u_conv_buf_ram.u_mem.u_mem.g_2k[1].u_cell.u_sram/addr1[4]    0.040000    0.115555   -0.075555 (VIOLATED)
conv_accelerator_inst.u_conv_buf_ram.u_mem.u_mem.g_2k[0].u_cell.u_sram/addr0[8]    0.040000    0.115547   -0.075547 (VIOLATED)
yz_bram_ctrl_inst.yz_ram.u_mem.u_mem.g_2k[2].u_cell.u_sram/addr0[8]    0.040000    0.115532   -0.075532 (VIOLATED)
data_bram_ctrl_inst.data_ram.u_mem.g_2k[0].u_cell.u_sram/addr0[7]    0.040000    0.115470   -0.075470 (VIOLATED)
instr_bram_ctrl_inst.instr_ram.u_mem.g_2k[0].u_cell.u_sram/addr1[3]    0.040000    0.115434   -0.075434 (VIOLATED)
data_bram_ctrl_inst.data_ram.u_mem.g_2k[3].u_cell.u_sram/wmask0[1]    0.040000    0.115388   -0.075388 (VIOLATED)
yz_bram_ctrl_inst.yz_ram.u_mem.u_mem.g_2k[3].u_cell.u_sram/addr0[8]    0.040000    0.115362   -0.075362 (VIOLATED)
instr_bram_ctrl_inst.instr_ram.u_mem.g_2k[0].u_cell.u_sram/addr1[1]    0.040000    0.115338   -0.075338 (VIOLATED)
yz_bram_ctrl_inst.yz_ram.u_mem.u_mem.g_1k.u_cell.u_sram/addr0[6]    0.040000    0.115304   -0.075304 (VIOLATED)
yz_bram_ctrl_inst.yz_ram.u_mem.u_mem.g_1k.u_cell.u_sram/addr0[2]    0.040000    0.115302   -0.075302 (VIOLATED)
data_bram_ctrl_inst.data_ram.u_mem.g_2k[3].u_cell.u_sram/wmask0[2]    0.040000    0.115248   -0.075248 (VIOLATED)
instr_bram_ctrl_inst.instr_ram.u_mem.g_2k[2].u_cell.u_sram/addr1[3]    0.040000    0.115205   -0.075205 (VIOLATED)
data_bram_ctrl_inst.data_ram.u_mem.g_2k[0].u_cell.u_sram/addr1[1]    0.040000    0.115197   -0.075197 (VIOLATED)
conv_accelerator_inst.u_conv_buf_ram.u_mem.u_mem.g_2k[0].u_cell.u_sram/wmask0[0]    0.040000    0.115189   -0.075189 (VIOLATED)
data_bram_ctrl_inst.data_ram.u_mem.g_2k[3].u_cell.u_sram/addr0[6]    0.040000    0.115184   -0.075184 (VIOLATED)
instr_bram_ctrl_inst.instr_ram.u_mem.g_2k[0].u_cell.u_sram/wmask0[1]    0.040000    0.115176   -0.075176 (VIOLATED)
yz_bram_ctrl_inst.yz_ram.u_mem.u_mem.g_2k[3].u_cell.u_sram/addr1[1]    0.040000    0.115104   -0.075104 (VIOLATED)
yz_bram_ctrl_inst.yz_ram.u_mem.u_mem.g_2k[2].u_cell.u_sram/addr0[3]    0.040000    0.115032   -0.075032 (VIOLATED)
instr_bram_ctrl_inst.instr_ram.u_mem.g_2k[3].u_cell.u_sram/addr0[5]    0.040000    0.115021   -0.075021 (VIOLATED)
conv_accelerator_inst.u_conv_buf_ram.u_mem.u_mem.g_2k[1].u_cell.u_sram/addr1[0]    0.040000    0.114999   -0.074999 (VIOLATED)
yz_bram_ctrl_inst.yz_ram.u_mem.u_mem.g_2k[1].u_cell.u_sram/addr0[7]    0.040000    0.114877   -0.074877 (VIOLATED)
yz_bram_ctrl_inst.yz_ram.u_mem.u_mem.g_2k[1].u_cell.u_sram/addr1[3]    0.040000    0.114819   -0.074819 (VIOLATED)
conv_accelerator_inst.u_conv_buf_ram.u_mem.u_mem.g_2k[0].u_cell.u_sram/addr1[1]    0.040000    0.114791   -0.074791 (VIOLATED)
yz_bram_ctrl_inst.yz_ram.u_mem.u_mem.g_1k.u_cell.u_sram/addr1[0]    0.040000    0.114784   -0.074784 (VIOLATED)
data_bram_ctrl_inst.data_ram.u_mem.g_2k[1].u_cell.u_sram/addr0[2]    0.040000    0.114766   -0.074766 (VIOLATED)
yz_bram_ctrl_inst.yz_ram.u_mem.u_mem.g_2k[1].u_cell.u_sram/addr0[8]    0.040000    0.114661   -0.074661 (VIOLATED)
yz_bram_ctrl_inst.yz_ram.u_mem.u_mem.g_2k[2].u_cell.u_sram/addr1[3]    0.040000    0.114636   -0.074636 (VIOLATED)
instr_bram_ctrl_inst.instr_ram.u_mem.g_2k[0].u_cell.u_sram/addr1[0]    0.040000    0.114596   -0.074596 (VIOLATED)
instr_bram_ctrl_inst.instr_ram.u_mem.g_2k[2].u_cell.u_sram/wmask0[3]    0.040000    0.114577   -0.074577 (VIOLATED)
instr_bram_ctrl_inst.instr_ram.u_mem.g_2k[2].u_cell.u_sram/addr0[0]    0.040000    0.114570   -0.074570 (VIOLATED)
yz_bram_ctrl_inst.yz_ram.u_mem.u_mem.g_2k[2].u_cell.u_sram/addr1[4]    0.040000    0.114563   -0.074563 (VIOLATED)
yz_bram_ctrl_inst.yz_ram.u_mem.u_mem.g_2k[1].u_cell.u_sram/addr0[3]    0.040000    0.114536   -0.074536 (VIOLATED)
yz_bram_ctrl_inst.yz_ram.u_mem.u_mem.g_2k[0].u_cell.u_sram/addr0[8]    0.040000    0.114499   -0.074499 (VIOLATED)
instr_bram_ctrl_inst.instr_ram.u_mem.g_2k[3].u_cell.u_sram/addr0[8]    0.040000    0.114422   -0.074422 (VIOLATED)
instr_bram_ctrl_inst.instr_ram.u_mem.g_2k[2].u_cell.u_sram/addr1[1]    0.040000    0.114384   -0.074384 (VIOLATED)
conv_accelerator_inst.u_conv_buf_ram.u_mem.u_mem.g_2k[1].u_cell.u_sram/addr1[2]    0.040000    0.114341   -0.074341 (VIOLATED)
yz_bram_ctrl_inst.yz_ram.u_mem.u_mem.g_2k[0].u_cell.u_sram/addr0[3]    0.040000    0.114312   -0.074312 (VIOLATED)
yz_bram_ctrl_inst.yz_ram.u_mem.u_mem.g_2k[0].u_cell.u_sram/addr1[3]    0.040000    0.114263   -0.074263 (VIOLATED)
data_bram_ctrl_inst.data_ram.u_mem.g_2k[3].u_cell.u_sram/addr0[2]    0.040000    0.114250   -0.074250 (VIOLATED)
yz_bram_ctrl_inst.yz_ram.u_mem.u_mem.g_2k[0].u_cell.u_sram/addr0[7]    0.040000    0.114237   -0.074237 (VIOLATED)
yz_bram_ctrl_inst.yz_ram.u_mem.u_mem.g_1k.u_cell.u_sram/wmask0[2]    0.040000    0.114148   -0.074148 (VIOLATED)
yz_bram_ctrl_inst.yz_ram.u_mem.u_mem.g_1k.u_cell.u_sram/wmask0[1]    0.040000    0.114137   -0.074137 (VIOLATED)
yz_bram_ctrl_inst.yz_ram.u_mem.u_mem.g_2k[2].u_cell.u_sram/addr0[5]    0.040000    0.114110   -0.074110 (VIOLATED)
instr_bram_ctrl_inst.instr_ram.u_mem.g_2k[2].u_cell.u_sram/addr1[0]    0.040000    0.114074   -0.074074 (VIOLATED)
instr_bram_ctrl_inst.instr_ram.u_mem.g_2k[0].u_cell.u_sram/addr0[7]    0.040000    0.113952   -0.073952 (VIOLATED)
yz_bram_ctrl_inst.yz_ram.u_mem.u_mem.g_1k.u_cell.u_sram/addr1[1]    0.040000    0.113889   -0.073889 (VIOLATED)
yz_bram_ctrl_inst.yz_ram.u_mem.u_mem.g_2k[1].u_cell.u_sram/addr1[2]    0.040000    0.113869   -0.073869 (VIOLATED)
instr_bram_ctrl_inst.instr_ram.u_mem.g_2k[3].u_cell.u_sram/addr0[7]    0.040000    0.113842   -0.073842 (VIOLATED)
yz_bram_ctrl_inst.yz_ram.u_mem.u_mem.g_2k[0].u_cell.u_sram/addr1[2]    0.040000    0.113834   -0.073834 (VIOLATED)
data_bram_ctrl_inst.data_ram.u_mem.g_2k[0].u_cell.u_sram/addr1[0]    0.040000    0.113804   -0.073804 (VIOLATED)
instr_bram_ctrl_inst.instr_ram.u_mem.g_2k[2].u_cell.u_sram/addr0[7]    0.040000    0.113704   -0.073704 (VIOLATED)
yz_bram_ctrl_inst.yz_ram.u_mem.u_mem.g_2k[2].u_cell.u_sram/addr1[2]    0.040000    0.113693   -0.073693 (VIOLATED)
conv_accelerator_inst.u_conv_buf_ram.u_mem.u_mem.g_2k[0].u_cell.u_sram/addr1[0]    0.040000    0.113674   -0.073674 (VIOLATED)
instr_bram_ctrl_inst.instr_ram.u_mem.g_2k[0].u_cell.u_sram/wmask0[3]    0.040000    0.113659   -0.073659 (VIOLATED)
instr_bram_ctrl_inst.instr_ram.u_mem.g_2k[0].u_cell.u_sram/addr1[2]    0.040000    0.113398   -0.073398 (VIOLATED)
instr_bram_ctrl_inst.instr_ram.u_mem.g_2k[0].u_cell.u_sram/wmask0[2]    0.040000    0.113237   -0.073237 (VIOLATED)
yz_bram_ctrl_inst.yz_ram.u_mem.u_mem.g_2k[0].u_cell.u_sram/addr0[5]    0.040000    0.112770   -0.072770 (VIOLATED)
load_slew30512/A                        0.750000    0.818951   -0.068951 (VIOLATED)
QSPI_IO1                                0.750000    0.816896   -0.066896 (VIOLATED)
_129789_/Z                              0.750000    0.768076   -0.018076 (VIOLATED)
hold30719/A                             0.750000    0.760344   -0.010344 (VIOLATED)

max capacitance

Pin                                        Limit         Cap       Slack
------------------------------------------------------------------------
QSPI_IO2                                0.200000    0.288562   -0.088562 (VIOLATED)
_129790_/Z                              0.200000    0.288562   -0.088562 (VIOLATED)
QSPI_IO0                                0.200000    0.286521   -0.086521 (VIOLATED)
_129792_/Z                              0.200000    0.286521   -0.086521 (VIOLATED)
QSPI_IO3                                0.200000    0.261594   -0.061594 (VIOLATED)
_129789_/Z                              0.200000    0.261594   -0.061594 (VIOLATED)
QSPI_IO1                                0.200000    0.241212   -0.041212 (VIOLATED)
_129791_/Z                              0.200000    0.241212   -0.041212 (VIOLATED)
clkbuf_6_1__f_clk_i_regs/X              0.200000    0.224466   -0.024466 (VIOLATED)
yz_bram_ctrl_inst.yz_ram.u_mem.u_mem.g_1k.u_cell.u_sram/dout1[1]    0.027560    0.050037   -0.022477 (VIOLATED)
yz_bram_ctrl_inst.yz_ram.u_mem.u_mem.g_2k[3].u_cell.u_sram/dout1[4]    0.027560    0.043860   -0.016300 (VIOLATED)
clkbuf_6_0__f_clk_i_regs/X              0.200000    0.213336   -0.013336 (VIOLATED)
yz_bram_ctrl_inst.yz_ram.u_mem.u_mem.g_2k[1].u_cell.u_sram/dout1[25]    0.027560    0.036330   -0.008770 (VIOLATED)
clkbuf_6_14__f_clk_i_regs/X             0.200000    0.206052   -0.006052 (VIOLATED)
clkbuf_6_36__f_clk_i_regs/X             0.200000    0.203711   -0.003711 (VIOLATED)
max_length30598/X                       0.200000    0.201202   -0.001202 (VIOLATED)
I2C_SDA                                 0.200000    0.200231   -0.000231 (VIOLATED)
_129788_/Z                              0.200000    0.200231   -0.000231 (VIOLATED)



===========================================================================
report_parasitic_annotation -report_unannotated
============================================================================
Found 872 unannotated drivers.
 _120461__30553/LO
 _129114__30554/LO
 _129788__30522/HI
 clkload0/Y
 clkload1/Y
 clkload10/Y
 clkload100/Y
 clkload101/X
 clkload102/X
 clkload103/X
 clkload104/Y
 clkload105/X
 clkload106/X
 clkload107/X
 clkload108/X
 clkload109/X
 clkload11/Y
 clkload110/X
 clkload111/Y
 clkload112/X
 clkload113/X
 clkload114/Y
 clkload115/Y
 clkload116/Y
 clkload117/Y
 clkload118/Y
 clkload119/Y
 clkload12/Y
 clkload120/Y
 clkload121/Y
 clkload122/Y
 clkload123/Y
 clkload124/X
 clkload125/Y
 clkload126/Y
 clkload127/Y
 clkload128/X
 clkload129/X
 clkload13/Y
 clkload130/Y
 clkload131/Y
 clkload132/Y
 clkload133/Y
 clkload134/X
 clkload135/X
 clkload136/X
 clkload137/X
 clkload138/Y
 clkload139/Y
 clkload14/X
 clkload140/Y
 clkload141/Y
 clkload142/Y
 clkload143/X
 clkload144/X
 clkload145/Y
 clkload146/Y
 clkload147/Y
 clkload148/Y
 clkload149/Y
 clkload15/Y
 clkload150/Y
 clkload151/X
 clkload152/Y
 clkload153/Y
 clkload154/Y
 clkload155/X
 clkload156/Y
 clkload157/X
 clkload158/Y
 clkload159/X
 clkload16/Y
 clkload160/Y
 clkload161/Y
 clkload162/Y
 clkload163/Y
 clkload164/Y
 clkload165/Y
 clkload166/Y
 clkload167/Y
 clkload168/X
 clkload169/Y
 clkload17/Y
 clkload170/Y
 clkload171/X
 clkload172/Y
 clkload173/Y
 clkload174/X
 clkload175/Y
 clkload176/X
 clkload177/X
 clkload178/Y
 clkload179/X
 clkload18/Y
 clkload180/Y
 clkload181/X
 clkload182/Y
 clkload183/Y
 clkload184/Y
 clkload185/Y
 clkload186/X
 clkload187/Y
 clkload188/X
 clkload189/Y
 clkload19/Y
 clkload190/Y
 clkload191/Y
 clkload192/Y
 clkload193/Y
 clkload194/Y
 clkload195/Y
 clkload196/X
 clkload197/X
 clkload198/X
 clkload199/X
 clkload2/Y
 clkload20/Y
 clkload200/X
 clkload201/Y
 clkload202/X
 clkload203/X
 clkload204/X
 clkload205/X
 clkload206/Y
 clkload207/Y
 clkload208/Y
 clkload209/Y
 clkload21/Y
 clkload210/X
 clkload211/Y
 clkload212/X
 clkload213/Y
 clkload214/Y
 clkload215/X
 clkload216/Y
 clkload217/Y
 clkload218/Y
 clkload219/Y
 clkload22/Y
 clkload220/Y
 clkload221/X
 clkload222/Y
 clkload223/Y
 clkload224/Y
 clkload225/Y
 clkload226/Y
 clkload227/Y
 clkload228/Y
 clkload229/Y
 clkload23/Y
 clkload230/Y
 clkload231/Y
 clkload232/Y
 clkload233/Y
 clkload234/Y
 clkload235/Y
 clkload236/Y
 clkload237/Y
 clkload238/Y
 clkload239/Y
 clkload24/Y
 clkload240/Y
 clkload241/Y
 clkload242/Y
 clkload243/Y
 clkload244/X
 clkload245/Y
 clkload246/Y
 clkload247/Y
 clkload248/Y
 clkload249/Y
 clkload25/Y
 clkload250/Y
 clkload251/X
 clkload252/Y
 clkload253/Y
 clkload254/Y
 clkload255/X
 clkload256/Y
 clkload257/X
 clkload258/Y
 clkload259/Y
 clkload26/X
 clkload260/Y
 clkload261/Y
 clkload262/Y
 clkload263/Y
 clkload264/Y
 clkload265/Y
 clkload266/X
 clkload267/X
 clkload268/Y
 clkload269/Y
 clkload27/X
 clkload270/Y
 clkload271/Y
 clkload272/X
 clkload273/Y
 clkload274/Y
 clkload275/Y
 clkload276/Y
 clkload277/Y
 clkload278/Y
 clkload279/Y
 clkload28/X
 clkload280/Y
 clkload281/Y
 clkload282/Y
 clkload283/Y
 clkload284/Y
 clkload285/Y
 clkload286/Y
 clkload287/Y
 clkload288/Y
 clkload289/Y
 clkload29/X
 clkload290/Y
 clkload291/Y
 clkload292/Y
 clkload293/Y
 clkload294/Y
 clkload295/Y
 clkload296/Y
 clkload297/Y
 clkload298/Y
 clkload299/Y
 clkload3/Y
 clkload30/Y
 clkload300/Y
 clkload301/Y
 clkload302/Y
 clkload303/Y
 clkload304/Y
 clkload305/Y
 clkload306/X
 clkload307/Y
 clkload308/Y
 clkload309/Y
 clkload31/Y
 clkload310/Y
 clkload311/Y
 clkload312/Y
 clkload313/Y
 clkload314/Y
 clkload315/Y
 clkload316/Y
 clkload317/Y
 clkload318/Y
 clkload319/Y
 clkload32/Y
 clkload320/Y
 clkload321/Y
 clkload322/Y
 clkload323/Y
 clkload324/Y
 clkload325/X
 clkload326/Y
 clkload327/X
 clkload328/Y
 clkload329/Y
 clkload33/X
 clkload330/Y
 clkload331/Y
 clkload332/Y
 clkload333/X
 clkload334/Y
 clkload335/Y
 clkload336/Y
 clkload337/Y
 clkload338/Y
 clkload339/Y
 clkload34/X
 clkload340/Y
 clkload341/X
 clkload342/Y
 clkload343/Y
 clkload344/Y
 clkload345/Y
 clkload346/Y
 clkload347/Y
 clkload348/Y
 clkload349/Y
 clkload35/Y
 clkload350/Y
 clkload351/Y
 clkload352/Y
 clkload353/Y
 clkload354/Y
 clkload355/Y
 clkload356/Y
 clkload357/Y
 clkload36/X
 clkload37/X
 clkload38/Y
 clkload39/X
 clkload4/Y
 clkload40/X
 clkload41/X
 clkload42/X
 clkload43/Y
 clkload44/Y
 clkload45/X
 clkload46/Y
 clkload47/X
 clkload48/X
 clkload49/X
 clkload5/Y
 clkload50/X
 clkload51/X
 clkload52/X
 clkload53/X
 clkload54/X
 clkload55/X
 clkload56/X
 clkload57/X
 clkload58/X
 clkload59/X
 clkload6/Y
 clkload60/Y
 clkload61/Y
 clkload62/X
 clkload63/X
 clkload64/X
 clkload65/Y
 clkload66/Y
 clkload67/Y
 clkload68/Y
 clkload69/Y
 clkload7/Y
 clkload70/Y
 clkload71/X
 clkload72/X
 clkload73/X
 clkload74/X
 clkload75/X
 clkload76/Y
 clkload77/X
 clkload78/X
 clkload79/X
 clkload8/X
 clkload80/X
 clkload81/Y
 clkload82/X
 clkload83/X
 clkload84/X
 clkload85/X
 clkload86/X
 clkload87/Y
 clkload88/Y
 clkload89/Y
 clkload9/Y
 clkload90/X
 clkload91/Y
 clkload92/X
 clkload93/Y
 clkload94/Y
 clkload95/Y
 clkload96/Y
 clkload97/Y
 clkload98/Y
 clkload99/Y
 conv_accelerator_inst.u_conv_buf_ram.u_mem.u_mem.g_2k\[0\].u_cell.u_sram/dout0[0]
 conv_accelerator_inst.u_conv_buf_ram.u_mem.u_mem.g_2k\[0\].u_cell.u_sram/dout0[10]
 conv_accelerator_inst.u_conv_buf_ram.u_mem.u_mem.g_2k\[0\].u_cell.u_sram/dout0[11]
 conv_accelerator_inst.u_conv_buf_ram.u_mem.u_mem.g_2k\[0\].u_cell.u_sram/dout0[12]
 conv_accelerator_inst.u_conv_buf_ram.u_mem.u_mem.g_2k\[0\].u_cell.u_sram/dout0[13]
 conv_accelerator_inst.u_conv_buf_ram.u_mem.u_mem.g_2k\[0\].u_cell.u_sram/dout0[14]
 conv_accelerator_inst.u_conv_buf_ram.u_mem.u_mem.g_2k\[0\].u_cell.u_sram/dout0[15]
 conv_accelerator_inst.u_conv_buf_ram.u_mem.u_mem.g_2k\[0\].u_cell.u_sram/dout0[16]
 conv_accelerator_inst.u_conv_buf_ram.u_mem.u_mem.g_2k\[0\].u_cell.u_sram/dout0[17]
 conv_accelerator_inst.u_conv_buf_ram.u_mem.u_mem.g_2k\[0\].u_cell.u_sram/dout0[18]
 conv_accelerator_inst.u_conv_buf_ram.u_mem.u_mem.g_2k\[0\].u_cell.u_sram/dout0[19]
 conv_accelerator_inst.u_conv_buf_ram.u_mem.u_mem.g_2k\[0\].u_cell.u_sram/dout0[1]
 conv_accelerator_inst.u_conv_buf_ram.u_mem.u_mem.g_2k\[0\].u_cell.u_sram/dout0[20]
 conv_accelerator_inst.u_conv_buf_ram.u_mem.u_mem.g_2k\[0\].u_cell.u_sram/dout0[21]
 conv_accelerator_inst.u_conv_buf_ram.u_mem.u_mem.g_2k\[0\].u_cell.u_sram/dout0[22]
 conv_accelerator_inst.u_conv_buf_ram.u_mem.u_mem.g_2k\[0\].u_cell.u_sram/dout0[23]
 conv_accelerator_inst.u_conv_buf_ram.u_mem.u_mem.g_2k\[0\].u_cell.u_sram/dout0[24]
 conv_accelerator_inst.u_conv_buf_ram.u_mem.u_mem.g_2k\[0\].u_cell.u_sram/dout0[25]
 conv_accelerator_inst.u_conv_buf_ram.u_mem.u_mem.g_2k\[0\].u_cell.u_sram/dout0[26]
 conv_accelerator_inst.u_conv_buf_ram.u_mem.u_mem.g_2k\[0\].u_cell.u_sram/dout0[27]
 conv_accelerator_inst.u_conv_buf_ram.u_mem.u_mem.g_2k\[0\].u_cell.u_sram/dout0[28]
 conv_accelerator_inst.u_conv_buf_ram.u_mem.u_mem.g_2k\[0\].u_cell.u_sram/dout0[29]
 conv_accelerator_inst.u_conv_buf_ram.u_mem.u_mem.g_2k\[0\].u_cell.u_sram/dout0[2]
 conv_accelerator_inst.u_conv_buf_ram.u_mem.u_mem.g_2k\[0\].u_cell.u_sram/dout0[30]
 conv_accelerator_inst.u_conv_buf_ram.u_mem.u_mem.g_2k\[0\].u_cell.u_sram/dout0[31]
 conv_accelerator_inst.u_conv_buf_ram.u_mem.u_mem.g_2k\[0\].u_cell.u_sram/dout0[3]
 conv_accelerator_inst.u_conv_buf_ram.u_mem.u_mem.g_2k\[0\].u_cell.u_sram/dout0[4]
 conv_accelerator_inst.u_conv_buf_ram.u_mem.u_mem.g_2k\[0\].u_cell.u_sram/dout0[5]
 conv_accelerator_inst.u_conv_buf_ram.u_mem.u_mem.g_2k\[0\].u_cell.u_sram/dout0[6]
 conv_accelerator_inst.u_conv_buf_ram.u_mem.u_mem.g_2k\[0\].u_cell.u_sram/dout0[7]
 conv_accelerator_inst.u_conv_buf_ram.u_mem.u_mem.g_2k\[0\].u_cell.u_sram/dout0[8]
 conv_accelerator_inst.u_conv_buf_ram.u_mem.u_mem.g_2k\[0\].u_cell.u_sram/dout0[9]
 conv_accelerator_inst.u_conv_buf_ram.u_mem.u_mem.g_2k\[0\].u_cell.u_sram_30523/HI
 conv_accelerator_inst.u_conv_buf_ram.u_mem.u_mem.g_2k\[1\].u_cell.u_sram/dout0[0]
 conv_accelerator_inst.u_conv_buf_ram.u_mem.u_mem.g_2k\[1\].u_cell.u_sram/dout0[10]
 conv_accelerator_inst.u_conv_buf_ram.u_mem.u_mem.g_2k\[1\].u_cell.u_sram/dout0[11]
 conv_accelerator_inst.u_conv_buf_ram.u_mem.u_mem.g_2k\[1\].u_cell.u_sram/dout0[12]
 conv_accelerator_inst.u_conv_buf_ram.u_mem.u_mem.g_2k\[1\].u_cell.u_sram/dout0[13]
 conv_accelerator_inst.u_conv_buf_ram.u_mem.u_mem.g_2k\[1\].u_cell.u_sram/dout0[14]
 conv_accelerator_inst.u_conv_buf_ram.u_mem.u_mem.g_2k\[1\].u_cell.u_sram/dout0[15]
 conv_accelerator_inst.u_conv_buf_ram.u_mem.u_mem.g_2k\[1\].u_cell.u_sram/dout0[16]
 conv_accelerator_inst.u_conv_buf_ram.u_mem.u_mem.g_2k\[1\].u_cell.u_sram/dout0[17]
 conv_accelerator_inst.u_conv_buf_ram.u_mem.u_mem.g_2k\[1\].u_cell.u_sram/dout0[18]
 conv_accelerator_inst.u_conv_buf_ram.u_mem.u_mem.g_2k\[1\].u_cell.u_sram/dout0[19]
 conv_accelerator_inst.u_conv_buf_ram.u_mem.u_mem.g_2k\[1\].u_cell.u_sram/dout0[1]
 conv_accelerator_inst.u_conv_buf_ram.u_mem.u_mem.g_2k\[1\].u_cell.u_sram/dout0[20]
 conv_accelerator_inst.u_conv_buf_ram.u_mem.u_mem.g_2k\[1\].u_cell.u_sram/dout0[21]
 conv_accelerator_inst.u_conv_buf_ram.u_mem.u_mem.g_2k\[1\].u_cell.u_sram/dout0[22]
 conv_accelerator_inst.u_conv_buf_ram.u_mem.u_mem.g_2k\[1\].u_cell.u_sram/dout0[23]
 conv_accelerator_inst.u_conv_buf_ram.u_mem.u_mem.g_2k\[1\].u_cell.u_sram/dout0[24]
 conv_accelerator_inst.u_conv_buf_ram.u_mem.u_mem.g_2k\[1\].u_cell.u_sram/dout0[25]
 conv_accelerator_inst.u_conv_buf_ram.u_mem.u_mem.g_2k\[1\].u_cell.u_sram/dout0[26]
 conv_accelerator_inst.u_conv_buf_ram.u_mem.u_mem.g_2k\[1\].u_cell.u_sram/dout0[27]
 conv_accelerator_inst.u_conv_buf_ram.u_mem.u_mem.g_2k\[1\].u_cell.u_sram/dout0[28]
 conv_accelerator_inst.u_conv_buf_ram.u_mem.u_mem.g_2k\[1\].u_cell.u_sram/dout0[29]
 conv_accelerator_inst.u_conv_buf_ram.u_mem.u_mem.g_2k\[1\].u_cell.u_sram/dout0[2]
 conv_accelerator_inst.u_conv_buf_ram.u_mem.u_mem.g_2k\[1\].u_cell.u_sram/dout0[30]
 conv_accelerator_inst.u_conv_buf_ram.u_mem.u_mem.g_2k\[1\].u_cell.u_sram/dout0[31]
 conv_accelerator_inst.u_conv_buf_ram.u_mem.u_mem.g_2k\[1\].u_cell.u_sram/dout0[3]
 conv_accelerator_inst.u_conv_buf_ram.u_mem.u_mem.g_2k\[1\].u_cell.u_sram/dout0[4]
 conv_accelerator_inst.u_conv_buf_ram.u_mem.u_mem.g_2k\[1\].u_cell.u_sram/dout0[5]
 conv_accelerator_inst.u_conv_buf_ram.u_mem.u_mem.g_2k\[1\].u_cell.u_sram/dout0[6]
 conv_accelerator_inst.u_conv_buf_ram.u_mem.u_mem.g_2k\[1\].u_cell.u_sram/dout0[7]
 conv_accelerator_inst.u_conv_buf_ram.u_mem.u_mem.g_2k\[1\].u_cell.u_sram/dout0[8]
 conv_accelerator_inst.u_conv_buf_ram.u_mem.u_mem.g_2k\[1\].u_cell.u_sram/dout0[9]
 conv_accelerator_inst.u_conv_buf_ram.u_mem.u_mem.g_2k\[1\].u_cell.u_sram_30524/HI
 data_bram_ctrl_inst.data_ram.u_mem.g_2k\[0\].u_cell.u_sram/dout0[0]
 data_bram_ctrl_inst.data_ram.u_mem.g_2k\[0\].u_cell.u_sram/dout0[10]
 data_bram_ctrl_inst.data_ram.u_mem.g_2k\[0\].u_cell.u_sram/dout0[11]
 data_bram_ctrl_inst.data_ram.u_mem.g_2k\[0\].u_cell.u_sram/dout0[12]
 data_bram_ctrl_inst.data_ram.u_mem.g_2k\[0\].u_cell.u_sram/dout0[13]
 data_bram_ctrl_inst.data_ram.u_mem.g_2k\[0\].u_cell.u_sram/dout0[14]
 data_bram_ctrl_inst.data_ram.u_mem.g_2k\[0\].u_cell.u_sram/dout0[15]
 data_bram_ctrl_inst.data_ram.u_mem.g_2k\[0\].u_cell.u_sram/dout0[16]
 data_bram_ctrl_inst.data_ram.u_mem.g_2k\[0\].u_cell.u_sram/dout0[17]
 data_bram_ctrl_inst.data_ram.u_mem.g_2k\[0\].u_cell.u_sram/dout0[18]
 data_bram_ctrl_inst.data_ram.u_mem.g_2k\[0\].u_cell.u_sram/dout0[19]
 data_bram_ctrl_inst.data_ram.u_mem.g_2k\[0\].u_cell.u_sram/dout0[1]
 data_bram_ctrl_inst.data_ram.u_mem.g_2k\[0\].u_cell.u_sram/dout0[20]
 data_bram_ctrl_inst.data_ram.u_mem.g_2k\[0\].u_cell.u_sram/dout0[21]
 data_bram_ctrl_inst.data_ram.u_mem.g_2k\[0\].u_cell.u_sram/dout0[22]
 data_bram_ctrl_inst.data_ram.u_mem.g_2k\[0\].u_cell.u_sram/dout0[23]
 data_bram_ctrl_inst.data_ram.u_mem.g_2k\[0\].u_cell.u_sram/dout0[24]
 data_bram_ctrl_inst.data_ram.u_mem.g_2k\[0\].u_cell.u_sram/dout0[25]
 data_bram_ctrl_inst.data_ram.u_mem.g_2k\[0\].u_cell.u_sram/dout0[26]
 data_bram_ctrl_inst.data_ram.u_mem.g_2k\[0\].u_cell.u_sram/dout0[27]
 data_bram_ctrl_inst.data_ram.u_mem.g_2k\[0\].u_cell.u_sram/dout0[28]
 data_bram_ctrl_inst.data_ram.u_mem.g_2k\[0\].u_cell.u_sram/dout0[29]
 data_bram_ctrl_inst.data_ram.u_mem.g_2k\[0\].u_cell.u_sram/dout0[2]
 data_bram_ctrl_inst.data_ram.u_mem.g_2k\[0\].u_cell.u_sram/dout0[30]
 data_bram_ctrl_inst.data_ram.u_mem.g_2k\[0\].u_cell.u_sram/dout0[31]
 data_bram_ctrl_inst.data_ram.u_mem.g_2k\[0\].u_cell.u_sram/dout0[3]
 data_bram_ctrl_inst.data_ram.u_mem.g_2k\[0\].u_cell.u_sram/dout0[4]
 data_bram_ctrl_inst.data_ram.u_mem.g_2k\[0\].u_cell.u_sram/dout0[5]
 data_bram_ctrl_inst.data_ram.u_mem.g_2k\[0\].u_cell.u_sram/dout0[6]
 data_bram_ctrl_inst.data_ram.u_mem.g_2k\[0\].u_cell.u_sram/dout0[7]
 data_bram_ctrl_inst.data_ram.u_mem.g_2k\[0\].u_cell.u_sram/dout0[8]
 data_bram_ctrl_inst.data_ram.u_mem.g_2k\[0\].u_cell.u_sram/dout0[9]
 data_bram_ctrl_inst.data_ram.u_mem.g_2k\[0\].u_cell.u_sram_30525/HI
 data_bram_ctrl_inst.data_ram.u_mem.g_2k\[1\].u_cell.u_sram/dout0[0]
 data_bram_ctrl_inst.data_ram.u_mem.g_2k\[1\].u_cell.u_sram/dout0[10]
 data_bram_ctrl_inst.data_ram.u_mem.g_2k\[1\].u_cell.u_sram/dout0[11]
 data_bram_ctrl_inst.data_ram.u_mem.g_2k\[1\].u_cell.u_sram/dout0[12]
 data_bram_ctrl_inst.data_ram.u_mem.g_2k\[1\].u_cell.u_sram/dout0[13]
 data_bram_ctrl_inst.data_ram.u_mem.g_2k\[1\].u_cell.u_sram/dout0[14]
 data_bram_ctrl_inst.data_ram.u_mem.g_2k\[1\].u_cell.u_sram/dout0[15]
 data_bram_ctrl_inst.data_ram.u_mem.g_2k\[1\].u_cell.u_sram/dout0[16]
 data_bram_ctrl_inst.data_ram.u_mem.g_2k\[1\].u_cell.u_sram/dout0[17]
 data_bram_ctrl_inst.data_ram.u_mem.g_2k\[1\].u_cell.u_sram/dout0[18]
 data_bram_ctrl_inst.data_ram.u_mem.g_2k\[1\].u_cell.u_sram/dout0[19]
 data_bram_ctrl_inst.data_ram.u_mem.g_2k\[1\].u_cell.u_sram/dout0[1]
 data_bram_ctrl_inst.data_ram.u_mem.g_2k\[1\].u_cell.u_sram/dout0[20]
 data_bram_ctrl_inst.data_ram.u_mem.g_2k\[1\].u_cell.u_sram/dout0[21]
 data_bram_ctrl_inst.data_ram.u_mem.g_2k\[1\].u_cell.u_sram/dout0[22]
 data_bram_ctrl_inst.data_ram.u_mem.g_2k\[1\].u_cell.u_sram/dout0[23]
 data_bram_ctrl_inst.data_ram.u_mem.g_2k\[1\].u_cell.u_sram/dout0[24]
 data_bram_ctrl_inst.data_ram.u_mem.g_2k\[1\].u_cell.u_sram/dout0[25]
 data_bram_ctrl_inst.data_ram.u_mem.g_2k\[1\].u_cell.u_sram/dout0[26]
 data_bram_ctrl_inst.data_ram.u_mem.g_2k\[1\].u_cell.u_sram/dout0[27]
 data_bram_ctrl_inst.data_ram.u_mem.g_2k\[1\].u_cell.u_sram/dout0[28]
 data_bram_ctrl_inst.data_ram.u_mem.g_2k\[1\].u_cell.u_sram/dout0[29]
 data_bram_ctrl_inst.data_ram.u_mem.g_2k\[1\].u_cell.u_sram/dout0[2]
 data_bram_ctrl_inst.data_ram.u_mem.g_2k\[1\].u_cell.u_sram/dout0[30]
 data_bram_ctrl_inst.data_ram.u_mem.g_2k\[1\].u_cell.u_sram/dout0[31]
 data_bram_ctrl_inst.data_ram.u_mem.g_2k\[1\].u_cell.u_sram/dout0[3]
 data_bram_ctrl_inst.data_ram.u_mem.g_2k\[1\].u_cell.u_sram/dout0[4]
 data_bram_ctrl_inst.data_ram.u_mem.g_2k\[1\].u_cell.u_sram/dout0[5]
 data_bram_ctrl_inst.data_ram.u_mem.g_2k\[1\].u_cell.u_sram/dout0[6]
 data_bram_ctrl_inst.data_ram.u_mem.g_2k\[1\].u_cell.u_sram/dout0[7]
 data_bram_ctrl_inst.data_ram.u_mem.g_2k\[1\].u_cell.u_sram/dout0[8]
 data_bram_ctrl_inst.data_ram.u_mem.g_2k\[1\].u_cell.u_sram/dout0[9]
 data_bram_ctrl_inst.data_ram.u_mem.g_2k\[1\].u_cell.u_sram_30526/HI
 data_bram_ctrl_inst.data_ram.u_mem.g_2k\[2\].u_cell.u_sram/dout0[0]
 data_bram_ctrl_inst.data_ram.u_mem.g_2k\[2\].u_cell.u_sram/dout0[10]
 data_bram_ctrl_inst.data_ram.u_mem.g_2k\[2\].u_cell.u_sram/dout0[11]
 data_bram_ctrl_inst.data_ram.u_mem.g_2k\[2\].u_cell.u_sram/dout0[12]
 data_bram_ctrl_inst.data_ram.u_mem.g_2k\[2\].u_cell.u_sram/dout0[13]
 data_bram_ctrl_inst.data_ram.u_mem.g_2k\[2\].u_cell.u_sram/dout0[14]
 data_bram_ctrl_inst.data_ram.u_mem.g_2k\[2\].u_cell.u_sram/dout0[15]
 data_bram_ctrl_inst.data_ram.u_mem.g_2k\[2\].u_cell.u_sram/dout0[16]
 data_bram_ctrl_inst.data_ram.u_mem.g_2k\[2\].u_cell.u_sram/dout0[17]
 data_bram_ctrl_inst.data_ram.u_mem.g_2k\[2\].u_cell.u_sram/dout0[18]
 data_bram_ctrl_inst.data_ram.u_mem.g_2k\[2\].u_cell.u_sram/dout0[19]
 data_bram_ctrl_inst.data_ram.u_mem.g_2k\[2\].u_cell.u_sram/dout0[1]
 data_bram_ctrl_inst.data_ram.u_mem.g_2k\[2\].u_cell.u_sram/dout0[20]
 data_bram_ctrl_inst.data_ram.u_mem.g_2k\[2\].u_cell.u_sram/dout0[21]
 data_bram_ctrl_inst.data_ram.u_mem.g_2k\[2\].u_cell.u_sram/dout0[22]
 data_bram_ctrl_inst.data_ram.u_mem.g_2k\[2\].u_cell.u_sram/dout0[23]
 data_bram_ctrl_inst.data_ram.u_mem.g_2k\[2\].u_cell.u_sram/dout0[24]
 data_bram_ctrl_inst.data_ram.u_mem.g_2k\[2\].u_cell.u_sram/dout0[25]
 data_bram_ctrl_inst.data_ram.u_mem.g_2k\[2\].u_cell.u_sram/dout0[26]
 data_bram_ctrl_inst.data_ram.u_mem.g_2k\[2\].u_cell.u_sram/dout0[27]
 data_bram_ctrl_inst.data_ram.u_mem.g_2k\[2\].u_cell.u_sram/dout0[28]
 data_bram_ctrl_inst.data_ram.u_mem.g_2k\[2\].u_cell.u_sram/dout0[29]
 data_bram_ctrl_inst.data_ram.u_mem.g_2k\[2\].u_cell.u_sram/dout0[2]
 data_bram_ctrl_inst.data_ram.u_mem.g_2k\[2\].u_cell.u_sram/dout0[30]
 data_bram_ctrl_inst.data_ram.u_mem.g_2k\[2\].u_cell.u_sram/dout0[31]
 data_bram_ctrl_inst.data_ram.u_mem.g_2k\[2\].u_cell.u_sram/dout0[3]
 data_bram_ctrl_inst.data_ram.u_mem.g_2k\[2\].u_cell.u_sram/dout0[4]
 data_bram_ctrl_inst.data_ram.u_mem.g_2k\[2\].u_cell.u_sram/dout0[5]
 data_bram_ctrl_inst.data_ram.u_mem.g_2k\[2\].u_cell.u_sram/dout0[6]
 data_bram_ctrl_inst.data_ram.u_mem.g_2k\[2\].u_cell.u_sram/dout0[7]
 data_bram_ctrl_inst.data_ram.u_mem.g_2k\[2\].u_cell.u_sram/dout0[8]
 data_bram_ctrl_inst.data_ram.u_mem.g_2k\[2\].u_cell.u_sram/dout0[9]
 data_bram_ctrl_inst.data_ram.u_mem.g_2k\[2\].u_cell.u_sram_30527/HI
 data_bram_ctrl_inst.data_ram.u_mem.g_2k\[3\].u_cell.u_sram/dout0[0]
 data_bram_ctrl_inst.data_ram.u_mem.g_2k\[3\].u_cell.u_sram/dout0[10]
 data_bram_ctrl_inst.data_ram.u_mem.g_2k\[3\].u_cell.u_sram/dout0[11]
 data_bram_ctrl_inst.data_ram.u_mem.g_2k\[3\].u_cell.u_sram/dout0[12]
 data_bram_ctrl_inst.data_ram.u_mem.g_2k\[3\].u_cell.u_sram/dout0[13]
 data_bram_ctrl_inst.data_ram.u_mem.g_2k\[3\].u_cell.u_sram/dout0[14]
 data_bram_ctrl_inst.data_ram.u_mem.g_2k\[3\].u_cell.u_sram/dout0[15]
 data_bram_ctrl_inst.data_ram.u_mem.g_2k\[3\].u_cell.u_sram/dout0[16]
 data_bram_ctrl_inst.data_ram.u_mem.g_2k\[3\].u_cell.u_sram/dout0[17]
 data_bram_ctrl_inst.data_ram.u_mem.g_2k\[3\].u_cell.u_sram/dout0[18]
 data_bram_ctrl_inst.data_ram.u_mem.g_2k\[3\].u_cell.u_sram/dout0[19]
 data_bram_ctrl_inst.data_ram.u_mem.g_2k\[3\].u_cell.u_sram/dout0[1]
 data_bram_ctrl_inst.data_ram.u_mem.g_2k\[3\].u_cell.u_sram/dout0[20]
 data_bram_ctrl_inst.data_ram.u_mem.g_2k\[3\].u_cell.u_sram/dout0[21]
 data_bram_ctrl_inst.data_ram.u_mem.g_2k\[3\].u_cell.u_sram/dout0[22]
 data_bram_ctrl_inst.data_ram.u_mem.g_2k\[3\].u_cell.u_sram/dout0[23]
 data_bram_ctrl_inst.data_ram.u_mem.g_2k\[3\].u_cell.u_sram/dout0[24]
 data_bram_ctrl_inst.data_ram.u_mem.g_2k\[3\].u_cell.u_sram/dout0[25]
 data_bram_ctrl_inst.data_ram.u_mem.g_2k\[3\].u_cell.u_sram/dout0[26]
 data_bram_ctrl_inst.data_ram.u_mem.g_2k\[3\].u_cell.u_sram/dout0[27]
 data_bram_ctrl_inst.data_ram.u_mem.g_2k\[3\].u_cell.u_sram/dout0[28]
 data_bram_ctrl_inst.data_ram.u_mem.g_2k\[3\].u_cell.u_sram/dout0[29]
 data_bram_ctrl_inst.data_ram.u_mem.g_2k\[3\].u_cell.u_sram/dout0[2]
 data_bram_ctrl_inst.data_ram.u_mem.g_2k\[3\].u_cell.u_sram/dout0[30]
 data_bram_ctrl_inst.data_ram.u_mem.g_2k\[3\].u_cell.u_sram/dout0[31]
 data_bram_ctrl_inst.data_ram.u_mem.g_2k\[3\].u_cell.u_sram/dout0[3]
 data_bram_ctrl_inst.data_ram.u_mem.g_2k\[3\].u_cell.u_sram/dout0[4]
 data_bram_ctrl_inst.data_ram.u_mem.g_2k\[3\].u_cell.u_sram/dout0[5]
 data_bram_ctrl_inst.data_ram.u_mem.g_2k\[3\].u_cell.u_sram/dout0[6]
 data_bram_ctrl_inst.data_ram.u_mem.g_2k\[3\].u_cell.u_sram/dout0[7]
 data_bram_ctrl_inst.data_ram.u_mem.g_2k\[3\].u_cell.u_sram/dout0[8]
 data_bram_ctrl_inst.data_ram.u_mem.g_2k\[3\].u_cell.u_sram/dout0[9]
 data_bram_ctrl_inst.data_ram.u_mem.g_2k\[3\].u_cell.u_sram_30528/HI
 instr_bram_ctrl_inst.instr_ram.u_mem.g_2k\[0\].u_cell.u_sram/dout0[0]
 instr_bram_ctrl_inst.instr_ram.u_mem.g_2k\[0\].u_cell.u_sram/dout0[10]
 instr_bram_ctrl_inst.instr_ram.u_mem.g_2k\[0\].u_cell.u_sram/dout0[11]
 instr_bram_ctrl_inst.instr_ram.u_mem.g_2k\[0\].u_cell.u_sram/dout0[12]
 instr_bram_ctrl_inst.instr_ram.u_mem.g_2k\[0\].u_cell.u_sram/dout0[13]
 instr_bram_ctrl_inst.instr_ram.u_mem.g_2k\[0\].u_cell.u_sram/dout0[14]
 instr_bram_ctrl_inst.instr_ram.u_mem.g_2k\[0\].u_cell.u_sram/dout0[15]
 instr_bram_ctrl_inst.instr_ram.u_mem.g_2k\[0\].u_cell.u_sram/dout0[16]
 instr_bram_ctrl_inst.instr_ram.u_mem.g_2k\[0\].u_cell.u_sram/dout0[17]
 instr_bram_ctrl_inst.instr_ram.u_mem.g_2k\[0\].u_cell.u_sram/dout0[18]
 instr_bram_ctrl_inst.instr_ram.u_mem.g_2k\[0\].u_cell.u_sram/dout0[19]
 instr_bram_ctrl_inst.instr_ram.u_mem.g_2k\[0\].u_cell.u_sram/dout0[1]
 instr_bram_ctrl_inst.instr_ram.u_mem.g_2k\[0\].u_cell.u_sram/dout0[20]
 instr_bram_ctrl_inst.instr_ram.u_mem.g_2k\[0\].u_cell.u_sram/dout0[21]
 instr_bram_ctrl_inst.instr_ram.u_mem.g_2k\[0\].u_cell.u_sram/dout0[22]
 instr_bram_ctrl_inst.instr_ram.u_mem.g_2k\[0\].u_cell.u_sram/dout0[23]
 instr_bram_ctrl_inst.instr_ram.u_mem.g_2k\[0\].u_cell.u_sram/dout0[24]
 instr_bram_ctrl_inst.instr_ram.u_mem.g_2k\[0\].u_cell.u_sram/dout0[25]
 instr_bram_ctrl_inst.instr_ram.u_mem.g_2k\[0\].u_cell.u_sram/dout0[26]
 instr_bram_ctrl_inst.instr_ram.u_mem.g_2k\[0\].u_cell.u_sram/dout0[27]
 instr_bram_ctrl_inst.instr_ram.u_mem.g_2k\[0\].u_cell.u_sram/dout0[28]
 instr_bram_ctrl_inst.instr_ram.u_mem.g_2k\[0\].u_cell.u_sram/dout0[29]
 instr_bram_ctrl_inst.instr_ram.u_mem.g_2k\[0\].u_cell.u_sram/dout0[2]
 instr_bram_ctrl_inst.instr_ram.u_mem.g_2k\[0\].u_cell.u_sram/dout0[30]
 instr_bram_ctrl_inst.instr_ram.u_mem.g_2k\[0\].u_cell.u_sram/dout0[31]
 instr_bram_ctrl_inst.instr_ram.u_mem.g_2k\[0\].u_cell.u_sram/dout0[3]
 instr_bram_ctrl_inst.instr_ram.u_mem.g_2k\[0\].u_cell.u_sram/dout0[4]
 instr_bram_ctrl_inst.instr_ram.u_mem.g_2k\[0\].u_cell.u_sram/dout0[5]
 instr_bram_ctrl_inst.instr_ram.u_mem.g_2k\[0\].u_cell.u_sram/dout0[6]
 instr_bram_ctrl_inst.instr_ram.u_mem.g_2k\[0\].u_cell.u_sram/dout0[7]
 instr_bram_ctrl_inst.instr_ram.u_mem.g_2k\[0\].u_cell.u_sram/dout0[8]
 instr_bram_ctrl_inst.instr_ram.u_mem.g_2k\[0\].u_cell.u_sram/dout0[9]
 instr_bram_ctrl_inst.instr_ram.u_mem.g_2k\[0\].u_cell.u_sram_30529/HI
 instr_bram_ctrl_inst.instr_ram.u_mem.g_2k\[1\].u_cell.u_sram/dout0[0]
 instr_bram_ctrl_inst.instr_ram.u_mem.g_2k\[1\].u_cell.u_sram/dout0[10]
 instr_bram_ctrl_inst.instr_ram.u_mem.g_2k\[1\].u_cell.u_sram/dout0[11]
 instr_bram_ctrl_inst.instr_ram.u_mem.g_2k\[1\].u_cell.u_sram/dout0[12]
 instr_bram_ctrl_inst.instr_ram.u_mem.g_2k\[1\].u_cell.u_sram/dout0[13]
 instr_bram_ctrl_inst.instr_ram.u_mem.g_2k\[1\].u_cell.u_sram/dout0[14]
 instr_bram_ctrl_inst.instr_ram.u_mem.g_2k\[1\].u_cell.u_sram/dout0[15]
 instr_bram_ctrl_inst.instr_ram.u_mem.g_2k\[1\].u_cell.u_sram/dout0[16]
 instr_bram_ctrl_inst.instr_ram.u_mem.g_2k\[1\].u_cell.u_sram/dout0[17]
 instr_bram_ctrl_inst.instr_ram.u_mem.g_2k\[1\].u_cell.u_sram/dout0[18]
 instr_bram_ctrl_inst.instr_ram.u_mem.g_2k\[1\].u_cell.u_sram/dout0[19]
 instr_bram_ctrl_inst.instr_ram.u_mem.g_2k\[1\].u_cell.u_sram/dout0[1]
 instr_bram_ctrl_inst.instr_ram.u_mem.g_2k\[1\].u_cell.u_sram/dout0[20]
 instr_bram_ctrl_inst.instr_ram.u_mem.g_2k\[1\].u_cell.u_sram/dout0[21]
 instr_bram_ctrl_inst.instr_ram.u_mem.g_2k\[1\].u_cell.u_sram/dout0[22]
 instr_bram_ctrl_inst.instr_ram.u_mem.g_2k\[1\].u_cell.u_sram/dout0[23]
 instr_bram_ctrl_inst.instr_ram.u_mem.g_2k\[1\].u_cell.u_sram/dout0[24]
 instr_bram_ctrl_inst.instr_ram.u_mem.g_2k\[1\].u_cell.u_sram/dout0[25]
 instr_bram_ctrl_inst.instr_ram.u_mem.g_2k\[1\].u_cell.u_sram/dout0[26]
 instr_bram_ctrl_inst.instr_ram.u_mem.g_2k\[1\].u_cell.u_sram/dout0[27]
 instr_bram_ctrl_inst.instr_ram.u_mem.g_2k\[1\].u_cell.u_sram/dout0[28]
 instr_bram_ctrl_inst.instr_ram.u_mem.g_2k\[1\].u_cell.u_sram/dout0[29]
 instr_bram_ctrl_inst.instr_ram.u_mem.g_2k\[1\].u_cell.u_sram/dout0[2]
 instr_bram_ctrl_inst.instr_ram.u_mem.g_2k\[1\].u_cell.u_sram/dout0[30]
 instr_bram_ctrl_inst.instr_ram.u_mem.g_2k\[1\].u_cell.u_sram/dout0[31]
 instr_bram_ctrl_inst.instr_ram.u_mem.g_2k\[1\].u_cell.u_sram/dout0[3]
 instr_bram_ctrl_inst.instr_ram.u_mem.g_2k\[1\].u_cell.u_sram/dout0[4]
 instr_bram_ctrl_inst.instr_ram.u_mem.g_2k\[1\].u_cell.u_sram/dout0[5]
 instr_bram_ctrl_inst.instr_ram.u_mem.g_2k\[1\].u_cell.u_sram/dout0[6]
 instr_bram_ctrl_inst.instr_ram.u_mem.g_2k\[1\].u_cell.u_sram/dout0[7]
 instr_bram_ctrl_inst.instr_ram.u_mem.g_2k\[1\].u_cell.u_sram/dout0[8]
 instr_bram_ctrl_inst.instr_ram.u_mem.g_2k\[1\].u_cell.u_sram/dout0[9]
 instr_bram_ctrl_inst.instr_ram.u_mem.g_2k\[1\].u_cell.u_sram_30530/HI
 instr_bram_ctrl_inst.instr_ram.u_mem.g_2k\[2\].u_cell.u_sram/dout0[0]
 instr_bram_ctrl_inst.instr_ram.u_mem.g_2k\[2\].u_cell.u_sram/dout0[10]
 instr_bram_ctrl_inst.instr_ram.u_mem.g_2k\[2\].u_cell.u_sram/dout0[11]
 instr_bram_ctrl_inst.instr_ram.u_mem.g_2k\[2\].u_cell.u_sram/dout0[12]
 instr_bram_ctrl_inst.instr_ram.u_mem.g_2k\[2\].u_cell.u_sram/dout0[13]
 instr_bram_ctrl_inst.instr_ram.u_mem.g_2k\[2\].u_cell.u_sram/dout0[14]
 instr_bram_ctrl_inst.instr_ram.u_mem.g_2k\[2\].u_cell.u_sram/dout0[15]
 instr_bram_ctrl_inst.instr_ram.u_mem.g_2k\[2\].u_cell.u_sram/dout0[16]
 instr_bram_ctrl_inst.instr_ram.u_mem.g_2k\[2\].u_cell.u_sram/dout0[17]
 instr_bram_ctrl_inst.instr_ram.u_mem.g_2k\[2\].u_cell.u_sram/dout0[18]
 instr_bram_ctrl_inst.instr_ram.u_mem.g_2k\[2\].u_cell.u_sram/dout0[19]
 instr_bram_ctrl_inst.instr_ram.u_mem.g_2k\[2\].u_cell.u_sram/dout0[1]
 instr_bram_ctrl_inst.instr_ram.u_mem.g_2k\[2\].u_cell.u_sram/dout0[20]
 instr_bram_ctrl_inst.instr_ram.u_mem.g_2k\[2\].u_cell.u_sram/dout0[21]
 instr_bram_ctrl_inst.instr_ram.u_mem.g_2k\[2\].u_cell.u_sram/dout0[22]
 instr_bram_ctrl_inst.instr_ram.u_mem.g_2k\[2\].u_cell.u_sram/dout0[23]
 instr_bram_ctrl_inst.instr_ram.u_mem.g_2k\[2\].u_cell.u_sram/dout0[24]
 instr_bram_ctrl_inst.instr_ram.u_mem.g_2k\[2\].u_cell.u_sram/dout0[25]
 instr_bram_ctrl_inst.instr_ram.u_mem.g_2k\[2\].u_cell.u_sram/dout0[26]
 instr_bram_ctrl_inst.instr_ram.u_mem.g_2k\[2\].u_cell.u_sram/dout0[27]
 instr_bram_ctrl_inst.instr_ram.u_mem.g_2k\[2\].u_cell.u_sram/dout0[28]
 instr_bram_ctrl_inst.instr_ram.u_mem.g_2k\[2\].u_cell.u_sram/dout0[29]
 instr_bram_ctrl_inst.instr_ram.u_mem.g_2k\[2\].u_cell.u_sram/dout0[2]
 instr_bram_ctrl_inst.instr_ram.u_mem.g_2k\[2\].u_cell.u_sram/dout0[30]
 instr_bram_ctrl_inst.instr_ram.u_mem.g_2k\[2\].u_cell.u_sram/dout0[31]
 instr_bram_ctrl_inst.instr_ram.u_mem.g_2k\[2\].u_cell.u_sram/dout0[3]
 instr_bram_ctrl_inst.instr_ram.u_mem.g_2k\[2\].u_cell.u_sram/dout0[4]
 instr_bram_ctrl_inst.instr_ram.u_mem.g_2k\[2\].u_cell.u_sram/dout0[5]
 instr_bram_ctrl_inst.instr_ram.u_mem.g_2k\[2\].u_cell.u_sram/dout0[6]
 instr_bram_ctrl_inst.instr_ram.u_mem.g_2k\[2\].u_cell.u_sram/dout0[7]
 instr_bram_ctrl_inst.instr_ram.u_mem.g_2k\[2\].u_cell.u_sram/dout0[8]
 instr_bram_ctrl_inst.instr_ram.u_mem.g_2k\[2\].u_cell.u_sram/dout0[9]
 instr_bram_ctrl_inst.instr_ram.u_mem.g_2k\[2\].u_cell.u_sram_30531/HI
 instr_bram_ctrl_inst.instr_ram.u_mem.g_2k\[3\].u_cell.u_sram/dout0[0]
 instr_bram_ctrl_inst.instr_ram.u_mem.g_2k\[3\].u_cell.u_sram/dout0[10]
 instr_bram_ctrl_inst.instr_ram.u_mem.g_2k\[3\].u_cell.u_sram/dout0[11]
 instr_bram_ctrl_inst.instr_ram.u_mem.g_2k\[3\].u_cell.u_sram/dout0[12]
 instr_bram_ctrl_inst.instr_ram.u_mem.g_2k\[3\].u_cell.u_sram/dout0[13]
 instr_bram_ctrl_inst.instr_ram.u_mem.g_2k\[3\].u_cell.u_sram/dout0[14]
 instr_bram_ctrl_inst.instr_ram.u_mem.g_2k\[3\].u_cell.u_sram/dout0[15]
 instr_bram_ctrl_inst.instr_ram.u_mem.g_2k\[3\].u_cell.u_sram/dout0[16]
 instr_bram_ctrl_inst.instr_ram.u_mem.g_2k\[3\].u_cell.u_sram/dout0[17]
 instr_bram_ctrl_inst.instr_ram.u_mem.g_2k\[3\].u_cell.u_sram/dout0[18]
 instr_bram_ctrl_inst.instr_ram.u_mem.g_2k\[3\].u_cell.u_sram/dout0[19]
 instr_bram_ctrl_inst.instr_ram.u_mem.g_2k\[3\].u_cell.u_sram/dout0[1]
 instr_bram_ctrl_inst.instr_ram.u_mem.g_2k\[3\].u_cell.u_sram/dout0[20]
 instr_bram_ctrl_inst.instr_ram.u_mem.g_2k\[3\].u_cell.u_sram/dout0[21]
 instr_bram_ctrl_inst.instr_ram.u_mem.g_2k\[3\].u_cell.u_sram/dout0[22]
 instr_bram_ctrl_inst.instr_ram.u_mem.g_2k\[3\].u_cell.u_sram/dout0[23]
 instr_bram_ctrl_inst.instr_ram.u_mem.g_2k\[3\].u_cell.u_sram/dout0[24]
 instr_bram_ctrl_inst.instr_ram.u_mem.g_2k\[3\].u_cell.u_sram/dout0[25]
 instr_bram_ctrl_inst.instr_ram.u_mem.g_2k\[3\].u_cell.u_sram/dout0[26]
 instr_bram_ctrl_inst.instr_ram.u_mem.g_2k\[3\].u_cell.u_sram/dout0[27]
 instr_bram_ctrl_inst.instr_ram.u_mem.g_2k\[3\].u_cell.u_sram/dout0[28]
 instr_bram_ctrl_inst.instr_ram.u_mem.g_2k\[3\].u_cell.u_sram/dout0[29]
 instr_bram_ctrl_inst.instr_ram.u_mem.g_2k\[3\].u_cell.u_sram/dout0[2]
 instr_bram_ctrl_inst.instr_ram.u_mem.g_2k\[3\].u_cell.u_sram/dout0[30]
 instr_bram_ctrl_inst.instr_ram.u_mem.g_2k\[3\].u_cell.u_sram/dout0[31]
 instr_bram_ctrl_inst.instr_ram.u_mem.g_2k\[3\].u_cell.u_sram/dout0[3]
 instr_bram_ctrl_inst.instr_ram.u_mem.g_2k\[3\].u_cell.u_sram/dout0[4]
 instr_bram_ctrl_inst.instr_ram.u_mem.g_2k\[3\].u_cell.u_sram/dout0[5]
 instr_bram_ctrl_inst.instr_ram.u_mem.g_2k\[3\].u_cell.u_sram/dout0[6]
 instr_bram_ctrl_inst.instr_ram.u_mem.g_2k\[3\].u_cell.u_sram/dout0[7]
 instr_bram_ctrl_inst.instr_ram.u_mem.g_2k\[3\].u_cell.u_sram/dout0[8]
 instr_bram_ctrl_inst.instr_ram.u_mem.g_2k\[3\].u_cell.u_sram/dout0[9]
 instr_bram_ctrl_inst.instr_ram.u_mem.g_2k\[3\].u_cell.u_sram_30532/HI
 top_module/HI
 top_module_30538/HI
 top_module_30539/HI
 top_module_30540/HI
 top_module_30541/HI
 top_module_30542/HI
 top_module_30543/HI
 top_module_30544/HI
 top_module_30545/HI
 top_module_30546/HI
 top_module_30547/HI
 top_module_30548/HI
 top_module_30549/HI
 top_module_30550/HI
 top_module_30551/HI
 top_module_30552/HI
 yz_bram_ctrl_inst.yz_ram.u_mem.u_mem.g_1k.u_cell.u_sram/dout0[0]
 yz_bram_ctrl_inst.yz_ram.u_mem.u_mem.g_1k.u_cell.u_sram/dout0[10]
 yz_bram_ctrl_inst.yz_ram.u_mem.u_mem.g_1k.u_cell.u_sram/dout0[11]
 yz_bram_ctrl_inst.yz_ram.u_mem.u_mem.g_1k.u_cell.u_sram/dout0[12]
 yz_bram_ctrl_inst.yz_ram.u_mem.u_mem.g_1k.u_cell.u_sram/dout0[13]
 yz_bram_ctrl_inst.yz_ram.u_mem.u_mem.g_1k.u_cell.u_sram/dout0[14]
 yz_bram_ctrl_inst.yz_ram.u_mem.u_mem.g_1k.u_cell.u_sram/dout0[15]
 yz_bram_ctrl_inst.yz_ram.u_mem.u_mem.g_1k.u_cell.u_sram/dout0[16]
 yz_bram_ctrl_inst.yz_ram.u_mem.u_mem.g_1k.u_cell.u_sram/dout0[17]
 yz_bram_ctrl_inst.yz_ram.u_mem.u_mem.g_1k.u_cell.u_sram/dout0[18]
 yz_bram_ctrl_inst.yz_ram.u_mem.u_mem.g_1k.u_cell.u_sram/dout0[19]
 yz_bram_ctrl_inst.yz_ram.u_mem.u_mem.g_1k.u_cell.u_sram/dout0[1]
 yz_bram_ctrl_inst.yz_ram.u_mem.u_mem.g_1k.u_cell.u_sram/dout0[20]
 yz_bram_ctrl_inst.yz_ram.u_mem.u_mem.g_1k.u_cell.u_sram/dout0[21]
 yz_bram_ctrl_inst.yz_ram.u_mem.u_mem.g_1k.u_cell.u_sram/dout0[22]
 yz_bram_ctrl_inst.yz_ram.u_mem.u_mem.g_1k.u_cell.u_sram/dout0[23]
 yz_bram_ctrl_inst.yz_ram.u_mem.u_mem.g_1k.u_cell.u_sram/dout0[24]
 yz_bram_ctrl_inst.yz_ram.u_mem.u_mem.g_1k.u_cell.u_sram/dout0[25]
 yz_bram_ctrl_inst.yz_ram.u_mem.u_mem.g_1k.u_cell.u_sram/dout0[26]
 yz_bram_ctrl_inst.yz_ram.u_mem.u_mem.g_1k.u_cell.u_sram/dout0[27]
 yz_bram_ctrl_inst.yz_ram.u_mem.u_mem.g_1k.u_cell.u_sram/dout0[28]
 yz_bram_ctrl_inst.yz_ram.u_mem.u_mem.g_1k.u_cell.u_sram/dout0[29]
 yz_bram_ctrl_inst.yz_ram.u_mem.u_mem.g_1k.u_cell.u_sram/dout0[2]
 yz_bram_ctrl_inst.yz_ram.u_mem.u_mem.g_1k.u_cell.u_sram/dout0[30]
 yz_bram_ctrl_inst.yz_ram.u_mem.u_mem.g_1k.u_cell.u_sram/dout0[31]
 yz_bram_ctrl_inst.yz_ram.u_mem.u_mem.g_1k.u_cell.u_sram/dout0[3]
 yz_bram_ctrl_inst.yz_ram.u_mem.u_mem.g_1k.u_cell.u_sram/dout0[4]
 yz_bram_ctrl_inst.yz_ram.u_mem.u_mem.g_1k.u_cell.u_sram/dout0[5]
 yz_bram_ctrl_inst.yz_ram.u_mem.u_mem.g_1k.u_cell.u_sram/dout0[6]
 yz_bram_ctrl_inst.yz_ram.u_mem.u_mem.g_1k.u_cell.u_sram/dout0[7]
 yz_bram_ctrl_inst.yz_ram.u_mem.u_mem.g_1k.u_cell.u_sram/dout0[8]
 yz_bram_ctrl_inst.yz_ram.u_mem.u_mem.g_1k.u_cell.u_sram/dout0[9]
 yz_bram_ctrl_inst.yz_ram.u_mem.u_mem.g_1k.u_cell.u_sram_30533/HI
 yz_bram_ctrl_inst.yz_ram.u_mem.u_mem.g_2k\[0\].u_cell.u_sram/dout0[0]
 yz_bram_ctrl_inst.yz_ram.u_mem.u_mem.g_2k\[0\].u_cell.u_sram/dout0[10]
 yz_bram_ctrl_inst.yz_ram.u_mem.u_mem.g_2k\[0\].u_cell.u_sram/dout0[11]
 yz_bram_ctrl_inst.yz_ram.u_mem.u_mem.g_2k\[0\].u_cell.u_sram/dout0[12]
 yz_bram_ctrl_inst.yz_ram.u_mem.u_mem.g_2k\[0\].u_cell.u_sram/dout0[13]
 yz_bram_ctrl_inst.yz_ram.u_mem.u_mem.g_2k\[0\].u_cell.u_sram/dout0[14]
 yz_bram_ctrl_inst.yz_ram.u_mem.u_mem.g_2k\[0\].u_cell.u_sram/dout0[15]
 yz_bram_ctrl_inst.yz_ram.u_mem.u_mem.g_2k\[0\].u_cell.u_sram/dout0[16]
 yz_bram_ctrl_inst.yz_ram.u_mem.u_mem.g_2k\[0\].u_cell.u_sram/dout0[17]
 yz_bram_ctrl_inst.yz_ram.u_mem.u_mem.g_2k\[0\].u_cell.u_sram/dout0[18]
 yz_bram_ctrl_inst.yz_ram.u_mem.u_mem.g_2k\[0\].u_cell.u_sram/dout0[19]
 yz_bram_ctrl_inst.yz_ram.u_mem.u_mem.g_2k\[0\].u_cell.u_sram/dout0[1]
 yz_bram_ctrl_inst.yz_ram.u_mem.u_mem.g_2k\[0\].u_cell.u_sram/dout0[20]
 yz_bram_ctrl_inst.yz_ram.u_mem.u_mem.g_2k\[0\].u_cell.u_sram/dout0[21]
 yz_bram_ctrl_inst.yz_ram.u_mem.u_mem.g_2k\[0\].u_cell.u_sram/dout0[22]
 yz_bram_ctrl_inst.yz_ram.u_mem.u_mem.g_2k\[0\].u_cell.u_sram/dout0[23]
 yz_bram_ctrl_inst.yz_ram.u_mem.u_mem.g_2k\[0\].u_cell.u_sram/dout0[24]
 yz_bram_ctrl_inst.yz_ram.u_mem.u_mem.g_2k\[0\].u_cell.u_sram/dout0[25]
 yz_bram_ctrl_inst.yz_ram.u_mem.u_mem.g_2k\[0\].u_cell.u_sram/dout0[26]
 yz_bram_ctrl_inst.yz_ram.u_mem.u_mem.g_2k\[0\].u_cell.u_sram/dout0[27]
 yz_bram_ctrl_inst.yz_ram.u_mem.u_mem.g_2k\[0\].u_cell.u_sram/dout0[28]
 yz_bram_ctrl_inst.yz_ram.u_mem.u_mem.g_2k\[0\].u_cell.u_sram/dout0[29]
 yz_bram_ctrl_inst.yz_ram.u_mem.u_mem.g_2k\[0\].u_cell.u_sram/dout0[2]
 yz_bram_ctrl_inst.yz_ram.u_mem.u_mem.g_2k\[0\].u_cell.u_sram/dout0[30]
 yz_bram_ctrl_inst.yz_ram.u_mem.u_mem.g_2k\[0\].u_cell.u_sram/dout0[31]
 yz_bram_ctrl_inst.yz_ram.u_mem.u_mem.g_2k\[0\].u_cell.u_sram/dout0[3]
 yz_bram_ctrl_inst.yz_ram.u_mem.u_mem.g_2k\[0\].u_cell.u_sram/dout0[4]
 yz_bram_ctrl_inst.yz_ram.u_mem.u_mem.g_2k\[0\].u_cell.u_sram/dout0[5]
 yz_bram_ctrl_inst.yz_ram.u_mem.u_mem.g_2k\[0\].u_cell.u_sram/dout0[6]
 yz_bram_ctrl_inst.yz_ram.u_mem.u_mem.g_2k\[0\].u_cell.u_sram/dout0[7]
 yz_bram_ctrl_inst.yz_ram.u_mem.u_mem.g_2k\[0\].u_cell.u_sram/dout0[8]
 yz_bram_ctrl_inst.yz_ram.u_mem.u_mem.g_2k\[0\].u_cell.u_sram/dout0[9]
 yz_bram_ctrl_inst.yz_ram.u_mem.u_mem.g_2k\[0\].u_cell.u_sram_30534/HI
 yz_bram_ctrl_inst.yz_ram.u_mem.u_mem.g_2k\[1\].u_cell.u_sram/dout0[0]
 yz_bram_ctrl_inst.yz_ram.u_mem.u_mem.g_2k\[1\].u_cell.u_sram/dout0[10]
 yz_bram_ctrl_inst.yz_ram.u_mem.u_mem.g_2k\[1\].u_cell.u_sram/dout0[11]
 yz_bram_ctrl_inst.yz_ram.u_mem.u_mem.g_2k\[1\].u_cell.u_sram/dout0[12]
 yz_bram_ctrl_inst.yz_ram.u_mem.u_mem.g_2k\[1\].u_cell.u_sram/dout0[13]
 yz_bram_ctrl_inst.yz_ram.u_mem.u_mem.g_2k\[1\].u_cell.u_sram/dout0[14]
 yz_bram_ctrl_inst.yz_ram.u_mem.u_mem.g_2k\[1\].u_cell.u_sram/dout0[15]
 yz_bram_ctrl_inst.yz_ram.u_mem.u_mem.g_2k\[1\].u_cell.u_sram/dout0[16]
 yz_bram_ctrl_inst.yz_ram.u_mem.u_mem.g_2k\[1\].u_cell.u_sram/dout0[17]
 yz_bram_ctrl_inst.yz_ram.u_mem.u_mem.g_2k\[1\].u_cell.u_sram/dout0[18]
 yz_bram_ctrl_inst.yz_ram.u_mem.u_mem.g_2k\[1\].u_cell.u_sram/dout0[19]
 yz_bram_ctrl_inst.yz_ram.u_mem.u_mem.g_2k\[1\].u_cell.u_sram/dout0[1]
 yz_bram_ctrl_inst.yz_ram.u_mem.u_mem.g_2k\[1\].u_cell.u_sram/dout0[20]
 yz_bram_ctrl_inst.yz_ram.u_mem.u_mem.g_2k\[1\].u_cell.u_sram/dout0[21]
 yz_bram_ctrl_inst.yz_ram.u_mem.u_mem.g_2k\[1\].u_cell.u_sram/dout0[22]
 yz_bram_ctrl_inst.yz_ram.u_mem.u_mem.g_2k\[1\].u_cell.u_sram/dout0[23]
 yz_bram_ctrl_inst.yz_ram.u_mem.u_mem.g_2k\[1\].u_cell.u_sram/dout0[24]
 yz_bram_ctrl_inst.yz_ram.u_mem.u_mem.g_2k\[1\].u_cell.u_sram/dout0[25]
 yz_bram_ctrl_inst.yz_ram.u_mem.u_mem.g_2k\[1\].u_cell.u_sram/dout0[26]
 yz_bram_ctrl_inst.yz_ram.u_mem.u_mem.g_2k\[1\].u_cell.u_sram/dout0[27]
 yz_bram_ctrl_inst.yz_ram.u_mem.u_mem.g_2k\[1\].u_cell.u_sram/dout0[28]
 yz_bram_ctrl_inst.yz_ram.u_mem.u_mem.g_2k\[1\].u_cell.u_sram/dout0[29]
 yz_bram_ctrl_inst.yz_ram.u_mem.u_mem.g_2k\[1\].u_cell.u_sram/dout0[2]
 yz_bram_ctrl_inst.yz_ram.u_mem.u_mem.g_2k\[1\].u_cell.u_sram/dout0[30]
 yz_bram_ctrl_inst.yz_ram.u_mem.u_mem.g_2k\[1\].u_cell.u_sram/dout0[31]
 yz_bram_ctrl_inst.yz_ram.u_mem.u_mem.g_2k\[1\].u_cell.u_sram/dout0[3]
 yz_bram_ctrl_inst.yz_ram.u_mem.u_mem.g_2k\[1\].u_cell.u_sram/dout0[4]
 yz_bram_ctrl_inst.yz_ram.u_mem.u_mem.g_2k\[1\].u_cell.u_sram/dout0[5]
 yz_bram_ctrl_inst.yz_ram.u_mem.u_mem.g_2k\[1\].u_cell.u_sram/dout0[6]
 yz_bram_ctrl_inst.yz_ram.u_mem.u_mem.g_2k\[1\].u_cell.u_sram/dout0[7]
 yz_bram_ctrl_inst.yz_ram.u_mem.u_mem.g_2k\[1\].u_cell.u_sram/dout0[8]
 yz_bram_ctrl_inst.yz_ram.u_mem.u_mem.g_2k\[1\].u_cell.u_sram/dout0[9]
 yz_bram_ctrl_inst.yz_ram.u_mem.u_mem.g_2k\[1\].u_cell.u_sram_30535/HI
 yz_bram_ctrl_inst.yz_ram.u_mem.u_mem.g_2k\[2\].u_cell.u_sram/dout0[0]
 yz_bram_ctrl_inst.yz_ram.u_mem.u_mem.g_2k\[2\].u_cell.u_sram/dout0[10]
 yz_bram_ctrl_inst.yz_ram.u_mem.u_mem.g_2k\[2\].u_cell.u_sram/dout0[11]
 yz_bram_ctrl_inst.yz_ram.u_mem.u_mem.g_2k\[2\].u_cell.u_sram/dout0[12]
 yz_bram_ctrl_inst.yz_ram.u_mem.u_mem.g_2k\[2\].u_cell.u_sram/dout0[13]
 yz_bram_ctrl_inst.yz_ram.u_mem.u_mem.g_2k\[2\].u_cell.u_sram/dout0[14]
 yz_bram_ctrl_inst.yz_ram.u_mem.u_mem.g_2k\[2\].u_cell.u_sram/dout0[15]
 yz_bram_ctrl_inst.yz_ram.u_mem.u_mem.g_2k\[2\].u_cell.u_sram/dout0[16]
 yz_bram_ctrl_inst.yz_ram.u_mem.u_mem.g_2k\[2\].u_cell.u_sram/dout0[17]
 yz_bram_ctrl_inst.yz_ram.u_mem.u_mem.g_2k\[2\].u_cell.u_sram/dout0[18]
 yz_bram_ctrl_inst.yz_ram.u_mem.u_mem.g_2k\[2\].u_cell.u_sram/dout0[19]
 yz_bram_ctrl_inst.yz_ram.u_mem.u_mem.g_2k\[2\].u_cell.u_sram/dout0[1]
 yz_bram_ctrl_inst.yz_ram.u_mem.u_mem.g_2k\[2\].u_cell.u_sram/dout0[20]
 yz_bram_ctrl_inst.yz_ram.u_mem.u_mem.g_2k\[2\].u_cell.u_sram/dout0[21]
 yz_bram_ctrl_inst.yz_ram.u_mem.u_mem.g_2k\[2\].u_cell.u_sram/dout0[22]
 yz_bram_ctrl_inst.yz_ram.u_mem.u_mem.g_2k\[2\].u_cell.u_sram/dout0[23]
 yz_bram_ctrl_inst.yz_ram.u_mem.u_mem.g_2k\[2\].u_cell.u_sram/dout0[24]
 yz_bram_ctrl_inst.yz_ram.u_mem.u_mem.g_2k\[2\].u_cell.u_sram/dout0[25]
 yz_bram_ctrl_inst.yz_ram.u_mem.u_mem.g_2k\[2\].u_cell.u_sram/dout0[26]
 yz_bram_ctrl_inst.yz_ram.u_mem.u_mem.g_2k\[2\].u_cell.u_sram/dout0[27]
 yz_bram_ctrl_inst.yz_ram.u_mem.u_mem.g_2k\[2\].u_cell.u_sram/dout0[28]
 yz_bram_ctrl_inst.yz_ram.u_mem.u_mem.g_2k\[2\].u_cell.u_sram/dout0[29]
 yz_bram_ctrl_inst.yz_ram.u_mem.u_mem.g_2k\[2\].u_cell.u_sram/dout0[2]
 yz_bram_ctrl_inst.yz_ram.u_mem.u_mem.g_2k\[2\].u_cell.u_sram/dout0[30]
 yz_bram_ctrl_inst.yz_ram.u_mem.u_mem.g_2k\[2\].u_cell.u_sram/dout0[31]
 yz_bram_ctrl_inst.yz_ram.u_mem.u_mem.g_2k\[2\].u_cell.u_sram/dout0[3]
 yz_bram_ctrl_inst.yz_ram.u_mem.u_mem.g_2k\[2\].u_cell.u_sram/dout0[4]
 yz_bram_ctrl_inst.yz_ram.u_mem.u_mem.g_2k\[2\].u_cell.u_sram/dout0[5]
 yz_bram_ctrl_inst.yz_ram.u_mem.u_mem.g_2k\[2\].u_cell.u_sram/dout0[6]
 yz_bram_ctrl_inst.yz_ram.u_mem.u_mem.g_2k\[2\].u_cell.u_sram/dout0[7]
 yz_bram_ctrl_inst.yz_ram.u_mem.u_mem.g_2k\[2\].u_cell.u_sram/dout0[8]
 yz_bram_ctrl_inst.yz_ram.u_mem.u_mem.g_2k\[2\].u_cell.u_sram/dout0[9]
 yz_bram_ctrl_inst.yz_ram.u_mem.u_mem.g_2k\[2\].u_cell.u_sram_30536/HI
 yz_bram_ctrl_inst.yz_ram.u_mem.u_mem.g_2k\[3\].u_cell.u_sram/dout0[0]
 yz_bram_ctrl_inst.yz_ram.u_mem.u_mem.g_2k\[3\].u_cell.u_sram/dout0[10]
 yz_bram_ctrl_inst.yz_ram.u_mem.u_mem.g_2k\[3\].u_cell.u_sram/dout0[11]
 yz_bram_ctrl_inst.yz_ram.u_mem.u_mem.g_2k\[3\].u_cell.u_sram/dout0[12]
 yz_bram_ctrl_inst.yz_ram.u_mem.u_mem.g_2k\[3\].u_cell.u_sram/dout0[13]
 yz_bram_ctrl_inst.yz_ram.u_mem.u_mem.g_2k\[3\].u_cell.u_sram/dout0[14]
 yz_bram_ctrl_inst.yz_ram.u_mem.u_mem.g_2k\[3\].u_cell.u_sram/dout0[15]
 yz_bram_ctrl_inst.yz_ram.u_mem.u_mem.g_2k\[3\].u_cell.u_sram/dout0[16]
 yz_bram_ctrl_inst.yz_ram.u_mem.u_mem.g_2k\[3\].u_cell.u_sram/dout0[17]
 yz_bram_ctrl_inst.yz_ram.u_mem.u_mem.g_2k\[3\].u_cell.u_sram/dout0[18]
 yz_bram_ctrl_inst.yz_ram.u_mem.u_mem.g_2k\[3\].u_cell.u_sram/dout0[19]
 yz_bram_ctrl_inst.yz_ram.u_mem.u_mem.g_2k\[3\].u_cell.u_sram/dout0[1]
 yz_bram_ctrl_inst.yz_ram.u_mem.u_mem.g_2k\[3\].u_cell.u_sram/dout0[20]
 yz_bram_ctrl_inst.yz_ram.u_mem.u_mem.g_2k\[3\].u_cell.u_sram/dout0[21]
 yz_bram_ctrl_inst.yz_ram.u_mem.u_mem.g_2k\[3\].u_cell.u_sram/dout0[22]
 yz_bram_ctrl_inst.yz_ram.u_mem.u_mem.g_2k\[3\].u_cell.u_sram/dout0[23]
 yz_bram_ctrl_inst.yz_ram.u_mem.u_mem.g_2k\[3\].u_cell.u_sram/dout0[24]
 yz_bram_ctrl_inst.yz_ram.u_mem.u_mem.g_2k\[3\].u_cell.u_sram/dout0[25]
 yz_bram_ctrl_inst.yz_ram.u_mem.u_mem.g_2k\[3\].u_cell.u_sram/dout0[26]
 yz_bram_ctrl_inst.yz_ram.u_mem.u_mem.g_2k\[3\].u_cell.u_sram/dout0[27]
 yz_bram_ctrl_inst.yz_ram.u_mem.u_mem.g_2k\[3\].u_cell.u_sram/dout0[28]
 yz_bram_ctrl_inst.yz_ram.u_mem.u_mem.g_2k\[3\].u_cell.u_sram/dout0[29]
 yz_bram_ctrl_inst.yz_ram.u_mem.u_mem.g_2k\[3\].u_cell.u_sram/dout0[2]
 yz_bram_ctrl_inst.yz_ram.u_mem.u_mem.g_2k\[3\].u_cell.u_sram/dout0[30]
 yz_bram_ctrl_inst.yz_ram.u_mem.u_mem.g_2k\[3\].u_cell.u_sram/dout0[31]
 yz_bram_ctrl_inst.yz_ram.u_mem.u_mem.g_2k\[3\].u_cell.u_sram/dout0[3]
 yz_bram_ctrl_inst.yz_ram.u_mem.u_mem.g_2k\[3\].u_cell.u_sram/dout0[4]
 yz_bram_ctrl_inst.yz_ram.u_mem.u_mem.g_2k\[3\].u_cell.u_sram/dout0[5]
 yz_bram_ctrl_inst.yz_ram.u_mem.u_mem.g_2k\[3\].u_cell.u_sram/dout0[6]
 yz_bram_ctrl_inst.yz_ram.u_mem.u_mem.g_2k\[3\].u_cell.u_sram/dout0[7]
 yz_bram_ctrl_inst.yz_ram.u_mem.u_mem.g_2k\[3\].u_cell.u_sram/dout0[8]
 yz_bram_ctrl_inst.yz_ram.u_mem.u_mem.g_2k\[3\].u_cell.u_sram/dout0[9]
 yz_bram_ctrl_inst.yz_ram.u_mem.u_mem.g_2k\[3\].u_cell.u_sram_30537/HI
Found 0 partially unannotated drivers.

===========================================================================
max slew violation count 339
max fanout violation count 0
max cap violation count 18
============================================================================

===========================================================================
check_setup -verbose -unconstrained_endpoints -multiple_clock -no_clock -no_input_delay -loops -generated_clocks
===========================================================================
