┏━━━━━━━┳━━━━━━━━━━┳━━━━━━━━━━┳━━━━━━━━━━━━━━━━━━━━━━━━━━━━━━━━━━━━━━━━━━━━━━━━━━━━━━━━━━━━━━━━━━━━━━━━━┳━━━━━━━━━━━━━━━━━━━━━━━━━━━━┳━━━━━━━┓
┃ P / R ┃ Partial  ┃ Required ┃ Net                                                                     ┃ Pin                        ┃ Layer ┃
┡━━━━━━━╇━━━━━━━━━━╇━━━━━━━━━━╇━━━━━━━━━━━━━━━━━━━━━━━━━━━━━━━━━━━━━━━━━━━━━━━━━━━━━━━━━━━━━━━━━━━━━━━━━╇━━━━━━━━━━━━━━━━━━━━━━━━━━━━╇━━━━━━━┩
│ 10.44 │ 4176.70  │ 400.00   │ QSPI_IO1                                                                │ hold30268/A                │ met3  │
│ 6.15  │ 2459.37  │ 400.00   │ net7708                                                                 │ _073952_/B                 │ met3  │
│ 5.98  │ 2390.05  │ 400.00   │ yz_bram_ctrl_inst.yz_ram.u_mem.u_mem.g_2k[3\].u_cell.rdata[4\]          │ wire48700/A                │ met3  │
│ 5.91  │ 2365.28  │ 400.00   │ clknet_6_46__leaf_clk_i_regs                                            │ _128324_/CLK               │ met3  │
│ 5.40  │ 2158.03  │ 400.00   │ net30956                                                                │ _073153_/B                 │ met3  │
│ 5.37  │ 2149.78  │ 400.00   │ _022751_                                                                │ _074107_/B                 │ met3  │
│ 5.29  │ 2114.73  │ 400.00   │ _028650_                                                                │ _084490_/B1_N              │ met3  │
│ 5.11  │ 2044.63  │ 400.00   │ net27702                                                                │ _101949_/A1                │ met3  │
│ 5.01  │ 2005.89  │ 400.00   │ yz_bram_ctrl_inst.yz_ram.u_mem.u_mem.g_1k.u_cell.rdata[1\]              │ wire20714/A                │ met3  │
│ 4.80  │ 1921.97  │ 400.00   │ net41450                                                                │ _116976_/B                 │ met3  │
│ 4.77  │ 1907.24  │ 400.00   │ _027149_                                                                │ _078543_/C                 │ met3  │
│ 4.70  │ 1880.83  │ 400.00   │ net32369                                                                │ _074367_/B                 │ met3  │
│ 4.70  │ 1878.16  │ 400.00   │ net36607                                                                │ _070646_/D                 │ met3  │
│ 4.66  │ 1863.56  │ 400.00   │ net33085                                                                │ _072133_/C_N               │ met3  │
│ 4.42  │ 1768.50  │ 400.00   │ net46452                                                                │ _072659_/B1                │ met3  │
│ 4.20  │ 1678.04  │ 400.00   │ net30373                                                                │ _073200_/A2                │ met3  │
│ 4.03  │ 1612.25  │ 400.00   │ net43014                                                                │ _072630_/A                 │ met3  │
│ 3.94  │ 1577.33  │ 400.00   │ net32245                                                                │ _078666_/B                 │ met3  │
│ 3.80  │ 1521.84  │ 400.00   │ net31088                                                                │ _076184_/B1_N              │ met3  │
│ 3.79  │ 1516.70  │ 400.00   │ net31228                                                                │ _072930_/A2                │ met3  │
│ 3.76  │ 1504.32  │ 400.00   │ net36102                                                                │ _075358_/B                 │ met3  │
│ 3.46  │ 1385.79  │ 400.00   │ net34267                                                                │ _077724_/A2                │ met3  │
│ 3.45  │ 1378.29  │ 400.00   │ net35705                                                                │ wire35704/A                │ met3  │
│ 3.44  │ 1374.31  │ 400.00   │ net46688                                                                │ wire46687/A                │ met3  │
│ 3.41  │ 1362.07  │ 400.00   │ net39703                                                                │ wire39702/A                │ met3  │
│ 3.40  │ 1360.52  │ 400.00   │ net31396                                                                │ _072573_/B2                │ met3  │
│ 3.39  │ 1355.37  │ 400.00   │ net31462                                                                │ _078251_/A                 │ met3  │
│ 3.37  │ 11165.21 │ 3312.80  │ QSPI_IO1                                                                │ hold30268/A                │ met4  │
│ 3.36  │ 1344.23  │ 400.00   │ net36241                                                                │ wire36240/A                │ met3  │
│ 3.36  │ 1344.23  │ 400.00   │ net38683                                                                │ _074600_/B1                │ met3  │
│ 3.36  │ 1342.08  │ 400.00   │ net46230                                                                │ _089667_/A1                │ met1  │
│ 3.32  │ 1326.99  │ 400.00   │ net48379                                                                │ wire48378/A                │ met3  │
│ 3.32  │ 1326.08  │ 400.00   │ net46239                                                                │ _089679_/A1                │ met1  │
│ 3.29  │ 1317.46  │ 400.00   │ net38841                                                                │ _077841_/A1                │ met3  │
│ 3.29  │ 1316.03  │ 400.00   │ net46233                                                                │ _089671_/A1                │ met1  │
│ 3.29  │ 1314.77  │ 400.00   │ net22444                                                                │ wire22443/A                │ met3  │
│ 3.27  │ 1308.54  │ 400.00   │ net30568                                                                │ wire30567/A                │ met3  │
│ 3.21  │ 1283.26  │ 400.00   │ net37390                                                                │ _078693_/A1                │ met3  │
│ 3.20  │ 1278.74  │ 400.00   │ net35901                                                                │ _072132_/B2                │ met3  │
│ 3.20  │ 1278.67  │ 400.00   │ net35594                                                                │ _078725_/A2                │ met3  │
│ 3.18  │ 1273.11  │ 400.00   │ net37696                                                                │ _072822_/B2                │ met3  │
│ 3.15  │ 1258.60  │ 400.00   │ net38794                                                                │ _076612_/C                 │ met3  │
│ 3.14  │ 1255.92  │ 400.00   │ net2079                                                                 │ wire30535/A                │ met3  │
│ 3.12  │ 1249.07  │ 400.00   │ net39765                                                                │ _070116_/C1                │ met3  │
│ 3.10  │ 1239.90  │ 400.00   │ GPIO_araddr[6\]                                                         │ fanout2433/A               │ met3  │
│ 3.09  │ 1234.20  │ 400.00   │ net40569                                                                │ wire40568/A                │ met3  │
│ 3.08  │ 1232.70  │ 400.00   │ net41547                                                                │ _078516_/B                 │ met3  │
│ 3.07  │ 1226.70  │ 400.00   │ net37067                                                                │ wire37066/A                │ met3  │
│ 3.06  │ 1224.19  │ 400.00   │ net45933                                                                │ _074831_/A                 │ met3  │
│ 3.03  │ 1212.96  │ 400.00   │ net46505                                                                │ wire46504/A                │ met3  │
│ 2.99  │ 1196.96  │ 400.00   │ net42837                                                                │ _077673_/A2                │ met3  │
│ 2.99  │ 1195.41  │ 400.00   │ net37279                                                                │ _078341_/C1                │ met3  │
│ 2.98  │ 1192.57  │ 400.00   │ net36797                                                                │ _072042_/A1                │ met3  │
│ 2.98  │ 1192.23  │ 400.00   │ net36639                                                                │ wire36638/A                │ met3  │
│ 2.97  │ 1188.62  │ 400.00   │ _027118_                                                                │ wire31002/A                │ met3  │
│ 2.96  │ 1182.09  │ 400.00   │ net30650                                                                │ wire30649/A                │ met3  │
│ 2.95  │ 1179.12  │ 400.00   │ net5360                                                                 │ _071925_/A2                │ met3  │
│ 2.94  │ 1177.57  │ 400.00   │ net3032                                                                 │ wire33295/A                │ met3  │
│ 2.93  │ 1171.37  │ 400.00   │ net36641                                                                │ _075429_/C                 │ met3  │
│ 2.93  │ 1170.20  │ 400.00   │ net5310                                                                 │ _075668_/A2                │ met3  │
│ 2.91  │ 1165.67  │ 400.00   │ net10453                                                                │ _071420_/B                 │ met3  │
│ 2.91  │ 1164.19  │ 400.00   │ net31463                                                                │ _077201_/B1                │ met3  │
│ 2.88  │ 1153.91  │ 400.00   │ net39890                                                                │ _074486_/A2                │ met3  │
│ 2.88  │ 1152.36  │ 400.00   │ net4599                                                                 │ wire36091/A                │ met3  │
│ 2.87  │ 1147.96  │ 400.00   │ net43323                                                                │ _078672_/B1                │ met3  │
│ 2.86  │ 1142.16  │ 400.00   │ net38510                                                                │ _074300_/C                 │ met3  │
│ 2.85  │ 1139.17  │ 400.00   │ data_bram_ctrl_inst.data_ram.u_mem.g_2k[1\].u_cell.rdata[2\]            │ _113624_/A1                │ met4  │
│ 2.83  │ 1133.40  │ 400.00   │ net32069                                                                │ _078985_/D_N               │ met3  │
│ 2.83  │ 1133.40  │ 400.00   │ net36090                                                                │ _076468_/C                 │ met3  │
│ 2.83  │ 1131.54  │ 400.00   │ net41515                                                                │ _077451_/B1                │ met3  │
│ 2.82  │ 1128.57  │ 400.00   │ net3738                                                                 │ wire30790/A                │ met3  │
│ 2.81  │ 1125.59  │ 400.00   │ net31024                                                                │ wire31023/A                │ met3  │
│ 2.81  │ 1124.77  │ 400.00   │ net33247                                                                │ wire33246/A                │ met3  │
│ 2.81  │ 1124.51  │ 400.00   │ net7084                                                                 │ _073080_/A                 │ met3  │
│ 2.80  │ 1121.53  │ 400.00   │ _056605_                                                                │ _115583_/A1                │ met2  │
│ 2.80  │ 1119.84  │ 400.00   │ net10562                                                                │ _073403_/A1                │ met3  │
│ 2.80  │ 1119.58  │ 400.00   │ _026366_                                                                │ _077738_/A3                │ met3  │
│ 2.79  │ 1115.25  │ 400.00   │ net46530                                                                │ wire46529/A                │ met3  │
│ 2.77  │ 1106.33  │ 400.00   │ net48374                                                                │ wire48373/A                │ met3  │
│ 2.76  │ 1104.04  │ 400.00   │ net31409                                                                │ wire31408/A                │ met3  │
│ 2.74  │ 1097.21  │ 400.00   │ net22369                                                                │ wire22368/A                │ met3  │
│ 2.73  │ 1092.95  │ 400.00   │ net3141                                                                 │ _071485_/B1                │ met3  │
│ 2.73  │ 1091.57  │ 400.00   │ yz_bram_ctrl_inst.yz_ram.u_mem.u_mem.g_2k[1\].u_cell.rdata[31\]         │ wire47691/A                │ met3  │
│ 2.72  │ 1089.91  │ 400.00   │ net36371                                                                │ _073502_/B1                │ met3  │
│ 2.72  │ 1088.43  │ 400.00   │ clknet_1_1_0_clk_i                                                      │ clkbuf_1_1_1_clk_i/A       │ met3  │
│ 2.72  │ 1087.00  │ 400.00   │ net32359                                                                │ _076568_/B2                │ met3  │
│ 2.70  │ 1081.41  │ 400.00   │ data_bram_ctrl_inst.data_ram.u_mem.g_2k[1\].u_cell.rdata[6\]            │ _113632_/A1                │ met4  │
│ 2.69  │ 1076.59  │ 400.00   │ net31152                                                                │ _073467_/B1                │ met3  │
│ 2.69  │ 1076.59  │ 400.00   │ net44955                                                                │ wire44954/A                │ met3  │
│ 2.69  │ 1076.53  │ 400.00   │ net37243                                                                │ _076191_/A1                │ met3  │
│ 2.69  │ 1076.33  │ 400.00   │ net41320                                                                │ _076114_/A2                │ met3  │
│ 2.68  │ 1071.29  │ 400.00   │ net31985                                                                │ wire31984/A                │ met3  │
│ 2.68  │ 1070.51  │ 400.00   │ net6746                                                                 │ _078535_/B1                │ met3  │
│ 2.66  │ 1064.69  │ 400.00   │ net46382                                                                │ wire46381/A                │ met3  │
│ 2.66  │ 1063.14  │ 400.00   │ net32682                                                                │ _077291_/A1                │ met3  │
│ 2.62  │ 1049.76  │ 400.00   │ net45740                                                                │ wire45739/A                │ met3  │
│ 2.62  │ 1046.85  │ 400.00   │ net43149                                                                │ _074428_/B2                │ met3  │
│ 2.62  │ 1046.44  │ 400.00   │ GPIO_rdata[7\]                                                          │ hold63620/A                │ met1  │
│ 2.60  │ 1040.78  │ 400.00   │ net17                                                                   │ _063871_/A                 │ met1  │
│ 2.60  │ 1039.22  │ 400.00   │ net31405                                                                │ _073309_/B1                │ met3  │
│ 2.59  │ 1037.93  │ 400.00   │ net31710                                                                │ wire31709/A                │ met3  │
│ 2.59  │ 1036.38  │ 400.00   │ net35120                                                                │ wire35119/A                │ met3  │
│ 2.58  │ 1031.98  │ 400.00   │ net39465                                                                │ wire39464/A                │ met3  │
│ 2.57  │ 1026.04  │ 400.00   │ net41822                                                                │ _078203_/A3                │ met3  │
│ 2.56  │ 1025.21  │ 400.00   │ net5360                                                                 │ _078308_/B                 │ met3  │
│ 2.56  │ 1024.64  │ 400.00   │ net41386                                                                │ wire41385/A                │ met3  │
│ 2.55  │ 1020.09  │ 400.00   │ net37800                                                                │ wire37799/A                │ met3  │
│ 2.54  │ 1017.12  │ 400.00   │ net44638                                                                │ _078909_/A2                │ met3  │
│ 2.54  │ 1015.85  │ 400.00   │ net39010                                                                │ wire39009/A                │ met3  │
│ 2.54  │ 1015.63  │ 400.00   │ net10867                                                                │ wire34919/A                │ met3  │
│ 2.54  │ 1014.14  │ 400.00   │ net3053                                                                 │ wire32920/A                │ met3  │
│ 2.53  │ 1012.98  │ 400.00   │ data_bram_ctrl_inst.data_ram.u_mem.g_2k[1\].u_cell.rdata[1\]            │ _113622_/A1                │ met4  │
│ 2.53  │ 1010.82  │ 400.00   │ net41090                                                                │ wire41089/A                │ met3  │
│ 2.53  │ 1010.03  │ 400.00   │ net14                                                                   │ _063868_/B                 │ met1  │
│ 2.52  │ 1007.36  │ 400.00   │ net37194                                                                │ wire37193/A                │ met3  │
│ 2.50  │ 999.05   │ 400.00   │ net30204                                                                │ _107430_/B                 │ met3  │
│ 2.48  │ 990.35   │ 400.00   │ _020268_                                                                │ _073318_/A3                │ met3  │
│ 2.48  │ 990.35   │ 400.00   │ net8204                                                                 │ wire31455/A                │ met3  │
│ 2.48  │ 990.35   │ 400.00   │ net32182                                                                │ _072950_/B1                │ met3  │
│ 2.47  │ 987.37   │ 400.00   │ net40012                                                                │ _075881_/B                 │ met3  │
│ 2.46  │ 985.83   │ 400.00   │ net33365                                                                │ _078984_/A2                │ met3  │
│ 2.45  │ 978.48   │ 400.00   │ net38205                                                                │ _074811_/A                 │ met3  │
│ 2.44  │ 976.91   │ 400.00   │ net33622                                                                │ _071770_/A1                │ met3  │
│ 2.43  │ 972.51   │ 400.00   │ net32734                                                                │ _075727_/A2                │ met3  │
│ 2.43  │ 971.02   │ 400.00   │ net42932                                                                │ wire42931/A                │ met3  │
│ 2.43  │ 970.96   │ 400.00   │ net34220                                                                │ _076448_/A2                │ met3  │
│ 2.42  │ 968.05   │ 400.00   │ net34182                                                                │ _072611_/A2                │ met3  │
│ 2.42  │ 967.98   │ 400.00   │ net33718                                                                │ _076889_/A1                │ met3  │
│ 2.42  │ 967.08   │ 400.00   │ net39866                                                                │ wire39865/A                │ met3  │
│ 2.41  │ 963.52   │ 400.00   │ net38834                                                                │ _076349_/A1                │ met3  │
│ 2.41  │ 963.08   │ 400.00   │ net47853                                                                │ _101937_/A1                │ met1  │
│ 2.41  │ 962.56   │ 400.00   │ net46828                                                                │ fanout15162/A              │ met3  │
│ 2.41  │ 962.22   │ 400.00   │ net3083                                                                 │ wire31557/A                │ met3  │
│ 2.41  │ 962.10   │ 400.00   │ net41195                                                                │ wire41194/A                │ met3  │
│ 2.40  │ 958.81   │ 400.00   │ net33563                                                                │ _073720_/C                 │ met1  │
│ 2.39  │ 954.67   │ 400.00   │ net34889                                                                │ _074512_/A2                │ met3  │
│ 2.38  │ 950.14   │ 400.00   │ net45211                                                                │ wire45210/A                │ met3  │
│ 2.37  │ 948.72   │ 400.00   │ net33557                                                                │ wire33556/A                │ met3  │
│ 2.36  │ 944.19   │ 400.00   │ _024228_                                                                │ wire31313/A                │ met3  │
│ 2.36  │ 944.19   │ 400.00   │ net38218                                                                │ _070856_/B1                │ met3  │
│ 2.36  │ 943.44   │ 400.00   │ net14421                                                                │ wire35525/A                │ met3  │
│ 2.33  │ 932.36   │ 400.00   │ net38600                                                                │ _078603_/B2                │ met3  │
│ 2.32  │ 929.39   │ 400.00   │ net32901                                                                │ wire32900/A                │ met3  │
│ 2.32  │ 928.64   │ 400.00   │ net43931                                                                │ _064887_/A0                │ met1  │
│ 2.32  │ 927.67   │ 400.00   │ net38704                                                                │ _074985_/C                 │ met1  │
│ 2.30  │ 920.47   │ 400.00   │ net44158                                                                │ _073714_/B2                │ met3  │
│ 2.30  │ 919.64   │ 400.00   │ net44402                                                                │ _064893_/A0                │ met1  │
│ 2.30  │ 918.85   │ 400.00   │ net38394                                                                │ wire38393/A                │ met3  │
│ 2.28  │ 913.03   │ 400.00   │ net47871                                                                │ _062004_/B2                │ met3  │
│ 2.28  │ 911.55   │ 400.00   │ net32135                                                                │ _074180_/A2                │ met3  │
│ 2.27  │ 908.57   │ 400.00   │ net41624                                                                │ _078098_/A1                │ met3  │
│ 2.27  │ 906.83   │ 400.00   │ net37017                                                                │ _076047_/A2                │ met3  │
│ 2.27  │ 906.44   │ 400.00   │ net30415                                                                │ _128315_/D                 │ met1  │
│ 2.26  │ 905.73   │ 400.00   │ net39815                                                                │ _075335_/B1                │ met3  │
│ 2.26  │ 905.60   │ 400.00   │ net41507                                                                │ _074082_/A1                │ met3  │
│ 2.26  │ 905.60   │ 400.00   │ net43414                                                                │ wire43413/A                │ met3  │
│ 2.26  │ 905.54   │ 400.00   │ net36208                                                                │ _078173_/B1                │ met3  │
│ 2.26  │ 903.98   │ 400.00   │ net31519                                                                │ _075035_/A1                │ met3  │
│ 2.25  │ 901.14   │ 400.00   │ net34154                                                                │ _073724_/A2                │ met3  │
│ 2.25  │ 901.07   │ 400.00   │ _021375_                                                                │ _072887_/B1                │ met3  │
│ 2.24  │ 895.19   │ 400.00   │ net7509                                                                 │ _078865_/B2                │ met3  │
│ 2.23  │ 893.64   │ 400.00   │ net39918                                                                │ wire39917/A                │ met3  │
│ 2.23  │ 890.73   │ 400.00   │ net35718                                                                │ _071940_/B                 │ met3  │
│ 2.23  │ 890.67   │ 400.00   │ net38970                                                                │ _076365_/A1                │ met3  │
│ 2.21  │ 884.91   │ 400.00   │ net11440                                                                │ _076552_/B2                │ met3  │
│ 2.21  │ 882.25   │ 400.00   │ net34860                                                                │ _073606_/D_N               │ met1  │
│ 2.20  │ 879.65   │ 400.00   │ net47958                                                                │ wire47957/A                │ met3  │
│ 2.20  │ 879.17   │ 400.00   │ net40577                                                                │ _073656_/B                 │ met3  │
│ 2.20  │ 878.77   │ 400.00   │ net39769                                                                │ _073387_/A1                │ met3  │
│ 2.19  │ 877.35   │ 400.00   │ net39310                                                                │ _074448_/A2                │ met3  │
│ 2.19  │ 877.28   │ 400.00   │ net38271                                                                │ _076743_/B1                │ met3  │
│ 2.19  │ 875.86   │ 400.00   │ net45011                                                                │ _077904_/A1                │ met3  │
│ 2.19  │ 875.67   │ 400.00   │ net4983                                                                 │ _076607_/A2                │ met3  │
│ 2.19  │ 874.38   │ 400.00   │ net32948                                                                │ _073915_/A1                │ met3  │
│ 2.18  │ 873.75   │ 400.00   │ _055132_                                                                │ _113633_/A1                │ met1  │
│ 2.18  │ 871.27   │ 400.00   │ net39705                                                                │ _076393_/A2                │ met3  │
│ 2.17  │ 868.43   │ 400.00   │ net35575                                                                │ _070412_/B                 │ met3  │
│ 2.16  │ 864.70   │ 400.00   │ net30352                                                                │ _128318_/D                 │ met3  │
│ 2.15  │ 861.13   │ 400.00   │ yz_bram_ctrl_inst.yz_ram.u_mem.u_mem.g_1k.u_cell.rdata[18\]             │ wire20731/A                │ met3  │
│ 2.15  │ 860.51   │ 400.00   │ net30370                                                                │ wire30369/A                │ met3  │
│ 2.15  │ 859.51   │ 400.00   │ net44482                                                                │ wire44481/A                │ met3  │
│ 2.15  │ 859.10   │ 400.00   │ net33310                                                                │ _072364_/A1                │ met3  │
│ 2.15  │ 859.10   │ 400.00   │ net33310                                                                │ _078594_/B                 │ met3  │
│ 2.15  │ 858.72   │ 400.00   │ net34200                                                                │ _076720_/A1_N              │ met3  │
│ 2.14  │ 856.60   │ 400.00   │ net37852                                                                │ _071598_/C1                │ met3  │
│ 2.14  │ 854.79   │ 400.00   │ net37767                                                                │ _074444_/A2                │ met3  │
│ 2.13  │ 853.43   │ 400.00   │ net39959                                                                │ _073802_/B2                │ met3  │
│ 2.13  │ 852.13   │ 400.00   │ net43715                                                                │ _071428_/B1                │ met3  │
│ 2.13  │ 852.13   │ 400.00   │ net43715                                                                │ _076991_/B                 │ met3  │
│ 2.13  │ 852.07   │ 400.00   │ net10190                                                                │ wire34952/A                │ met3  │
│ 2.13  │ 851.87   │ 400.00   │ net20044                                                                │ wire20043/A                │ met3  │
│ 2.13  │ 850.01   │ 400.00   │ net30151                                                                │ clkbuf_leaf_7_clk_i/A      │ met3  │
│ 2.12  │ 847.61   │ 400.00   │ _021981_                                                                │ _073342_/B1                │ met3  │
│ 2.12  │ 846.97   │ 400.00   │ conv_accelerator_inst.wb_bytes[29\]                                     │ hold63357/A                │ met1  │
│ 2.12  │ 846.97   │ 400.00   │ net48665                                                                │ _063791_/B                 │ met1  │
│ 2.11  │ 843.15   │ 400.00   │ net35015                                                                │ _072932_/B2                │ met3  │
│ 2.11  │ 842.58   │ 400.00   │ net12785                                                                │ _073819_/A                 │ met1  │
│ 2.10  │ 841.54   │ 400.00   │ net30452                                                                │ _076077_/A2                │ met3  │
│ 2.10  │ 840.18   │ 400.00   │ net37297                                                                │ wire37296/A                │ met3  │
│ 2.09  │ 835.72   │ 400.00   │ net39459                                                                │ wire39458/A                │ met3  │
│ 2.08  │ 832.61   │ 400.00   │ net7759                                                                 │ wire33148/A                │ met3  │
│ 2.08  │ 831.08   │ 400.00   │ clknet_2_1_0_clk_i_regs                                                 │ clkbuf_2_1_1_clk_i_regs/A  │ met3  │
│ 2.07  │ 829.71   │ 400.00   │ net32444                                                                │ _079045_/B1                │ met3  │
│ 2.06  │ 825.90   │ 400.00   │ clknet_3_3_0_clk_i_regs                                                 │ clkbuf_4_7_0_clk_i_regs/A  │ met3  │
│ 2.06  │ 822.40   │ 400.00   │ net5416                                                                 │ _077527_/A1                │ met3  │
│ 2.05  │ 821.14   │ 400.00   │ net8534                                                                 │ _076437_/A                 │ met3  │
│ 2.05  │ 820.85   │ 400.00   │ _013999_                                                                │ _064613_/B2                │ met3  │
│ 2.05  │ 820.78   │ 400.00   │ net38428                                                                │ _075904_/B1                │ met3  │
│ 2.04  │ 817.87   │ 400.00   │ net31938                                                                │ _073425_/A3                │ met3  │
│ 2.03  │ 813.35   │ 400.00   │ net41072                                                                │ _077828_/A2                │ met3  │
│ 2.03  │ 811.93   │ 400.00   │ net40209                                                                │ _078871_/A3                │ met3  │
│ 2.03  │ 810.25   │ 400.00   │ net39037                                                                │ _074645_/B2                │ met3  │
│ 2.02  │ 806.00   │ 400.00   │ net46791                                                                │ wire17384/A                │ met1  │
│ 2.01  │ 805.98   │ 400.00   │ net35583                                                                │ _074613_/B2                │ met3  │
│ 2.01  │ 804.44   │ 400.00   │ net44657                                                                │ _100937_/A0                │ met1  │
│ 2.00  │ 800.36   │ 400.00   │ net28350                                                                │ _072203_/A                 │ met1  │
│ 2.00  │ 798.48   │ 400.00   │ net46405                                                                │ wire46404/A                │ met3  │
│ 1.99  │ 797.12   │ 400.00   │ net35939                                                                │ _073001_/A1                │ met3  │
│ 1.99  │ 796.93   │ 400.00   │ net31159                                                                │ _078492_/B1                │ met3  │
│ 1.99  │ 794.35   │ 400.00   │ net33786                                                                │ _073321_/D                 │ met3  │
│ 1.98  │ 793.86   │ 400.00   │ net33914                                                                │ _113667_/A1                │ met1  │
│ 1.98  │ 791.78   │ 400.00   │ net43886                                                                │ wire3198/A                 │ met1  │
│ 1.97  │ 788.14   │ 400.00   │ net31020                                                                │ _074685_/A1                │ met3  │
│ 1.97  │ 788.01   │ 400.00   │ net13341                                                                │ _076780_/A1                │ met3  │
│ 1.97  │ 787.07   │ 400.00   │ yz_bram_ctrl_inst.yz_ram.u_mem.u_mem.g_1k.u_cell.rdata[29\]             │ wire20633/A                │ met3  │
│ 1.97  │ 787.07   │ 400.00   │ yz_bram_ctrl_inst.yz_ram.u_mem.u_mem.g_2k[1\].u_cell.rdata[17\]         │ wire20001/A                │ met3  │
│ 1.96  │ 782.44   │ 400.00   │ yz_bram_ctrl_inst.yz_ram.u_mem.u_mem.g_2k[0\].u_cell.rdata[5\]          │ wire20139/A                │ met3  │
│ 1.96  │ 782.19   │ 400.00   │ net16455                                                                │ wire16454/A                │ met3  │
│ 1.95  │ 781.22   │ 400.00   │ net63586                                                                │ _067353_/B                 │ met1  │
│ 1.95  │ 780.70   │ 400.00   │ net34259                                                                │ _075316_/A3                │ met3  │
│ 1.95  │ 780.00   │ 400.00   │ net31066                                                                │ _071475_/B                 │ met3  │
│ 1.95  │ 779.22   │ 400.00   │ _048327_                                                                │ _105401_/A2                │ met3  │
│ 1.94  │ 777.54   │ 400.00   │ net30785                                                                │ _072313_/A2                │ met3  │
│ 1.94  │ 775.40   │ 400.00   │ yz_bram_ctrl_inst.yz_ram.u_mem.u_mem.g_2k[3\].u_cell.rdata[15\]         │ wire19753/A                │ met3  │
│ 1.93  │ 771.06   │ 400.00   │ axi_data_bram_rdata[15\]                                                │ hold62646/A                │ met1  │
│ 1.93  │ 770.61   │ 400.00   │ net43423                                                                │ _074243_/B                 │ met1  │
│ 1.93  │ 770.29   │ 400.00   │ net11487                                                                │ wire40610/A                │ met3  │
│ 1.92  │ 768.55   │ 400.00   │ instr_bram_ctrl_inst.instr_ram.u_mem.g_2k[2\].u_cell.rdata[31\]         │ wire21329/A                │ met3  │
│ 1.92  │ 766.24   │ 400.00   │ net19727                                                                │ wire19726/A                │ met3  │
│ 1.91  │ 765.83   │ 400.00   │ _019013_                                                                │ wire36457/A                │ met3  │
│ 1.91  │ 765.36   │ 400.00   │ net63597                                                                │ _065713_/B                 │ met1  │
│ 1.91  │ 764.35   │ 400.00   │ net32630                                                                │ _076335_/A4                │ met3  │
│ 1.91  │ 764.22   │ 400.00   │ net10450                                                                │ _071119_/A2                │ met3  │
│ 1.91  │ 763.39   │ 400.00   │ net39467                                                                │ _076009_/B                 │ met1  │
│ 1.90  │ 759.76   │ 400.00   │ net39281                                                                │ _078955_/A1                │ met3  │
│ 1.90  │ 759.30   │ 400.00   │ instr_bram_ctrl_inst.instr_ram.u_mem.g_2k[3\].u_cell.rdata[6\]          │ wire20856/A                │ met3  │
│ 1.90  │ 758.14   │ 400.00   │ net10169                                                                │ _078748_/B2                │ met3  │
│ 1.89  │ 756.91   │ 400.00   │ _020461_                                                                │ wire34594/A                │ met3  │
│ 1.89  │ 756.74   │ 400.00   │ net48610                                                                │ _069492_/A                 │ met3  │
│ 1.89  │ 756.74   │ 400.00   │ net48610                                                                │ _069504_/B2                │ met3  │
│ 1.88  │ 750.04   │ 400.00   │ instr_bram_ctrl_inst.instr_ram.u_mem.g_2k[0\].u_cell.rdata[12\]         │ wire21753/A                │ met3  │
│ 1.87  │ 747.86   │ 400.00   │ net37467                                                                │ _074485_/B1                │ met3  │
│ 1.87  │ 747.62   │ 400.00   │ net20017                                                                │ wire20016/A                │ met3  │
│ 1.87  │ 746.51   │ 400.00   │ _020618_                                                                │ _071973_/B1                │ met3  │
│ 1.86  │ 745.41   │ 400.00   │ yz_bram_ctrl_inst.yz_ram.u_mem.u_mem.g_2k[0\].u_cell.rdata[2\]          │ wire20216/A                │ met3  │
│ 1.86  │ 745.41   │ 400.00   │ yz_bram_ctrl_inst.yz_ram.u_mem.u_mem.g_2k[0\].u_cell.rdata[31\]         │ wire20186/A                │ met3  │
│ 1.86  │ 744.46   │ 400.00   │ QSPI_IO2                                                                │ load_slew30085/A           │ met3  │
│ 1.86  │ 743.53   │ 400.00   │ _020459_                                                                │ wire33958/A                │ met3  │
│ 1.86  │ 743.53   │ 400.00   │ net12399                                                                │ wire44942/A                │ met3  │
│ 1.86  │ 743.47   │ 400.00   │ net32139                                                                │ _076921_/B2                │ met3  │
│ 1.86  │ 742.03   │ 400.00   │ net43461                                                                │ _078279_/C                 │ met3  │
│ 1.85  │ 741.52   │ 400.00   │ net63872                                                                │ _093201_/B1                │ met1  │
│ 1.85  │ 740.28   │ 400.00   │ net26914                                                                │ _060623_/A_N               │ met1  │
│ 1.84  │ 737.58   │ 400.00   │ net40819                                                                │ _075858_/B2                │ met3  │
│ 1.84  │ 737.52   │ 400.00   │ net12692                                                                │ _072117_/A1                │ met3  │
│ 1.83  │ 733.12   │ 400.00   │ net35888                                                                │ wire35887/A                │ met3  │
│ 1.83  │ 732.23   │ 400.00   │ data_bram_ctrl_inst.data_ram.u_mem.g_2k[1\].u_cell.rdata[4\]            │ _113628_/A1                │ met4  │
│ 1.83  │ 731.64   │ 400.00   │ net10040                                                                │ _077952_/B1                │ met3  │
│ 1.83  │ 731.64   │ 400.00   │ net31479                                                                │ _074008_/A2                │ met3  │
│ 1.83  │ 731.64   │ 400.00   │ net36141                                                                │ _077015_/A1                │ met3  │
│ 1.83  │ 731.64   │ 400.00   │ net40316                                                                │ _077836_/B2                │ met3  │
│ 1.83  │ 731.57   │ 400.00   │ net35767                                                                │ _075901_/A2                │ met3  │
│ 1.83  │ 730.08   │ 400.00   │ net34801                                                                │ _077804_/A2                │ met3  │
│ 1.82  │ 728.66   │ 400.00   │ net2720                                                                 │ _076841_/B1                │ met3  │
│ 1.82  │ 728.28   │ 400.00   │ net35353                                                                │ wire35352/A                │ met3  │
│ 1.81  │ 725.78   │ 400.00   │ net512                                                                  │ _108757_/A0                │ met1  │
│ 1.80  │ 721.89   │ 400.00   │ qspi_master_inst.QSPI_ADR[18\]                                          │ hold63731/A                │ met1  │
│ 1.80  │ 721.46   │ 400.00   │ net41493                                                                │ _075742_/C                 │ met3  │
│ 1.80  │ 721.23   │ 400.00   │ net3725                                                                 │ wire32221/A                │ met3  │
│ 1.80  │ 721.16   │ 400.00   │ _022304_                                                                │ wire34577/A                │ met3  │
│ 1.80  │ 719.61   │ 400.00   │ net8041                                                                 │ _072073_/B2                │ met3  │
│ 1.80  │ 718.19   │ 400.00   │ net39771                                                                │ _073921_/B2                │ met3  │
│ 1.79  │ 716.77   │ 400.00   │ _057358_                                                                │ _116452_/A2                │ met3  │
│ 1.79  │ 715.98   │ 400.00   │ net31305                                                                │ wire31304/A                │ met3  │
│ 1.79  │ 715.09   │ 400.00   │ net41126                                                                │ _073344_/B1                │ met3  │
│ 1.79  │ 714.56   │ 400.00   │ cpu_inst.CORE.core_i.alu_operand_c_ex[22\]                              │ hold64574/A                │ met1  │
│ 1.78  │ 713.92   │ 400.00   │ net42947                                                                │ _072354_/B                 │ met3  │
│ 1.78  │ 713.86   │ 400.00   │ _020614_                                                                │ _078323_/B                 │ met1  │
│ 1.78  │ 713.66   │ 400.00   │ net11092                                                                │ _071171_/A1                │ met3  │
│ 1.78  │ 713.01   │ 400.00   │ yz_bram_ctrl_inst.yz_ram.u_mem.u_mem.g_1k.u_cell.rdata[16\]             │ wire20745/A                │ met3  │
│ 1.78  │ 713.01   │ 400.00   │ net19594                                                                │ wire19593/A                │ met3  │
│ 1.78  │ 712.31   │ 400.00   │ net31145                                                                │ _076340_/A3                │ met3  │
│ 1.78  │ 712.26   │ 400.00   │ net40037                                                                │ wire40036/A                │ met3  │
│ 1.78  │ 710.77   │ 400.00   │ net34812                                                                │ wire34811/A                │ met3  │
│ 1.77  │ 708.38   │ 400.00   │ instr_bram_ctrl_inst.instr_ram.u_mem.g_2k[2\].u_cell.rdata[4\]          │ wire21315/A                │ met3  │
│ 1.77  │ 706.42   │ 400.00   │ _020878_                                                                │ _072233_/B                 │ met1  │
│ 1.77  │ 706.31   │ 400.00   │ net43490                                                                │ _078752_/B                 │ met1  │
│ 1.76  │ 704.87   │ 400.00   │ net35135                                                                │ _078123_/B1                │ met3  │
│ 1.76  │ 703.52   │ 400.00   │ net31724                                                                │ _071875_/A1                │ met3  │
│ 1.75  │ 701.90   │ 400.00   │ net42898                                                                │ _077926_/A1                │ met3  │
│ 1.75  │ 701.77   │ 400.00   │ net41220                                                                │ wire41219/A                │ met3  │
│ 1.75  │ 701.71   │ 400.00   │ net35526                                                                │ _073417_/A1                │ met3  │
│ 1.75  │ 701.71   │ 400.00   │ net35526                                                                │ _078734_/A                 │ met3  │
│ 1.75  │ 698.04   │ 400.00   │ net32162                                                                │ wire32161/A                │ met3  │
│ 1.74  │ 695.95   │ 400.00   │ net36726                                                                │ _076966_/A2                │ met3  │
│ 1.74  │ 694.70   │ 400.00   │ net43139                                                                │ _078137_/B2                │ met1  │
│ 1.73  │ 692.98   │ 400.00   │ net5414                                                                 │ wire32817/A                │ met3  │
│ 1.73  │ 692.00   │ 400.00   │ clknet_4_6_0_clk_i_regs                                                 │ clkbuf_5_13_0_clk_i_regs/A │ met3  │
│ 1.73  │ 690.79   │ 400.00   │ net33437                                                                │ _074280_/A1_N              │ met3  │
│ 1.73  │ 690.79   │ 400.00   │ net33437                                                                │ max_cap6311/A              │ met3  │
│ 1.73  │ 690.13   │ 400.00   │ net43104                                                                │ _077666_/B2                │ met3  │
│ 1.73  │ 690.00   │ 400.00   │ net43126                                                                │ _077247_/A2                │ met3  │
│ 1.72  │ 689.86   │ 400.00   │ instr_bram_ctrl_inst.instr_ram.u_mem.g_2k[3\].u_cell.rdata[29\]         │ wire20960/A                │ met3  │
│ 1.72  │ 688.39   │ 400.00   │ net42842                                                                │ wire42841/A                │ met3  │
│ 1.71  │ 685.97   │ 400.00   │ net47848                                                                │ _101848_/A1                │ met1  │
│ 1.71  │ 685.48   │ 400.00   │ net32869                                                                │ _077107_/B1                │ met3  │
│ 1.71  │ 684.06   │ 400.00   │ net8314                                                                 │ wire38174/A                │ met3  │
│ 1.71  │ 682.57   │ 400.00   │ net37246                                                                │ _075418_/A2                │ met3  │
│ 1.70  │ 681.21   │ 400.00   │ net36340                                                                │ _078902_/A1                │ met3  │
│ 1.70  │ 680.60   │ 400.00   │ data_bram_ctrl_inst.data_ram.u_mem.g_2k[0\].u_cell.rdata[4\]            │ wire22513/A                │ met3  │
│ 1.70  │ 680.60   │ 400.00   │ instr_bram_ctrl_inst.instr_ram.u_mem.g_2k[1\].u_cell.rdata[3\]          │ _114223_/A1                │ met3  │
│ 1.69  │ 677.98   │ 400.00   │ net40237                                                                │ _078538_/B1                │ met3  │
│ 1.69  │ 676.67   │ 400.00   │ net4                                                                    │ _063875_/A                 │ met1  │
│ 1.69  │ 676.67   │ 400.00   │ net4                                                                    │ _113729_/A0                │ met1  │
│ 1.69  │ 676.00   │ 400.00   │ net8                                                                    │ _063872_/A                 │ met1  │
│ 1.69  │ 675.97   │ 400.00   │ yz_bram_ctrl_inst.yz_ram.u_mem.u_mem.g_2k[3\].u_cell.rdata[25\]         │ wire19664/A                │ met3  │
│ 1.69  │ 674.94   │ 400.00   │ net39801                                                                │ wire39800/A                │ met3  │
│ 1.68  │ 673.92   │ 400.00   │ net4132                                                                 │ _117157_/A1                │ met1  │
│ 1.68  │ 672.97   │ 400.00   │ net47893                                                                │ _060438_/A                 │ met1  │
│ 1.68  │ 670.23   │ 400.00   │ net34488                                                                │ wire34487/A                │ met1  │
│ 1.67  │ 669.19   │ 400.00   │ net42288                                                                │ _075341_/B1                │ met3  │
│ 1.67  │ 669.06   │ 400.00   │ net31630                                                                │ _076688_/B1                │ met3  │
│ 1.67  │ 668.06   │ 400.00   │ net43535                                                                │ _113609_/A0                │ met1  │
│ 1.67  │ 667.66   │ 400.00   │ net38659                                                                │ _076208_/B2                │ met1  │
│ 1.67  │ 667.33   │ 400.00   │ net37147                                                                │ _075808_/A1                │ met2  │
│ 1.66  │ 664.28   │ 400.00   │ axi_instr_mem_araddr[6\]                                                │ _114288_/A1                │ met1  │
│ 1.65  │ 660.20   │ 400.00   │ _024336_                                                                │ _075716_/A2                │ met3  │
│ 1.65  │ 658.70   │ 400.00   │ net34440                                                                │ wire34439/A                │ met3  │
│ 1.64  │ 657.96   │ 400.00   │ net31692                                                                │ wire31691/A                │ met3  │
│ 1.64  │ 657.84   │ 400.00   │ net42619                                                                │ wire42618/A                │ met1  │
│ 1.64  │ 657.16   │ 400.00   │ net31354                                                                │ _077905_/A1                │ met3  │
│ 1.64  │ 655.74   │ 400.00   │ net31017                                                                │ _076340_/A2                │ met3  │
│ 1.63  │ 652.83   │ 400.00   │ net35058                                                                │ _073107_/A2                │ met3  │
│ 1.63  │ 651.35   │ 400.00   │ net38750                                                                │ _072252_/B1                │ met3  │
│ 1.62  │ 648.57   │ 400.00   │ net45329                                                                │ _075502_/A                 │ met3  │
│ 1.62  │ 648.37   │ 400.00   │ _019391_                                                                │ _071516_/A2                │ met3  │
│ 1.62  │ 648.37   │ 400.00   │ net32588                                                                │ wire32587/A                │ met3  │
│ 1.62  │ 647.69   │ 400.00   │ net778                                                                  │ load_slew777/A             │ met1  │
│ 1.62  │ 646.76   │ 400.00   │ _020013_                                                                │ wire41294/A                │ met3  │
│ 1.61  │ 643.91   │ 400.00   │ _023600_                                                                │ _074959_/B1                │ met3  │
│ 1.61  │ 643.86   │ 400.00   │ net36709                                                                │ wire36708/A                │ met3  │
│ 1.61  │ 643.85   │ 400.00   │ net42413                                                                │ _074421_/A1                │ met3  │
│ 1.61  │ 642.23   │ 400.00   │ net41907                                                                │ wire41905/A                │ met1  │
│ 1.60  │ 640.74   │ 400.00   │ net43578                                                                │ _074268_/A1                │ met3  │
│ 1.59  │ 636.49   │ 400.00   │ net37081                                                                │ _074473_/B2                │ met3  │
│ 1.59  │ 636.49   │ 400.00   │ net37081                                                                │ _078351_/A1                │ met3  │
│ 1.59  │ 636.35   │ 400.00   │ net31613                                                                │ _079169_/A1                │ met3  │
│ 1.59  │ 635.47   │ 400.00   │ net47920                                                                │ _061732_/A                 │ met1  │
│ 1.58  │ 633.78   │ 400.00   │ net36992                                                                │ _078684_/C                 │ met1  │
│ 1.58  │ 633.50   │ 400.00   │ net12451                                                                │ _076955_/B2                │ met3  │
│ 1.58  │ 633.50   │ 400.00   │ net38882                                                                │ _072767_/A2                │ met3  │
│ 1.58  │ 633.46   │ 400.00   │ net34052                                                                │ _077205_/A2                │ met1  │
│ 1.58  │ 633.13   │ 400.00   │ net38014                                                                │ _075579_/B1                │ met1  │
│ 1.58  │ 632.06   │ 400.00   │ net47908                                                                │ _061207_/B                 │ met1  │
│ 1.58  │ 632.02   │ 400.00   │ net30754                                                                │ _078190_/C1                │ met3  │
│ 1.58  │ 632.02   │ 400.00   │ net34330                                                                │ _078167_/A2                │ met3  │
│ 1.58  │ 631.64   │ 400.00   │ net40305                                                                │ _102950_/A0                │ met1  │
│ 1.58  │ 631.30   │ 400.00   │ net40478                                                                │ _074597_/C                 │ met3  │
│ 1.58  │ 630.53   │ 400.00   │ net30522                                                                │ wire30521/A                │ met3  │
│ 1.57  │ 628.98   │ 400.00   │ net38701                                                                │ _078703_/A2                │ met3  │
│ 1.57  │ 628.98   │ 400.00   │ net44051                                                                │ _077783_/A3                │ met3  │
│ 1.56  │ 625.40   │ 400.00   │ net35004                                                                │ wire35003/A                │ met2  │
│ 1.56  │ 625.06   │ 400.00   │ data_bram_ctrl_inst.data_ram.u_mem.g_2k[0\].u_cell.rdata[15\]           │ wire23255/A                │ met3  │
│ 1.56  │ 625.06   │ 400.00   │ instr_bram_ctrl_inst.instr_ram.u_mem.g_2k[2\].u_cell.rdata[17\]         │ wire21449/A                │ met3  │
│ 1.56  │ 624.52   │ 400.00   │ net12358                                                                │ _071410_/B1                │ met3  │
│ 1.55  │ 620.43   │ 400.00   │ instr_bram_ctrl_inst.instr_ram.u_mem.g_2k[1\].u_cell.rdata[17\]         │ wire21514/A                │ met3  │
│ 1.55  │ 620.14   │ 400.00   │ net1153                                                                 │ _090130_/A1                │ met1  │
│ 1.55  │ 618.63   │ 400.00   │ net31460                                                                │ _078948_/A3                │ met3  │
│ 1.55  │ 618.63   │ 400.00   │ net36980                                                                │ wire36979/A                │ met3  │
│ 1.54  │ 617.77   │ 400.00   │ net39195                                                                │ _076366_/B                 │ met3  │
│ 1.54  │ 617.77   │ 400.00   │ net39195                                                                │ max_length39194/A          │ met3  │
│ 1.54  │ 617.08   │ 400.00   │ net34485                                                                │ _072112_/B                 │ met3  │
│ 1.54  │ 615.80   │ 400.00   │ instr_bram_ctrl_inst.instr_ram.u_mem.g_2k[3\].u_cell.rdata[8\]          │ wire20827/A                │ met3  │
│ 1.54  │ 614.81   │ 400.00   │ net37280                                                                │ _078360_/C1                │ met1  │
│ 1.53  │ 613.52   │ 400.00   │ net32240                                                                │ _075285_/B                 │ met3  │
│ 1.53  │ 612.69   │ 400.00   │ net33946                                                                │ _075990_/A2                │ met3  │
│ 1.53  │ 612.64   │ 400.00   │ net31981                                                                │ wire2698/A                 │ met3  │
│ 1.53  │ 611.17   │ 400.00   │ instr_bram_ctrl_inst.instr_ram.u_mem.g_2k[0\].u_cell.rdata[29\]         │ wire21605/A                │ met3  │
│ 1.53  │ 611.14   │ 400.00   │ net40103                                                                │ _078244_/A2                │ met3  │
│ 1.53  │ 610.88   │ 400.00   │ net3830                                                                 │ wire3829/A                 │ met3  │
│ 1.52  │ 609.71   │ 400.00   │ _024728_                                                                │ _076092_/B1                │ met3  │
│ 1.52  │ 609.54   │ 400.00   │ net34892                                                                │ wire34891/A                │ met3  │
│ 1.52  │ 608.64   │ 400.00   │ conv_accelerator_inst.acc[168\]                                         │ hold64494/A                │ met1  │
│ 1.52  │ 608.16   │ 400.00   │ net30803                                                                │ wire30802/A                │ met3  │
│ 1.52  │ 608.03   │ 400.00   │ net32305                                                                │ _077830_/B2                │ met3  │
│ 1.52  │ 607.43   │ 400.00   │ net6541                                                                 │ _076996_/A                 │ met3  │
│ 1.52  │ 606.82   │ 400.00   │ net31350                                                                │ max_length31349/A          │ met1  │
│ 1.52  │ 606.74   │ 400.00   │ _021633_                                                                │ wire31647/A                │ met3  │
│ 1.52  │ 606.74   │ 400.00   │ net34102                                                                │ wire34101/A                │ met3  │
│ 1.52  │ 606.74   │ 400.00   │ net43517                                                                │ wire43516/A                │ met1  │
│ 1.51  │ 605.54   │ 400.00   │ net40224                                                                │ wire40223/A                │ met3  │
│ 1.51  │ 604.44   │ 400.00   │ net39968                                                                │ _071594_/A1                │ met3  │
│ 1.51  │ 604.44   │ 400.00   │ net39968                                                                │ _075612_/A2                │ met3  │
│ 1.51  │ 604.43   │ 400.00   │ net7171                                                                 │ wire7170/A                 │ met3  │
│ 1.51  │ 603.70   │ 400.00   │ net36783                                                                │ _074410_/B1                │ met3  │
│ 1.51  │ 602.01   │ 400.00   │ net38668                                                                │ _074733_/A1_N              │ met3  │
│ 1.50  │ 601.59   │ 400.00   │ net31578                                                                │ wire31577/A                │ met1  │
│ 1.50  │ 600.79   │ 400.00   │ net7540                                                                 │ _074661_/A2                │ met3  │
│ 1.50  │ 600.79   │ 400.00   │ net39308                                                                │ _074099_/A2                │ met3  │
│ 1.50  │ 599.92   │ 400.00   │ net47981                                                                │ _067733_/A0                │ met3  │
│ 1.50  │ 599.86   │ 400.00   │ net24193                                                                │ wire48042/A                │ met1  │
│ 1.50  │ 599.41   │ 400.00   │ net33940                                                                │ _075784_/A2                │ met1  │
│ 1.49  │ 597.58   │ 400.00   │ net38540                                                                │ _078298_/B2                │ met3  │
│ 1.49  │ 596.46   │ 400.00   │ net36900                                                                │ _072805_/A1                │ met3  │
│ 1.49  │ 596.00   │ 400.00   │ net36633                                                                │ _071277_/C_N               │ met3  │
│ 1.49  │ 595.19   │ 400.00   │ cpu_inst.CORE.core_i.cs_registers_i.gen_trigger_regs.tmatch_value_q[2\] │ hold63572/A                │ met1  │
│ 1.49  │ 595.18   │ 400.00   │ net44496                                                                │ _076777_/C                 │ met2  │
│ 1.49  │ 595.18   │ 400.00   │ net44496                                                                │ _077520_/C                 │ met2  │
│ 1.49  │ 594.97   │ 400.00   │ data_bram_ctrl_inst.data_ram.u_mem.g_2k[1\].u_cell.rdata[15\]           │ _113650_/A1                │ met4  │
│ 1.48  │ 593.94   │ 400.00   │ conv_accelerator_inst.u_conv_buf_ram.u_mem.rdata32[24\]                 │ hold60037/A                │ met1  │
│ 1.48  │ 593.29   │ 400.00   │ net40490                                                                │ _072295_/A1                │ met3  │
│ 1.48  │ 593.23   │ 400.00   │ net30694                                                                │ _072703_/C1                │ met3  │
│ 1.48  │ 592.30   │ 400.00   │ net44450                                                                │ _075594_/A2                │ met1  │
│ 1.48  │ 591.94   │ 400.00   │ cpu_inst.CORE.core_i.ex_stage_i.alu_i.alu_div_i.AReg_DP[12\]            │ hold63934/A                │ met1  │
│ 1.48  │ 591.87   │ 400.00   │ net40861                                                                │ _074643_/A2                │ met3  │
│ 1.48  │ 591.81   │ 400.00   │ _020526_                                                                │ _078253_/B2                │ met3  │
│ 1.48  │ 591.08   │ 400.00   │ net32059                                                                │ _072913_/A2                │ met3  │
│ 1.48  │ 590.94   │ 400.00   │ net35089                                                                │ _072644_/B                 │ met2  │
│ 1.48  │ 590.34   │ 400.00   │ net35807                                                                │ wire35806/A                │ met3  │
│ 1.48  │ 590.32   │ 400.00   │ net7923                                                                 │ _078336_/A1                │ met3  │
│ 1.48  │ 590.32   │ 400.00   │ net13791                                                                │ wire13790/A                │ met3  │
│ 1.47  │ 587.73   │ 400.00   │ net44536                                                                │ load_slew3200/A            │ met1  │
│ 1.46  │ 585.29   │ 400.00   │ net33613                                                                │ wire33612/A                │ met2  │
│ 1.46  │ 585.20   │ 400.00   │ net42644                                                                │ _072391_/A1                │ met3  │
│ 1.46  │ 585.20   │ 400.00   │ net42644                                                                │ _075749_/B                 │ met3  │
│ 1.46  │ 584.37   │ 400.00   │ net30512                                                                │ _075241_/B1                │ met3  │
│ 1.46  │ 583.40   │ 400.00   │ instr_bram_ctrl_inst.instr_ram.u_mem.g_2k[2\].u_cell.rdata[0\]          │ wire21507/A                │ met3  │
│ 1.46  │ 582.99   │ 400.00   │ instr_bram_ctrl_inst.instr_ram.u_mem.g_2k[1\].u_cell.rdata[21\]         │ _114259_/A1                │ met4  │
│ 1.46  │ 582.61   │ 400.00   │ net34062                                                                │ wire34061/A                │ met1  │
│ 1.45  │ 581.93   │ 400.00   │ net48671                                                                │ _069665_/A0                │ met2  │
│ 1.45  │ 581.93   │ 400.00   │ net48671                                                                │ _113331_/A0                │ met2  │
│ 1.45  │ 581.84   │ 400.00   │ _009492_                                                                │ fanout18834/A              │ met1  │
│ 1.45  │ 581.40   │ 400.00   │ net42668                                                                │ _077918_/B1                │ met3  │
│ 1.45  │ 579.98   │ 400.00   │ net34138                                                                │ _071335_/B1                │ met3  │
│ 1.45  │ 579.70   │ 400.00   │ net35597                                                                │ _070920_/A1                │ met1  │
│ 1.44  │ 577.72   │ 400.00   │ net47363                                                                │ _076413_/A1                │ met1  │
│ 1.44  │ 577.06   │ 400.00   │ net41519                                                                │ _071547_/B                 │ met1  │
│ 1.44  │ 577.00   │ 400.00   │ _020488_                                                                │ _078653_/B1                │ met3  │
│ 1.44  │ 577.00   │ 400.00   │ net32361                                                                │ _076492_/B1                │ met3  │
│ 1.44  │ 577.00   │ 400.00   │ net39895                                                                │ _078986_/A1                │ met3  │
│ 1.44  │ 576.25   │ 400.00   │ net35365                                                                │ _073734_/B1                │ met1  │
│ 1.44  │ 575.45   │ 400.00   │ net42634                                                                │ _076044_/A1                │ met3  │
│ 1.44  │ 575.45   │ 400.00   │ net42634                                                                │ wire42633/A                │ met3  │
│ 1.44  │ 574.92   │ 400.00   │ net62901                                                                │ _090469_/A0                │ met1  │
│ 1.43  │ 573.95   │ 400.00   │ net44888                                                                │ _075342_/A1                │ met3  │
│ 1.43  │ 573.95   │ 400.00   │ net44888                                                                │ _076808_/A2                │ met3  │
│ 1.43  │ 573.93   │ 400.00   │ net33740                                                                │ _078618_/A1                │ met3  │
│ 1.43  │ 570.97   │ 400.00   │ conv_accelerator_inst.fcw_dout[9\]                                      │ hold30285/A                │ met1  │
│ 1.43  │ 570.31   │ 400.00   │ cpu_inst.CORE.core_i.load_store_unit_i.data_sign_ext_q[0\]              │ _106289_/B                 │ met1  │
│ 1.42  │ 569.96   │ 400.00   │ net42534                                                                │ wire13769/A                │ met3  │
│ 1.42  │ 569.06   │ 400.00   │ net46324                                                                │ _089774_/A2                │ met1  │
│ 1.42  │ 568.08   │ 400.00   │ net31311                                                                │ _075841_/A2                │ met3  │
│ 1.42  │ 568.08   │ 400.00   │ net39889                                                                │ _072750_/A2                │ met3  │
│ 1.42  │ 567.40   │ 400.00   │ net39506                                                                │ _072738_/A1                │ met2  │
│ 1.42  │ 566.03   │ 400.00   │ conv_accelerator_inst.acc[160\]                                         │ hold64175/A                │ met1  │
│ 1.41  │ 564.94   │ 400.00   │ net47812                                                                │ wire47811/A                │ met1  │
│ 1.41  │ 563.25   │ 400.00   │ _035231_                                                                │ _091459_/C                 │ met1  │
│ 1.41  │ 562.64   │ 400.00   │ net36885                                                                │ _076778_/B                 │ met1  │
│ 1.41  │ 562.15   │ 400.00   │ net43500                                                                │ _061147_/B                 │ met3  │
│ 1.41  │ 562.15   │ 400.00   │ net43500                                                                │ _061148_/B                 │ met3  │
│ 1.41  │ 562.15   │ 400.00   │ net43500                                                                │ _106183_/A1                │ met3  │
│ 1.40  │ 561.43   │ 400.00   │ net48093                                                                │ wire22084/A                │ met1  │
│ 1.40  │ 561.42   │ 400.00   │ GPIO_rdata[11\]                                                         │ _113728_/A0                │ met1  │
│ 1.40  │ 560.69   │ 400.00   │ clknet_4_3_0_clk_i_regs                                                 │ clkbuf_5_7_0_clk_i_regs/A  │ met3  │
│ 1.40  │ 560.65   │ 400.00   │ net38252                                                                │ _071156_/A2                │ met3  │
│ 1.40  │ 560.58   │ 400.00   │ net30620                                                                │ _074960_/A1                │ met3  │
│ 1.40  │ 560.07   │ 400.00   │ _020296_                                                                │ wire40684/A                │ met2  │
│ 1.40  │ 558.37   │ 400.00   │ net39517                                                                │ wire39516/A                │ met3  │
│ 1.39  │ 557.84   │ 400.00   │ net19975                                                                │ wire19974/A                │ met3  │
│ 1.39  │ 554.75   │ 400.00   │ net28097                                                                │ wire47244/A                │ met1  │
│ 1.38  │ 553.21   │ 400.00   │ net32546                                                                │ wire32545/A                │ met3  │
│ 1.38  │ 552.92   │ 400.00   │ net2563                                                                 │ wire30641/A                │ met3  │
│ 1.38  │ 552.06   │ 400.00   │ net4710                                                                 │ wire34837/A                │ met3  │
│ 1.38  │ 551.75   │ 400.00   │ net3390                                                                 │ _118808_/A0                │ met2  │
│ 1.38  │ 550.24   │ 400.00   │ net31153                                                                │ _073162_/A2                │ met3  │
│ 1.38  │ 550.19   │ 400.00   │ net36076                                                                │ wire4807/A                 │ met3  │
│ 1.38  │ 550.16   │ 400.00   │ net42523                                                                │ wire42522/A                │ met3  │
│ 1.37  │ 549.58   │ 400.00   │ net30898                                                                │ wire30897/A                │ met1  │
│ 1.37  │ 548.53   │ 400.00   │ net42153                                                                │ wire42152/A                │ met3  │
│ 1.37  │ 548.28   │ 400.00   │ net23703                                                                │ wire48057/A                │ met1  │
│ 1.37  │ 546.92   │ 400.00   │ net41642                                                                │ _072281_/D                 │ met3  │
│ 1.36  │ 544.33   │ 400.00   │ cpu_inst.CORE.core_i.alu_operand_a_ex[27\]                              │ _069634_/A                 │ met1  │
│ 1.36  │ 543.69   │ 400.00   │ net28169                                                                │ wire47777/A                │ met1  │
│ 1.36  │ 543.46   │ 400.00   │ net46275                                                                │ _073261_/B                 │ met3  │
│ 1.36  │ 543.46   │ 400.00   │ net46275                                                                │ wire46274/A                │ met3  │
│ 1.36  │ 543.13   │ 400.00   │ net28792                                                                │ fanout28726/A              │ met1  │
│ 1.36  │ 542.76   │ 400.00   │ net45750                                                                │ _073525_/B                 │ met3  │
│ 1.36  │ 542.52   │ 400.00   │ net6775                                                                 │ wire34152/A                │ met3  │
│ 1.36  │ 542.36   │ 400.00   │ net27184                                                                │ _061643_/A                 │ met1  │
│ 1.36  │ 542.01   │ 400.00   │ net36806                                                                │ wire36805/A                │ met3  │
│ 1.36  │ 542.01   │ 400.00   │ net37907                                                                │ _072250_/A3                │ met3  │
│ 1.36  │ 542.01   │ 400.00   │ net37907                                                                │ _078482_/A2                │ met3  │
│ 1.35  │ 541.53   │ 400.00   │ _055134_                                                                │ _113637_/A1                │ met1  │
│ 1.35  │ 541.32   │ 400.00   │ net42965                                                                │ wire42964/A                │ met3  │
│ 1.35  │ 540.44   │ 400.00   │ net62697                                                                │ _067136_/B                 │ met1  │
│ 1.35  │ 540.32   │ 400.00   │ conv_accelerator_inst.acc[237\]                                         │ fanout23752/A              │ met1  │
│ 1.35  │ 539.22   │ 400.00   │ axi_data_bram_rdata[13\]                                                │ hold61317/A                │ met1  │
│ 1.35  │ 538.29   │ 400.00   │ net33225                                                                │ wire33224/A                │ met3  │
│ 1.34  │ 537.49   │ 400.00   │ net33155                                                                │ _074026_/B1                │ met1  │
│ 1.34  │ 536.74   │ 400.00   │ net7995                                                                 │ _070828_/B                 │ met3  │
│ 1.34  │ 536.74   │ 400.00   │ net30495                                                                │ wire30494/A                │ met3  │
│ 1.34  │ 535.61   │ 400.00   │ net43024                                                                │ _073374_/A3                │ met1  │
│ 1.34  │ 535.29   │ 400.00   │ net30965                                                                │ wire30964/A                │ met3  │
│ 1.33  │ 532.40   │ 400.00   │ net33739                                                                │ _072807_/A2                │ met3  │
│ 1.33  │ 532.22   │ 400.00   │ net42827                                                                │ _062393_/A_N               │ met1  │
│ 1.33  │ 531.36   │ 400.00   │ net20746                                                                │ _064932_/A1                │ met1  │
│ 1.33  │ 531.22   │ 400.00   │ net35981                                                                │ _074190_/B1                │ met1  │
│ 1.33  │ 530.91   │ 400.00   │ net32687                                                                │ _073691_/A2                │ met3  │
│ 1.33  │ 530.72   │ 400.00   │ net16492                                                                │ _079127_/B                 │ met1  │
│ 1.32  │ 529.83   │ 400.00   │ net36446                                                                │ max_length36445/A          │ met1  │
│ 1.32  │ 529.42   │ 400.00   │ net33172                                                                │ wire33171/A                │ met3  │
│ 1.32  │ 528.92   │ 400.00   │ net20776                                                                │ _064908_/A1                │ met1  │
│ 1.32  │ 528.69   │ 400.00   │ net41223                                                                │ _072616_/A3                │ met3  │
│ 1.32  │ 528.69   │ 400.00   │ net41223                                                                │ _072797_/B2                │ met3  │
│ 1.32  │ 527.95   │ 400.00   │ data_bram_ctrl_inst.data_ram.u_mem.g_2k[1\].u_cell.rdata[3\]            │ _113626_/A1                │ met4  │
│ 1.32  │ 527.86   │ 400.00   │ QSPI_IO0                                                                │ wire30089/A                │ met3  │
│ 1.32  │ 527.85   │ 400.00   │ instr_bram_ctrl_inst.instr_ram.u_mem.g_2k[3\].u_cell.rdata[4\]          │ wire20885/A                │ met3  │
│ 1.32  │ 526.44   │ 400.00   │ net36507                                                                │ _075235_/A1                │ met1  │
│ 1.31  │ 524.91   │ 400.00   │ net30586                                                                │ wire30585/A                │ met3  │
│ 1.31  │ 524.82   │ 400.00   │ net42921                                                                │ wire42920/A                │ met2  │
│ 1.31  │ 523.89   │ 400.00   │ _039115_                                                                │ _095845_/C                 │ met1  │
│ 1.31  │ 523.60   │ 400.00   │ net43178                                                                │ _078416_/A1                │ met3  │
│ 1.31  │ 522.97   │ 400.00   │ net38229                                                                │ _075974_/C                 │ met1  │
│ 1.30  │ 521.99   │ 400.00   │ net39148                                                                │ _073462_/B1                │ met3  │
│ 1.30  │ 521.88   │ 400.00   │ net34840                                                                │ wire34839/A                │ met3  │
│ 1.30  │ 520.58   │ 400.00   │ _019678_                                                                │ _071025_/C                 │ met1  │
│ 1.30  │ 520.44   │ 400.00   │ net40725                                                                │ _077588_/A3                │ met3  │
│ 1.30  │ 519.86   │ 400.00   │ net595                                                                  │ wire35429/A                │ met1  │
│ 1.30  │ 519.61   │ 400.00   │ net30381                                                                │ wire30380/A                │ met3  │
│ 1.30  │ 519.12   │ 400.00   │ net41975                                                                │ _114547_/A2                │ met2  │
│ 1.30  │ 519.01   │ 400.00   │ net41773                                                                │ _074647_/A1                │ met3  │
│ 1.30  │ 519.01   │ 400.00   │ net42541                                                                │ _076189_/B2                │ met3  │
│ 1.29  │ 517.53   │ 400.00   │ net34909                                                                │ _078524_/B2                │ met3  │
│ 1.29  │ 517.06   │ 400.00   │ net37357                                                                │ wire37356/A                │ met2  │
│ 1.29  │ 516.72   │ 400.00   │ cpu_inst.CORE.core_i.cs_registers_i.pc_id_i[25\]                        │ _061802_/B                 │ met1  │
│ 1.29  │ 516.64   │ 400.00   │ net6303                                                                 │ wire40232/A                │ met3  │
│ 1.29  │ 516.11   │ 400.00   │ net36717                                                                │ _075272_/B2                │ met3  │
│ 1.29  │ 515.15   │ 400.00   │ net44643                                                                │ _072567_/B                 │ met3  │
│ 1.29  │ 514.97   │ 400.00   │ net33785                                                                │ wire33784/A                │ met3  │
│ 1.29  │ 514.55   │ 400.00   │ net36375                                                                │ _074009_/A2                │ met3  │
│ 1.29  │ 514.05   │ 400.00   │ net36213                                                                │ wire36212/A                │ met3  │
│ 1.28  │ 513.76   │ 400.00   │ net31904                                                                │ _078669_/A1                │ met3  │
│ 1.28  │ 512.75   │ 400.00   │ net596                                                                  │ wire34786/A                │ met1  │
│ 1.28  │ 511.78   │ 400.00   │ axi_data_bram_rdata[9\]                                                 │ hold61224/A                │ met1  │
│ 1.28  │ 510.86   │ 400.00   │ conv_accelerator_inst.acc[212\]                                         │ _096825_/A                 │ met1  │
│ 1.27  │ 509.35   │ 400.00   │ net30163                                                                │ clkbuf_leaf_4_clk_i/A      │ met3  │
│ 1.27  │ 509.35   │ 400.00   │ net30163                                                                │ max_length30162/A          │ met3  │
│ 1.27  │ 509.14   │ 400.00   │ net20754                                                                │ _064926_/A1                │ met1  │
│ 1.27  │ 508.91   │ 400.00   │ net8815                                                                 │ wire46006/A                │ met1  │
│ 1.27  │ 508.61   │ 400.00   │ net13642                                                                │ _073860_/C1                │ met3  │
│ 1.27  │ 508.53   │ 400.00   │ instr_bram_ctrl_inst.instr_ram.u_mem.g_2k[1\].u_cell.rdata[29\]         │ _114275_/A1                │ met4  │
│ 1.27  │ 507.75   │ 400.00   │ net39199                                                                │ _076620_/A1                │ met3  │
│ 1.27  │ 507.75   │ 400.00   │ net39199                                                                │ max_length39198/A          │ met3  │
│ 1.27  │ 507.08   │ 400.00   │ cpu_inst.CORE.core_i.ex_stage_i.mult_i.int_op_a_msu[20\]                │ _103606_/A1                │ met2  │
│ 1.27  │ 506.42   │ 400.00   │ net30807                                                                │ _077960_/C                 │ met1  │
│ 1.26  │ 505.99   │ 400.00   │ net7545                                                                 │ wire37107/A                │ met1  │
│ 1.26  │ 504.86   │ 400.00   │ net31958                                                                │ _078742_/A2                │ met3  │
│ 1.26  │ 504.86   │ 400.00   │ net31958                                                                │ wire31957/A                │ met3  │
│ 1.26  │ 504.81   │ 400.00   │ net39158                                                                │ wire39157/A                │ met3  │
│ 1.26  │ 504.60   │ 400.00   │ net43413                                                                │ wire43412/A                │ met3  │
│ 1.26  │ 504.08   │ 400.00   │ net38711                                                                │ _073225_/B1                │ met3  │
│ 1.26  │ 503.75   │ 400.00   │ net14171                                                                │ _071029_/A                 │ met1  │
│ 1.26  │ 502.66   │ 400.00   │ net37690                                                                │ _075418_/A1                │ met3  │
│ 1.26  │ 502.19   │ 400.00   │ net42559                                                                │ _078412_/A1                │ met1  │
│ 1.25  │ 501.91   │ 400.00   │ net10422                                                                │ _078298_/B1                │ met1  │
│ 1.25  │ 501.04   │ 400.00   │ net40203                                                                │ wire40202/A                │ met3  │
│ 1.25  │ 500.78   │ 400.00   │ net27512                                                                │ _109705_/D                 │ met1  │
│ 1.25  │ 499.39   │ 400.00   │ net14430                                                                │ _075659_/A                 │ met2  │
│ 1.25  │ 498.20   │ 400.00   │ net34887                                                                │ _075146_/A1                │ met3  │
│ 1.25  │ 498.15   │ 400.00   │ net37438                                                                │ wire37437/A                │ met3  │
│ 1.24  │ 496.76   │ 400.00   │ net36415                                                                │ _072489_/A3                │ met3  │
│ 1.24  │ 496.76   │ 400.00   │ net36415                                                                │ max_length36414/A          │ met3  │
│ 1.24  │ 496.73   │ 400.00   │ net42138                                                                │ _076459_/A2                │ met3  │
│ 1.24  │ 496.73   │ 400.00   │ net42138                                                                │ _076790_/A1                │ met3  │
│ 1.24  │ 495.56   │ 400.00   │ net17369                                                                │ wire43932/A                │ met1  │
│ 1.24  │ 495.11   │ 400.00   │ net34679                                                                │ wire34678/A                │ met3  │
│ 1.24  │ 495.11   │ 400.00   │ net35629                                                                │ wire35628/A                │ met3  │
│ 1.24  │ 494.94   │ 400.00   │ net30089                                                                │ wire47177/A                │ met1  │
│ 1.23  │ 493.69   │ 400.00   │ net41671                                                                │ wire41670/A                │ met3  │
│ 1.23  │ 492.85   │ 400.00   │ net41041                                                                │ wire41040/A                │ met3  │
│ 1.23  │ 492.45   │ 400.00   │ net30878                                                                │ _072027_/A2                │ met2  │
│ 1.23  │ 492.19   │ 400.00   │ net32594                                                                │ _073187_/B1                │ met3  │
│ 1.23  │ 492.19   │ 400.00   │ net40223                                                                │ wire40222/A                │ met3  │
│ 1.23  │ 490.52   │ 400.00   │ net18288                                                                │ wire18287/A                │ met2  │
│ 1.23  │ 490.22   │ 400.00   │ net42212                                                                │ _075127_/A2                │ met3  │
│ 1.23  │ 490.22   │ 400.00   │ net42212                                                                │ wire42211/A                │ met3  │
│ 1.22  │ 489.41   │ 400.00   │ yz_bram_ctrl_inst.yz_ram.u_mem.u_mem.g_2k[2\].u_cell.rdata[8\]          │ _064889_/A2                │ met4  │
│ 1.22  │ 488.61   │ 400.00   │ net47876                                                                │ _079479_/A1                │ met1  │
│ 1.22  │ 487.81   │ 400.00   │ net31391                                                                │ _077809_/D                 │ met3  │
│ 1.22  │ 487.25   │ 400.00   │ net45573                                                                │ _114345_/A0                │ met1  │
│ 1.22  │ 486.25   │ 400.00   │ net3737                                                                 │ wire34470/A                │ met3  │
│ 1.22  │ 486.19   │ 400.00   │ instr_bram_ctrl_inst.instr_ram.u_mem.g_2k[0\].u_cell.rdata[17\]         │ wire21711/A                │ met3  │
│ 1.22  │ 486.19   │ 400.00   │ yz_bram_ctrl_inst.yz_ram.u_mem.u_mem.g_2k[0\].u_cell.rdata[15\]         │ wire20460/A                │ met3  │
│ 1.22  │ 486.19   │ 400.00   │ yz_bram_ctrl_inst.yz_ram.u_mem.u_mem.g_2k[2\].u_cell.rdata[15\]         │ _064931_/A2                │ met4  │
│ 1.21  │ 485.16   │ 400.00   │ net769                                                                  │ load_slew768/A             │ met1  │
│ 1.21  │ 484.91   │ 400.00   │ net40312                                                                │ _076559_/A2                │ met3  │
│ 1.21  │ 484.77   │ 400.00   │ net6355                                                                 │ wire30945/A                │ met3  │
│ 1.21  │ 484.64   │ 400.00   │ net44153                                                                │ _116663_/A0                │ met1  │
│ 1.21  │ 483.87   │ 400.00   │ net36537                                                                │ wire36536/A                │ met3  │
│ 1.21  │ 483.26   │ 400.00   │ net31532                                                                │ _073145_/A1                │ met3  │
│ 1.21  │ 482.95   │ 400.00   │ clknet_4_3_0_clk_i_regs                                                 │ clkbuf_5_6_0_clk_i_regs/A  │ met3  │
│ 1.21  │ 482.93   │ 400.00   │ net38710                                                                │ _072655_/C                 │ met3  │
│ 1.21  │ 482.93   │ 400.00   │ net38710                                                                │ _074874_/B1                │ met3  │
│ 1.21  │ 482.61   │ 400.00   │ net16755                                                                │ _077811_/B                 │ met1  │
│ 1.21  │ 482.54   │ 400.00   │ net43673                                                                │ wire43672/A                │ met3  │
│ 1.21  │ 482.51   │ 400.00   │ net31571                                                                │ wire2701/A                 │ met3  │
│ 1.21  │ 482.49   │ 400.00   │ net48040                                                                │ _066836_/S                 │ met1  │
│ 1.21  │ 482.45   │ 400.00   │ net48414                                                                │ wire22223/A                │ met1  │
│ 1.20  │ 481.84   │ 400.00   │ net10171                                                                │ wire43679/A                │ met3  │
│ 1.20  │ 481.84   │ 400.00   │ net32568                                                                │ _073449_/B2                │ met3  │
│ 1.20  │ 481.84   │ 400.00   │ net35138                                                                │ _072904_/A1                │ met3  │
│ 1.20  │ 481.76   │ 400.00   │ yz_bram_ctrl_inst.yz_ram.u_mem.u_mem.g_2k[2\].u_cell.rdata[0\]          │ _064884_/A2                │ met4  │
│ 1.20  │ 481.76   │ 400.00   │ net10030                                                                │ wire35619/A                │ met3  │
│ 1.20  │ 481.61   │ 400.00   │ net47141                                                                │ _103861_/A                 │ met1  │
│ 1.20  │ 481.25   │ 400.00   │ _033607_                                                                │ wire46356/A                │ met1  │
│ 1.20  │ 481.05   │ 400.00   │ net11722                                                                │ wire42090/A                │ met3  │
│ 1.20  │ 480.95   │ 400.00   │ net44056                                                                │ wire44055/A                │ met3  │
│ 1.20  │ 480.44   │ 400.00   │ net8074                                                                 │ _071671_/A                 │ met1  │
│ 1.20  │ 479.63   │ 400.00   │ _023029_                                                                │ _074975_/B2                │ met3  │
│ 1.20  │ 479.63   │ 400.00   │ _023029_                                                                │ _077127_/B1                │ met3  │
│ 1.20  │ 479.22   │ 400.00   │ net38494                                                                │ _075425_/B                 │ met1  │
│ 1.19  │ 477.30   │ 400.00   │ net38540                                                                │ wire38539/A                │ met3  │
│ 1.19  │ 477.11   │ 400.00   │ net27741                                                                │ _107984_/A0                │ met1  │
│ 1.19  │ 476.96   │ 400.00   │ net36861                                                                │ wire36860/A                │ met3  │
│ 1.19  │ 475.83   │ 400.00   │ net35946                                                                │ _071392_/A2                │ met3  │
│ 1.19  │ 475.77   │ 400.00   │ net11624                                                                │ _078272_/A1                │ met3  │
│ 1.19  │ 474.42   │ 400.00   │ net27291                                                                │ _109229_/B                 │ met1  │
│ 1.19  │ 474.41   │ 400.00   │ net33053                                                                │ _078394_/C1                │ met3  │
│ 1.19  │ 474.36   │ 400.00   │ net7263                                                                 │ wire36549/A                │ met3  │
│ 1.18  │ 473.44   │ 400.00   │ net33605                                                                │ wire33604/A                │ met1  │
│ 1.18  │ 472.81   │ 400.00   │ net38455                                                                │ _079060_/A1                │ met3  │
│ 1.18  │ 472.30   │ 400.00   │ instr_bram_ctrl_inst.instr_ram.u_mem.g_2k[1\].u_cell.rdata[14\]         │ _114245_/A1                │ met3  │
│ 1.18  │ 472.06   │ 400.00   │ _020570_                                                                │ fanout6619/A               │ met3  │
│ 1.18  │ 471.52   │ 400.00   │ net8817                                                                 │ wire46220/A                │ met1  │
│ 1.18  │ 471.43   │ 400.00   │ net6736                                                                 │ wire38291/A                │ met3  │
│ 1.18  │ 471.39   │ 400.00   │ net11381                                                                │ wire39764/A                │ met3  │
│ 1.18  │ 470.88   │ 400.00   │ net36978                                                                │ _074600_/A2                │ met1  │
│ 1.18  │ 470.64   │ 400.00   │ net12405                                                                │ wire37865/A                │ met3  │
│ 1.17  │ 469.95   │ 400.00   │ net33704                                                                │ _074106_/A2                │ met3  │
│ 1.17  │ 469.90   │ 400.00   │ net40261                                                                │ wire40260/A                │ met3  │
│ 1.17  │ 469.31   │ 400.00   │ net36083                                                                │ wire36082/A                │ met2  │
│ 1.17  │ 469.28   │ 400.00   │ net42                                                                   │ wire48668/A                │ met1  │
│ 1.17  │ 468.46   │ 400.00   │ net30943                                                                │ _072503_/A2                │ met3  │
│ 1.17  │ 468.44   │ 400.00   │ net31540                                                                │ _076595_/B2                │ met3  │
│ 1.17  │ 468.44   │ 400.00   │ net31540                                                                │ wire31539/A                │ met3  │
│ 1.17  │ 468.10   │ 400.00   │ net3499                                                                 │ wire44267/A                │ met1  │
│ 1.17  │ 467.86   │ 400.00   │ net41388                                                                │ _073715_/B                 │ met2  │
│ 1.17  │ 466.97   │ 400.00   │ net31723                                                                │ _077791_/B1                │ met3  │
│ 1.17  │ 466.97   │ 400.00   │ net42406                                                                │ _074764_/A3                │ met3  │
│ 1.17  │ 466.44   │ 400.00   │ net45975                                                                │ fanout16430/A              │ met3  │
│ 1.17  │ 466.28   │ 400.00   │ net23791                                                                │ _096812_/A                 │ met1  │
│ 1.17  │ 466.00   │ 400.00   │ net36750                                                                │ _071579_/A2                │ met3  │
│ 1.17  │ 466.00   │ 400.00   │ net36750                                                                │ wire36749/A                │ met3  │
│ 1.16  │ 465.66   │ 400.00   │ yz_bram_ctrl_inst.yz_ram.u_mem.u_mem.g_2k[2\].u_cell.rdata[26\]         │ _064949_/A2                │ met4  │
│ 1.16  │ 465.10   │ 400.00   │ net42038                                                                │ _079118_/A1                │ met1  │
│ 1.16  │ 464.81   │ 400.00   │ net26909                                                                │ wire47918/A                │ met3  │
│ 1.16  │ 464.00   │ 400.00   │ net409                                                                  │ wire408/A                  │ met3  │
│ 1.16  │ 463.95   │ 400.00   │ net39441                                                                │ _076484_/A2                │ met3  │
│ 1.16  │ 463.92   │ 400.00   │ net43050                                                                │ wire43049/A                │ met3  │
│ 1.16  │ 463.54   │ 400.00   │ net12415                                                                │ wire46079/A                │ met2  │
│ 1.16  │ 463.19   │ 400.00   │ net35736                                                                │ _075868_/A2                │ met3  │
│ 1.16  │ 463.19   │ 400.00   │ net35736                                                                │ _077590_/A2                │ met3  │
│ 1.16  │ 463.04   │ 400.00   │ net42384                                                                │ _078881_/B2                │ met3  │
│ 1.16  │ 462.89   │ 400.00   │ net18390                                                                │ _074294_/A                 │ met1  │
│ 1.16  │ 462.45   │ 400.00   │ net43076                                                                │ _076701_/B1                │ met3  │
│ 1.15  │ 461.48   │ 400.00   │ net30960                                                                │ wire30959/A                │ met1  │
│ 1.15  │ 461.03   │ 400.00   │ net43127                                                                │ wire43126/A                │ met3  │
│ 1.15  │ 459.75   │ 400.00   │ net48737                                                                │ _113750_/A1                │ met1  │
│ 1.15  │ 459.55   │ 400.00   │ clknet_0_clk_i                                                          │ clkbuf_1_1_0_clk_i/A       │ met3  │
│ 1.15  │ 459.21   │ 400.00   │ net5674                                                                 │ wire41948/A                │ met1  │
│ 1.15  │ 458.87   │ 400.00   │ net45324                                                                │ wire45323/A                │ met1  │
│ 1.15  │ 458.42   │ 400.00   │ instr_bram_ctrl_inst.instr_ram.u_mem.g_2k[0\].u_cell.rdata[16\]         │ wire21719/A                │ met3  │
│ 1.15  │ 458.07   │ 400.00   │ net38043                                                                │ _073693_/A1                │ met3  │
│ 1.15  │ 458.05   │ 400.00   │ net3842                                                                 │ wire3841/A                 │ met3  │
│ 1.15  │ 458.03   │ 400.00   │ net13769                                                                │ wire13768/A                │ met3  │
│ 1.14  │ 456.57   │ 400.00   │ _020673_                                                                │ _077602_/A1                │ met3  │
│ 1.14  │ 456.50   │ 400.00   │ net38668                                                                │ _078022_/B2                │ met3  │
│ 1.14  │ 456.48   │ 400.00   │ net32509                                                                │ wire32508/A                │ met3  │
│ 1.14  │ 456.17   │ 400.00   │ clknet_4_6_0_clk_i_regs                                                 │ clkbuf_5_12_0_clk_i_regs/A │ met3  │
│ 1.14  │ 456.06   │ 400.00   │ cpu_inst.CORE.core_i.cs_registers_i.gen_trigger_regs.tmatch_value_q[4\] │ _060618_/B                 │ met1  │
│ 1.14  │ 455.97   │ 400.00   │ conv_accelerator_inst.wb_prod[326\]                                     │ _094577_/B                 │ met1  │
│ 1.14  │ 455.59   │ 400.00   │ net48384                                                                │ wire48383/A                │ met1  │
│ 1.14  │ 455.03   │ 400.00   │ net17220                                                                │ wire45889/A                │ met3  │
│ 1.14  │ 455.01   │ 400.00   │ net34799                                                                │ wire5493/A                 │ met3  │
│ 1.14  │ 455.01   │ 400.00   │ net38963                                                                │ _074108_/B1                │ met3  │
│ 1.14  │ 455.01   │ 400.00   │ net38963                                                                │ wire38962/A                │ met3  │
│ 1.14  │ 454.26   │ 400.00   │ net1996                                                                 │ wire43927/A                │ met1  │
│ 1.14  │ 454.25   │ 400.00   │ net5298                                                                 │ wire31797/A                │ met3  │
│ 1.13  │ 453.61   │ 400.00   │ net41759                                                                │ _077133_/B1                │ met3  │
│ 1.13  │ 453.61   │ 400.00   │ net41759                                                                │ _077299_/B1                │ met3  │
│ 1.13  │ 453.59   │ 400.00   │ net28879                                                                │ wire28878/A                │ met3  │
│ 1.13  │ 453.37   │ 400.00   │ net42402                                                                │ _075976_/A1                │ met3  │
│ 1.13  │ 452.92   │ 400.00   │ _029344_                                                                │ _085724_/B1_N              │ met1  │
│ 1.13  │ 451.52   │ 400.00   │ net37515                                                                │ _073472_/A1                │ met1  │
│ 1.13  │ 450.55   │ 400.00   │ net40662                                                                │ _077278_/A2                │ met3  │
│ 1.13  │ 450.35   │ 400.00   │ net4637                                                                 │ wire32880/A                │ met1  │
│ 1.13  │ 450.28   │ 400.00   │ net45184                                                                │ _118149_/A1                │ met1  │
│ 1.13  │ 450.08   │ 400.00   │ net3067                                                                 │ wire31746/A                │ met3  │
│ 1.13  │ 450.05   │ 400.00   │ net2973                                                                 │ wire41987/A                │ met1  │
│ 1.12  │ 449.79   │ 400.00   │ net33706                                                                │ _076455_/B                 │ met3  │
│ 1.12  │ 449.13   │ 400.00   │ net11440                                                                │ _071685_/A2                │ met3  │
│ 1.12  │ 449.05   │ 400.00   │ net42643                                                                │ _072445_/A3                │ met3  │
│ 1.12  │ 449.05   │ 400.00   │ net42643                                                                │ _077083_/A2                │ met3  │
│ 1.12  │ 449.02   │ 400.00   │ net12461                                                                │ wire42566/A                │ met3  │
│ 1.12  │ 448.97   │ 400.00   │ QSPI_rdata[23\]                                                         │ _116097_/A0                │ met1  │
│ 1.12  │ 447.53   │ 400.00   │ net1882                                                                 │ wire30426/A                │ met3  │
│ 1.12  │ 447.42   │ 400.00   │ net861                                                                  │ wire34410/A                │ met1  │
│ 1.12  │ 447.42   │ 400.00   │ net4126                                                                 │ _117323_/A2                │ met1  │
│ 1.12  │ 447.09   │ 400.00   │ net47171                                                                │ _094621_/A                 │ met1  │
│ 1.12  │ 447.09   │ 400.00   │ net47171                                                                │ _094650_/B1                │ met1  │
│ 1.12  │ 447.03   │ 400.00   │ _057321_                                                                │ wire43744/A                │ met1  │
│ 1.12  │ 446.87   │ 400.00   │ net5007                                                                 │ _075139_/A1                │ met1  │
│ 1.12  │ 446.74   │ 400.00   │ yz_bram_ctrl_inst.yz_ram.u_mem.u_mem.g_2k[2\].u_cell.rdata[30\]         │ wire19805/A                │ met3  │
│ 1.12  │ 446.46   │ 400.00   │ net34153                                                                │ _071807_/B1                │ met1  │
│ 1.12  │ 446.33   │ 400.00   │ net38489                                                                │ _078281_/B1                │ met1  │
│ 1.12  │ 446.16   │ 400.00   │ net2993                                                                 │ wire43525/A                │ met3  │
│ 1.11  │ 445.57   │ 400.00   │ net41120                                                                │ _077145_/A2                │ met1  │
│ 1.11  │ 445.30   │ 400.00   │ net7972                                                                 │ wire41885/A                │ met3  │
│ 1.11  │ 444.53   │ 400.00   │ instr_bram_ctrl_inst.instr_ram.u_mem.g_2k[3\].u_cell.rdata[17\]         │ wire21156/A                │ met3  │
│ 1.11  │ 444.17   │ 400.00   │ net27444                                                                │ hold65029/A                │ met1  │
│ 1.11  │ 444.13   │ 400.00   │ net36447                                                                │ _073630_/C                 │ met3  │
│ 1.11  │ 443.25   │ 400.00   │ conv_accelerator_inst.out_x[1\]                                         │ hold63647/A                │ met1  │
│ 1.11  │ 443.10   │ 400.00   │ net43099                                                                │ _073391_/B2                │ met3  │
│ 1.11  │ 443.10   │ 400.00   │ net43099                                                                │ wire43098/A                │ met3  │
│ 1.11  │ 442.92   │ 400.00   │ net17315                                                                │ wire46794/A                │ met1  │
│ 1.11  │ 442.78   │ 400.00   │ _054877_                                                                │ _113174_/B                 │ met1  │
│ 1.11  │ 442.54   │ 400.00   │ net16647                                                                │ _078477_/B2                │ met1  │
│ 1.11  │ 442.39   │ 400.00   │ net30824                                                                │ wire30823/A                │ met3  │
│ 1.11  │ 442.11   │ 400.00   │ instr_bram_ctrl_inst.instr_ram.u_mem.g_2k[0\].u_cell.rdata[21\]         │ wire21669/A                │ met3  │
│ 1.10  │ 441.70   │ 400.00   │ net34975                                                                │ _070104_/A1                │ met3  │
│ 1.10  │ 441.63   │ 400.00   │ net32785                                                                │ _074858_/A2                │ met3  │
│ 1.10  │ 441.63   │ 400.00   │ net36573                                                                │ _077603_/B1                │ met3  │
│ 1.10  │ 441.57   │ 400.00   │ _025846_                                                                │ wire32626/A                │ met1  │
│ 1.10  │ 441.31   │ 400.00   │ net38330                                                                │ _071104_/A                 │ met1  │
│ 1.10  │ 441.14   │ 400.00   │ net19265                                                                │ wire19256/A                │ met2  │
│ 1.10  │ 441.09   │ 400.00   │ net33692                                                                │ wire4611/A                 │ met3  │
│ 1.10  │ 440.92   │ 400.00   │ net3424                                                                 │ wire44579/A                │ met1  │
│ 1.10  │ 440.64   │ 400.00   │ net2587                                                                 │ _064687_/B                 │ met1  │
│ 1.10  │ 440.34   │ 400.00   │ net38352                                                                │ _076182_/A1                │ met3  │
│ 1.10  │ 440.16   │ 400.00   │ net40178                                                                │ wire40177/A                │ met3  │
│ 1.10  │ 439.87   │ 400.00   │ net936                                                                  │ wire31779/A                │ met1  │
│ 1.10  │ 439.76   │ 400.00   │ net43176                                                                │ wire43175/A                │ met3  │
│ 1.10  │ 3052.06  │ 2778.20  │ _057041_                                                                │ _116112_/A1                │ met3  │
│ 1.10  │ 438.79   │ 400.00   │ net34340                                                                │ _073048_/A3                │ met3  │
│ 1.10  │ 438.61   │ 400.00   │ net1221                                                                 │ _068020_/B                 │ met1  │
│ 1.10  │ 438.60   │ 400.00   │ net33071                                                                │ _076012_/A2                │ met1  │
│ 1.10  │ 438.53   │ 400.00   │ net33702                                                                │ _076344_/B1                │ met3  │
│ 1.10  │ 438.45   │ 400.00   │ net6295                                                                 │ wire40233/A                │ met2  │
│ 1.10  │ 438.33   │ 400.00   │ net48669                                                                │ _081858_/B                 │ met1  │
│ 1.09  │ 437.97   │ 400.00   │ net32320                                                                │ wire32319/A                │ met1  │
│ 1.09  │ 437.80   │ 400.00   │ net36832                                                                │ _074029_/A                 │ met3  │
│ 1.09  │ 437.58   │ 400.00   │ _038393_                                                                │ _094940_/C                 │ met1  │
│ 1.09  │ 437.37   │ 400.00   │ net7727                                                                 │ _077665_/A1                │ met3  │
│ 1.09  │ 437.37   │ 400.00   │ net30619                                                                │ _075588_/B2                │ met1  │
│ 1.09  │ 437.24   │ 400.00   │ net38211                                                                │ wire38210/A                │ met3  │
│ 1.09  │ 437.24   │ 400.00   │ net40511                                                                │ _074807_/A2                │ met3  │
│ 1.09  │ 437.14   │ 400.00   │ net38553                                                                │ _078902_/A2                │ met1  │
│ 1.09  │ 436.74   │ 400.00   │ net994                                                                  │ wire34001/A                │ met1  │
│ 1.09  │ 436.70   │ 400.00   │ net48540                                                                │ _105402_/B2                │ met1  │
│ 1.09  │ 435.68   │ 400.00   │ net36007                                                                │ _075990_/B1                │ met3  │
│ 1.09  │ 435.63   │ 400.00   │ net28139                                                                │ wire47232/A                │ met1  │
│ 1.09  │ 435.19   │ 400.00   │ net18813                                                                │ _077894_/A                 │ met1  │
│ 1.09  │ 434.81   │ 400.00   │ net19660                                                                │ wire19659/A                │ met1  │
│ 1.09  │ 434.78   │ 400.00   │ _022167_                                                                │ _078609_/B2                │ met1  │
│ 1.09  │ 434.26   │ 400.00   │ net30633                                                                │ _072861_/B1                │ met3  │
│ 1.09  │ 434.26   │ 400.00   │ net34957                                                                │ _075957_/B1                │ met3  │
│ 1.09  │ 434.20   │ 400.00   │ net19179                                                                │ fanout19144/A              │ met1  │
│ 1.08  │ 433.82   │ 400.00   │ net5145                                                                 │ wire31299/A                │ met1  │
│ 1.08  │ 433.66   │ 400.00   │ instr_bram_ctrl_inst.instr_ram.u_mem.g_2k[1\].u_cell.rdata[28\]         │ _114273_/A1                │ met4  │
│ 1.08  │ 433.52   │ 400.00   │ net32786                                                                │ _077531_/C                 │ met3  │
│ 1.08  │ 433.52   │ 400.00   │ net32786                                                                │ _078248_/B2                │ met3  │
│ 1.08  │ 432.83   │ 400.00   │ _020273_                                                                │ _076211_/A2                │ met1  │
│ 1.08  │ 432.81   │ 400.00   │ net39213                                                                │ _076860_/B1                │ met1  │
│ 1.08  │ 432.78   │ 400.00   │ net36794                                                                │ _078093_/A1                │ met1  │
│ 1.08  │ 432.54   │ 400.00   │ net2382                                                                 │ _064285_/C                 │ met3  │
│ 1.08  │ 432.54   │ 400.00   │ net2382                                                                 │ _064735_/B                 │ met3  │
│ 1.08  │ 432.13   │ 400.00   │ net15457                                                                │ fanout15451/A              │ met1  │
│ 1.08  │ 431.29   │ 400.00   │ net33378                                                                │ _077137_/A1                │ met3  │
│ 1.08  │ 431.29   │ 400.00   │ net37505                                                                │ _076244_/B2                │ met3  │
│ 1.08  │ 431.21   │ 400.00   │ net30489                                                                │ wire30488/A                │ met3  │
│ 1.08  │ 430.51   │ 400.00   │ net25367                                                                │ wire25366/A                │ met1  │
│ 1.08  │ 430.39   │ 400.00   │ _028937_                                                                │ _084835_/A                 │ met1  │
│ 1.08  │ 430.25   │ 400.00   │ net42622                                                                │ _077181_/A1                │ met1  │
│ 1.07  │ 429.87   │ 400.00   │ net12421                                                                │ _074062_/B1                │ met3  │
│ 1.07  │ 429.75   │ 400.00   │ _027405_                                                                │ wire42324/A                │ met3  │
│ 1.07  │ 429.66   │ 400.00   │ clknet_6_26__leaf_clk_i_regs                                            │ clkload17/A                │ met1  │
│ 1.07  │ 429.58   │ 400.00   │ _018210_                                                                │ _101442_/A0                │ met1  │
│ 1.07  │ 429.23   │ 400.00   │ instr_bram_ctrl_inst.instr_ram.u_mem.g_2k[1\].u_cell.rdata[18\]         │ _114253_/A1                │ met4  │
│ 1.07  │ 429.16   │ 400.00   │ net11563                                                                │ wire11558/A                │ met3  │
│ 1.07  │ 428.95   │ 400.00   │ net17906                                                                │ wire17905/A                │ met1  │
│ 1.07  │ 428.67   │ 400.00   │ net12503                                                                │ _071639_/B                 │ met1  │
│ 1.07  │ 428.43   │ 400.00   │ instr_bram_ctrl_inst.instr_ram.u_mem.g_2k[1\].u_cell.rdata[0\]          │ _114217_/A1                │ met4  │
│ 1.07  │ 428.32   │ 400.00   │ net33481                                                                │ _075070_/A1                │ met3  │
│ 1.07  │ 428.25   │ 400.00   │ net12598                                                                │ _071325_/A1                │ met3  │
│ 1.07  │ 428.21   │ 400.00   │ net20331                                                                │ wire20330/A                │ met1  │
│ 1.07  │ 428.21   │ 400.00   │ net20982                                                                │ wire20981/A                │ met1  │
│ 1.07  │ 428.21   │ 400.00   │ net21099                                                                │ wire21098/A                │ met1  │
│ 1.07  │ 428.10   │ 400.00   │ net723                                                                  │ wire32437/A                │ met1  │
│ 1.07  │ 427.76   │ 400.00   │ net47865                                                                │ _062646_/A1                │ met1  │
│ 1.07  │ 427.57   │ 400.00   │ net37799                                                                │ wire37798/A                │ met1  │
│ 1.07  │ 427.11   │ 400.00   │ net20752                                                                │ wire20751/A                │ met1  │
│ 1.07  │ 426.98   │ 400.00   │ net950                                                                  │ wire34960/A                │ met1  │
│ 1.07  │ 426.76   │ 400.00   │ net21234                                                                │ wire21233/A                │ met1  │
│ 1.07  │ 426.58   │ 400.00   │ net20910                                                                │ wire20909/A                │ met1  │
│ 1.07  │ 426.04   │ 400.00   │ net38051                                                                │ _072699_/B2                │ met3  │
│ 1.07  │ 426.04   │ 400.00   │ net38051                                                                │ _075658_/B2                │ met3  │
│ 1.07  │ 426.01   │ 400.00   │ instr_bram_ctrl_inst.instr_ram.u_mem.g_2k[1\].u_cell.rdata[15\]         │ _114247_/A1                │ met4  │
│ 1.07  │ 426.01   │ 400.00   │ instr_bram_ctrl_inst.instr_ram.u_mem.g_2k[1\].u_cell.rdata[20\]         │ _114257_/A1                │ met4  │
│ 1.07  │ 426.01   │ 400.00   │ net35415                                                                │ _073932_/B1                │ met3  │
│ 1.06  │ 425.61   │ 400.00   │ instr_bram_ctrl_inst.instr_ram.u_mem.g_2k[1\].u_cell.rdata[16\]         │ _114249_/A1                │ met4  │
│ 1.06  │ 425.29   │ 400.00   │ net41568                                                                │ wire41567/A                │ met3  │
│ 1.06  │ 425.21   │ 400.00   │ instr_bram_ctrl_inst.instr_ram.u_mem.g_2k[1\].u_cell.rdata[25\]         │ _114267_/A1                │ met4  │
│ 1.06  │ 425.05   │ 400.00   │ net13752                                                                │ _077180_/A1                │ met1  │
│ 1.06  │ 425.01   │ 400.00   │ net34080                                                                │ _071424_/A1                │ met1  │
│ 1.06  │ 424.81   │ 400.00   │ instr_bram_ctrl_inst.instr_ram.u_mem.g_2k[1\].u_cell.rdata[19\]         │ _114255_/A1                │ met4  │
│ 1.06  │ 424.68   │ 400.00   │ net2919                                                                 │ wire2918/A                 │ met1  │
│ 1.06  │ 424.60   │ 400.00   │ net21491                                                                │ wire21490/A                │ met1  │
│ 1.06  │ 424.20   │ 400.00   │ yz_bram_ctrl_inst.yz_ram.u_mem.u_mem.g_2k[2\].u_cell.rdata[6\]          │ _064922_/A2                │ met4  │
│ 1.06  │ 424.16   │ 400.00   │ net21478                                                                │ wire21477/A                │ met1  │
│ 1.06  │ 424.03   │ 400.00   │ _023113_                                                                │ _074471_/B                 │ met1  │
│ 1.06  │ 423.54   │ 400.00   │ net21481                                                                │ wire21480/A                │ met1  │
│ 1.06  │ 423.32   │ 400.00   │ net21198                                                                │ wire21197/A                │ met1  │
│ 1.06  │ 423.19   │ 400.00   │ net21262                                                                │ wire21261/A                │ met1  │
│ 1.06  │ 422.98   │ 400.00   │ net7900                                                                 │ wire33530/A                │ met1  │
│ 1.06  │ 422.69   │ 400.00   │ yz_bram_ctrl_inst.yz_ram.u_mem.u_mem.g_2k[2\].u_cell.rdata[11\]         │ _064907_/A2                │ met4  │
│ 1.06  │ 422.69   │ 400.00   │ yz_bram_ctrl_inst.yz_ram.u_mem.u_mem.g_2k[2\].u_cell.rdata[22\]         │ _064970_/A2                │ met4  │
│ 1.06  │ 422.66   │ 400.00   │ net21010                                                                │ wire21009/A                │ met1  │
│ 1.06  │ 422.53   │ 400.00   │ net21161                                                                │ wire21160/A                │ met1  │
│ 1.06  │ 422.43   │ 400.00   │ net11669                                                                │ _076674_/A1                │ met3  │
│ 1.06  │ 422.37   │ 400.00   │ net34825                                                                │ _077316_/A2                │ met3  │
│ 1.06  │ 422.28   │ 400.00   │ net41501                                                                │ wire14143/A                │ met3  │
│ 1.06  │ 422.02   │ 400.00   │ net32926                                                                │ wire32925/A                │ met1  │
│ 1.05  │ 421.69   │ 400.00   │ net20952                                                                │ wire20951/A                │ met1  │
│ 1.05  │ 421.56   │ 400.00   │ net20964                                                                │ wire20963/A                │ met1  │
│ 1.05  │ 421.56   │ 400.00   │ net21042                                                                │ wire21041/A                │ met1  │
│ 1.05  │ 421.56   │ 400.00   │ net21249                                                                │ wire21248/A                │ met1  │
│ 1.05  │ 421.53   │ 400.00   │ net35564                                                                │ _076899_/B2                │ met1  │
│ 1.05  │ 2927.37  │ 2778.20  │ _049094_                                                                │ _106173_/A1                │ met4  │
│ 1.05  │ 421.38   │ 400.00   │ yz_bram_ctrl_inst.yz_ram.u_mem.u_mem.g_2k[0\].u_cell.rdata[17\]         │ wire20429/A                │ met3  │
│ 1.05  │ 421.38   │ 400.00   │ yz_bram_ctrl_inst.yz_ram.u_mem.u_mem.g_2k[1\].u_cell.rdata[8\]          │ wire19836/A                │ met3  │
│ 1.05  │ 421.03   │ 400.00   │ net20269                                                                │ wire20268/A                │ met1  │
│ 1.05  │ 420.76   │ 400.00   │ net36289                                                                │ _073605_/C                 │ met3  │
│ 1.05  │ 420.58   │ 400.00   │ yz_bram_ctrl_inst.yz_ram.u_mem.u_mem.g_2k[2\].u_cell.rdata[14\]         │ _064925_/A2                │ met4  │
│ 1.05  │ 420.51   │ 400.00   │ net20963                                                                │ wire20962/A                │ met1  │
│ 1.05  │ 420.41   │ 400.00   │ net36063                                                                │ wire36062/A                │ met1  │
│ 1.05  │ 420.18   │ 400.00   │ net47808                                                                │ wire47807/A                │ met1  │
│ 1.05  │ 420.06   │ 400.00   │ net42389                                                                │ _077121_/A2                │ met3  │
│ 1.05  │ 419.67   │ 400.00   │ net20362                                                                │ wire20361/A                │ met1  │
│ 1.05  │ 419.67   │ 400.00   │ net20950                                                                │ wire20949/A                │ met1  │
│ 1.05  │ 419.58   │ 400.00   │ net21039                                                                │ wire21038/A                │ met1  │
│ 1.05  │ 419.55   │ 400.00   │ net11156                                                                │ _074261_/A1                │ met1  │
│ 1.05  │ 419.54   │ 400.00   │ net19692                                                                │ wire19691/A                │ met1  │
│ 1.05  │ 419.42   │ 400.00   │ net13865                                                                │ _071029_/B                 │ met2  │
│ 1.05  │ 419.39   │ 400.00   │ net38125                                                                │ _076423_/B2                │ met3  │
│ 1.05  │ 419.39   │ 400.00   │ net39842                                                                │ _077545_/B1                │ met3  │
│ 1.05  │ 419.01   │ 400.00   │ net20162                                                                │ wire20161/A                │ met1  │
│ 1.05  │ 419.01   │ 400.00   │ net20544                                                                │ wire20543/A                │ met1  │
│ 1.05  │ 419.00   │ 400.00   │ _017691_                                                                │ _068919_/C_N               │ met1  │
│ 1.05  │ 418.48   │ 400.00   │ net20727                                                                │ wire20726/A                │ met1  │
│ 1.05  │ 418.26   │ 400.00   │ net7286                                                                 │ _074558_/A2                │ met1  │
│ 1.04  │ 417.95   │ 400.00   │ net21438                                                                │ wire21437/A                │ met1  │
│ 1.04  │ 417.78   │ 400.00   │ net38729                                                                │ _073365_/A1                │ met3  │
│ 1.04  │ 417.64   │ 400.00   │ net20364                                                                │ wire20363/A                │ met1  │
│ 1.04  │ 417.64   │ 400.00   │ net20948                                                                │ wire20947/A                │ met1  │
│ 1.04  │ 417.64   │ 400.00   │ net20980                                                                │ wire20979/A                │ met1  │
│ 1.04  │ 417.64   │ 400.00   │ net21119                                                                │ wire21118/A                │ met1  │
│ 1.04  │ 417.64   │ 400.00   │ net21263                                                                │ wire21262/A                │ met1  │
│ 1.04  │ 417.51   │ 400.00   │ net21159                                                                │ wire21158/A                │ met1  │
│ 1.04  │ 416.42   │ 400.00   │ net3115                                                                 │ wire34870/A                │ met3  │
│ 1.04  │ 416.42   │ 400.00   │ net12753                                                                │ _075271_/C1                │ met3  │
│ 1.04  │ 416.42   │ 400.00   │ net46189                                                                │ _078981_/A1                │ met3  │
│ 1.04  │ 416.29   │ 400.00   │ net39824                                                                │ wire39823/A                │ met3  │
│ 1.04  │ 416.02   │ 400.00   │ net21118                                                                │ wire21117/A                │ met1  │
│ 1.04  │ 415.84   │ 400.00   │ net35890                                                                │ wire8044/A                 │ met3  │
│ 1.04  │ 415.83   │ 400.00   │ _018289_                                                                │ _100558_/A1                │ met1  │
│ 1.04  │ 415.62   │ 400.00   │ net20740                                                                │ wire20739/A                │ met1  │
│ 1.04  │ 415.49   │ 400.00   │ net21008                                                                │ wire21007/A                │ met1  │
│ 1.04  │ 415.36   │ 400.00   │ net11662                                                                │ _078150_/A1                │ met1  │
│ 1.04  │ 414.96   │ 400.00   │ net21163                                                                │ wire21162/A                │ met1  │
│ 1.04  │ 414.87   │ 400.00   │ net36189                                                                │ _074951_/A1                │ met3  │
│ 1.04  │ 414.87   │ 400.00   │ net36189                                                                │ _076056_/A                 │ met3  │
│ 1.04  │ 414.76   │ 400.00   │ net36167                                                                │ wire11085/A                │ met3  │
│ 1.04  │ 414.56   │ 400.00   │ net20772                                                                │ wire20771/A                │ met1  │
│ 1.04  │ 414.56   │ 400.00   │ net21115                                                                │ wire21114/A                │ met1  │
│ 1.04  │ 414.46   │ 400.00   │ net927                                                                  │ wire31591/A                │ met1  │
│ 1.04  │ 414.43   │ 400.00   │ net21246                                                                │ wire21245/A                │ met1  │
│ 1.04  │ 414.43   │ 400.00   │ net21495                                                                │ wire21494/A                │ met1  │
│ 1.04  │ 414.35   │ 400.00   │ net40150                                                                │ wire7883/A                 │ met3  │
│ 1.04  │ 414.03   │ 400.00   │ net21352                                                                │ wire21351/A                │ met1  │
│ 1.03  │ 413.99   │ 400.00   │ net19668                                                                │ wire19667/A                │ met1  │
│ 1.03  │ 413.99   │ 400.00   │ net21070                                                                │ wire21069/A                │ met1  │
│ 1.03  │ 413.99   │ 400.00   │ net21072                                                                │ wire21071/A                │ met1  │
│ 1.03  │ 413.99   │ 400.00   │ net21074                                                                │ wire21073/A                │ met1  │
│ 1.03  │ 413.59   │ 400.00   │ net20677                                                                │ wire20676/A                │ met1  │
│ 1.03  │ 413.59   │ 400.00   │ net37235                                                                │ wire37234/A                │ met1  │
│ 1.03  │ 413.50   │ 400.00   │ net45751                                                                │ _074339_/C                 │ met2  │
│ 1.03  │ 413.46   │ 400.00   │ net19960                                                                │ _064964_/A1                │ met1  │
│ 1.03  │ 413.46   │ 400.00   │ net21012                                                                │ wire21011/A                │ met1  │
│ 1.03  │ 413.42   │ 400.00   │ conv_accelerator_inst.wb_bytes[36\]                                     │ hold60569/A                │ met1  │
│ 1.03  │ 413.07   │ 400.00   │ net19638                                                                │ wire19637/A                │ met1  │
│ 1.03  │ 412.93   │ 400.00   │ net20703                                                                │ wire20702/A                │ met1  │
│ 1.03  │ 412.67   │ 400.00   │ net42181                                                                │ max_length42180/A          │ met1  │
│ 1.03  │ 2865.14  │ 2778.20  │ _057456_                                                                │ _116552_/A1                │ met3  │
│ 1.03  │ 411.50   │ 400.00   │ net47844                                                                │ _060134_/A0                │ met1  │
│ 1.03  │ 411.44   │ 400.00   │ net21765                                                                │ wire21764/A                │ met1  │
│ 1.03  │ 411.42   │ 400.00   │ net37985                                                                │ _074859_/B2                │ met1  │
│ 1.03  │ 411.41   │ 400.00   │ net11161                                                                │ wire44951/A                │ met2  │
│ 1.03  │ 411.32   │ 400.00   │ net33213                                                                │ _078773_/A3                │ met1  │
│ 1.03  │ 411.08   │ 400.00   │ net792                                                                  │ wire31178/A                │ met1  │
│ 1.03  │ 410.72   │ 400.00   │ net25037                                                                │ fanout25025/A              │ met1  │
│ 1.03  │ 410.41   │ 400.00   │ net18747                                                                │ wire18746/A                │ met3  │
│ 1.03  │ 410.39   │ 400.00   │ net31112                                                                │ wire31111/A                │ met3  │
│ 1.03  │ 410.08   │ 400.00   │ net27225                                                                │ _103111_/A1                │ met2  │
│ 1.02  │ 409.98   │ 400.00   │ net20176                                                                │ wire20175/A                │ met1  │
│ 1.02  │ 409.97   │ 400.00   │ qspi_master_inst.QSPI_STA[6\]                                           │ wire48669/A                │ met1  │
│ 1.02  │ 409.96   │ 400.00   │ net23647                                                                │ wire46992/A                │ met1  │
│ 1.02  │ 409.66   │ 400.00   │ net30153                                                                │ wire30152/A                │ met3  │
│ 1.02  │ 409.41   │ 400.00   │ net20705                                                                │ wire20704/A                │ met1  │
│ 1.02  │ 409.38   │ 400.00   │ net7629                                                                 │ wire40788/A                │ met1  │
│ 1.02  │ 409.31   │ 400.00   │ _029465_                                                                │ _085366_/A                 │ met1  │
│ 1.02  │ 408.94   │ 400.00   │ net39337                                                                │ wire39336/A                │ met3  │
│ 1.02  │ 408.92   │ 400.00   │ net40769                                                                │ _072506_/A2                │ met3  │
│ 1.02  │ 408.87   │ 400.00   │ net4735                                                                 │ wire34833/A                │ met3  │
│ 1.02  │ 408.87   │ 400.00   │ net4735                                                                 │ max_length34834/A          │ met3  │
│ 1.02  │ 408.73   │ 400.00   │ net35375                                                                │ max_length35374/A          │ met1  │
│ 1.02  │ 408.40   │ 400.00   │ net21466                                                                │ _114245_/A2                │ met1  │
│ 1.02  │ 408.36   │ 400.00   │ net31930                                                                │ wire5166/A                 │ met3  │
│ 1.02  │ 407.52   │ 400.00   │ net20748                                                                │ wire20747/A                │ met1  │
│ 1.02  │ 407.43   │ 400.00   │ _021505_                                                                │ _074878_/A2                │ met2  │
│ 1.02  │ 407.43   │ 400.00   │ net20393                                                                │ wire20392/A                │ met1  │
│ 1.02  │ 407.42   │ 400.00   │ net41644                                                                │ wire41643/A                │ met3  │
│ 1.02  │ 407.39   │ 400.00   │ net20508                                                                │ wire20507/A                │ met1  │
│ 1.02  │ 407.39   │ 400.00   │ net20756                                                                │ wire20755/A                │ met1  │
│ 1.02  │ 407.37   │ 400.00   │ net42098                                                                │ _072872_/B2                │ met1  │
│ 1.02  │ 407.26   │ 400.00   │ net46097                                                                │ _076656_/A1                │ met2  │
│ 1.02  │ 3005.08  │ 2956.40  │ net37599                                                                │ _070510_/C_N               │ met4  │
│ 1.02  │ 406.29   │ 400.00   │ net39176                                                                │ wire39175/A                │ met3  │
│ 1.02  │ 406.18   │ 400.00   │ net45987                                                                │ wire45986/A                │ met2  │
│ 1.02  │ 406.03   │ 400.00   │ net38915                                                                │ wire38914/A                │ met3  │
│ 1.01  │ 405.90   │ 400.00   │ _024533_                                                                │ wire35767/A                │ met3  │
│ 1.01  │ 405.89   │ 400.00   │ net21242                                                                │ wire21241/A                │ met1  │
│ 1.01  │ 405.84   │ 400.00   │ net47897                                                                │ fanout27125/A              │ met2  │
│ 1.01  │ 2824.25  │ 2784.80  │ _057545_                                                                │ _116646_/B                 │ met3  │
│ 1.01  │ 405.57   │ 400.00   │ net30153                                                                │ wire30150/A                │ met3  │
│ 1.01  │ 405.49   │ 400.00   │ net20595                                                                │ wire20594/A                │ met1  │
│ 1.01  │ 405.36   │ 400.00   │ net20984                                                                │ wire20983/A                │ met1  │
│ 1.01  │ 2815.11  │ 2778.20  │ _054838_                                                                │ _113116_/A0                │ met4  │
│ 1.01  │ 404.97   │ 400.00   │ net21636                                                                │ wire21635/A                │ met1  │
│ 1.01  │ 404.93   │ 400.00   │ net42838                                                                │ wire6984/A                 │ met3  │
│ 1.01  │ 404.91   │ 400.00   │ _020291_                                                                │ wire10196/A                │ met3  │
│ 1.01  │ 404.53   │ 400.00   │ net3777                                                                 │ _074334_/A3                │ met3  │
│ 1.01  │ 404.53   │ 400.00   │ net35586                                                                │ _073922_/A1                │ met3  │
│ 1.01  │ 404.53   │ 400.00   │ net38783                                                                │ _062247_/B                 │ met3  │
│ 1.01  │ 404.53   │ 400.00   │ net38783                                                                │ _110604_/A2                │ met3  │
│ 1.01  │ 404.48   │ 400.00   │ net39170                                                                │ wire39169/A                │ met3  │
│ 1.01  │ 404.44   │ 400.00   │ net20420                                                                │ wire20419/A                │ met1  │
│ 1.01  │ 403.86   │ 400.00   │ net20751                                                                │ wire20750/A                │ met1  │
│ 1.01  │ 403.75   │ 400.00   │ net8042                                                                 │ _075388_/B2                │ met3  │
│ 1.01  │ 403.75   │ 400.00   │ net8042                                                                 │ _075439_/A1                │ met3  │
│ 1.01  │ 403.53   │ 400.00   │ _019765_                                                                │ _071126_/A                 │ met1  │
│ 1.01  │ 403.47   │ 400.00   │ net20478                                                                │ wire20477/A                │ met1  │
│ 1.01  │ 403.10   │ 400.00   │ net41102                                                                │ _076197_/A2                │ met3  │
│ 1.01  │ 403.08   │ 400.00   │ _052595_                                                                │ _109696_/A                 │ met1  │
│ 1.01  │ 402.93   │ 400.00   │ net3405                                                                 │ wire44302/A                │ met1  │
│ 1.01  │ 402.87   │ 400.00   │ yz_bram_ctrl_inst.yz_ram.u_mem.u_mem.g_1k.u_cell.rdata[6\]              │ wire20577/A                │ met3  │
│ 1.01  │ 402.85   │ 400.00   │ net21425                                                                │ wire21424/A                │ met1  │
│ 1.01  │ 402.72   │ 400.00   │ _025384_                                                                │ _076843_/A2                │ met3  │
│ 1.01  │ 402.41   │ 400.00   │ net20191                                                                │ wire20190/A                │ met1  │
│ 1.01  │ 402.31   │ 400.00   │ _021711_                                                                │ _073063_/B1                │ met1  │
│ 1.01  │ 402.16   │ 400.00   │ data_bram_ctrl_inst.data_ram.u_mem.g_2k[1\].u_cell.rdata[18\]           │ _113656_/A1                │ met4  │
│ 1.01  │ 402.01   │ 400.00   │ net23661                                                                │ wire46982/A                │ met1  │
│ 1.00  │ 401.50   │ 400.00   │ net39290                                                                │ _073386_/A2                │ met3  │
│ 1.00  │ 401.44   │ 400.00   │ net10126                                                                │ wire10125/A                │ met3  │
│ 1.00  │ 401.44   │ 400.00   │ net37020                                                                │ _074012_/B                 │ met3  │
│ 1.00  │ 401.29   │ 400.00   │ net46513                                                                │ wire46512/A                │ met1  │
│ 1.00  │ 401.00   │ 400.00   │ net46667                                                                │ _117379_/C1                │ met3  │
│ 1.00  │ 401.00   │ 400.00   │ net46667                                                                │ wire46666/A                │ met3  │
│ 1.00  │ 400.97   │ 400.00   │ net43811                                                                │ wire8311/A                 │ met3  │
│ 1.00  │ 400.95   │ 400.00   │ net38716                                                                │ wire38715/A                │ met1  │
│ 1.00  │ 400.92   │ 400.00   │ _045795_                                                                │ _102808_/B1                │ met2  │
│ 1.00  │ 400.02   │ 400.00   │ net5076                                                                 │ wire36061/A                │ met3  │
└───────┴──────────┴──────────┴─────────────────────────────────────────────────────────────────────────┴────────────────────────────┴───────┘
