┏━━━━━━━┳━━━━━━━━━━┳━━━━━━━━━━┳━━━━━━━━━━━━━━━━━━━━━━━━━━━━━━━━━━━━━━━━━━━━━━━━━━━━━━━━━━━━━━━━━━━━━━━━━┳━━━━━━━━━━━━━━━━━━━━━━━━━━━┳━━━━━━━┓
┃ P / R ┃ Partial  ┃ Required ┃ Net                                                                     ┃ Pin                       ┃ Layer ┃
┡━━━━━━━╇━━━━━━━━━━╇━━━━━━━━━━╇━━━━━━━━━━━━━━━━━━━━━━━━━━━━━━━━━━━━━━━━━━━━━━━━━━━━━━━━━━━━━━━━━━━━━━━━━╇━━━━━━━━━━━━━━━━━━━━━━━━━━━╇━━━━━━━┩
│ 10.27 │ 4106.60  │ 400.00   │ QSPI_IO1                                                                │ hold30268/A               │ met3  │
│ 6.38  │ 2552.70  │ 400.00   │ net41378                                                                │ _073141_/B                │ met3  │
│ 5.78  │ 2310.16  │ 400.00   │ net33078                                                                │ _078516_/C                │ met3  │
│ 5.29  │ 2114.73  │ 400.00   │ net37964                                                                │ _070873_/B                │ met3  │
│ 5.26  │ 2102.92  │ 400.00   │ net33661                                                                │ _076361_/B                │ met3  │
│ 5.19  │ 2076.63  │ 400.00   │ net40082                                                                │ _077810_/C                │ met3  │
│ 5.17  │ 2068.00  │ 400.00   │ net27702                                                                │ _101949_/A1               │ met3  │
│ 4.99  │ 1995.22  │ 400.00   │ net45432                                                                │ wire21835/A               │ met3  │
│ 4.94  │ 1976.70  │ 400.00   │ net47097                                                                │ wire22157/A               │ met3  │
│ 4.94  │ 1974.41  │ 400.00   │ net32214                                                                │ _074367_/B                │ met3  │
│ 4.83  │ 1930.60  │ 400.00   │ net40474                                                                │ _077607_/C                │ met3  │
│ 4.80  │ 1921.97  │ 400.00   │ _020644_                                                                │ _077636_/B                │ met3  │
│ 4.75  │ 1898.73  │ 400.00   │ net38854                                                                │ _076009_/B                │ met3  │
│ 4.56  │ 1822.67  │ 400.00   │ net30599                                                                │ _074294_/C                │ met3  │
│ 4.21  │ 1682.47  │ 400.00   │ net41344                                                                │ _071145_/A2_N             │ met3  │
│ 4.17  │ 1668.58  │ 400.00   │ net30375                                                                │ _073200_/A2               │ met3  │
│ 4.07  │ 1626.98  │ 400.00   │ net38054                                                                │ _073413_/A                │ met3  │
│ 3.80  │ 1518.67  │ 400.00   │ net33070                                                                │ _074284_/D                │ met3  │
│ 3.75  │ 1498.48  │ 400.00   │ net32460                                                                │ _076795_/D                │ met3  │
│ 3.72  │ 1489.84  │ 400.00   │ net35830                                                                │ _071338_/B                │ met3  │
│ 3.71  │ 1485.94  │ 400.00   │ yz_bram_ctrl_inst.yz_ram.u_mem.u_mem.g_2k[3\].u_cell.rdata[0\]          │ wire47737/A               │ met3  │
│ 3.55  │ 1419.62  │ 400.00   │ net43701                                                                │ _108314_/B                │ met3  │
│ 3.51  │ 1405.19  │ 400.00   │ net36324                                                                │ _076038_/A2               │ met3  │
│ 3.50  │ 1401.71  │ 400.00   │ net38232                                                                │ _069990_/B                │ met3  │
│ 3.50  │ 1400.73  │ 400.00   │ net44353                                                                │ wire28798/A               │ met3  │
│ 3.47  │ 1388.83  │ 400.00   │ _026836_                                                                │ _078209_/A2               │ met3  │
│ 3.45  │ 1378.36  │ 400.00   │ yz_bram_ctrl_inst.yz_ram.u_mem.u_mem.g_1k.u_cell.rdata[16\]             │ wire20745/A               │ met3  │
│ 3.37  │ 11173.84 │ 3312.80  │ QSPI_IO1                                                                │ hold30268/A               │ met4  │
│ 3.35  │ 1340.63  │ 400.00   │ net37982                                                                │ _074300_/C                │ met3  │
│ 3.33  │ 1333.90  │ 400.00   │ net47406                                                                │ wire47405/A               │ met3  │
│ 3.32  │ 1326.08  │ 400.00   │ net45273                                                                │ _089679_/A1               │ met1  │
│ 3.29  │ 1315.86  │ 400.00   │ net45267                                                                │ _089671_/A1               │ met1  │
│ 3.29  │ 1314.77  │ 400.00   │ net22444                                                                │ wire22443/A               │ met3  │
│ 3.27  │ 1308.54  │ 400.00   │ net42606                                                                │ wire42605/A               │ met3  │
│ 3.24  │ 1295.89  │ 400.00   │ net45536                                                                │ wire45535/A               │ met3  │
│ 3.23  │ 1293.78  │ 400.00   │ net38234                                                                │ _076612_/C                │ met3  │
│ 3.19  │ 1275.83  │ 400.00   │ net39958                                                                │ _078897_/A2               │ met3  │
│ 3.17  │ 1268.20  │ 400.00   │ _056987_                                                                │ _116041_/B1               │ met3  │
│ 3.12  │ 1247.44  │ 400.00   │ net5360                                                                 │ _071925_/A2               │ met3  │
│ 3.12  │ 1247.44  │ 400.00   │ net5360                                                                 │ _078308_/B                │ met3  │
│ 3.11  │ 1244.35  │ 400.00   │ net31611                                                                │ _076153_/A3               │ met3  │
│ 3.10  │ 1240.08  │ 400.00   │ net38135                                                                │ _074600_/B1               │ met3  │
│ 3.08  │ 1232.41  │ 400.00   │ GPIO_araddr[6\]                                                         │ fanout2433/A              │ met3  │
│ 3.08  │ 1231.09  │ 400.00   │ net42019                                                                │ _077673_/A2               │ met3  │
│ 3.07  │ 1226.70  │ 400.00   │ net44506                                                                │ _073757_/A2               │ met3  │
│ 3.04  │ 1216.36  │ 400.00   │ _023380_                                                                │ _074739_/C1               │ met3  │
│ 3.04  │ 1214.80  │ 400.00   │ net36814                                                                │ _078341_/C1               │ met3  │
│ 3.02  │ 1207.18  │ 400.00   │ net35743                                                                │ _075062_/A1               │ met3  │
│ 3.00  │ 1201.01  │ 400.00   │ net45716                                                                │ wire45715/A               │ met3  │
│ 2.98  │ 1192.44  │ 400.00   │ net40525                                                                │ _072896_/B1               │ met3  │
│ 2.98  │ 1190.82  │ 400.00   │ net44801                                                                │ wire44800/A               │ met3  │
│ 2.97  │ 1189.33  │ 400.00   │ net38634                                                                │ _074228_/B2               │ met3  │
│ 2.97  │ 1186.62  │ 400.00   │ net45695                                                                │ _117379_/C1               │ met3  │
│ 2.96  │ 1185.97  │ 400.00   │ net32876                                                                │ _072133_/C_N              │ met3  │
│ 2.96  │ 1183.05  │ 400.00   │ net40781                                                                │ _078516_/B                │ met3  │
│ 2.95  │ 1180.61  │ 400.00   │ net31220                                                                │ _076471_/B1               │ met3  │
│ 2.95  │ 1180.38  │ 400.00   │ net39238                                                                │ _074486_/A2               │ met3  │
│ 2.95  │ 1179.87  │ 400.00   │ net39660                                                                │ _070464_/A                │ met3  │
│ 2.94  │ 1176.21  │ 400.00   │ net5310                                                                 │ _075668_/A2               │ met3  │
│ 2.94  │ 1174.95  │ 400.00   │ net45621                                                                │ wire45620/A               │ met3  │
│ 2.92  │ 1168.58  │ 400.00   │ _026562_                                                                │ _077934_/C1               │ met3  │
│ 2.91  │ 1165.80  │ 400.00   │ net45551                                                                │ wire45550/A               │ met3  │
│ 2.90  │ 1161.18  │ 400.00   │ net35546                                                                │ _077351_/B2               │ met3  │
│ 2.89  │ 1156.88  │ 400.00   │ net47426                                                                │ wire47425/A               │ met3  │
│ 2.89  │ 1155.17  │ 400.00   │ net10453                                                                │ _071420_/B                │ met3  │
│ 2.89  │ 1154.16  │ 400.00   │ clknet_1_1_0_clk_i                                                      │ clkbuf_1_1_1_clk_i/A      │ met3  │
│ 2.87  │ 1147.96  │ 400.00   │ net46201                                                                │ wire46200/A               │ met3  │
│ 2.86  │ 1142.01  │ 400.00   │ net35632                                                                │ _075998_/A2               │ met3  │
│ 2.85  │ 1139.17  │ 400.00   │ data_bram_ctrl_inst.data_ram.u_mem.g_2k[1\].u_cell.rdata[2\]            │ _113624_/A1               │ met4  │
│ 2.84  │ 1137.49  │ 400.00   │ net38400                                                                │ wire38399/A               │ met3  │
│ 2.82  │ 1129.99  │ 400.00   │ net32206                                                                │ _076492_/B1               │ met3  │
│ 2.81  │ 1122.62  │ 400.00   │ net32204                                                                │ _076568_/B2               │ met3  │
│ 2.80  │ 1121.71  │ 400.00   │ net37699                                                                │ _074811_/A                │ met3  │
│ 2.80  │ 1120.35  │ 400.00   │ clknet_6_46__leaf_clk_i_regs                                            │ _128324_/CLK              │ met3  │
│ 2.79  │ 1117.75  │ 400.00   │ _056605_                                                                │ _115583_/A1               │ met2  │
│ 2.79  │ 1116.74  │ 400.00   │ net41984                                                                │ _077326_/A1               │ met3  │
│ 2.79  │ 1115.12  │ 400.00   │ net36177                                                                │ wire36176/A               │ met3  │
│ 2.78  │ 1112.19  │ 400.00   │ net32269                                                                │ _074030_/A2               │ met3  │
│ 2.76  │ 1103.35  │ 400.00   │ net39651                                                                │ _078270_/A1               │ met3  │
│ 2.75  │ 1101.87  │ 400.00   │ net44125                                                                │ _076541_/B2               │ met3  │
│ 2.75  │ 1098.89  │ 400.00   │ net41495                                                                │ _075341_/B1               │ met3  │
│ 2.75  │ 1098.60  │ 400.00   │ net37690                                                                │ _075430_/B                │ met3  │
│ 2.74  │ 1095.92  │ 400.00   │ net4937                                                                 │ _073813_/B1               │ met3  │
│ 2.73  │ 1091.46  │ 400.00   │ _021375_                                                                │ _072887_/B1               │ met3  │
│ 2.73  │ 1091.33  │ 400.00   │ net2214                                                                 │ wire30687/A               │ met3  │
│ 2.73  │ 1091.33  │ 400.00   │ net3141                                                                 │ _071485_/B1               │ met3  │
│ 2.72  │ 1088.48  │ 400.00   │ net45561                                                                │ wire45560/A               │ met3  │
│ 2.72  │ 1088.36  │ 400.00   │ net2966                                                                 │ _117709_/C1               │ met3  │
│ 2.71  │ 1085.11  │ 400.00   │ net46986                                                                │ wire46985/A               │ met3  │
│ 2.71  │ 1083.96  │ 400.00   │ net38559                                                                │ _073462_/B1               │ met3  │
│ 2.71  │ 1083.77  │ 400.00   │ net35737                                                                │ _077157_/B2               │ met3  │
│ 2.70  │ 1081.41  │ 400.00   │ data_bram_ctrl_inst.data_ram.u_mem.g_2k[1\].u_cell.rdata[6\]            │ _113632_/A1               │ met4  │
│ 2.70  │ 1080.99  │ 400.00   │ net38250                                                                │ _071022_/A3               │ met3  │
│ 2.69  │ 1075.04  │ 400.00   │ net47555                                                                │ _105279_/A1               │ met3  │
│ 2.69  │ 1074.98  │ 400.00   │ _025974_                                                                │ _077343_/A1               │ met3  │
│ 2.67  │ 1067.83  │ 400.00   │ net3640                                                                 │ wire33461/A               │ met3  │
│ 2.66  │ 1065.99  │ 400.00   │ net7543                                                                 │ wire37203/A               │ met3  │
│ 2.66  │ 1064.82  │ 400.00   │ net5391                                                                 │ _073815_/B2               │ met3  │
│ 2.64  │ 1055.64  │ 400.00   │ _026283_                                                                │ wire31951/A               │ met3  │
│ 2.63  │ 1053.28  │ 400.00   │ net43898                                                                │ _118422_/A1               │ met1  │
│ 2.63  │ 1052.80  │ 400.00   │ net32496                                                                │ _076603_/B1               │ met3  │
│ 2.62  │ 1049.76  │ 400.00   │ _024760_                                                                │ _076127_/B1               │ met3  │
│ 2.62  │ 1049.70  │ 400.00   │ net31087                                                                │ _073162_/A2               │ met3  │
│ 2.62  │ 1048.27  │ 400.00   │ net35721                                                                │ _078397_/A2               │ met3  │
│ 2.61  │ 1042.39  │ 400.00   │ net42338                                                                │ _073821_/A1               │ met3  │
│ 2.60  │ 1040.84  │ 400.00   │ net40557                                                                │ _076114_/A2               │ met3  │
│ 2.60  │ 1040.78  │ 400.00   │ net17                                                                   │ _063871_/A                │ met1  │
│ 2.59  │ 1037.93  │ 400.00   │ net47431                                                                │ wire47430/A               │ met3  │
│ 2.58  │ 1033.41  │ 400.00   │ net42317                                                                │ _074428_/B2               │ met3  │
│ 2.58  │ 1031.98  │ 400.00   │ net7319                                                                 │ _077767_/A1               │ met3  │
│ 2.57  │ 1027.46  │ 400.00   │ net33497                                                                │ _072807_/A2               │ met3  │
│ 2.57  │ 1026.04  │ 400.00   │ net42040                                                                │ wire3310/A                │ met3  │
│ 2.56  │ 1024.36  │ 400.00   │ net10542                                                                │ _077978_/A2               │ met3  │
│ 2.56  │ 1023.06  │ 400.00   │ net38459                                                                │ _074645_/B2               │ met3  │
│ 2.56  │ 1022.87  │ 400.00   │ _023714_                                                                │ wire37581/A               │ met3  │
│ 2.55  │ 1021.58  │ 400.00   │ net31309                                                                │ _073309_/B1               │ met3  │
│ 2.55  │ 1021.51  │ 400.00   │ net32679                                                                │ _075182_/B2               │ met3  │
│ 2.54  │ 1017.58  │ 400.00   │ net6848                                                                 │ wire35032/A               │ met3  │
│ 2.54  │ 1015.56  │ 400.00   │ net30487                                                                │ _074695_/B2               │ met3  │
│ 2.54  │ 1014.20  │ 400.00   │ net38436                                                                │ wire38435/A               │ met3  │
│ 2.53  │ 1012.98  │ 400.00   │ data_bram_ctrl_inst.data_ram.u_mem.g_2k[1\].u_cell.rdata[1\]            │ _113622_/A1               │ met4  │
│ 2.53  │ 1011.17  │ 400.00   │ net34050                                                                │ wire34049/A               │ met3  │
│ 2.53  │ 1010.03  │ 400.00   │ net14                                                                   │ _063868_/B                │ met1  │
│ 2.52  │ 1008.19  │ 400.00   │ net18502                                                                │ _076340_/C1               │ met3  │
│ 2.51  │ 1003.73  │ 400.00   │ net33621                                                                │ _078592_/B2               │ met3  │
│ 2.51  │ 1002.18  │ 400.00   │ net32398                                                                │ _073449_/B2               │ met3  │
│ 2.50  │ 999.34   │ 400.00   │ net31817                                                                │ wire31816/A               │ met3  │
│ 2.50  │ 999.14   │ 400.00   │ net4581                                                                 │ wire32700/A               │ met3  │
│ 2.49  │ 996.23   │ 400.00   │ net33142                                                                │ _078984_/A2               │ met3  │
│ 2.48  │ 990.35   │ 400.00   │ net12537                                                                │ wire37921/A               │ met3  │
│ 2.48  │ 990.35   │ 400.00   │ net34667                                                                │ wire34666/A               │ met3  │
│ 2.47  │ 988.08   │ 400.00   │ net35616                                                                │ _075848_/C                │ met2  │
│ 2.47  │ 987.38   │ 400.00   │ net31068                                                                │ _079269_/A3               │ met3  │
│ 2.45  │ 981.62   │ 400.00   │ net34553                                                                │ _074512_/A2               │ met3  │
│ 2.45  │ 981.46   │ 400.00   │ net47022                                                                │ output54/A                │ met3  │
│ 2.45  │ 981.43   │ 400.00   │ net37738                                                                │ _071156_/A2               │ met3  │
│ 2.45  │ 981.37   │ 400.00   │ net2211                                                                 │ wire30513/A               │ met3  │
│ 2.45  │ 978.46   │ 400.00   │ net32371                                                                │ _077178_/A2               │ met3  │
│ 2.45  │ 978.46   │ 400.00   │ net37806                                                                │ wire37805/A               │ met3  │
│ 2.42  │ 966.56   │ 400.00   │ net40858                                                                │ _078098_/A1               │ met3  │
│ 2.42  │ 966.50   │ 400.00   │ net41102                                                                │ _075220_/A1               │ met3  │
│ 2.41  │ 965.07   │ 400.00   │ net38648                                                                │ _074474_/B1               │ met3  │
│ 2.41  │ 965.01   │ 400.00   │ net39304                                                                │ wire39303/A               │ met3  │
│ 2.41  │ 962.17   │ 400.00   │ net33474                                                                │ _076889_/A1               │ met3  │
│ 2.40  │ 960.55   │ 400.00   │ net38850                                                                │ _077947_/B1               │ met3  │
│ 2.40  │ 960.36   │ 400.00   │ net35679                                                                │ _077882_/B1               │ met3  │
│ 2.39  │ 956.02   │ 400.00   │ net38692                                                                │ wire38691/A               │ met3  │
│ 2.38  │ 953.18   │ 400.00   │ _026072_                                                                │ wire31718/A               │ met3  │
│ 2.38  │ 950.21   │ 400.00   │ net31633                                                                │ _075656_/A2               │ met3  │
│ 2.37  │ 947.23   │ 400.00   │ net35567                                                                │ _074419_/A2               │ met3  │
│ 2.36  │ 945.86   │ 400.00   │ net4132                                                                 │ _117157_/A1               │ met1  │
│ 2.36  │ 945.75   │ 400.00   │ _021360_                                                                │ _077299_/A2               │ met3  │
│ 2.36  │ 945.75   │ 400.00   │ net42859                                                                │ wire42858/A               │ met3  │
│ 2.36  │ 945.62   │ 400.00   │ net38496                                                                │ _070906_/A3               │ met3  │
│ 2.36  │ 944.13   │ 400.00   │ net2548                                                                 │ wire31167/A               │ met3  │
│ 2.35  │ 938.05   │ 400.00   │ net41605                                                                │ _077559_/A1               │ met3  │
│ 2.34  │ 937.19   │ 400.00   │ net33092                                                                │ _072364_/A1               │ met3  │
│ 2.34  │ 937.19   │ 400.00   │ net33092                                                                │ _078594_/B                │ met3  │
│ 2.34  │ 936.82   │ 400.00   │ net41577                                                                │ _075959_/A2               │ met3  │
│ 2.34  │ 934.68   │ 400.00   │ net38514                                                                │ _078299_/A1               │ met2  │
│ 2.33  │ 932.36   │ 400.00   │ net34386                                                                │ wire34385/A               │ met3  │
│ 2.32  │ 927.90   │ 400.00   │ net38779                                                                │ wire38777/A               │ met3  │
│ 2.32  │ 926.35   │ 400.00   │ net2523                                                                 │ wire31647/A               │ met3  │
│ 2.31  │ 923.25   │ 400.00   │ net41507                                                                │ _074777_/B2               │ met3  │
│ 2.30  │ 918.98   │ 400.00   │ net18250                                                                │ wire45440/A               │ met3  │
│ 2.30  │ 918.92   │ 400.00   │ net36326                                                                │ wire36325/A               │ met3  │
│ 2.30  │ 918.85   │ 400.00   │ net31265                                                                │ _077905_/A1               │ met3  │
│ 2.30  │ 918.69   │ 400.00   │ net34795                                                                │ _078123_/B1               │ met3  │
│ 2.29  │ 916.68   │ 400.00   │ net31876                                                                │ _079069_/A1_N             │ met3  │
│ 2.29  │ 916.01   │ 400.00   │ _019391_                                                                │ _071516_/A2               │ met3  │
│ 2.29  │ 914.59   │ 400.00   │ net10825                                                                │ _077657_/A2               │ met3  │
│ 2.28  │ 913.03   │ 400.00   │ net38582                                                                │ _071319_/A                │ met3  │
│ 2.28  │ 911.48   │ 400.00   │ net33985                                                                │ _077724_/A2               │ met3  │
│ 2.27  │ 907.09   │ 400.00   │ net42991                                                                │ wire42990/A               │ met3  │
│ 2.27  │ 906.96   │ 400.00   │ net41976                                                                │ _078049_/A2               │ met3  │
│ 2.26  │ 905.59   │ 400.00   │ net39350                                                                │ _075881_/B                │ met3  │
│ 2.26  │ 902.63   │ 400.00   │ _022304_                                                                │ wire34261/A               │ met3  │
│ 2.25  │ 901.14   │ 400.00   │ net6775                                                                 │ wire33876/A               │ met3  │
│ 2.25  │ 898.04   │ 400.00   │ net3619                                                                 │ wire32723/A               │ met3  │
│ 2.24  │ 896.68   │ 400.00   │ net30954                                                                │ _074685_/A1               │ met3  │
│ 2.23  │ 890.67   │ 400.00   │ net31867                                                                │ wire31866/A               │ met3  │
│ 2.22  │ 889.24   │ 400.00   │ net35423                                                                │ wire35422/A               │ met3  │
│ 2.22  │ 886.21   │ 400.00   │ net32152                                                                │ _077830_/B2               │ met3  │
│ 2.21  │ 884.72   │ 400.00   │ net3105                                                                 │ wire30654/A               │ met3  │
│ 2.20  │ 880.49   │ 400.00   │ yz_bram_ctrl_inst.yz_ram.u_mem.u_mem.g_2k[1\].u_cell.rdata[31\]         │ wire46719/A               │ met3  │
│ 2.20  │ 880.13   │ 400.00   │ net37262                                                                │ wire37261/A               │ met3  │
│ 2.20  │ 879.83   │ 400.00   │ net43859                                                                │ _113937_/A1               │ met1  │
│ 2.20  │ 878.84   │ 400.00   │ net11053                                                                │ wire37953/A               │ met3  │
│ 2.19  │ 875.73   │ 400.00   │ net3734                                                                 │ wire33981/A               │ met3  │
│ 2.19  │ 874.38   │ 400.00   │ net35354                                                                │ _071940_/B                │ met3  │
│ 2.18  │ 873.80   │ 400.00   │ clknet_1_1_1_clk_i_regs                                                 │ clkbuf_2_2_0_clk_i_regs/A │ met3  │
│ 2.18  │ 873.80   │ 400.00   │ clknet_1_1_1_clk_i_regs                                                 │ clkbuf_2_3_0_clk_i_regs/A │ met3  │
│ 2.18  │ 873.46   │ 400.00   │ _022014_                                                                │ _073367_/C                │ met3  │
│ 2.18  │ 872.82   │ 400.00   │ net38682                                                                │ _078955_/A1               │ met3  │
│ 2.17  │ 867.17   │ 400.00   │ net24                                                                   │ _063869_/C                │ met1  │
│ 2.17  │ 866.88   │ 400.00   │ net42315                                                                │ _078127_/A1               │ met3  │
│ 2.16  │ 863.97   │ 400.00   │ net40642                                                                │ _074583_/B1               │ met3  │
│ 2.16  │ 863.10   │ 400.00   │ net35237                                                                │ _077431_/C                │ met3  │
│ 2.16  │ 863.10   │ 400.00   │ net35237                                                                │ _078725_/A2               │ met3  │
│ 2.16  │ 862.48   │ 400.00   │ net5238                                                                 │ _073989_/B2               │ met3  │
│ 2.16  │ 862.48   │ 400.00   │ net32013                                                                │ _074180_/A2               │ met3  │
│ 2.15  │ 859.28   │ 400.00   │ net11624                                                                │ _078272_/A1               │ met3  │
│ 2.14  │ 856.47   │ 400.00   │ net3409                                                                 │ wire43624/A               │ met3  │
│ 2.14  │ 855.89   │ 400.00   │ conv_accelerator_inst.wb_bytes[29\]                                     │ hold62336/A               │ met1  │
│ 2.14  │ 855.05   │ 400.00   │ net36239                                                                │ _072291_/A2               │ met3  │
│ 2.14  │ 854.98   │ 400.00   │ net39243                                                                │ _078986_/A1               │ met3  │
│ 2.13  │ 850.01   │ 400.00   │ net30151                                                                │ clkbuf_leaf_7_clk_i/A     │ met3  │
│ 2.12  │ 848.86   │ 400.00   │ net39926                                                                │ _113722_/A1               │ met1  │
│ 2.11  │ 844.83   │ 400.00   │ _019488_                                                                │ _070835_/A3               │ met3  │
│ 2.11  │ 844.51   │ 400.00   │ net34988                                                                │ wire34987/A               │ met3  │
│ 2.11  │ 844.51   │ 400.00   │ net36133                                                                │ wire36132/A               │ met3  │
│ 2.11  │ 843.09   │ 400.00   │ net41481                                                                │ _074203_/A4               │ met3  │
│ 2.09  │ 837.33   │ 400.00   │ net11440                                                                │ _076552_/B2               │ met3  │
│ 2.09  │ 834.23   │ 400.00   │ net32297                                                                │ _078667_/A1               │ met3  │
│ 2.08  │ 832.74   │ 400.00   │ net33013                                                                │ _076802_/B2               │ met3  │
│ 2.07  │ 829.77   │ 400.00   │ net35908                                                                │ _071013_/A2               │ met3  │
│ 2.07  │ 829.64   │ 400.00   │ net31920                                                                │ _074180_/A1               │ met3  │
│ 2.07  │ 829.64   │ 400.00   │ net38397                                                                │ wire38396/A               │ met3  │
│ 2.06  │ 825.31   │ 400.00   │ net43737                                                                │ _073688_/A2               │ met3  │
│ 2.06  │ 823.69   │ 400.00   │ net39514                                                                │ _074317_/A3               │ met3  │
│ 2.06  │ 822.34   │ 400.00   │ net32726                                                                │ _074819_/B1               │ met3  │
│ 2.05  │ 820.85   │ 400.00   │ net32016                                                                │ _073802_/B1               │ met3  │
│ 2.05  │ 819.36   │ 400.00   │ net36913                                                                │ _075490_/A1               │ met3  │
│ 2.05  │ 819.30   │ 400.00   │ net40147                                                                │ _077464_/B1               │ met3  │
│ 2.04  │ 817.75   │ 400.00   │ net37122                                                                │ _079052_/A2               │ met3  │
│ 2.03  │ 811.92   │ 400.00   │ _057023_                                                                │ _116089_/A                │ met1  │
│ 2.03  │ 811.73   │ 400.00   │ net40314                                                                │ _074606_/A2               │ met3  │
│ 2.02  │ 809.08   │ 400.00   │ net34760                                                                │ _075326_/A                │ met3  │
│ 2.02  │ 807.14   │ 400.00   │ net14178                                                                │ wire14177/A               │ met3  │
│ 2.01  │ 805.69   │ 400.00   │ yz_bram_ctrl_inst.yz_ram.u_mem.u_mem.g_1k.u_cell.rdata[25\]             │ wire20667/A               │ met3  │
│ 2.00  │ 801.52   │ 400.00   │ net40340                                                                │ _077828_/A2               │ met3  │
│ 1.99  │ 797.06   │ 400.00   │ net38403                                                                │ _076365_/A1               │ met3  │
│ 1.99  │ 796.23   │ 400.00   │ net42484                                                                │ _076235_/A1_N             │ met3  │
│ 1.98  │ 793.19   │ 400.00   │ net4105                                                                 │ _113844_/A                │ met1  │
│ 1.98  │ 791.68   │ 400.00   │ net42602                                                                │ _078279_/C                │ met3  │
│ 1.98  │ 790.98   │ 400.00   │ net38423                                                                │ wire38422/A               │ met3  │
│ 1.97  │ 788.14   │ 400.00   │ net41428                                                                │ wire41427/A               │ met3  │
│ 1.97  │ 787.07   │ 400.00   │ yz_bram_ctrl_inst.yz_ram.u_mem.u_mem.g_2k[1\].u_cell.rdata[17\]         │ wire20001/A               │ met3  │
│ 1.97  │ 786.19   │ 400.00   │ net512                                                                  │ _108757_/A0               │ met1  │
│ 1.96  │ 783.61   │ 400.00   │ net40015                                                                │ _077588_/A3               │ met3  │
│ 1.96  │ 782.44   │ 400.00   │ yz_bram_ctrl_inst.yz_ram.u_mem.u_mem.g_2k[0\].u_cell.rdata[5\]          │ wire20139/A               │ met3  │
│ 1.96  │ 782.06   │ 400.00   │ net16362                                                                │ wire16361/A               │ met3  │
│ 1.95  │ 781.22   │ 400.00   │ net62571                                                                │ _067353_/B                │ met1  │
│ 1.94  │ 777.66   │ 400.00   │ net42555                                                                │ wire42554/A               │ met3  │
│ 1.93  │ 771.59   │ 400.00   │ net35107                                                                │ _070989_/A3               │ met3  │
│ 1.92  │ 768.55   │ 400.00   │ instr_bram_ctrl_inst.instr_ram.u_mem.g_2k[2\].u_cell.rdata[31\]         │ wire21329/A               │ met3  │
│ 1.91  │ 765.36   │ 400.00   │ net62592                                                                │ _065713_/B                │ met1  │
│ 1.91  │ 762.80   │ 400.00   │ net35563                                                                │ _073001_/A1               │ met3  │
│ 1.91  │ 762.73   │ 400.00   │ net2509                                                                 │ wire31478/A               │ met3  │
│ 1.90  │ 761.37   │ 400.00   │ net14107                                                                │ wire41731/A               │ met3  │
│ 1.89  │ 756.85   │ 400.00   │ net10822                                                                │ wire36315/A               │ met3  │
│ 1.89  │ 754.36   │ 400.00   │ net61902                                                                │ _090469_/A0               │ met1  │
│ 1.88  │ 752.45   │ 400.00   │ net39623                                                                │ _077836_/B2               │ met3  │
│ 1.88  │ 752.25   │ 400.00   │ yz_bram_ctrl_inst.yz_ram.u_mem.u_mem.g_2k[0\].u_cell.rdata[2\]          │ wire20216/A               │ met3  │
│ 1.88  │ 750.04   │ 400.00   │ net23120                                                                │ wire23119/A               │ met3  │
│ 1.87  │ 749.77   │ 400.00   │ net30803                                                                │ _073469_/B1               │ met1  │
│ 1.87  │ 749.48   │ 400.00   │ net32770                                                                │ _077522_/A2               │ met3  │
│ 1.87  │ 749.48   │ 400.00   │ net44008                                                                │ _073862_/A1               │ met3  │
│ 1.87  │ 749.28   │ 400.00   │ net35748                                                                │ _077015_/A1               │ met3  │
│ 1.87  │ 747.99   │ 400.00   │ net36310                                                                │ _076966_/A2               │ met3  │
│ 1.87  │ 747.93   │ 400.00   │ net40111                                                                │ _075858_/B2               │ met3  │
│ 1.87  │ 747.67   │ 400.00   │ net32280                                                                │ _079045_/B1               │ met3  │
│ 1.87  │ 746.51   │ 400.00   │ _048327_                                                                │ _105401_/A2               │ met3  │
│ 1.87  │ 746.51   │ 400.00   │ net36039                                                                │ _075646_/B2               │ met3  │
│ 1.87  │ 746.51   │ 400.00   │ net38410                                                                │ wire38409/A               │ met3  │
│ 1.86  │ 745.41   │ 400.00   │ yz_bram_ctrl_inst.yz_ram.u_mem.u_mem.g_1k.u_cell.rdata[6\]              │ wire20577/A               │ met3  │
│ 1.86  │ 745.41   │ 400.00   │ yz_bram_ctrl_inst.yz_ram.u_mem.u_mem.g_2k[0\].u_cell.rdata[31\]         │ wire20186/A               │ met3  │
│ 1.86  │ 743.53   │ 400.00   │ net36994                                                                │ _074485_/B1               │ met3  │
│ 1.85  │ 740.56   │ 400.00   │ net8422                                                                 │ wire38817/A               │ met3  │
│ 1.85  │ 739.87   │ 400.00   │ net41745                                                                │ fanout13270/A             │ met3  │
│ 1.83  │ 733.82   │ 400.00   │ net38667                                                                │ wire38666/A               │ met3  │
│ 1.83  │ 733.12   │ 400.00   │ net36944                                                                │ _074711_/A1               │ met3  │
│ 1.83  │ 732.99   │ 400.00   │ net35712                                                                │ _074500_/A2               │ met3  │
│ 1.83  │ 732.23   │ 400.00   │ data_bram_ctrl_inst.data_ram.u_mem.g_2k[1\].u_cell.rdata[4\]            │ _113628_/A1               │ met4  │
│ 1.83  │ 731.64   │ 400.00   │ net32941                                                                │ _078089_/A2               │ met3  │
│ 1.83  │ 730.28   │ 400.00   │ net42845                                                                │ _071428_/B1               │ met3  │
│ 1.83  │ 730.28   │ 400.00   │ net42845                                                                │ _076991_/B                │ met3  │
│ 1.83  │ 730.08   │ 400.00   │ net39319                                                                │ _073863_/A2               │ met3  │
│ 1.83  │ 730.08   │ 400.00   │ net39319                                                                │ wire39318/A               │ met3  │
│ 1.82  │ 727.42   │ 400.00   │ net32694                                                                │ _074718_/C                │ met1  │
│ 1.81  │ 722.72   │ 400.00   │ net37825                                                                │ _070370_/A2               │ met3  │
│ 1.81  │ 722.72   │ 400.00   │ net39874                                                                │ _075252_/B1               │ met3  │
│ 1.80  │ 721.16   │ 400.00   │ net4953                                                                 │ _076498_/B2               │ met3  │
│ 1.80  │ 721.16   │ 400.00   │ net38769                                                                │ wire38768/A               │ met3  │
│ 1.80  │ 718.95   │ 400.00   │ net32286                                                                │ _075480_/A2               │ met3  │
│ 1.80  │ 718.95   │ 400.00   │ net35460                                                                │ _070317_/A                │ met3  │
│ 1.80  │ 718.19   │ 400.00   │ net39129                                                                │ _073921_/B2               │ met3  │
│ 1.79  │ 716.77   │ 400.00   │ net10342                                                                │ wire40326/A               │ met3  │
│ 1.79  │ 715.22   │ 400.00   │ net37449                                                                │ _078495_/A3               │ met3  │
│ 1.78  │ 710.86   │ 400.00   │ net3055                                                                 │ _076174_/B                │ met1  │
│ 1.78  │ 710.14   │ 400.00   │ clknet_3_2_0_clk_i_regs                                                 │ clkbuf_4_4_0_clk_i_regs/A │ met3  │
│ 1.77  │ 709.27   │ 400.00   │ net2732                                                                 │ wire33080/A               │ met3  │
│ 1.77  │ 708.38   │ 400.00   │ instr_bram_ctrl_inst.instr_ram.u_mem.g_2k[2\].u_cell.rdata[4\]          │ wire21315/A               │ met3  │
│ 1.76  │ 704.92   │ 400.00   │ net39309                                                                │ _071594_/A1               │ met3  │
│ 1.76  │ 704.92   │ 400.00   │ net39309                                                                │ _075612_/A2               │ met3  │
│ 1.76  │ 704.00   │ 400.00   │ qspi_master_inst.QSPI_ADR[18\]                                          │ hold62716/A               │ met1  │
│ 1.76  │ 703.86   │ 400.00   │ _020878_                                                                │ _072233_/B                │ met1  │
│ 1.76  │ 703.32   │ 400.00   │ net11719                                                                │ _077197_/A1               │ met3  │
│ 1.76  │ 702.53   │ 400.00   │ net30704                                                                │ wire30703/A               │ met3  │
│ 1.75  │ 701.90   │ 400.00   │ net4832                                                                 │ wire40136/A               │ met3  │
│ 1.75  │ 700.41   │ 400.00   │ net14147                                                                │ wire39064/A               │ met3  │
│ 1.74  │ 697.45   │ 400.00   │ net40103                                                                │ _072000_/B1               │ met3  │
│ 1.74  │ 697.45   │ 400.00   │ net40103                                                                │ wire40102/A               │ met3  │
│ 1.74  │ 694.40   │ 400.00   │ net35338                                                                │ _074056_/A2               │ met3  │
│ 1.73  │ 693.64   │ 400.00   │ net36213                                                                │ wire36212/A               │ met3  │
│ 1.73  │ 692.98   │ 400.00   │ net352                                                                  │ wire351/A                 │ met3  │
│ 1.73  │ 692.98   │ 400.00   │ net31950                                                                │ _078611_/A2               │ met3  │
│ 1.73  │ 692.93   │ 400.00   │ net41609                                                                │ wire41608/A               │ met3  │
│ 1.73  │ 692.88   │ 400.00   │ yz_bram_ctrl_inst.yz_ram.u_mem.u_mem.g_2k[2\].u_cell.rdata[30\]         │ wire19805/A               │ met3  │
│ 1.73  │ 691.59   │ 400.00   │ net11442                                                                │ _077568_/A1               │ met3  │
│ 1.73  │ 691.53   │ 400.00   │ _053390_                                                                │ _110722_/A1               │ met2  │
│ 1.72  │ 689.94   │ 400.00   │ net32685                                                                │ _077107_/B1               │ met3  │
│ 1.72  │ 689.86   │ 400.00   │ instr_bram_ctrl_inst.instr_ram.u_mem.g_2k[3\].u_cell.rdata[29\]         │ wire20960/A               │ met3  │
│ 1.71  │ 685.54   │ 400.00   │ net37695                                                                │ wire37694/A               │ met3  │
│ 1.71  │ 683.99   │ 400.00   │ net31525                                                                │ _076688_/B1               │ met3  │
│ 1.71  │ 682.82   │ 400.00   │ yz_bram_ctrl_inst.yz_ram.u_mem.u_mem.g_2k[3\].u_cell.rdata[25\]         │ wire19664/A               │ met3  │
│ 1.70  │ 681.02   │ 400.00   │ _019013_                                                                │ wire36047/A               │ met3  │
│ 1.70  │ 680.60   │ 400.00   │ data_bram_ctrl_inst.data_ram.u_mem.g_2k[0\].u_cell.rdata[4\]            │ wire22513/A               │ met3  │
│ 1.70  │ 680.60   │ 400.00   │ instr_bram_ctrl_inst.instr_ram.u_mem.g_2k[1\].u_cell.rdata[3\]          │ _114223_/A1               │ met3  │
│ 1.70  │ 679.53   │ 400.00   │ net38059                                                                │ _075917_/B1               │ met3  │
│ 1.70  │ 679.53   │ 400.00   │ net41587                                                                │ wire41586/A               │ met3  │
│ 1.70  │ 679.51   │ 400.00   │ net37764                                                                │ wire37763/A               │ met1  │
│ 1.69  │ 676.67   │ 400.00   │ net4                                                                    │ _063875_/A                │ met1  │
│ 1.69  │ 676.67   │ 400.00   │ net4                                                                    │ _113729_/A0               │ met1  │
│ 1.69  │ 676.00   │ 400.00   │ net8                                                                    │ _063872_/A                │ met1  │
│ 1.69  │ 675.07   │ 400.00   │ net35666                                                                │ _073642_/B2               │ met3  │
│ 1.68  │ 673.65   │ 400.00   │ net33977                                                                │ _075316_/A3               │ met3  │
│ 1.68  │ 672.16   │ 400.00   │ net30640                                                                │ wire30639/A               │ met1  │
│ 1.67  │ 669.98   │ 400.00   │ net22224                                                                │ wire47444/A               │ met1  │
│ 1.67  │ 669.12   │ 400.00   │ net13822                                                                │ wire13821/A               │ met3  │
│ 1.67  │ 669.12   │ 400.00   │ net34137                                                                │ _071317_/A2               │ met3  │
│ 1.67  │ 667.70   │ 400.00   │ net28926                                                                │ _071563_/B1               │ met3  │
│ 1.67  │ 667.70   │ 400.00   │ net34391                                                                │ _071445_/B1               │ met3  │
│ 1.67  │ 667.66   │ 400.00   │ net38117                                                                │ _076208_/B2               │ met1  │
│ 1.66  │ 664.73   │ 400.00   │ net10450                                                                │ _071119_/A2               │ met3  │
│ 1.66  │ 664.50   │ 400.00   │ net38492                                                                │ _072545_/A                │ met1  │
│ 1.66  │ 664.44   │ 400.00   │ net45850                                                                │ _092163_/A                │ met1  │
│ 1.66  │ 663.11   │ 400.00   │ net35371                                                                │ _077590_/A2               │ met3  │
│ 1.65  │ 661.75   │ 400.00   │ net37381                                                                │ _070077_/A1               │ met3  │
│ 1.65  │ 661.24   │ 400.00   │ net3388                                                                 │ _117795_/B2               │ met1  │
│ 1.65  │ 660.79   │ 400.00   │ net32058                                                                │ wire32057/A               │ met3  │
│ 1.65  │ 660.27   │ 400.00   │ net32419                                                                │ wire32418/A               │ met3  │
│ 1.65  │ 660.20   │ 400.00   │ net38980                                                                │ _077545_/A2               │ met3  │
│ 1.65  │ 660.20   │ 400.00   │ net40476                                                                │ _074400_/A3               │ met3  │
│ 1.65  │ 658.11   │ 400.00   │ net37812                                                                │ _071104_/A                │ met1  │
│ 1.64  │ 657.46   │ 400.00   │ instr_bram_ctrl_inst.instr_ram.u_mem.g_2k[1\].u_cell.rdata[14\]         │ _114245_/A1               │ met3  │
│ 1.64  │ 657.29   │ 400.00   │ _024336_                                                                │ _075716_/A2               │ met3  │
│ 1.64  │ 657.29   │ 400.00   │ net34249                                                                │ _075922_/A3               │ met3  │
│ 1.64  │ 657.10   │ 400.00   │ net39551                                                                │ _078538_/B1               │ met3  │
│ 1.64  │ 656.78   │ 400.00   │ net32221                                                                │ _072590_/A                │ met1  │
│ 1.64  │ 655.39   │ 400.00   │ net46199                                                                │ _092838_/A                │ met1  │
│ 1.64  │ 654.94   │ 400.00   │ net44476                                                                │ _074706_/B                │ met2  │
│ 1.63  │ 652.83   │ 400.00   │ net34034                                                                │ _078167_/A2               │ met3  │
│ 1.63  │ 652.64   │ 400.00   │ net13319                                                                │ wire13318/A               │ met3  │
│ 1.62  │ 649.86   │ 400.00   │ net35738                                                                │ _072796_/B2               │ met3  │
│ 1.62  │ 649.39   │ 400.00   │ net40876                                                                │ _072281_/D                │ met2  │
│ 1.62  │ 648.20   │ 400.00   │ yz_bram_ctrl_inst.yz_ram.u_mem.u_mem.g_1k.u_cell.rdata[29\]             │ wire20633/A               │ met3  │
│ 1.61  │ 645.33   │ 400.00   │ net14529                                                                │ wire14528/A               │ met3  │
│ 1.61  │ 644.92   │ 400.00   │ net34512                                                                │ _074095_/A1               │ met1  │
│ 1.61  │ 643.91   │ 400.00   │ net38622                                                                │ wire38621/A               │ met3  │
│ 1.61  │ 643.78   │ 400.00   │ net6304                                                                 │ wire37808/A               │ met3  │
│ 1.60  │ 640.94   │ 400.00   │ net38658                                                                │ _072124_/A2               │ met3  │
│ 1.60  │ 640.23   │ 400.00   │ net37272                                                                │ _075097_/A1               │ met3  │
│ 1.60  │ 640.23   │ 400.00   │ net37272                                                                │ _076234_/B2               │ met3  │
│ 1.60  │ 639.56   │ 400.00   │ cpu_inst.CORE.core_i.alu_operand_c_ex[22\]                              │ hold63565/A               │ met1  │
│ 1.60  │ 639.45   │ 400.00   │ net38162                                                                │ _073225_/B1               │ met3  │
│ 1.60  │ 639.40   │ 400.00   │ net38482                                                                │ wire38481/A               │ met3  │
│ 1.59  │ 637.24   │ 400.00   │ net47441                                                                │ wire22223/A               │ met1  │
│ 1.59  │ 636.41   │ 400.00   │ net14570                                                                │ wire14569/A               │ met3  │
│ 1.59  │ 634.99   │ 400.00   │ net30835                                                                │ _076083_/A2               │ met3  │
│ 1.59  │ 634.20   │ 400.00   │ net46092                                                                │ wire46091/A               │ met3  │
│ 1.59  │ 634.13   │ 400.00   │ net3737                                                                 │ wire34167/A               │ met3  │
│ 1.58  │ 633.61   │ 400.00   │ net27261                                                                │ _109235_/B                │ met1  │
│ 1.58  │ 633.50   │ 400.00   │ _027232_                                                                │ _078607_/B1               │ met3  │
│ 1.58  │ 631.81   │ 400.00   │ net33452                                                                │ _072278_/B                │ met1  │
│ 1.58  │ 630.95   │ 400.00   │ net16074                                                                │ _078266_/B2               │ met1  │
│ 1.57  │ 629.32   │ 400.00   │ net42831                                                                │ _078764_/A1               │ met1  │
│ 1.57  │ 627.44   │ 400.00   │ net43707                                                                │ _102902_/A0               │ met1  │
│ 1.57  │ 626.76   │ 400.00   │ net33785                                                                │ _073285_/A1               │ met3  │
│ 1.57  │ 626.76   │ 400.00   │ net33785                                                                │ wire33784/A               │ met3  │
│ 1.56  │ 625.06   │ 400.00   │ instr_bram_ctrl_inst.instr_ram.u_mem.g_2k[0\].u_cell.rdata[12\]         │ wire21753/A               │ met3  │
│ 1.56  │ 624.52   │ 400.00   │ net37111                                                                │ wire37110/A               │ met3  │
│ 1.56  │ 623.44   │ 400.00   │ net44589                                                                │ _114326_/A0               │ met1  │
│ 1.56  │ 623.09   │ 400.00   │ net14365                                                                │ _073417_/A1               │ met3  │
│ 1.56  │ 622.86   │ 400.00   │ net43586                                                                │ _073239_/D                │ met2  │
│ 1.56  │ 622.71   │ 400.00   │ net38607                                                                │ _076366_/B                │ met3  │
│ 1.56  │ 622.71   │ 400.00   │ net38607                                                                │ max_length38606/A         │ met3  │
│ 1.56  │ 622.30   │ 400.00   │ net35313                                                                │ _071631_/B1               │ met3  │
│ 1.56  │ 622.30   │ 400.00   │ net35313                                                                │ _078615_/B2               │ met3  │
│ 1.56  │ 622.29   │ 400.00   │ net41260                                                                │ _071541_/A                │ met3  │
│ 1.56  │ 622.03   │ 400.00   │ net35883                                                                │ _073605_/C                │ met3  │
│ 1.55  │ 621.56   │ 400.00   │ net40865                                                                │ wire40864/A               │ met3  │
│ 1.55  │ 621.48   │ 400.00   │ net37284                                                                │ _074444_/A2               │ met3  │
│ 1.55  │ 621.42   │ 400.00   │ net44152                                                                │ _102586_/A1               │ met1  │
│ 1.55  │ 621.42   │ 400.00   │ net44152                                                                │ _102909_/B                │ met1  │
│ 1.55  │ 620.43   │ 400.00   │ instr_bram_ctrl_inst.instr_ram.u_mem.g_2k[1\].u_cell.rdata[17\]         │ wire21514/A               │ met3  │
│ 1.55  │ 619.97   │ 400.00   │ net1153                                                                 │ _090130_/A1               │ met1  │
│ 1.55  │ 618.59   │ 400.00   │ net36001                                                                │ wire36000/A               │ met3  │
│ 1.55  │ 618.33   │ 400.00   │ net40516                                                                │ _076140_/B                │ met1  │
│ 1.54  │ 617.84   │ 400.00   │ net38818                                                                │ _075340_/A3               │ met1  │
│ 1.54  │ 617.11   │ 400.00   │ net17302                                                                │ _068704_/A                │ met1  │
│ 1.54  │ 617.08   │ 400.00   │ net40306                                                                │ _073257_/A3               │ met3  │
│ 1.54  │ 615.66   │ 400.00   │ _021470_                                                                │ wire30602/A               │ met3  │
│ 1.54  │ 615.53   │ 400.00   │ net36549                                                                │ wire36548/A               │ met3  │
│ 1.54  │ 615.17   │ 400.00   │ net36646                                                                │ wire36645/A               │ met3  │
│ 1.54  │ 614.17   │ 400.00   │ net37585                                                                │ wire37584/A               │ met3  │
│ 1.53  │ 614.00   │ 400.00   │ net47420                                                                │ wire22248/A               │ met1  │
│ 1.53  │ 613.38   │ 400.00   │ net43564                                                                │ wire43563/A               │ met3  │
│ 1.53  │ 612.69   │ 400.00   │ net33049                                                                │ _077356_/A1               │ met3  │
│ 1.53  │ 612.64   │ 400.00   │ net38592                                                                │ wire38591/A               │ met3  │
│ 1.53  │ 611.17   │ 400.00   │ instr_bram_ctrl_inst.instr_ram.u_mem.g_2k[0\].u_cell.rdata[29\]         │ wire21605/A               │ met3  │
│ 1.53  │ 611.17   │ 400.00   │ instr_bram_ctrl_inst.instr_ram.u_mem.g_2k[2\].u_cell.rdata[17\]         │ wire21449/A               │ met3  │
│ 1.53  │ 611.07   │ 400.00   │ net36274                                                                │ _075991_/B2               │ met3  │
│ 1.53  │ 610.78   │ 400.00   │ _013580_                                                                │ _064387_/C                │ met1  │
│ 1.52  │ 609.71   │ 400.00   │ net31614                                                                │ _073755_/A3               │ met3  │
│ 1.52  │ 609.71   │ 400.00   │ net37208                                                                │ _076445_/A2               │ met3  │
│ 1.52  │ 608.64   │ 400.00   │ conv_accelerator_inst.acc[168\]                                         │ hold63485/A               │ met1  │
│ 1.52  │ 606.08   │ 400.00   │ net43069                                                                │ _064938_/A0               │ met1  │
│ 1.51  │ 605.25   │ 400.00   │ net44096                                                                │ _074185_/B1               │ met3  │
│ 1.51  │ 605.06   │ 400.00   │ net33204                                                                │ _075861_/B1               │ met3  │
│ 1.51  │ 605.02   │ 400.00   │ net38161                                                                │ _072655_/C                │ met3  │
│ 1.51  │ 605.02   │ 400.00   │ net38161                                                                │ _074874_/B1               │ met3  │
│ 1.51  │ 604.84   │ 400.00   │ net34741                                                                │ _076663_/A2               │ met1  │
│ 1.51  │ 603.78   │ 400.00   │ cpu_inst.CORE.core_i.ex_stage_i.mult_i.op_c_i[23\]                      │ hold63587/A               │ met1  │
│ 1.51  │ 603.77   │ 400.00   │ net39879                                                                │ _077147_/A3               │ met3  │
│ 1.50  │ 600.22   │ 400.00   │ net46847                                                                │ _089739_/A3               │ met1  │
│ 1.50  │ 599.86   │ 400.00   │ net24193                                                                │ wire47067/A               │ met1  │
│ 1.50  │ 599.31   │ 400.00   │ net46917                                                                │ _061680_/A1               │ met2  │
│ 1.50  │ 599.24   │ 400.00   │ net43654                                                                │ _071064_/A1               │ met3  │
│ 1.50  │ 599.22   │ 400.00   │ net36614                                                                │ wire36613/A               │ met3  │
│ 1.49  │ 596.33   │ 400.00   │ net40437                                                                │ _071821_/A2               │ met3  │
│ 1.49  │ 594.97   │ 400.00   │ data_bram_ctrl_inst.data_ram.u_mem.g_2k[1\].u_cell.rdata[15\]           │ _113650_/A1               │ met4  │
│ 1.49  │ 594.78   │ 400.00   │ net42721                                                                │ _074268_/A1               │ met3  │
│ 1.49  │ 594.05   │ 400.00   │ net39642                                                                │ _071439_/B                │ met3  │
│ 1.48  │ 593.24   │ 400.00   │ net38385                                                                │ wire38384/A               │ met3  │
│ 1.48  │ 593.08   │ 400.00   │ net30415                                                                │ _128315_/D                │ met3  │
│ 1.48  │ 590.22   │ 400.00   │ net47249                                                                │ _060078_/A                │ met1  │
│ 1.47  │ 589.56   │ 400.00   │ net32924                                                                │ wire32923/A               │ met3  │
│ 1.47  │ 588.90   │ 400.00   │ net12451                                                                │ _076955_/B2               │ met3  │
│ 1.47  │ 587.82   │ 400.00   │ net20168                                                                │ wire20167/A               │ met3  │
│ 1.47  │ 587.28   │ 400.00   │ net37323                                                                │ _073021_/A3               │ met3  │
│ 1.46  │ 585.92   │ 400.00   │ net31542                                                                │ _073032_/B2               │ met3  │
│ 1.46  │ 585.13   │ 400.00   │ net40430                                                                │ wire40429/A               │ met3  │
│ 1.46  │ 584.96   │ 400.00   │ net47006                                                                │ _067733_/A0               │ met3  │
│ 1.46  │ 583.89   │ 400.00   │ net27207                                                                │ _109950_/A                │ met1  │
│ 1.46  │ 582.99   │ 400.00   │ instr_bram_ctrl_inst.instr_ram.u_mem.g_2k[1\].u_cell.rdata[21\]         │ _114259_/A1               │ met4  │
│ 1.46  │ 582.95   │ 400.00   │ net33246                                                                │ _075070_/A1               │ met3  │
│ 1.46  │ 582.16   │ 400.00   │ net33939                                                                │ wire33938/A               │ met3  │
│ 1.46  │ 582.09   │ 400.00   │ net41738                                                                │ wire41737/A               │ met3  │
│ 1.45  │ 581.46   │ 400.00   │ net33960                                                                │ _077797_/B1               │ met3  │
│ 1.45  │ 581.33   │ 400.00   │ net47335                                                                │ _106832_/A0               │ met1  │
│ 1.45  │ 581.33   │ 400.00   │ net61525                                                                │ _065677_/B                │ met1  │
│ 1.45  │ 580.11   │ 400.00   │ net33861                                                                │ _071335_/B1               │ met3  │
│ 1.45  │ 578.61   │ 400.00   │ net40753                                                                │ _071547_/B                │ met1  │
│ 1.44  │ 577.28   │ 400.00   │ cpu_inst.CORE.core_i.load_store_unit_i.data_sign_ext_q[0\]              │ _106289_/B                │ met1  │
│ 1.44  │ 577.00   │ 400.00   │ net30660                                                                │ _072703_/C1               │ met3  │
│ 1.44  │ 576.08   │ 400.00   │ net42351                                                                │ _075858_/A1               │ met1  │
│ 1.44  │ 575.52   │ 400.00   │ _023880_                                                                │ wire30561/A               │ met3  │
│ 1.44  │ 575.39   │ 400.00   │ net12340                                                                │ _077349_/A3               │ met3  │
│ 1.44  │ 574.03   │ 400.00   │ net7832                                                                 │ _074028_/B2               │ met3  │
│ 1.43  │ 573.96   │ 400.00   │ net37919                                                                │ _076779_/C1               │ met3  │
│ 1.43  │ 573.13   │ 400.00   │ net17335                                                                │ wire43514/A               │ met1  │
│ 1.43  │ 572.54   │ 400.00   │ net17069                                                                │ wire17068/A               │ met3  │
│ 1.43  │ 572.54   │ 400.00   │ net32161                                                                │ _073920_/B2               │ met3  │
│ 1.43  │ 571.24   │ 400.00   │ net36815                                                                │ _078360_/C1               │ met1  │
│ 1.43  │ 570.97   │ 400.00   │ conv_accelerator_inst.fcw_dout[9\]                                      │ hold30285/A               │ met1  │
│ 1.43  │ 570.73   │ 400.00   │ net36861                                                                │ _079223_/A3               │ met3  │
│ 1.42  │ 569.57   │ 400.00   │ net36661                                                                │ wire36660/A               │ met3  │
│ 1.42  │ 567.82   │ 400.00   │ net11440                                                                │ _071685_/A2               │ met3  │
│ 1.42  │ 566.03   │ 400.00   │ conv_accelerator_inst.acc[160\]                                         │ hold63152/A               │ met1  │
│ 1.41  │ 564.94   │ 400.00   │ net46839                                                                │ wire46838/A               │ met1  │
│ 1.41  │ 564.86   │ 400.00   │ net47754                                                                │ _113707_/A0               │ met1  │
│ 1.41  │ 564.51   │ 400.00   │ net28169                                                                │ wire46804/A               │ met1  │
│ 1.41  │ 563.56   │ 400.00   │ net63665                                                                │ _062291_/B2               │ met3  │
│ 1.41  │ 563.25   │ 400.00   │ _035231_                                                                │ _091459_/C                │ met1  │
│ 1.41  │ 562.13   │ 400.00   │ net32056                                                                │ _072950_/B1               │ met3  │
│ 1.40  │ 560.25   │ 400.00   │ data_bram_ctrl_inst.data_ram.u_mem.g_2k[0\].u_cell.rdata[15\]           │ wire23255/A               │ met3  │
│ 1.40  │ 559.67   │ 400.00   │ net42660                                                                │ wire42659/A               │ met1  │
│ 1.40  │ 559.19   │ 400.00   │ _020428_                                                                │ _071776_/C                │ met2  │
│ 1.39  │ 556.88   │ 400.00   │ net37499                                                                │ _072286_/B1               │ met3  │
│ 1.39  │ 556.88   │ 400.00   │ net37499                                                                │ _074543_/A2               │ met3  │
│ 1.39  │ 554.63   │ 400.00   │ net31588                                                                │ _074554_/A2               │ met3  │
│ 1.39  │ 554.55   │ 400.00   │ net36380                                                                │ wire36379/A               │ met3  │
│ 1.38  │ 553.13   │ 400.00   │ net40518                                                                │ wire40517/A               │ met3  │
│ 1.38  │ 550.24   │ 400.00   │ net17068                                                                │ wire17067/A               │ met3  │
│ 1.38  │ 550.24   │ 400.00   │ net37317                                                                │ _072481_/A1               │ met3  │
│ 1.37  │ 548.78   │ 400.00   │ _012254_                                                                │ _113462_/B                │ met1  │
│ 1.37  │ 548.28   │ 400.00   │ net23703                                                                │ wire47082/A               │ met1  │
│ 1.37  │ 547.28   │ 400.00   │ net38531                                                                │ _076116_/A1               │ met3  │
│ 1.37  │ 547.26   │ 400.00   │ net37360                                                                │ _071598_/C1               │ met3  │
│ 1.37  │ 546.06   │ 400.00   │ cpu_inst.CORE.core_i.cs_registers_i.gen_trigger_regs.tmatch_value_q[4\] │ _060618_/B                │ met1  │
│ 1.36  │ 545.71   │ 400.00   │ net11625                                                                │ _079134_/A2               │ met3  │
│ 1.36  │ 545.65   │ 400.00   │ net32715                                                                │ _078273_/B1               │ met3  │
│ 1.36  │ 545.38   │ 400.00   │ net40892                                                                │ _076987_/A2               │ met1  │
│ 1.36  │ 545.00   │ 400.00   │ net16336                                                                │ _077348_/B                │ met1  │
│ 1.36  │ 544.99   │ 400.00   │ net39699                                                                │ wire39698/A               │ met3  │
│ 1.36  │ 544.39   │ 400.00   │ net32266                                                                │ _079044_/A4               │ met3  │
│ 1.36  │ 543.78   │ 400.00   │ net41754                                                                │ _078412_/A1               │ met1  │
│ 1.36  │ 542.76   │ 400.00   │ net36579                                                                │ _074012_/B                │ met3  │
│ 1.36  │ 542.74   │ 400.00   │ _022061_                                                                │ _073415_/A2               │ met3  │
│ 1.35  │ 541.69   │ 400.00   │ net31822                                                                │ wire31821/A               │ met3  │
│ 1.35  │ 541.32   │ 400.00   │ net6303                                                                 │ wire39546/A               │ met3  │
│ 1.35  │ 541.32   │ 400.00   │ net41644                                                                │ _076528_/A2               │ met3  │
│ 1.35  │ 541.32   │ 400.00   │ net45230                                                                │ _078981_/A1               │ met3  │
│ 1.35  │ 541.06   │ 400.00   │ net23979                                                                │ _085113_/A                │ met1  │
│ 1.35  │ 540.19   │ 400.00   │ net62852                                                                │ _101608_/D                │ met1  │
│ 1.35  │ 539.83   │ 400.00   │ net32413                                                                │ _073123_/B1               │ met3  │
│ 1.35  │ 539.25   │ 400.00   │ net16103                                                                │ _073758_/A                │ met2  │
│ 1.35  │ 539.08   │ 400.00   │ net38901                                                                │ _078845_/A                │ met2  │
│ 1.35  │ 539.06   │ 400.00   │ axi_data_bram_rdata[13\]                                                │ hold60313/A               │ met1  │
│ 1.35  │ 539.02   │ 400.00   │ net39959                                                                │ _074843_/B1               │ met3  │
│ 1.35  │ 539.02   │ 400.00   │ net39959                                                                │ _076755_/A3               │ met3  │
│ 1.35  │ 538.21   │ 400.00   │ _050146_                                                                │ _110759_/A1               │ met2  │
│ 1.34  │ 537.81   │ 400.00   │ cpu_inst.CORE.core_i.cs_registers_i.gen_trigger_regs.tmatch_value_q[2\] │ hold62011/A               │ met1  │
│ 1.34  │ 537.75   │ 400.00   │ net30753                                                                │ _077365_/B                │ met1  │
│ 1.34  │ 536.03   │ 400.00   │ net43577                                                                │ wire43576/A               │ met3  │
│ 1.34  │ 535.80   │ 400.00   │ net35091                                                                │ wire35090/A               │ met2  │
│ 1.34  │ 535.37   │ 400.00   │ net35302                                                                │ _075873_/B1               │ met3  │
│ 1.34  │ 535.19   │ 400.00   │ net27707                                                                │ _101905_/A1               │ met1  │
│ 1.33  │ 533.88   │ 400.00   │ net40939                                                                │ _073678_/A3               │ met3  │
│ 1.33  │ 533.82   │ 400.00   │ net2351                                                                 │ wire30673/A               │ met3  │
│ 1.33  │ 533.82   │ 400.00   │ net38477                                                                │ _073510_/A1               │ met3  │
│ 1.33  │ 533.37   │ 400.00   │ net4126                                                                 │ _117323_/A2               │ met1  │
│ 1.33  │ 532.97   │ 400.00   │ net43614                                                                │ _071918_/B                │ met2  │
│ 1.33  │ 532.48   │ 400.00   │ instr_bram_ctrl_inst.instr_ram.u_mem.g_2k[3\].u_cell.rdata[8\]          │ wire20827/A               │ met3  │
│ 1.33  │ 531.19   │ 400.00   │ net47250                                                                │ _101859_/A1               │ met1  │
│ 1.33  │ 530.84   │ 400.00   │ net39426                                                                │ _078244_/A2               │ met3  │
│ 1.33  │ 530.08   │ 400.00   │ net38132                                                                │ _072090_/B1               │ met3  │
│ 1.32  │ 529.96   │ 400.00   │ net10856                                                                │ wire37396/A               │ met3  │
│ 1.32  │ 529.23   │ 400.00   │ net35049                                                                │ _072513_/A2               │ met3  │
│ 1.32  │ 529.23   │ 400.00   │ net35049                                                                │ _073654_/A2               │ met3  │
│ 1.32  │ 527.95   │ 400.00   │ data_bram_ctrl_inst.data_ram.u_mem.g_2k[1\].u_cell.rdata[3\]            │ _113626_/A1               │ met4  │
│ 1.32  │ 527.87   │ 400.00   │ net41052                                                                │ _078137_/A2               │ met3  │
│ 1.32  │ 527.85   │ 400.00   │ yz_bram_ctrl_inst.yz_ram.u_mem.u_mem.g_2k[3\].u_cell.rdata[28\]         │ wire19642/A               │ met3  │
│ 1.32  │ 527.71   │ 400.00   │ net33227                                                                │ _076313_/A2               │ met3  │
│ 1.32  │ 527.58   │ 400.00   │ _053179_                                                                │ _110287_/C                │ met1  │
│ 1.32  │ 527.50   │ 400.00   │ net4064                                                                 │ _105097_/B                │ met1  │
│ 1.32  │ 526.86   │ 400.00   │ net34253                                                                │ _075204_/C                │ met1  │
│ 1.32  │ 526.45   │ 400.00   │ net38641                                                                │ _074135_/A3               │ met3  │
│ 1.31  │ 524.90   │ 400.00   │ net10169                                                                │ _078748_/B2               │ met3  │
│ 1.31  │ 524.83   │ 400.00   │ net30080                                                                │ wire47751/A               │ met1  │
│ 1.31  │ 524.83   │ 400.00   │ net40022                                                                │ wire40020/A               │ met1  │
│ 1.31  │ 524.65   │ 400.00   │ net43554                                                                │ _075594_/A2               │ met1  │
│ 1.31  │ 523.41   │ 400.00   │ net31372                                                                │ _076155_/B1               │ met3  │
│ 1.31  │ 523.22   │ 400.00   │ instr_bram_ctrl_inst.instr_ram.u_mem.g_2k[2\].u_cell.rdata[9\]          │ wire21281/A               │ met3  │
│ 1.31  │ 522.59   │ 400.00   │ net38014                                                                │ wire38013/A               │ met3  │
│ 1.31  │ 522.50   │ 400.00   │ net3002                                                                 │ _108335_/B                │ met1  │
│ 1.30  │ 521.94   │ 400.00   │ net31698                                                                │ _077467_/B                │ met3  │
│ 1.30  │ 521.92   │ 400.00   │ net906                                                                  │ wire31340/A               │ met1  │
│ 1.30  │ 521.92   │ 400.00   │ net35572                                                                │ _078327_/A2               │ met1  │
│ 1.30  │ 521.81   │ 400.00   │ net10283                                                                │ wire41892/A               │ met3  │
│ 1.30  │ 521.21   │ 400.00   │ net7226                                                                 │ _071748_/A2               │ met3  │
│ 1.30  │ 521.21   │ 400.00   │ net7226                                                                 │ _078166_/A4               │ met3  │
│ 1.30  │ 519.86   │ 400.00   │ _019623_                                                                │ _076645_/A                │ met1  │
│ 1.30  │ 519.68   │ 400.00   │ net2791                                                                 │ _106644_/A2               │ met3  │
│ 1.30  │ 519.01   │ 400.00   │ net29712                                                                │ wire29711/A               │ met3  │
│ 1.30  │ 518.64   │ 400.00   │ net42089                                                                │ _077839_/A1               │ met1  │
│ 1.30  │ 518.24   │ 400.00   │ net38031                                                                │ _072088_/B1               │ met3  │
│ 1.30  │ 518.24   │ 400.00   │ net38031                                                                │ wire38030/A               │ met3  │
│ 1.30  │ 518.19   │ 400.00   │ net12963                                                                │ wire40200/A               │ met3  │
│ 1.30  │ 518.06   │ 400.00   │ net12687                                                                │ _075004_/B                │ met1  │
│ 1.29  │ 517.53   │ 400.00   │ net33803                                                                │ _072329_/B1               │ met3  │
│ 1.29  │ 517.53   │ 400.00   │ net38292                                                                │ _078749_/B2               │ met3  │
│ 1.29  │ 517.31   │ 400.00   │ _023780_                                                                │ _075142_/B                │ met1  │
│ 1.29  │ 516.70   │ 400.00   │ net31784                                                                │ _078669_/A1               │ met3  │
│ 1.29  │ 515.99   │ 400.00   │ net31616                                                                │ _076173_/A2               │ met3  │
│ 1.29  │ 515.99   │ 400.00   │ net31616                                                                │ wire31615/A               │ met3  │
│ 1.29  │ 515.46   │ 400.00   │ net34641                                                                │ _074068_/A1               │ met3  │
│ 1.29  │ 515.46   │ 400.00   │ net34641                                                                │ wire34640/A               │ met3  │
│ 1.29  │ 515.31   │ 400.00   │ net29356                                                                │ _074706_/A                │ met1  │
│ 1.29  │ 515.22   │ 400.00   │ net35782                                                                │ wire35781/A               │ met2  │
│ 1.29  │ 515.00   │ 400.00   │ conv_accelerator_inst.wb_bytes[33\]                                     │ hold59597/A               │ met1  │
│ 1.29  │ 514.53   │ 400.00   │ net38130                                                                │ _076778_/C                │ met2  │
│ 1.28  │ 513.67   │ 400.00   │ axi_data_bram_rdata[9\]                                                 │ hold60207/A               │ met1  │
│ 1.28  │ 513.07   │ 400.00   │ net37676                                                                │ wire37675/A               │ met3  │
│ 1.28  │ 512.92   │ 400.00   │ net40317                                                                │ _078386_/A                │ met3  │
│ 1.28  │ 512.81   │ 400.00   │ net33458                                                                │ _076344_/B1               │ met3  │
│ 1.28  │ 512.18   │ 400.00   │ net36375                                                                │ wire36374/A               │ met3  │
│ 1.28  │ 511.87   │ 400.00   │ net60764                                                                │ wire47543/A               │ met2  │
│ 1.28  │ 511.38   │ 400.00   │ net32943                                                                │ _071855_/A2               │ met1  │
│ 1.28  │ 511.30   │ 400.00   │ net39330                                                                │ _071214_/B                │ met3  │
│ 1.28  │ 510.61   │ 400.00   │ net26893                                                                │ _105257_/B                │ met1  │
│ 1.28  │ 510.03   │ 400.00   │ net36659                                                                │ _073812_/A3               │ met3  │
│ 1.27  │ 509.14   │ 400.00   │ net20754                                                                │ _064926_/A1               │ met1  │
│ 1.27  │ 508.61   │ 400.00   │ net40986                                                                │ _078525_/B2               │ met3  │
│ 1.27  │ 508.49   │ 400.00   │ net31646                                                                │ wire2697/A                │ met3  │
│ 1.27  │ 507.95   │ 400.00   │ net8815                                                                 │ wire45054/A               │ met1  │
│ 1.27  │ 507.10   │ 400.00   │ net33347                                                                │ wire33346/A               │ met3  │
│ 1.27  │ 506.97   │ 400.00   │ net12940                                                                │ wire41277/A               │ met3  │
│ 1.26  │ 505.61   │ 400.00   │ net62506                                                                │ _090769_/B1               │ met1  │
│ 1.26  │ 505.58   │ 400.00   │ net44053                                                                │ wire44052/A               │ met3  │
│ 1.26  │ 505.41   │ 400.00   │ net43322                                                                │ _076998_/B2               │ met3  │
│ 1.26  │ 505.41   │ 400.00   │ net43322                                                                │ wire43321/A               │ met3  │
│ 1.26  │ 505.17   │ 400.00   │ net31940                                                                │ wire31939/A               │ met1  │
│ 1.26  │ 504.70   │ 400.00   │ net1411                                                                 │ _062256_/A1               │ met3  │
│ 1.26  │ 503.94   │ 400.00   │ net23791                                                                │ _096812_/A                │ met1  │
│ 1.26  │ 503.29   │ 400.00   │ net30629                                                                │ _105790_/A0               │ met3  │
│ 1.26  │ 503.29   │ 400.00   │ net30629                                                                │ fanout346/A               │ met3  │
│ 1.25  │ 501.28   │ 400.00   │ net23734                                                                │ _095678_/A                │ met1  │
│ 1.25  │ 500.17   │ 400.00   │ net44114                                                                │ _118646_/A1               │ met1  │
│ 1.25  │ 498.02   │ 400.00   │ net42218                                                                │ wire42217/A               │ met3  │
│ 1.24  │ 497.65   │ 400.00   │ _020530_                                                                │ _078956_/B2               │ met2  │
│ 1.24  │ 496.76   │ 400.00   │ net8102                                                                 │ wire37166/A               │ met3  │
│ 1.24  │ 496.76   │ 400.00   │ net8102                                                                 │ max_length37168/A         │ met3  │
│ 1.24  │ 496.73   │ 400.00   │ net40898                                                                │ wire40897/A               │ met3  │
│ 1.24  │ 496.36   │ 400.00   │ _028883_                                                                │ _084913_/B1_N             │ met1  │
│ 1.24  │ 495.13   │ 400.00   │ net46391                                                                │ _076413_/A1               │ met1  │
│ 1.24  │ 494.38   │ 400.00   │ net41440                                                                │ _076903_/B2               │ met3  │
│ 1.24  │ 494.38   │ 400.00   │ net41440                                                                │ _077351_/B1               │ met3  │
│ 1.23  │ 493.75   │ 400.00   │ net32927                                                                │ _078410_/B2               │ met3  │
│ 1.23  │ 493.75   │ 400.00   │ net32927                                                                │ wire32926/A               │ met3  │
│ 1.23  │ 493.65   │ 400.00   │ net40625                                                                │ _073715_/B                │ met3  │
│ 1.23  │ 493.62   │ 400.00   │ net36648                                                                │ _077602_/B2               │ met3  │
│ 1.23  │ 493.62   │ 400.00   │ net36648                                                                │ _078953_/A2               │ met3  │
│ 1.23  │ 492.88   │ 400.00   │ net3765                                                                 │ wire30890/A               │ met2  │
│ 1.23  │ 492.85   │ 400.00   │ net37843                                                                │ wire37842/A               │ met3  │
│ 1.23  │ 492.74   │ 400.00   │ net42264                                                                │ _077379_/A1               │ met1  │
│ 1.23  │ 492.33   │ 400.00   │ net17927                                                                │ wire46350/A               │ met1  │
│ 1.23  │ 492.20   │ 400.00   │ net31461                                                                │ wire2763/A                │ met3  │
│ 1.23  │ 490.72   │ 400.00   │ net37032                                                                │ _073021_/A2               │ met1  │
│ 1.23  │ 490.58   │ 400.00   │ net44455                                                                │ wire44454/A               │ met2  │
│ 1.22  │ 488.81   │ 400.00   │ net5197                                                                 │ _073975_/A2               │ met1  │
│ 1.22  │ 488.53   │ 400.00   │ net42633                                                                │ _078752_/B                │ met1  │
│ 1.22  │ 488.48   │ 400.00   │ net870                                                                  │ wire31676/A               │ met3  │
│ 1.22  │ 487.25   │ 400.00   │ net44635                                                                │ _114345_/A0               │ met1  │
│ 1.22  │ 486.19   │ 400.00   │ instr_bram_ctrl_inst.instr_ram.u_mem.g_2k[0\].u_cell.rdata[17\]         │ wire21711/A               │ met3  │
│ 1.22  │ 486.19   │ 400.00   │ yz_bram_ctrl_inst.yz_ram.u_mem.u_mem.g_2k[0\].u_cell.rdata[15\]         │ wire20460/A               │ met3  │
│ 1.22  │ 486.14   │ 400.00   │ _057032_                                                                │ hold57410/A               │ met1  │
│ 1.22  │ 486.03   │ 400.00   │ net20776                                                                │ _064908_/A1               │ met1  │
│ 1.21  │ 485.86   │ 400.00   │ net46952                                                                │ _105397_/A1               │ met1  │
│ 1.21  │ 485.79   │ 400.00   │ yz_bram_ctrl_inst.yz_ram.u_mem.u_mem.g_2k[2\].u_cell.rdata[6\]          │ _064922_/A2               │ met4  │
│ 1.21  │ 485.61   │ 400.00   │ net936                                                                  │ wire31665/A               │ met1  │
│ 1.21  │ 485.58   │ 400.00   │ _023029_                                                                │ _074975_/B2               │ met3  │
│ 1.21  │ 485.58   │ 400.00   │ _023029_                                                                │ _077127_/B1               │ met3  │
│ 1.21  │ 485.41   │ 400.00   │ net11461                                                                │ wire39301/A               │ met3  │
│ 1.21  │ 485.23   │ 400.00   │ net17359                                                                │ wire43508/A               │ met1  │
│ 1.21  │ 485.16   │ 400.00   │ net769                                                                  │ load_slew768/A            │ met1  │
│ 1.21  │ 484.82   │ 400.00   │ net37286                                                                │ _074524_/A1               │ met3  │
│ 1.21  │ 484.82   │ 400.00   │ net38084                                                                │ _078902_/B1               │ met3  │
│ 1.21  │ 484.76   │ 400.00   │ net44434                                                                │ _079056_/C                │ met3  │
│ 1.21  │ 484.47   │ 400.00   │ net28141                                                                │ wire46520/A               │ met1  │
│ 1.21  │ 484.28   │ 400.00   │ yz_bram_ctrl_inst.yz_ram.u_mem.u_mem.g_2k[2\].u_cell.rdata[26\]         │ _064949_/A2               │ met4  │
│ 1.21  │ 483.17   │ 400.00   │ _033607_                                                                │ wire45392/A               │ met1  │
│ 1.21  │ 482.57   │ 400.00   │ yz_bram_ctrl_inst.yz_ram.u_mem.u_mem.g_2k[2\].u_cell.rdata[8\]          │ _064889_/A2               │ met4  │
│ 1.21  │ 482.44   │ 400.00   │ net43732                                                                │ _072567_/B                │ met3  │
│ 1.20  │ 481.97   │ 400.00   │ net42343                                                                │ _078416_/A1               │ met3  │
│ 1.20  │ 481.76   │ 400.00   │ yz_bram_ctrl_inst.yz_ram.u_mem.u_mem.g_2k[2\].u_cell.rdata[0\]          │ _064884_/A2               │ met4  │
│ 1.20  │ 481.68   │ 400.00   │ net41831                                                                │ _072391_/A1               │ met3  │
│ 1.20  │ 481.68   │ 400.00   │ net41831                                                                │ _075749_/B                │ met3  │
│ 1.20  │ 481.61   │ 400.00   │ net36574                                                                │ _077883_/A1_N             │ met2  │
│ 1.20  │ 481.61   │ 400.00   │ net46165                                                                │ _103861_/A                │ met1  │
│ 1.20  │ 481.56   │ 400.00   │ yz_bram_ctrl_inst.yz_ram.u_mem.u_mem.g_1k.u_cell.rdata[7\]              │ wire20571/A               │ met3  │
│ 1.20  │ 478.93   │ 400.00   │ net43686                                                                │ _072257_/A1               │ met1  │
│ 1.20  │ 478.80   │ 400.00   │ net35605                                                                │ _075976_/B2               │ met3  │
│ 1.20  │ 478.62   │ 400.00   │ net38506                                                                │ load_slew11278/A          │ met2  │
│ 1.20  │ 478.18   │ 400.00   │ net36338                                                                │ _071365_/A2               │ met1  │
│ 1.19  │ 477.76   │ 400.00   │ net47065                                                                │ _066836_/S                │ met1  │
│ 1.19  │ 477.75   │ 400.00   │ net32665                                                                │ _076030_/A2               │ met1  │
│ 1.19  │ 477.38   │ 400.00   │ net33641                                                                │ _071710_/B                │ met3  │
│ 1.19  │ 477.32   │ 400.00   │ net31437                                                                │ _073145_/A1               │ met3  │
│ 1.19  │ 477.19   │ 400.00   │ net33286                                                                │ wire33285/A               │ met3  │
│ 1.19  │ 476.69   │ 400.00   │ _024408_                                                                │ _075827_/A2               │ met1  │
│ 1.19  │ 474.41   │ 400.00   │ net38474                                                                │ wire38473/A               │ met3  │
│ 1.19  │ 474.41   │ 400.00   │ net41804                                                                │ _075706_/A1               │ met3  │
│ 1.18  │ 473.80   │ 400.00   │ net33563                                                                │ _076193_/A2               │ met3  │
│ 1.18  │ 473.80   │ 400.00   │ net33563                                                                │ wire33562/A               │ met3  │
│ 1.18  │ 473.21   │ 400.00   │ net41262                                                                │ _070115_/B                │ met3  │
│ 1.18  │ 472.92   │ 400.00   │ net37133                                                                │ _076122_/A1               │ met3  │
│ 1.18  │ 472.92   │ 400.00   │ net38461                                                                │ _074725_/B1               │ met3  │
│ 1.18  │ 472.48   │ 400.00   │ net8817                                                                 │ wire45254/A               │ met1  │
│ 1.18  │ 471.43   │ 400.00   │ net17065                                                                │ _070233_/A                │ met3  │
│ 1.18  │ 471.43   │ 400.00   │ net38057                                                                │ _076658_/B2               │ met3  │
│ 1.18  │ 471.43   │ 400.00   │ net38514                                                                │ _078299_/A1               │ met3  │
│ 1.18  │ 471.19   │ 400.00   │ net12415                                                                │ wire45120/A               │ met2  │
│ 1.18  │ 470.94   │ 400.00   │ _009198_                                                                │ _061561_/A1               │ met3  │
│ 1.18  │ 470.94   │ 400.00   │ _009198_                                                                │ fanout19441/A             │ met3  │
│ 1.18  │ 470.66   │ 400.00   │ net36741                                                                │ _072969_/B1               │ met3  │
│ 1.18  │ 470.66   │ 400.00   │ net36741                                                                │ _074669_/A1               │ met3  │
│ 1.18  │ 470.58   │ 400.00   │ net47759                                                                │ _113754_/A1               │ met1  │
│ 1.17  │ 469.90   │ 400.00   │ net38763                                                                │ wire38762/A               │ met3  │
│ 1.17  │ 469.88   │ 400.00   │ net35965                                                                │ _073502_/B1               │ met3  │
│ 1.17  │ 469.79   │ 400.00   │ _025289_                                                                │ _076718_/A3               │ met1  │
│ 1.17  │ 469.42   │ 400.00   │ net2687                                                                 │ _088808_/A_N              │ met1  │
│ 1.17  │ 469.32   │ 400.00   │ net32599                                                                │ wire7051/A                │ met3  │
│ 1.17  │ 469.22   │ 400.00   │ net36091                                                                │ _073679_/B2               │ met3  │
│ 1.17  │ 469.22   │ 400.00   │ net36091                                                                │ _078243_/A2               │ met3  │
│ 1.17  │ 469.04   │ 400.00   │ net37412                                                                │ _072250_/A3               │ met3  │
│ 1.17  │ 469.04   │ 400.00   │ net37412                                                                │ _078482_/A2               │ met3  │
│ 1.17  │ 468.62   │ 400.00   │ net40836                                                                │ wire40834/A               │ met2  │
│ 1.17  │ 468.46   │ 400.00   │ _020673_                                                                │ _077602_/A1               │ met3  │
│ 1.17  │ 468.46   │ 400.00   │ net33498                                                                │ _078618_/A1               │ met3  │
│ 1.17  │ 468.31   │ 400.00   │ net42219                                                                │ _076937_/A2               │ met1  │
│ 1.17  │ 467.67   │ 400.00   │ net44836                                                                │ _102926_/B                │ met1  │
│ 1.17  │ 467.43   │ 400.00   │ net37214                                                                │ _076018_/A2               │ met2  │
│ 1.17  │ 466.91   │ 400.00   │ net36664                                                                │ _075727_/A3               │ met3  │
│ 1.17  │ 466.39   │ 400.00   │ net41512                                                                │ wire41511/A               │ met2  │
│ 1.16  │ 465.53   │ 400.00   │ GPIO_rdata[13\]                                                         │ hold59719/A               │ met1  │
│ 1.16  │ 465.44   │ 400.00   │ net31073                                                                │ _077578_/A2               │ met3  │
│ 1.16  │ 465.44   │ 400.00   │ net31374                                                                │ _076011_/A2               │ met3  │
│ 1.16  │ 464.66   │ 400.00   │ net30897                                                                │ wire2754/A                │ met3  │
│ 1.16  │ 464.00   │ 400.00   │ net409                                                                  │ wire408/A                 │ met3  │
│ 1.16  │ 464.00   │ 400.00   │ net17274                                                                │ wire43079/A               │ met3  │
│ 1.16  │ 463.17   │ 400.00   │ net883                                                                  │ wire34091/A               │ met1  │
│ 1.16  │ 462.84   │ 400.00   │ _011901_                                                                │ fanout2411/A              │ met1  │
│ 1.16  │ 462.51   │ 400.00   │ net16465                                                                │ _078727_/B1               │ met3  │
│ 1.16  │ 462.51   │ 400.00   │ net32318                                                                │ _070702_/B1               │ met3  │
│ 1.16  │ 462.45   │ 400.00   │ net39815                                                                │ _074807_/A2               │ met3  │
│ 1.15  │ 461.89   │ 400.00   │ net36154                                                                │ _074020_/B1               │ met1  │
│ 1.15  │ 461.83   │ 400.00   │ net31705                                                                │ _077900_/C                │ met2  │
│ 1.15  │ 461.03   │ 400.00   │ net35142                                                                │ _075723_/B1               │ met3  │
│ 1.15  │ 460.96   │ 400.00   │ net32305                                                                │ _069970_/B2               │ met3  │
│ 1.15  │ 460.91   │ 400.00   │ _027059_                                                                │ wire30480/A               │ met3  │
│ 1.15  │ 459.84   │ 400.00   │ net888                                                                  │ wire34088/A               │ met1  │
│ 1.15  │ 459.62   │ 400.00   │ net43713                                                                │ wire43712/A               │ met3  │
│ 1.15  │ 458.46   │ 400.00   │ net34443                                                                │ wire6531/A                │ met3  │
│ 1.15  │ 458.42   │ 400.00   │ instr_bram_ctrl_inst.instr_ram.u_mem.g_2k[0\].u_cell.rdata[16\]         │ wire21719/A               │ met3  │
│ 1.14  │ 457.99   │ 400.00   │ net33492                                                                │ _078599_/B1               │ met3  │
│ 1.14  │ 457.91   │ 400.00   │ _020394_                                                                │ wire32884/A               │ met1  │
│ 1.14  │ 455.88   │ 400.00   │ net41945                                                                │ wire41944/A               │ met1  │
│ 1.14  │ 455.08   │ 400.00   │ net37402                                                                │ wire37401/A               │ met3  │
│ 1.14  │ 454.95   │ 400.00   │ net40329                                                                │ _076643_/A2               │ met3  │
│ 1.14  │ 454.63   │ 400.00   │ net5674                                                                 │ wire41160/A               │ met1  │
│ 1.14  │ 454.26   │ 400.00   │ net1996                                                                 │ wire43047/A               │ met1  │
│ 1.13  │ 453.85   │ 400.00   │ net17122                                                                │ load_slew17121/A          │ met1  │
│ 1.13  │ 453.69   │ 400.00   │ net41645                                                                │ _073084_/A3               │ met3  │
│ 1.13  │ 453.03   │ 400.00   │ net13769                                                                │ wire13768/A               │ met3  │
│ 1.13  │ 452.11   │ 400.00   │ net33089                                                                │ _075079_/A1               │ met3  │
│ 1.13  │ 452.11   │ 400.00   │ net35400                                                                │ _075901_/A2               │ met3  │
│ 1.13  │ 451.69   │ 400.00   │ net1461                                                                 │ _102851_/A0               │ met1  │
│ 1.13  │ 451.47   │ 400.00   │ net20037                                                                │ wire20036/A               │ met3  │
│ 1.13  │ 451.41   │ 400.00   │ net40988                                                                │ _077133_/B1               │ met3  │
│ 1.13  │ 451.41   │ 400.00   │ net40988                                                                │ _077299_/B1               │ met3  │
│ 1.13  │ 450.92   │ 400.00   │ conv_accelerator_inst.out_x[1\]                                         │ hold62643/A               │ met1  │
│ 1.13  │ 450.92   │ 400.00   │ net64174                                                                │ _110240_/A                │ met1  │
│ 1.13  │ 450.77   │ 400.00   │ net32278                                                                │ _077048_/B1               │ met1  │
│ 1.13  │ 450.55   │ 400.00   │ net40319                                                                │ wire10422/A               │ met3  │
│ 1.13  │ 450.55   │ 400.00   │ net40619                                                                │ _070856_/B2               │ met3  │
│ 1.13  │ 450.45   │ 400.00   │ net7545                                                                 │ wire36662/A               │ met1  │
│ 1.12  │ 449.86   │ 400.00   │ net34678                                                                │ _071985_/A2               │ met3  │
│ 1.12  │ 449.86   │ 400.00   │ net34678                                                                │ _072932_/B2               │ met3  │
│ 1.12  │ 449.60   │ 400.00   │ net38614                                                                │ wire38613/A               │ met3  │
│ 1.12  │ 449.18   │ 400.00   │ _019789_                                                                │ _075179_/A2               │ met3  │
│ 1.12  │ 449.18   │ 400.00   │ _019789_                                                                │ wire39983/A               │ met3  │
│ 1.12  │ 449.07   │ 400.00   │ net12692                                                                │ _072117_/A1               │ met3  │
│ 1.12  │ 448.10   │ 400.00   │ net30089                                                                │ wire46204/A               │ met1  │
│ 1.12  │ 448.06   │ 400.00   │ net2587                                                                 │ _064687_/B                │ met1  │
│ 1.12  │ 447.77   │ 400.00   │ net39127                                                                │ _073387_/A1               │ met3  │
│ 1.12  │ 447.60   │ 400.00   │ net30503                                                                │ wire30502/A               │ met3  │
│ 1.12  │ 447.09   │ 400.00   │ net46198                                                                │ _094621_/A                │ met1  │
│ 1.12  │ 447.09   │ 400.00   │ net46198                                                                │ _094650_/B1               │ met1  │
│ 1.12  │ 446.84   │ 400.00   │ net7822                                                                 │ _078494_/A1               │ met3  │
│ 1.12  │ 446.84   │ 400.00   │ net7822                                                                 │ wire39225/A               │ met3  │
│ 1.12  │ 446.66   │ 400.00   │ net11519                                                                │ _076305_/A1               │ met1  │
│ 1.12  │ 446.08   │ 400.00   │ net35848                                                                │ wire35847/A               │ met3  │
│ 1.11  │ 445.88   │ 400.00   │ net32827                                                                │ wire32826/A               │ met2  │
│ 1.11  │ 445.33   │ 400.00   │ _012599_                                                                │ _063700_/A_N              │ met1  │
│ 1.11  │ 445.04   │ 400.00   │ net41426                                                                │ _075127_/A2               │ met3  │
│ 1.11  │ 445.04   │ 400.00   │ net41426                                                                │ wire41425/A               │ met3  │
│ 1.11  │ 444.67   │ 400.00   │ net36532                                                                │ _073140_/A2               │ met3  │
│ 1.11  │ 444.37   │ 400.00   │ net5576                                                                 │ wire39263/A               │ met2  │
│ 1.11  │ 444.17   │ 400.00   │ cpu_inst.CORE.core_i.ex_stage_i.alu_i.alu_div_i.AReg_DP[27\]            │ hold64247/A               │ met1  │
│ 1.11  │ 444.13   │ 400.00   │ net39784                                                                │ _073646_/B                │ met3  │
│ 1.11  │ 442.42   │ 400.00   │ net3667                                                                 │ _075037_/B                │ met1  │
│ 1.10  │ 441.59   │ 400.00   │ net33482                                                                │ _076459_/A1               │ met3  │
│ 1.10  │ 441.59   │ 400.00   │ net33482                                                                │ _078213_/A2               │ met3  │
│ 1.10  │ 441.59   │ 400.00   │ net39236                                                                │ _072750_/A2               │ met1  │
│ 1.10  │ 441.22   │ 400.00   │ _022667_                                                                │ _079014_/B                │ met1  │
│ 1.10  │ 441.00   │ 400.00   │ net17315                                                                │ wire45820/A               │ met1  │
│ 1.10  │ 440.87   │ 400.00   │ net43991                                                                │ wire43990/A               │ met3  │
│ 1.10  │ 440.64   │ 400.00   │ net42035                                                                │ wire3998/A                │ met1  │
│ 1.10  │ 440.54   │ 400.00   │ net5583                                                                 │ wire37271/A               │ met3  │
│ 1.10  │ 440.21   │ 400.00   │ net40201                                                                │ _070236_/B2               │ met3  │
│ 1.10  │ 440.14   │ 400.00   │ net38567                                                                │ _071928_/B                │ met1  │
│ 1.10  │ 438.66   │ 400.00   │ net33454                                                                │ wire33453/A               │ met3  │
│ 1.10  │ 438.66   │ 400.00   │ net41938                                                                │ _072550_/A3               │ met3  │
│ 1.10  │ 438.29   │ 400.00   │ net22279                                                                │ wire47399/A               │ met1  │
│ 1.10  │ 438.13   │ 400.00   │ net31515                                                                │ _077161_/B2               │ met2  │
│ 1.09  │ 437.90   │ 400.00   │ net6469                                                                 │ wire42373/A               │ met3  │
│ 1.09  │ 437.89   │ 400.00   │ net26228                                                                │ wire26227/A               │ met1  │
│ 1.09  │ 437.68   │ 400.00   │ net32347                                                                │ _075598_/A2               │ met1  │
│ 1.09  │ 437.29   │ 400.00   │ net35190                                                                │ _073252_/A2               │ met1  │
│ 1.09  │ 436.76   │ 400.00   │ _025846_                                                                │ wire32459/A               │ met1  │
│ 1.09  │ 436.74   │ 400.00   │ net28139                                                                │ wire46259/A               │ met1  │
│ 1.09  │ 436.14   │ 400.00   │ net36509                                                                │ _074144_/A2               │ met1  │
│ 1.09  │ 436.08   │ 400.00   │ cpu_inst.CORE.core_i.cs_registers_i.pc_id_i[25\]                        │ _061753_/B                │ met1  │
│ 1.09  │ 435.75   │ 400.00   │ net31907                                                                │ _076045_/A2               │ met3  │
│ 1.09  │ 435.75   │ 400.00   │ net34489                                                                │ _078180_/B2               │ met3  │
│ 1.09  │ 435.73   │ 400.00   │ net31569                                                                │ wire31568/A               │ met1  │
│ 1.09  │ 434.28   │ 400.00   │ net12791                                                                │ _077139_/A                │ met1  │
│ 1.09  │ 434.12   │ 400.00   │ net994                                                                  │ wire33737/A               │ met1  │
│ 1.08  │ 433.78   │ 400.00   │ qspi_master_inst.QSPI_CCR[8\]                                           │ hold63249/A               │ met1  │
│ 1.08  │ 3069.59  │ 2831.00  │ _023885_                                                                │ _075246_/B                │ met3  │
│ 1.08  │ 433.66   │ 400.00   │ instr_bram_ctrl_inst.instr_ram.u_mem.g_2k[1\].u_cell.rdata[28\]         │ _114273_/A1               │ met4  │
│ 1.08  │ 433.62   │ 400.00   │ net6694                                                                 │ wire6693/A                │ met3  │
│ 1.08  │ 433.47   │ 400.00   │ net34469                                                                │ wire34468/A               │ met3  │
│ 1.08  │ 433.41   │ 400.00   │ net44518                                                                │ _076493_/A2               │ met3  │
│ 1.08  │ 432.91   │ 400.00   │ net35302                                                                │ _073777_/A2               │ met3  │
│ 1.08  │ 432.67   │ 400.00   │ net35797                                                                │ _074951_/A1               │ met3  │
│ 1.08  │ 432.67   │ 400.00   │ net35797                                                                │ _076056_/A                │ met3  │
│ 1.08  │ 432.52   │ 400.00   │ net25367                                                                │ wire25366/A               │ met1  │
│ 1.08  │ 432.44   │ 400.00   │ net31031                                                                │ _072892_/A1               │ met3  │
│ 1.08  │ 432.21   │ 400.00   │ net5145                                                                 │ wire31210/A               │ met1  │
│ 1.08  │ 431.95   │ 400.00   │ yz_bram_ctrl_inst.yz_ram.u_mem.u_mem.g_2k[2\].u_cell.rdata[22\]         │ _064970_/A2               │ met4  │
│ 1.08  │ 431.29   │ 400.00   │ net32083                                                                │ _077663_/B1               │ met3  │
│ 1.08  │ 431.29   │ 400.00   │ net39388                                                                │ _073965_/B1               │ met3  │
│ 1.08  │ 431.29   │ 400.00   │ net43994                                                                │ _075786_/A1               │ met3  │
│ 1.08  │ 431.24   │ 400.00   │ net45453                                                                │ wire45452/A               │ met3  │
│ 1.08  │ 431.18   │ 400.00   │ net8560                                                                 │ wire8558/A                │ met3  │
│ 1.08  │ 431.16   │ 400.00   │ net18241                                                                │ _073895_/B1               │ met1  │
│ 1.08  │ 431.14   │ 400.00   │ _026787_                                                                │ _078162_/A                │ met1  │
│ 1.08  │ 430.97   │ 400.00   │ net26559                                                                │ _083127_/A0               │ met1  │
│ 1.08  │ 430.50   │ 400.00   │ net5378                                                                 │ wire5377/A                │ met3  │
│ 1.07  │ 2993.65  │ 2784.80  │ _023698_                                                                │ _075245_/C                │ met3  │
│ 1.07  │ 429.92   │ 400.00   │ _038393_                                                                │ _094940_/C                │ met1  │
│ 1.07  │ 429.74   │ 400.00   │ net3648                                                                 │ wire32716/A               │ met3  │
│ 1.07  │ 429.55   │ 400.00   │ _018596_                                                                │ wire31097/A               │ met2  │
│ 1.07  │ 429.33   │ 400.00   │ _045788_                                                                │ _102818_/A0               │ met1  │
│ 1.07  │ 429.23   │ 400.00   │ instr_bram_ctrl_inst.instr_ram.u_mem.g_2k[1\].u_cell.rdata[18\]         │ _114253_/A1               │ met4  │
│ 1.07  │ 429.19   │ 400.00   │ net35051                                                                │ _072047_/A2               │ met1  │
│ 1.07  │ 429.11   │ 400.00   │ net1290                                                                 │ _067911_/A                │ met1  │
│ 1.07  │ 429.08   │ 400.00   │ conv_accelerator_inst.u_conv_buf_ram.u_mem.rdata32[24\]                 │ hold59010/A               │ met1  │
│ 1.07  │ 428.95   │ 400.00   │ net17906                                                                │ wire17905/A               │ met1  │
│ 1.07  │ 428.89   │ 400.00   │ net7899                                                                 │ wire32932/A               │ met1  │
│ 1.07  │ 428.85   │ 400.00   │ net37713                                                                │ _077060_/A1               │ met2  │
│ 1.07  │ 428.43   │ 400.00   │ instr_bram_ctrl_inst.instr_ram.u_mem.g_2k[1\].u_cell.rdata[0\]          │ _114217_/A1               │ met4  │
│ 1.07  │ 428.32   │ 400.00   │ net30341                                                                │ _077961_/B1               │ met3  │
│ 1.07  │ 428.26   │ 400.00   │ net31922                                                                │ _073063_/A3               │ met1  │
│ 1.07  │ 428.19   │ 400.00   │ net14237                                                                │ _071419_/A1               │ met1  │
│ 1.07  │ 428.13   │ 400.00   │ net6067                                                                 │ _111153_/B1               │ met1  │
│ 1.07  │ 427.77   │ 400.00   │ net20549                                                                │ wire20548/A               │ met1  │
│ 1.07  │ 2970.29  │ 2778.20  │ _057041_                                                                │ _116112_/A1               │ met3  │
│ 1.07  │ 427.44   │ 400.00   │ net29150                                                                │ _074520_/A                │ met1  │
│ 1.07  │ 426.93   │ 400.00   │ net34979                                                                │ _071002_/B1               │ met3  │
│ 1.07  │ 426.61   │ 400.00   │ _028937_                                                                │ _084835_/A                │ met1  │
│ 1.07  │ 426.01   │ 400.00   │ instr_bram_ctrl_inst.instr_ram.u_mem.g_2k[1\].u_cell.rdata[15\]         │ _114247_/A1               │ met4  │
│ 1.07  │ 426.01   │ 400.00   │ instr_bram_ctrl_inst.instr_ram.u_mem.g_2k[1\].u_cell.rdata[20\]         │ _114257_/A1               │ met4  │
│ 1.07  │ 426.01   │ 400.00   │ yz_bram_ctrl_inst.yz_ram.u_mem.u_mem.g_1k.u_cell.rdata[1\]              │ wire20714/A               │ met3  │
│ 1.07  │ 426.01   │ 400.00   │ yz_bram_ctrl_inst.yz_ram.u_mem.u_mem.g_2k[0\].u_cell.rdata[17\]         │ wire20429/A               │ met3  │
│ 1.06  │ 425.73   │ 400.00   │ net31972                                                                │ _071661_/B1               │ met1  │
│ 1.06  │ 425.61   │ 400.00   │ instr_bram_ctrl_inst.instr_ram.u_mem.g_2k[1\].u_cell.rdata[16\]         │ _114249_/A1               │ met4  │
│ 1.06  │ 425.59   │ 400.00   │ net26276                                                                │ wire26275/A               │ met1  │
│ 1.06  │ 425.34   │ 400.00   │ net34836                                                                │ _070702_/B2               │ met3  │
│ 1.06  │ 425.22   │ 400.00   │ net21099                                                                │ wire21098/A               │ met1  │
│ 1.06  │ 425.21   │ 400.00   │ instr_bram_ctrl_inst.instr_ram.u_mem.g_2k[1\].u_cell.rdata[25\]         │ _114267_/A1               │ met4  │
│ 1.06  │ 425.13   │ 400.00   │ net38728                                                                │ _075743_/A1               │ met3  │
│ 1.06  │ 425.08   │ 400.00   │ net20982                                                                │ wire20981/A               │ met1  │
│ 1.06  │ 424.81   │ 400.00   │ instr_bram_ctrl_inst.instr_ram.u_mem.g_2k[1\].u_cell.rdata[19\]         │ _114255_/A1               │ met4  │
│ 1.06  │ 424.78   │ 400.00   │ net8074                                                                 │ _071671_/A                │ met1  │
│ 1.06  │ 424.69   │ 400.00   │ net21231                                                                │ wire21230/A               │ met1  │
│ 1.06  │ 424.68   │ 400.00   │ net2919                                                                 │ wire2918/A                │ met1  │
│ 1.06  │ 424.61   │ 400.00   │ net6267                                                                 │ _078936_/D                │ met2  │
│ 1.06  │ 424.55   │ 400.00   │ net40349                                                                │ wire40348/A               │ met3  │
│ 1.06  │ 424.14   │ 400.00   │ net59968                                                                │ _114240_/A0               │ met1  │
│ 1.06  │ 424.00   │ 400.00   │ net19196                                                                │ wire19195/A               │ met1  │
│ 1.06  │ 423.83   │ 400.00   │ net39270                                                                │ _072817_/B2               │ met2  │
│ 1.06  │ 423.75   │ 400.00   │ net46835                                                                │ wire46834/A               │ met1  │
│ 1.06  │ 423.72   │ 400.00   │ net21198                                                                │ wire21197/A               │ met1  │
│ 1.06  │ 423.41   │ 400.00   │ net25293                                                                │ wire47064/A               │ met1  │
│ 1.06  │ 423.19   │ 400.00   │ net21042                                                                │ wire21041/A               │ met1  │
│ 1.06  │ 423.06   │ 400.00   │ net5575                                                                 │ wire36942/A               │ met3  │
│ 1.06  │ 423.06   │ 400.00   │ net19692                                                                │ wire19691/A               │ met1  │
│ 1.06  │ 422.79   │ 400.00   │ net40102                                                                │ _074121_/B2               │ met1  │
│ 1.06  │ 422.69   │ 400.00   │ yz_bram_ctrl_inst.yz_ram.u_mem.u_mem.g_2k[2\].u_cell.rdata[11\]         │ _064907_/A2               │ met4  │
│ 1.06  │ 422.36   │ 400.00   │ net21776                                                                │ wire21775/A               │ met1  │
│ 1.05  │ 421.58   │ 400.00   │ net32642                                                                │ wire32641/A               │ met3  │
│ 1.05  │ 421.56   │ 400.00   │ net20964                                                                │ wire20963/A               │ met1  │
│ 1.05  │ 421.40   │ 400.00   │ net3424                                                                 │ wire43671/A               │ met1  │
│ 1.05  │ 421.38   │ 400.00   │ yz_bram_ctrl_inst.yz_ram.u_mem.u_mem.g_2k[1\].u_cell.rdata[8\]          │ wire19836/A               │ met3  │
│ 1.05  │ 421.17   │ 400.00   │ net19773                                                                │ wire19772/A               │ met1  │
│ 1.05  │ 421.17   │ 400.00   │ net20361                                                                │ wire20360/A               │ met1  │
│ 1.05  │ 421.17   │ 400.00   │ net20362                                                                │ wire20361/A               │ met1  │
│ 1.05  │ 421.17   │ 400.00   │ net21010                                                                │ wire21009/A               │ met1  │
│ 1.05  │ 421.03   │ 400.00   │ net21085                                                                │ wire21084/A               │ met1  │
│ 1.05  │ 421.03   │ 400.00   │ net21161                                                                │ wire21160/A               │ met1  │
│ 1.05  │ 420.82   │ 400.00   │ net30602                                                                │ _072861_/B1               │ met3  │
│ 1.05  │ 420.64   │ 400.00   │ net19973                                                                │ wire19972/A               │ met1  │
│ 1.05  │ 420.64   │ 400.00   │ net21757                                                                │ wire21756/A               │ met1  │
│ 1.05  │ 420.58   │ 400.00   │ yz_bram_ctrl_inst.yz_ram.u_mem.u_mem.g_2k[2\].u_cell.rdata[14\]         │ _064925_/A2               │ met4  │
│ 1.05  │ 420.51   │ 400.00   │ net20162                                                                │ wire20161/A               │ met1  │
│ 1.05  │ 420.51   │ 400.00   │ net20546                                                                │ wire20545/A               │ met1  │
│ 1.05  │ 420.32   │ 400.00   │ net31716                                                                │ wire2509/A                │ met3  │
│ 1.05  │ 2918.73  │ 2778.20  │ _021056_                                                                │ _072406_/D                │ met4  │
│ 1.05  │ 420.11   │ 400.00   │ net21468                                                                │ wire21467/A               │ met1  │
│ 1.05  │ 419.67   │ 400.00   │ net20506                                                                │ wire20505/A               │ met1  │
│ 1.05  │ 419.67   │ 400.00   │ net21234                                                                │ wire21233/A               │ met1  │
│ 1.05  │ 419.54   │ 400.00   │ net20080                                                                │ wire20079/A               │ met1  │
│ 1.05  │ 419.54   │ 400.00   │ net20966                                                                │ wire20965/A               │ met1  │
│ 1.05  │ 419.54   │ 400.00   │ net21134                                                                │ wire21133/A               │ met1  │
│ 1.05  │ 419.54   │ 400.00   │ net21249                                                                │ wire21248/A               │ met1  │
│ 1.05  │ 419.51   │ 400.00   │ net13007                                                                │ wire40407/A               │ met1  │
│ 1.05  │ 419.14   │ 400.00   │ net20364                                                                │ wire20363/A               │ met1  │
│ 1.05  │ 419.14   │ 400.00   │ net20980                                                                │ wire20979/A               │ met1  │
│ 1.05  │ 419.01   │ 400.00   │ net21069                                                                │ wire21068/A               │ met1  │
│ 1.05  │ 418.56   │ 400.00   │ net63961                                                                │ fanout28170/A             │ met1  │
│ 1.05  │ 418.53   │ 400.00   │ net11156                                                                │ _074261_/A1               │ met1  │
│ 1.05  │ 3091.43  │ 2956.40  │ net3808                                                                 │ _072017_/B                │ met4  │
│ 1.05  │ 418.06   │ 400.00   │ net13796                                                                │ load_slew13795/A          │ met1  │
│ 1.05  │ 418.04   │ 400.00   │ net20511                                                                │ wire20510/A               │ met1  │
│ 1.04  │ 417.91   │ 400.00   │ net43102                                                                │ _078852_/A1               │ met3  │
│ 1.04  │ 417.76   │ 400.00   │ yz_bram_ctrl_inst.yz_ram.u_mem.u_mem.g_2k[2\].u_cell.rdata[15\]         │ _064931_/A2               │ met4  │
│ 1.04  │ 417.64   │ 400.00   │ net20189                                                                │ wire20188/A               │ met1  │
│ 1.04  │ 417.64   │ 400.00   │ net20494                                                                │ wire20493/A               │ met1  │
│ 1.04  │ 417.64   │ 400.00   │ net20948                                                                │ wire20947/A               │ met1  │
│ 1.04  │ 417.64   │ 400.00   │ net21118                                                                │ wire21117/A               │ met1  │
│ 1.04  │ 417.64   │ 400.00   │ net21119                                                                │ wire21118/A               │ met1  │
│ 1.04  │ 417.51   │ 400.00   │ net21159                                                                │ wire21158/A               │ met1  │
│ 1.04  │ 417.45   │ 400.00   │ _057499_                                                                │ wire41523/A               │ met1  │
│ 1.04  │ 417.24   │ 400.00   │ net7048                                                                 │ wire32600/A               │ met1  │
│ 1.04  │ 416.94   │ 400.00   │ _045623_                                                                │ _102689_/B                │ met1  │
│ 1.04  │ 416.83   │ 400.00   │ net42190                                                                │ wire10913/A               │ met3  │
│ 1.04  │ 416.75   │ 400.00   │ _045169_                                                                │ _102381_/B                │ met1  │
│ 1.04  │ 416.75   │ 400.00   │ yz_bram_ctrl_inst.yz_ram.u_mem.u_mem.g_2k[1\].u_cell.rdata[22\]         │ wire19959/A               │ met3  │
│ 1.04  │ 416.56   │ 400.00   │ _045640_                                                                │ _102638_/A1               │ met1  │
│ 1.04  │ 416.28   │ 400.00   │ net5290                                                                 │ wire38982/A               │ met1  │
│ 1.04  │ 416.17   │ 400.00   │ net28158                                                                │ _094375_/A0               │ met1  │
│ 1.04  │ 416.02   │ 400.00   │ net21115                                                                │ wire21114/A               │ met1  │
│ 1.04  │ 415.69   │ 400.00   │ net37546                                                                │ _072699_/B2               │ met3  │
│ 1.04  │ 415.69   │ 400.00   │ net37546                                                                │ _075658_/B2               │ met3  │
│ 1.04  │ 415.62   │ 400.00   │ net20740                                                                │ wire20739/A               │ met1  │
│ 1.04  │ 415.62   │ 400.00   │ net21074                                                                │ wire21073/A               │ met1  │
│ 1.04  │ 415.56   │ 400.00   │ net40815                                                                │ wire40814/A               │ met3  │
│ 1.04  │ 415.49   │ 400.00   │ net21072                                                                │ wire21071/A               │ met1  │
│ 1.04  │ 415.08   │ 400.00   │ net1221                                                                 │ _068020_/B                │ met1  │
│ 1.04  │ 414.99   │ 400.00   │ net38093                                                                │ _073331_/B2               │ met1  │
│ 1.04  │ 414.96   │ 400.00   │ net21747                                                                │ wire21746/A               │ met1  │
│ 1.04  │ 414.93   │ 400.00   │ net7111                                                                 │ wire7110/A                │ met3  │
│ 1.04  │ 414.87   │ 400.00   │ _024106_                                                                │ wire31724/A               │ met3  │
│ 1.04  │ 414.82   │ 400.00   │ net36618                                                                │ _073137_/A1               │ met3  │
│ 1.04  │ 414.80   │ 400.00   │ net37314                                                                │ _078004_/B1               │ met3  │
│ 1.04  │ 414.63   │ 400.00   │ net10422                                                                │ _078298_/B1               │ met1  │
│ 1.04  │ 414.56   │ 400.00   │ net19783                                                                │ wire19782/A               │ met1  │
│ 1.04  │ 414.56   │ 400.00   │ net21087                                                                │ wire21086/A               │ met1  │
│ 1.04  │ 414.56   │ 400.00   │ net21246                                                                │ wire21245/A               │ met1  │
│ 1.04  │ 414.19   │ 400.00   │ net41836                                                                │ max_length41835/A         │ met1  │
│ 1.03  │ 413.99   │ 400.00   │ net20508                                                                │ wire20507/A               │ met1  │
│ 1.03  │ 413.99   │ 400.00   │ net21070                                                                │ wire21069/A               │ met1  │
│ 1.03  │ 413.93   │ 400.00   │ net35453                                                                │ _074922_/B1               │ met2  │
│ 1.03  │ 413.92   │ 400.00   │ _052952_                                                                │ _110059_/C                │ met1  │
│ 1.03  │ 413.46   │ 400.00   │ net21039                                                                │ wire21038/A               │ met1  │
│ 1.03  │ 413.42   │ 400.00   │ conv_accelerator_inst.wb_bytes[36\]                                     │ hold59560/A               │ met1  │
│ 1.03  │ 2870.98  │ 2778.20  │ _057456_                                                                │ _116552_/A1               │ met3  │
│ 1.03  │ 413.03   │ 400.00   │ net33608                                                                │ wire33607/A               │ met3  │
│ 1.03  │ 412.93   │ 400.00   │ net20703                                                                │ wire20702/A               │ met1  │
│ 1.03  │ 412.65   │ 400.00   │ net41967                                                                │ _074453_/B2               │ met3  │
│ 1.03  │ 412.65   │ 400.00   │ net41967                                                                │ max_length41966/A         │ met3  │
│ 1.03  │ 412.62   │ 400.00   │ _022517_                                                                │ wire30563/A               │ met3  │
│ 1.03  │ 412.04   │ 400.00   │ net292                                                                  │ wire291/A                 │ met1  │
│ 1.03  │ 411.96   │ 400.00   │ net32487                                                                │ _072467_/A2               │ met3  │
│ 1.03  │ 411.89   │ 400.00   │ net41744                                                                │ wire13285/A               │ met3  │
│ 1.03  │ 411.44   │ 400.00   │ net21765                                                                │ wire21764/A               │ met1  │
│ 1.03  │ 411.35   │ 400.00   │ net21144                                                                │ _114251_/A3               │ met1  │
│ 1.03  │ 411.21   │ 400.00   │ net34118                                                                │ wire34117/A               │ met3  │
│ 1.03  │ 411.07   │ 400.00   │ net42368                                                                │ wire42367/A               │ met3  │
│ 1.03  │ 411.04   │ 400.00   │ net19784                                                                │ wire19783/A               │ met1  │
│ 1.03  │ 410.72   │ 400.00   │ net25037                                                                │ fanout25025/A             │ met1  │
│ 1.03  │ 410.51   │ 400.00   │ net21519                                                                │ wire21518/A               │ met1  │
│ 1.03  │ 410.06   │ 400.00   │ timer_inst.TIM_CNT[30\]                                                 │ hold62715/A               │ met1  │
│ 1.02  │ 409.97   │ 400.00   │ _042493_                                                                │ _099037_/B                │ met1  │
│ 1.02  │ 409.66   │ 400.00   │ net30153                                                                │ wire30152/A               │ met3  │
│ 1.02  │ 409.53   │ 400.00   │ net34919                                                                │ wire34918/A               │ met1  │
│ 1.02  │ 409.51   │ 400.00   │ net38359                                                                │ _076860_/A2               │ met2  │
│ 1.02  │ 409.41   │ 400.00   │ net20705                                                                │ wire20704/A               │ met1  │
│ 1.02  │ 409.35   │ 400.00   │ net4746                                                                 │ wire4744/A                │ met3  │
│ 1.02  │ 409.02   │ 400.00   │ net20685                                                                │ wire20684/A               │ met1  │
│ 1.02  │ 409.02   │ 400.00   │ net21352                                                                │ wire21351/A               │ met1  │
│ 1.02  │ 408.99   │ 400.00   │ net33625                                                                │ _078656_/A2               │ met3  │
│ 1.02  │ 408.92   │ 400.00   │ net40487                                                                │ _079212_/A1               │ met3  │
│ 1.02  │ 408.80   │ 400.00   │ net38308                                                                │ _075691_/B1               │ met1  │
│ 1.02  │ 408.61   │ 400.00   │ net1111                                                                 │ _066225_/B                │ met1  │
│ 1.02  │ 408.40   │ 400.00   │ net19801                                                                │ wire19800/A               │ met1  │
│ 1.02  │ 407.77   │ 400.00   │ net37136                                                                │ _062113_/B1               │ met2  │
│ 1.02  │ 407.43   │ 400.00   │ net21698                                                                │ wire21697/A               │ met1  │
│ 1.02  │ 407.39   │ 400.00   │ net20756                                                                │ wire20755/A               │ met1  │
│ 1.02  │ 406.92   │ 400.00   │ net42009                                                                │ _062393_/B                │ met1  │
│ 1.02  │ 406.86   │ 400.00   │ net21667                                                                │ wire21666/A               │ met1  │
│ 1.02  │ 406.47   │ 400.00   │ net29248                                                                │ wire29243/A               │ met2  │
│ 1.02  │ 3183.24  │ 3134.60  │ net30891                                                                │ _073153_/B                │ met3  │
│ 1.02  │ 406.05   │ 400.00   │ net38975                                                                │ wire38974/A               │ met3  │
│ 1.01  │ 405.96   │ 400.00   │ net11169                                                                │ wire42179/A               │ met3  │
│ 1.01  │ 405.89   │ 400.00   │ net21242                                                                │ wire21241/A               │ met1  │
│ 1.01  │ 405.75   │ 400.00   │ _029465_                                                                │ _085366_/A                │ met1  │
│ 1.01  │ 405.57   │ 400.00   │ net30153                                                                │ wire30150/A               │ met3  │
│ 1.01  │ 405.53   │ 400.00   │ net14263                                                                │ wire14262/A               │ met1  │
│ 1.01  │ 405.49   │ 400.00   │ net38849                                                                │ wire38848/A               │ met3  │
│ 1.01  │ 2996.44  │ 2956.40  │ net37124                                                                │ _070510_/C_N              │ met4  │
│ 1.01  │ 405.41   │ 400.00   │ net21466                                                                │ _114245_/A2               │ met1  │
│ 1.01  │ 405.19   │ 400.00   │ net46300                                                                │ wire46298/A               │ met1  │
│ 1.01  │ 404.77   │ 400.00   │ net46806                                                                │ wire46805/A               │ met1  │
│ 1.01  │ 404.75   │ 400.00   │ net46878                                                                │ _060264_/A_N              │ met1  │
│ 1.01  │ 404.51   │ 400.00   │ net39310                                                                │ _074602_/A2               │ met3  │
│ 1.01  │ 404.49   │ 400.00   │ net35297                                                                │ _072042_/B2               │ met1  │
│ 1.01  │ 404.48   │ 400.00   │ _052287_                                                                │ _109386_/A2               │ met3  │
│ 1.01  │ 404.48   │ 400.00   │ net26909                                                                │ wire46943/A               │ met3  │
│ 1.01  │ 404.46   │ 400.00   │ net33118                                                                │ wire33117/A               │ met3  │
│ 1.01  │ 404.31   │ 400.00   │ net20430                                                                │ _064934_/A0               │ met1  │
│ 1.01  │ 404.19   │ 400.00   │ _019765_                                                                │ _071126_/A                │ met1  │
│ 1.01  │ 403.86   │ 400.00   │ net20751                                                                │ wire20750/A               │ met1  │
│ 1.01  │ 403.53   │ 400.00   │ net39070                                                                │ _073392_/B                │ met1  │
│ 1.01  │ 403.47   │ 400.00   │ net21721                                                                │ wire21720/A               │ met1  │
│ 1.01  │ 402.99   │ 400.00   │ net36861                                                                │ _075141_/A2               │ met3  │
│ 1.01  │ 402.87   │ 400.00   │ instr_bram_ctrl_inst.instr_ram.u_mem.g_2k[2\].u_cell.rdata[0\]          │ wire21507/A               │ met3  │
│ 1.01  │ 402.82   │ 400.00   │ net26315                                                                │ wire26314/A               │ met1  │
│ 1.01  │ 2803.81  │ 2784.80  │ _057545_                                                                │ _116646_/B                │ met3  │
│ 1.01  │ 402.57   │ 400.00   │ net36399                                                                │ wire36398/A               │ met3  │
│ 1.01  │ 402.41   │ 400.00   │ net20718                                                                │ wire20717/A               │ met1  │
│ 1.01  │ 402.28   │ 400.00   │ net21691                                                                │ wire21690/A               │ met1  │
│ 1.01  │ 402.16   │ 400.00   │ data_bram_ctrl_inst.data_ram.u_mem.g_2k[1\].u_cell.rdata[18\]           │ _113656_/A1               │ met4  │
│ 1.01  │ 402.15   │ 400.00   │ net8204                                                                 │ wire31357/A               │ met3  │
│ 1.00  │ 401.97   │ 400.00   │ _021711_                                                                │ _073063_/B1               │ met1  │
│ 1.00  │ 401.86   │ 400.00   │ net40704                                                                │ wire40702/A               │ met3  │
│ 1.00  │ 401.86   │ 400.00   │ net40704                                                                │ wire40703/A               │ met3  │
│ 1.00  │ 401.31   │ 400.00   │ net20778                                                                │ wire20777/A               │ met1  │
│ 1.00  │ 401.31   │ 400.00   │ net21012                                                                │ wire21011/A               │ met1  │
│ 1.00  │ 401.11   │ 400.00   │ net12503                                                                │ _071639_/B                │ met1  │
│ 1.00  │ 400.67   │ 400.00   │ net7931                                                                 │ wire33299/A               │ met1  │
│ 1.00  │ 3139.68  │ 3134.60  │ net47614                                                                │ _101996_/A1               │ met3  │
│ 1.00  │ 400.32   │ 400.00   │ net6915                                                                 │ _076738_/B1               │ met1  │
│ 1.00  │ 400.11   │ 400.00   │ net37018                                                                │ _074016_/B2               │ met3  │
│ 1.00  │ 400.11   │ 400.00   │ net37018                                                                │ _076473_/A2               │ met3  │
└───────┴──────────┴──────────┴─────────────────────────────────────────────────────────────────────────┴───────────────────────────┴───────┘
