┏━━━━━━━┳━━━━━━━━━━┳━━━━━━━━━━┳━━━━━━━━━━━━━━━━━━━━━━━━━━━━━━━━━━━━━━━━━━━━━━━━━━━━━━━━━━━━━━━━━━━━━━━━━━━━━┳━━━━━━━━━━━━━━━━━━━━━━━━━━━━┳━━━━━━━┓
┃ P / R ┃ Partial  ┃ Required ┃ Net                                                                         ┃ Pin                        ┃ Layer ┃
┡━━━━━━━╇━━━━━━━━━━╇━━━━━━━━━━╇━━━━━━━━━━━━━━━━━━━━━━━━━━━━━━━━━━━━━━━━━━━━━━━━━━━━━━━━━━━━━━━━━━━━━━━━━━━━━╇━━━━━━━━━━━━━━━━━━━━━━━━━━━━╇━━━━━━━┩
│ 10.32 │ 4127.05  │ 400.00   │ QSPI_IO1                                                                    │ hold30268/A                │ met3  │
│ 5.52  │ 2208.25  │ 400.00   │ net33078                                                                    │ _078516_/C                 │ met3  │
│ 5.30  │ 2120.57  │ 400.00   │ net33661                                                                    │ _076361_/B                 │ met3  │
│ 5.28  │ 2111.81  │ 400.00   │ net27702                                                                    │ _101949_/A1                │ met3  │
│ 5.28  │ 2111.81  │ 400.00   │ net37964                                                                    │ _070873_/B                 │ met3  │
│ 5.28  │ 2111.81  │ 400.00   │ net40082                                                                    │ _077810_/C                 │ met3  │
│ 4.88  │ 1951.25  │ 400.00   │ net45432                                                                    │ wire21835/A                │ met3  │
│ 4.88  │ 1951.25  │ 400.00   │ net47097                                                                    │ wire22157/A                │ met3  │
│ 4.86  │ 1945.40  │ 400.00   │ net32214                                                                    │ _074367_/B                 │ met3  │
│ 4.84  │ 1936.57  │ 400.00   │ _020644_                                                                    │ _077636_/B                 │ met3  │
│ 4.84  │ 1936.57  │ 400.00   │ net33070                                                                    │ _074284_/D                 │ met3  │
│ 4.84  │ 1936.57  │ 400.00   │ net40474                                                                    │ _077607_/C                 │ met3  │
│ 4.21  │ 1682.48  │ 400.00   │ net38054                                                                    │ _073413_/A                 │ met3  │
│ 4.18  │ 1673.51  │ 400.00   │ net30375                                                                    │ _073200_/A2                │ met3  │
│ 4.18  │ 1673.51  │ 400.00   │ net41344                                                                    │ _071145_/A2_N              │ met3  │
│ 4.03  │ 1611.02  │ 400.00   │ yz_bram_ctrl_inst.yz_ram.u_mem.u_mem.g_2k[3\].u_cell.rdata[0\]              │ wire47737/A                │ met3  │
│ 3.75  │ 1498.48  │ 400.00   │ net32460                                                                    │ _076795_/D                 │ met3  │
│ 3.75  │ 1498.48  │ 400.00   │ net35830                                                                    │ _071338_/B                 │ met3  │
│ 3.75  │ 1498.48  │ 400.00   │ net38854                                                                    │ _076009_/B                 │ met3  │
│ 3.75  │ 1498.48  │ 400.00   │ net43701                                                                    │ _108314_/B                 │ met3  │
│ 3.59  │ 1436.41  │ 400.00   │ net34484                                                                    │ wire34483/A                │ met3  │
│ 3.59  │ 1436.41  │ 400.00   │ net36324                                                                    │ _076038_/A2                │ met3  │
│ 3.58  │ 1431.95  │ 400.00   │ _026836_                                                                    │ _078209_/A2                │ met3  │
│ 3.58  │ 1431.95  │ 400.00   │ net36663                                                                    │ _076020_/A2                │ met3  │
│ 3.58  │ 1431.95  │ 400.00   │ net44353                                                                    │ wire28798/A                │ met3  │
│ 3.53  │ 1410.86  │ 400.00   │ net38232                                                                    │ _069990_/B                 │ met3  │
│ 3.47  │ 1387.35  │ 400.00   │ _056283_                                                                    │ _115266_/B1                │ met3  │
│ 3.39  │ 11232.76 │ 3312.80  │ QSPI_IO1                                                                    │ hold30268/A                │ met4  │
│ 3.38  │ 1352.90  │ 400.00   │ net47406                                                                    │ wire47405/A                │ met3  │
│ 3.37  │ 1347.20  │ 400.00   │ net33807                                                                    │ wire33806/A                │ met3  │
│ 3.37  │ 1347.20  │ 400.00   │ net34921                                                                    │ _074919_/A1                │ met3  │
│ 3.32  │ 1326.34  │ 400.00   │ yz_bram_ctrl_inst.yz_ram.u_mem.u_mem.g_1k.u_cell.rdata[16\]                 │ wire20745/A                │ met3  │
│ 3.32  │ 1326.34  │ 400.00   │ net22444                                                                    │ wire22443/A                │ met3  │
│ 3.31  │ 1323.24  │ 400.00   │ net37982                                                                    │ _074300_/C                 │ met3  │
│ 3.25  │ 1301.07  │ 400.00   │ net45536                                                                    │ wire45535/A                │ met3  │
│ 3.25  │ 1298.13  │ 400.00   │ net39958                                                                    │ _078897_/A2                │ met3  │
│ 3.13  │ 1253.53  │ 400.00   │ _023380_                                                                    │ _074739_/C1                │ met3  │
│ 3.13  │ 1253.53  │ 400.00   │ _056987_                                                                    │ _116041_/B1                │ met3  │
│ 3.13  │ 1253.53  │ 400.00   │ net31611                                                                    │ _076153_/A3                │ met3  │
│ 3.13  │ 1253.53  │ 400.00   │ net36814                                                                    │ _078341_/C1                │ met3  │
│ 3.11  │ 1244.49  │ 400.00   │ net5360                                                                     │ _071925_/A2                │ met3  │
│ 3.11  │ 1244.49  │ 400.00   │ net5360                                                                     │ _078308_/B                 │ met3  │
│ 3.11  │ 1244.38  │ 400.00   │ net40781                                                                    │ _078516_/B                 │ met3  │
│ 3.10  │ 1241.77  │ 400.00   │ GPIO_araddr[6\]                                                             │ fanout2433/A               │ met3  │
│ 3.09  │ 1235.62  │ 400.00   │ _025974_                                                                    │ _077343_/A1                │ met3  │
│ 3.09  │ 1235.62  │ 400.00   │ net38234                                                                    │ _076612_/C                 │ met3  │
│ 3.09  │ 1235.62  │ 400.00   │ net39660                                                                    │ _070464_/A                 │ met3  │
│ 3.02  │ 1208.92  │ 400.00   │ net5310                                                                     │ _075668_/A2                │ met3  │
│ 3.02  │ 1208.92  │ 400.00   │ net35632                                                                    │ _075998_/A2                │ met3  │
│ 3.02  │ 1208.92  │ 400.00   │ net35743                                                                    │ _075062_/A1                │ met3  │
│ 3.02  │ 1208.92  │ 400.00   │ net38634                                                                    │ _074228_/B2                │ met3  │
│ 3.02  │ 1208.92  │ 400.00   │ net44506                                                                    │ _073757_/A2                │ met3  │
│ 2.99  │ 1197.41  │ 400.00   │ net45621                                                                    │ wire45620/A                │ met3  │
│ 2.97  │ 1187.47  │ 400.00   │ yz_bram_ctrl_inst.yz_ram.u_mem.u_mem.g_1k.u_cell.rdata[6\]                  │ wire20577/A                │ met3  │
│ 2.93  │ 1173.37  │ 400.00   │ net44801                                                                    │ wire44800/A                │ met3  │
│ 2.92  │ 1168.91  │ 400.00   │ net35546                                                                    │ _077351_/B2                │ met3  │
│ 2.92  │ 1168.78  │ 400.00   │ net39238                                                                    │ _074486_/A2                │ met3  │
│ 2.91  │ 1164.32  │ 400.00   │ _026562_                                                                    │ _077934_/C1                │ met3  │
│ 2.91  │ 1164.32  │ 400.00   │ net4937                                                                     │ _073813_/B1                │ met3  │
│ 2.91  │ 1164.32  │ 400.00   │ net31220                                                                    │ _076471_/B1                │ met3  │
│ 2.91  │ 1164.32  │ 400.00   │ net38400                                                                    │ wire38399/A                │ met3  │
│ 2.91  │ 1164.32  │ 400.00   │ net45551                                                                    │ wire45550/A                │ met3  │
│ 2.91  │ 1164.32  │ 400.00   │ net45695                                                                    │ _117379_/C1                │ met3  │
│ 2.91  │ 1164.32  │ 400.00   │ net46201                                                                    │ wire46200/A                │ met3  │
│ 2.91  │ 1164.32  │ 400.00   │ net47426                                                                    │ wire47425/A                │ met3  │
│ 2.87  │ 1148.00  │ 400.00   │ net37699                                                                    │ _074811_/A                 │ met3  │
│ 2.86  │ 1145.52  │ 400.00   │ clknet_1_1_0_clk_i                                                          │ clkbuf_1_1_1_clk_i/A       │ met3  │
│ 2.85  │ 1141.96  │ 400.00   │ net32269                                                                    │ _074030_/A2                │ met3  │
│ 2.85  │ 1139.37  │ 400.00   │ data_bram_ctrl_inst.data_ram.u_mem.g_2k[1\].u_cell.rdata[2\]                │ _113624_/A1                │ met4  │
│ 2.84  │ 1137.76  │ 400.00   │ data_bram_ctrl_inst.data_ram.u_mem.g_2k[1\].u_cell.rdata[6\]                │ _113632_/A1                │ met4  │
│ 2.81  │ 1124.17  │ 400.00   │ net31087                                                                    │ _073162_/A2                │ met3  │
│ 2.81  │ 1124.17  │ 400.00   │ net41984                                                                    │ _077326_/A1                │ met3  │
│ 2.81  │ 1124.17  │ 400.00   │ net44125                                                                    │ _076541_/B2                │ met3  │
│ 2.80  │ 1119.71  │ 400.00   │ _021375_                                                                    │ _072887_/B1                │ met3  │
│ 2.80  │ 1119.71  │ 400.00   │ _023093_                                                                    │ _074456_/A2                │ met3  │
│ 2.80  │ 1119.71  │ 400.00   │ net2214                                                                     │ wire30687/A                │ met3  │
│ 2.80  │ 1119.71  │ 400.00   │ net2966                                                                     │ _117709_/C1                │ met3  │
│ 2.80  │ 1119.71  │ 400.00   │ net4976                                                                     │ wire36430/A                │ met3  │
│ 2.80  │ 1119.71  │ 400.00   │ net31549                                                                    │ _071433_/A1                │ met3  │
│ 2.80  │ 1119.71  │ 400.00   │ net32204                                                                    │ _076568_/B2                │ met3  │
│ 2.80  │ 1119.71  │ 400.00   │ net32206                                                                    │ _076492_/B1                │ met3  │
│ 2.80  │ 1119.71  │ 400.00   │ net36177                                                                    │ wire36176/A                │ met3  │
│ 2.80  │ 1119.71  │ 400.00   │ net39651                                                                    │ _078270_/A1                │ met3  │
│ 2.80  │ 1118.04  │ 400.00   │ clknet_6_46__leaf_clk_i_regs                                                │ _128324_/CLK               │ met3  │
│ 2.73  │ 1093.75  │ 400.00   │ net3640                                                                     │ wire33461/A                │ met3  │
│ 2.73  │ 1093.75  │ 400.00   │ net46986                                                                    │ wire46985/A                │ met3  │
│ 2.71  │ 1084.02  │ 400.00   │ net33497                                                                    │ _072807_/A2                │ met3  │
│ 2.70  │ 1079.60  │ 400.00   │ net33370                                                                    │ wire33369/A                │ met3  │
│ 2.70  │ 1079.56  │ 400.00   │ net38559                                                                    │ _073462_/B1                │ met3  │
│ 2.69  │ 1075.10  │ 400.00   │ _023117_                                                                    │ wire31726/A                │ met3  │
│ 2.69  │ 1075.10  │ 400.00   │ net3141                                                                     │ _071485_/B1                │ met3  │
│ 2.69  │ 1075.10  │ 400.00   │ net3734                                                                     │ wire33981/A                │ met3  │
│ 2.69  │ 1075.10  │ 400.00   │ net7543                                                                     │ wire37203/A                │ met3  │
│ 2.69  │ 1075.10  │ 400.00   │ net35721                                                                    │ _078397_/A2                │ met3  │
│ 2.69  │ 1075.10  │ 400.00   │ net35737                                                                    │ _077157_/B2                │ met3  │
│ 2.69  │ 1075.10  │ 400.00   │ net38250                                                                    │ _071022_/A3                │ met3  │
│ 2.69  │ 1075.10  │ 400.00   │ net39514                                                                    │ _074317_/A3                │ met3  │
│ 2.69  │ 1075.10  │ 400.00   │ net41495                                                                    │ _075341_/B1                │ met3  │
│ 2.69  │ 1075.10  │ 400.00   │ net45561                                                                    │ wire45560/A                │ met3  │
│ 2.69  │ 1075.10  │ 400.00   │ net47555                                                                    │ _105279_/A1                │ met3  │
│ 2.68  │ 1072.96  │ 400.00   │ data_bram_ctrl_inst.data_ram.u_mem.g_2k[1\].u_cell.rdata[1\]                │ _113622_/A1                │ met4  │
│ 2.65  │ 1060.38  │ 400.00   │ net39350                                                                    │ _075881_/B                 │ met3  │
│ 2.62  │ 1047.10  │ 400.00   │ net6848                                                                     │ wire35032/A                │ met3  │
│ 2.60  │ 1041.92  │ 400.00   │ net38436                                                                    │ wire38435/A                │ met3  │
│ 2.59  │ 1035.09  │ 400.00   │ net13341                                                                    │ _076780_/A1                │ met3  │
│ 2.59  │ 1034.96  │ 400.00   │ _023714_                                                                    │ wire37581/A                │ met3  │
│ 2.59  │ 1034.96  │ 400.00   │ net42338                                                                    │ _073821_/A1                │ met3  │
│ 2.58  │ 1030.50  │ 400.00   │ _024760_                                                                    │ _076127_/B1                │ met3  │
│ 2.58  │ 1030.50  │ 400.00   │ net5391                                                                     │ _073815_/B2                │ met3  │
│ 2.58  │ 1030.50  │ 400.00   │ net18502                                                                    │ _076340_/C1                │ met3  │
│ 2.58  │ 1030.50  │ 400.00   │ net30487                                                                    │ _074695_/B2                │ met3  │
│ 2.58  │ 1030.50  │ 400.00   │ net31309                                                                    │ _073309_/B1                │ met3  │
│ 2.58  │ 1030.50  │ 400.00   │ net32496                                                                    │ _076603_/B1                │ met3  │
│ 2.58  │ 1030.50  │ 400.00   │ net32679                                                                    │ _075182_/B2                │ met3  │
│ 2.58  │ 1030.50  │ 400.00   │ net33621                                                                    │ _078592_/B2                │ met3  │
│ 2.58  │ 1030.50  │ 400.00   │ net38459                                                                    │ _074645_/B2                │ met3  │
│ 2.58  │ 1030.50  │ 400.00   │ net40557                                                                    │ _076114_/A2                │ met3  │
│ 2.58  │ 1030.50  │ 400.00   │ net42040                                                                    │ wire3310/A                 │ met3  │
│ 2.58  │ 1030.50  │ 400.00   │ net42317                                                                    │ _074428_/B2                │ met3  │
│ 2.58  │ 1030.50  │ 400.00   │ net47431                                                                    │ wire47430/A                │ met3  │
│ 2.49  │ 995.27   │ 400.00   │ net2211                                                                     │ wire30513/A                │ met3  │
│ 2.48  │ 990.35   │ 400.00   │ net30954                                                                    │ _074685_/A1                │ met3  │
│ 2.48  │ 990.35   │ 400.00   │ net31068                                                                    │ _079269_/A3                │ met3  │
│ 2.48  │ 990.35   │ 400.00   │ net32371                                                                    │ _077178_/A2                │ met3  │
│ 2.48  │ 990.35   │ 400.00   │ net36239                                                                    │ _072291_/A2                │ met3  │
│ 2.48  │ 990.35   │ 400.00   │ net38692                                                                    │ wire38691/A                │ met3  │
│ 2.46  │ 985.89   │ 400.00   │ _025601_                                                                    │ _076976_/A2                │ met3  │
│ 2.46  │ 985.89   │ 400.00   │ net4581                                                                     │ wire32700/A                │ met3  │
│ 2.46  │ 985.89   │ 400.00   │ net12537                                                                    │ wire37921/A                │ met3  │
│ 2.46  │ 985.89   │ 400.00   │ net33142                                                                    │ _078984_/A2                │ met3  │
│ 2.46  │ 985.89   │ 400.00   │ net34050                                                                    │ wire34049/A                │ met3  │
│ 2.46  │ 985.89   │ 400.00   │ net34386                                                                    │ wire34385/A                │ met3  │
│ 2.46  │ 985.89   │ 400.00   │ net34667                                                                    │ wire34666/A                │ met3  │
│ 2.46  │ 985.89   │ 400.00   │ net36944                                                                    │ _074711_/A1                │ met3  │
│ 2.46  │ 985.89   │ 400.00   │ net39304                                                                    │ wire39303/A                │ met3  │
│ 2.46  │ 985.89   │ 400.00   │ net42859                                                                    │ wire42858/A                │ met3  │
│ 2.43  │ 973.08   │ 400.00   │ net37690                                                                    │ _075430_/B                 │ met3  │
│ 2.40  │ 960.85   │ 400.00   │ net47022                                                                    │ output54/A                 │ met3  │
│ 2.39  │ 954.70   │ 400.00   │ net40858                                                                    │ _078098_/A1                │ met3  │
│ 2.38  │ 950.21   │ 400.00   │ net41102                                                                    │ _075220_/A1                │ met3  │
│ 2.37  │ 949.01   │ 400.00   │ net33092                                                                    │ _072364_/A1                │ met3  │
│ 2.37  │ 949.01   │ 400.00   │ net33092                                                                    │ _078594_/B                 │ met3  │
│ 2.36  │ 945.78   │ 400.00   │ _027763_                                                                    │ _079145_/A2                │ met3  │
│ 2.36  │ 945.78   │ 400.00   │ net32152                                                                    │ _077830_/B2                │ met3  │
│ 2.36  │ 945.78   │ 400.00   │ net37738                                                                    │ _071156_/A2                │ met3  │
│ 2.36  │ 945.75   │ 400.00   │ _026072_                                                                    │ wire31718/A                │ met3  │
│ 2.36  │ 945.75   │ 400.00   │ net2523                                                                     │ wire31647/A                │ met3  │
│ 2.36  │ 945.75   │ 400.00   │ net18250                                                                    │ wire45440/A                │ met3  │
│ 2.36  │ 945.75   │ 400.00   │ net31633                                                                    │ _075656_/A2                │ met3  │
│ 2.36  │ 945.75   │ 400.00   │ net34795                                                                    │ _078123_/B1                │ met3  │
│ 2.36  │ 945.75   │ 400.00   │ net35567                                                                    │ _074419_/A2                │ met3  │
│ 2.36  │ 945.75   │ 400.00   │ net38850                                                                    │ _077947_/B1                │ met3  │
│ 2.35  │ 941.28   │ 400.00   │ _019391_                                                                    │ _071516_/A2                │ met3  │
│ 2.35  │ 941.28   │ 400.00   │ _021360_                                                                    │ _077299_/A2                │ met3  │
│ 2.35  │ 941.28   │ 400.00   │ net2548                                                                     │ wire31167/A                │ met3  │
│ 2.35  │ 941.28   │ 400.00   │ net6775                                                                     │ wire33876/A                │ met3  │
│ 2.35  │ 941.28   │ 400.00   │ net32398                                                                    │ _073449_/B2                │ met3  │
│ 2.35  │ 941.28   │ 400.00   │ net33474                                                                    │ _076889_/A1                │ met3  │
│ 2.35  │ 941.28   │ 400.00   │ net35679                                                                    │ _077882_/B1                │ met3  │
│ 2.35  │ 941.28   │ 400.00   │ net38779                                                                    │ wire38777/A                │ met3  │
│ 2.35  │ 941.28   │ 400.00   │ net41507                                                                    │ _074777_/B2                │ met3  │
│ 2.35  │ 941.28   │ 400.00   │ net42991                                                                    │ wire42990/A                │ met3  │
│ 2.27  │ 909.74   │ 400.00   │ net31876                                                                    │ _079069_/A1_N              │ met3  │
│ 2.25  │ 901.14   │ 400.00   │ _022304_                                                                    │ wire34261/A                │ met3  │
│ 2.25  │ 901.14   │ 400.00   │ net3105                                                                     │ wire30654/A                │ met3  │
│ 2.25  │ 901.14   │ 400.00   │ net31265                                                                    │ _077905_/A1                │ met3  │
│ 2.25  │ 901.14   │ 400.00   │ net31867                                                                    │ wire31866/A                │ met3  │
│ 2.25  │ 901.14   │ 400.00   │ net32013                                                                    │ _074180_/A2                │ met3  │
│ 2.24  │ 896.84   │ 400.00   │ net10825                                                                    │ _077657_/A2                │ met3  │
│ 2.24  │ 896.68   │ 400.00   │ net3619                                                                     │ wire32723/A                │ met3  │
│ 2.24  │ 896.68   │ 400.00   │ net11440                                                                    │ _076552_/B2                │ met3  │
│ 2.24  │ 896.68   │ 400.00   │ net33985                                                                    │ _077724_/A2                │ met3  │
│ 2.24  │ 896.68   │ 400.00   │ net35354                                                                    │ _071940_/B                 │ met3  │
│ 2.24  │ 896.68   │ 400.00   │ net35423                                                                    │ wire35422/A                │ met3  │
│ 2.24  │ 896.68   │ 400.00   │ net35925                                                                    │ _073940_/A1                │ met3  │
│ 2.24  │ 896.68   │ 400.00   │ net36326                                                                    │ wire36325/A                │ met3  │
│ 2.24  │ 896.68   │ 400.00   │ net38423                                                                    │ wire38422/A                │ met3  │
│ 2.24  │ 896.68   │ 400.00   │ net38682                                                                    │ _078955_/A1                │ met3  │
│ 2.24  │ 896.68   │ 400.00   │ net42315                                                                    │ _078127_/A1                │ met3  │
│ 2.18  │ 870.80   │ 400.00   │ clknet_1_1_1_clk_i_regs                                                     │ clkbuf_2_2_0_clk_i_regs/A  │ met3  │
│ 2.18  │ 870.80   │ 400.00   │ clknet_1_1_1_clk_i_regs                                                     │ clkbuf_2_3_0_clk_i_regs/A  │ met3  │
│ 2.15  │ 860.25   │ 400.00   │ net35237                                                                    │ _077431_/C                 │ met3  │
│ 2.15  │ 860.25   │ 400.00   │ net35237                                                                    │ _078725_/A2                │ met3  │
│ 2.14  │ 857.86   │ 400.00   │ net30151                                                                    │ clkbuf_leaf_7_clk_i/A      │ met3  │
│ 2.14  │ 856.66   │ 400.00   │ net37360                                                                    │ _071598_/C1                │ met3  │
│ 2.14  │ 856.53   │ 400.00   │ net5238                                                                     │ _073989_/B2                │ met3  │
│ 2.14  │ 856.53   │ 400.00   │ net11053                                                                    │ wire37953/A                │ met3  │
│ 2.14  │ 856.53   │ 400.00   │ net37262                                                                    │ wire37261/A                │ met3  │
│ 2.14  │ 856.53   │ 400.00   │ net37871                                                                    │ _075439_/B1                │ met3  │
│ 2.14  │ 856.53   │ 400.00   │ net39243                                                                    │ _078986_/A1                │ met3  │
│ 2.14  │ 856.53   │ 400.00   │ net40642                                                                    │ _074583_/B1                │ met3  │
│ 2.13  │ 852.07   │ 400.00   │ net32297                                                                    │ _078667_/A1                │ met3  │
│ 2.13  │ 852.07   │ 400.00   │ net32726                                                                    │ _074819_/B1                │ met3  │
│ 2.13  │ 852.07   │ 400.00   │ net33013                                                                    │ _076802_/B2                │ met3  │
│ 2.13  │ 852.07   │ 400.00   │ net35908                                                                    │ _071013_/A2                │ met3  │
│ 2.13  │ 852.07   │ 400.00   │ net36133                                                                    │ wire36132/A                │ met3  │
│ 2.13  │ 852.07   │ 400.00   │ net41481                                                                    │ _074203_/A4                │ met3  │
│ 2.13  │ 852.07   │ 400.00   │ net41976                                                                    │ _078049_/A2                │ met3  │
│ 2.10  │ 840.30   │ 400.00   │ _019488_                                                                    │ _070835_/A3                │ met3  │
│ 2.10  │ 840.30   │ 400.00   │ yz_bram_ctrl_inst.yz_ram.u_mem.u_mem.g_2k[2\].u_cell.rdata[30\]             │ wire19805/A                │ met3  │
│ 2.05  │ 820.85   │ 400.00   │ net41428                                                                    │ wire41427/A                │ met3  │
│ 2.03  │ 812.12   │ 400.00   │ net11624                                                                    │ _078272_/A1                │ met3  │
│ 2.03  │ 811.93   │ 400.00   │ net40437                                                                    │ _071821_/A2                │ met3  │
│ 2.03  │ 811.93   │ 400.00   │ net43737                                                                    │ _073688_/A2                │ met3  │
│ 2.02  │ 807.47   │ 400.00   │ net16362                                                                    │ wire16361/A                │ met3  │
│ 2.02  │ 807.47   │ 400.00   │ net37122                                                                    │ _079052_/A2                │ met3  │
│ 2.02  │ 807.47   │ 400.00   │ net38403                                                                    │ _076365_/A1                │ met3  │
│ 2.02  │ 807.47   │ 400.00   │ net38582                                                                    │ _071319_/A                 │ met3  │
│ 2.02  │ 807.47   │ 400.00   │ net40314                                                                    │ _074606_/A2                │ met3  │
│ 2.02  │ 807.47   │ 400.00   │ net40340                                                                    │ _077828_/A2                │ met3  │
│ 2.02  │ 807.47   │ 400.00   │ net42555                                                                    │ wire42554/A                │ met3  │
│ 2.02  │ 806.29   │ 400.00   │ net42602                                                                    │ _078279_/C                 │ met3  │
│ 1.99  │ 797.52   │ 400.00   │ net31031                                                                    │ _072892_/A1                │ met3  │
│ 1.99  │ 797.52   │ 400.00   │ net34760                                                                    │ _075326_/A                 │ met3  │
│ 1.99  │ 797.52   │ 400.00   │ net39330                                                                    │ _071214_/B                 │ met3  │
│ 1.95  │ 780.11   │ 400.00   │ net31319                                                                    │ wire31318/A                │ met3  │
│ 1.93  │ 770.87   │ 400.00   │ instr_bram_ctrl_inst.instr_ram.u_mem.g_2k[2\].u_cell.rdata[31\]             │ wire21329/A                │ met3  │
│ 1.93  │ 770.87   │ 400.00   │ yz_bram_ctrl_inst.yz_ram.u_mem.u_mem.g_2k[0\].u_cell.rdata[2\]              │ wire20216/A                │ met3  │
│ 1.93  │ 770.87   │ 400.00   │ yz_bram_ctrl_inst.yz_ram.u_mem.u_mem.g_2k[0\].u_cell.rdata[5\]              │ wire20139/A                │ met3  │
│ 1.93  │ 770.87   │ 400.00   │ yz_bram_ctrl_inst.yz_ram.u_mem.u_mem.g_2k[1\].u_cell.rdata[17\]             │ wire20001/A                │ met3  │
│ 1.93  │ 770.26   │ 400.00   │ data_bram_ctrl_inst.data_ram.u_mem.g_2k[1\].u_cell.rdata[4\]                │ _113628_/A1                │ met4  │
│ 1.92  │ 767.32   │ 400.00   │ net10342                                                                    │ wire40326/A                │ met3  │
│ 1.92  │ 767.32   │ 400.00   │ net35107                                                                    │ _070989_/A3                │ met3  │
│ 1.92  │ 767.32   │ 400.00   │ net44008                                                                    │ _073862_/A1                │ met3  │
│ 1.91  │ 762.86   │ 400.00   │ _048327_                                                                    │ _105401_/A2                │ met3  │
│ 1.91  │ 762.86   │ 400.00   │ net10822                                                                    │ wire36315/A                │ met3  │
│ 1.91  │ 762.86   │ 400.00   │ net14107                                                                    │ wire41731/A                │ met3  │
│ 1.91  │ 762.86   │ 400.00   │ net32770                                                                    │ _077522_/A2                │ met3  │
│ 1.91  │ 762.86   │ 400.00   │ net32941                                                                    │ _078089_/A2                │ met3  │
│ 1.91  │ 762.86   │ 400.00   │ net35712                                                                    │ _074500_/A2                │ met3  │
│ 1.91  │ 762.86   │ 400.00   │ net36310                                                                    │ _076966_/A2                │ met3  │
│ 1.91  │ 762.86   │ 400.00   │ net37825                                                                    │ _070370_/A2                │ met3  │
│ 1.91  │ 762.86   │ 400.00   │ net38410                                                                    │ wire38409/A                │ met3  │
│ 1.91  │ 762.86   │ 400.00   │ net39623                                                                    │ _077836_/B2                │ met3  │
│ 1.91  │ 762.86   │ 400.00   │ net40015                                                                    │ _077588_/A3                │ met3  │
│ 1.91  │ 762.86   │ 400.00   │ net40111                                                                    │ _075858_/B2                │ met3  │
│ 1.91  │ 762.86   │ 400.00   │ net40476                                                                    │ _074400_/A3                │ met3  │
│ 1.86  │ 742.10   │ 400.00   │ net42845                                                                    │ _071428_/B1                │ met3  │
│ 1.86  │ 742.10   │ 400.00   │ net42845                                                                    │ _076991_/B                 │ met3  │
│ 1.85  │ 738.29   │ 400.00   │ net39319                                                                    │ _073863_/A2                │ met3  │
│ 1.85  │ 738.29   │ 400.00   │ net39319                                                                    │ wire39318/A                │ met3  │
│ 1.85  │ 738.28   │ 400.00   │ net32286                                                                    │ _075480_/A2                │ met3  │
│ 1.85  │ 738.28   │ 400.00   │ net38667                                                                    │ wire38666/A                │ met3  │
│ 1.81  │ 722.72   │ 400.00   │ net2732                                                                     │ wire33080/A                │ met3  │
│ 1.81  │ 722.72   │ 400.00   │ net30835                                                                    │ _076083_/A2                │ met3  │
│ 1.81  │ 722.72   │ 400.00   │ net38622                                                                    │ wire38621/A                │ met3  │
│ 1.80  │ 718.73   │ 400.00   │ net32876                                                                    │ _072133_/C_N               │ met3  │
│ 1.80  │ 718.38   │ 400.00   │ net10450                                                                    │ _071119_/A2                │ met3  │
│ 1.80  │ 718.25   │ 400.00   │ net4953                                                                     │ _076498_/B2                │ met3  │
│ 1.80  │ 718.25   │ 400.00   │ net14147                                                                    │ wire39064/A                │ met3  │
│ 1.80  │ 718.25   │ 400.00   │ net28827                                                                    │ wire28826/A                │ met3  │
│ 1.80  │ 718.25   │ 400.00   │ net31950                                                                    │ _078611_/A2                │ met3  │
│ 1.80  │ 718.25   │ 400.00   │ net32280                                                                    │ _079045_/B1                │ met3  │
│ 1.80  │ 718.25   │ 400.00   │ net32685                                                                    │ _077107_/B1                │ met3  │
│ 1.80  │ 718.25   │ 400.00   │ net34391                                                                    │ _071445_/B1                │ met3  │
│ 1.80  │ 718.25   │ 400.00   │ net35748                                                                    │ _077015_/A1                │ met3  │
│ 1.80  │ 718.25   │ 400.00   │ net36994                                                                    │ _074485_/B1                │ met3  │
│ 1.80  │ 718.25   │ 400.00   │ net37449                                                                    │ _078495_/A3                │ met3  │
│ 1.80  │ 718.25   │ 400.00   │ net38057                                                                    │ _076658_/B2                │ met3  │
│ 1.80  │ 718.25   │ 400.00   │ net38769                                                                    │ wire38768/A                │ met3  │
│ 1.80  │ 718.25   │ 400.00   │ net39129                                                                    │ _073921_/B2                │ met3  │
│ 1.80  │ 718.25   │ 400.00   │ net39874                                                                    │ _075252_/B1                │ met3  │
│ 1.80  │ 718.25   │ 400.00   │ net44038                                                                    │ wire44037/A                │ met3  │
│ 1.79  │ 716.07   │ 400.00   │ net39309                                                                    │ _071594_/A1                │ met3  │
│ 1.79  │ 716.07   │ 400.00   │ net39309                                                                    │ _075612_/A2                │ met3  │
│ 1.79  │ 715.98   │ 400.00   │ net35015                                                                    │ wire35013/A                │ met3  │
│ 1.79  │ 715.98   │ 400.00   │ net35460                                                                    │ _070317_/A                 │ met3  │
│ 1.78  │ 710.22   │ 400.00   │ net45131                                                                    │ _070115_/A                 │ met3  │
│ 1.76  │ 702.37   │ 400.00   │ clknet_3_2_0_clk_i_regs                                                     │ clkbuf_4_4_0_clk_i_regs/A  │ met3  │
│ 1.75  │ 701.43   │ 400.00   │ instr_bram_ctrl_inst.instr_ram.u_mem.g_2k[1\].u_cell.rdata[3\]              │ _114223_/A1                │ met3  │
│ 1.75  │ 701.43   │ 400.00   │ instr_bram_ctrl_inst.instr_ram.u_mem.g_2k[2\].u_cell.rdata[4\]              │ wire21315/A                │ met3  │
│ 1.75  │ 701.43   │ 400.00   │ instr_bram_ctrl_inst.instr_ram.u_mem.g_2k[3\].u_cell.rdata[29\]             │ wire20960/A                │ met3  │
│ 1.75  │ 701.43   │ 400.00   │ yz_bram_ctrl_inst.yz_ram.u_mem.u_mem.g_1k.u_cell.rdata[29\]                 │ wire20633/A                │ met3  │
│ 1.75  │ 701.43   │ 400.00   │ yz_bram_ctrl_inst.yz_ram.u_mem.u_mem.g_1k.u_cell.rdata[7\]                  │ wire20571/A                │ met3  │
│ 1.75  │ 701.43   │ 400.00   │ yz_bram_ctrl_inst.yz_ram.u_mem.u_mem.g_2k[0\].u_cell.rdata[31\]             │ wire20186/A                │ met3  │
│ 1.75  │ 701.43   │ 400.00   │ yz_bram_ctrl_inst.yz_ram.u_mem.u_mem.g_2k[3\].u_cell.rdata[25\]             │ wire19664/A                │ met3  │
│ 1.74  │ 695.90   │ 400.00   │ net30704                                                                    │ wire30703/A                │ met3  │
│ 1.73  │ 693.77   │ 400.00   │ net40103                                                                    │ _072000_/B1                │ met3  │
│ 1.73  │ 693.77   │ 400.00   │ net40103                                                                    │ wire40102/A                │ met3  │
│ 1.73  │ 693.67   │ 400.00   │ net36213                                                                    │ wire36212/A                │ met3  │
│ 1.73  │ 693.67   │ 400.00   │ net41609                                                                    │ wire41608/A                │ met3  │
│ 1.71  │ 684.83   │ 400.00   │ instr_bram_ctrl_inst.instr_ram.u_mem.g_2k[1\].u_cell.rdata[21\]             │ _114259_/A1                │ met4  │
│ 1.71  │ 682.70   │ 400.00   │ net37655                                                                    │ _074018_/A1                │ met3  │
│ 1.70  │ 678.11   │ 400.00   │ _019013_                                                                    │ wire36047/A                │ met3  │
│ 1.70  │ 678.11   │ 400.00   │ net14365                                                                    │ _073417_/A1                │ met3  │
│ 1.70  │ 678.11   │ 400.00   │ net28926                                                                    │ _071563_/B1                │ met3  │
│ 1.70  │ 678.11   │ 400.00   │ net33977                                                                    │ _075316_/A3                │ met3  │
│ 1.70  │ 678.11   │ 400.00   │ net37695                                                                    │ wire37694/A                │ met3  │
│ 1.68  │ 673.78   │ 400.00   │ net38162                                                                    │ _073225_/B1                │ met3  │
│ 1.68  │ 673.65   │ 400.00   │ _024336_                                                                    │ _075716_/A2                │ met3  │
│ 1.68  │ 673.65   │ 400.00   │ net31525                                                                    │ _076688_/B1                │ met3  │
│ 1.68  │ 673.65   │ 400.00   │ net32419                                                                    │ wire32418/A                │ met3  │
│ 1.68  │ 673.65   │ 400.00   │ net34137                                                                    │ _071317_/A2                │ met3  │
│ 1.68  │ 673.65   │ 400.00   │ net34249                                                                    │ _075922_/A3                │ met3  │
│ 1.68  │ 673.65   │ 400.00   │ net35338                                                                    │ _074056_/A2                │ met3  │
│ 1.68  │ 673.65   │ 400.00   │ net35738                                                                    │ _072796_/B2                │ met3  │
│ 1.68  │ 673.65   │ 400.00   │ net37381                                                                    │ _070077_/A1                │ met3  │
│ 1.68  │ 673.65   │ 400.00   │ net38980                                                                    │ _077545_/A2                │ met3  │
│ 1.68  │ 673.65   │ 400.00   │ net41587                                                                    │ wire41586/A                │ met3  │
│ 1.63  │ 651.38   │ 400.00   │ net37272                                                                    │ _075097_/A1                │ met3  │
│ 1.63  │ 651.38   │ 400.00   │ net37272                                                                    │ _076234_/B2                │ met3  │
│ 1.63  │ 651.30   │ 400.00   │ net3737                                                                     │ wire34167/A                │ met3  │
│ 1.63  │ 651.30   │ 400.00   │ net46092                                                                    │ wire46091/A                │ met3  │
│ 1.63  │ 650.54   │ 400.00   │ net32058                                                                    │ wire32057/A                │ met3  │
│ 1.58  │ 633.63   │ 400.00   │ net36274                                                                    │ _075991_/B2                │ met3  │
│ 1.58  │ 633.50   │ 400.00   │ net34034                                                                    │ _078167_/A2                │ met3  │
│ 1.58  │ 632.00   │ 400.00   │ data_bram_ctrl_inst.data_ram.u_mem.g_2k[0\].u_cell.rdata[4\]                │ wire22513/A                │ met3  │
│ 1.58  │ 632.00   │ 400.00   │ instr_bram_ctrl_inst.instr_ram.u_mem.g_2k[0\].u_cell.rdata[29\]             │ wire21605/A                │ met3  │
│ 1.58  │ 632.00   │ 400.00   │ instr_bram_ctrl_inst.instr_ram.u_mem.g_2k[1\].u_cell.rdata[14\]             │ _114245_/A1                │ met3  │
│ 1.58  │ 632.00   │ 400.00   │ instr_bram_ctrl_inst.instr_ram.u_mem.g_2k[1\].u_cell.rdata[17\]             │ wire21514/A                │ met3  │
│ 1.58  │ 632.00   │ 400.00   │ instr_bram_ctrl_inst.instr_ram.u_mem.g_2k[2\].u_cell.rdata[17\]             │ wire21449/A                │ met3  │
│ 1.58  │ 631.40   │ 400.00   │ data_bram_ctrl_inst.data_ram.u_mem.g_2k[1\].u_cell.rdata[15\]               │ _113650_/A1                │ met4  │
│ 1.58  │ 631.05   │ 400.00   │ net30415                                                                    │ _128315_/D                 │ met3  │
│ 1.57  │ 629.20   │ 400.00   │ net39660                                                                    │ _070151_/B1                │ met3  │
│ 1.57  │ 629.17   │ 400.00   │ net31752                                                                    │ _075045_/A1                │ met3  │
│ 1.57  │ 629.04   │ 400.00   │ _021470_                                                                    │ wire30602/A                │ met3  │
│ 1.57  │ 629.04   │ 400.00   │ _027232_                                                                    │ _078607_/B1                │ met3  │
│ 1.57  │ 629.04   │ 400.00   │ net13319                                                                    │ wire13318/A                │ met3  │
│ 1.57  │ 629.04   │ 400.00   │ net14529                                                                    │ wire14528/A                │ met3  │
│ 1.57  │ 629.04   │ 400.00   │ net31614                                                                    │ _073755_/A3                │ met3  │
│ 1.57  │ 629.04   │ 400.00   │ net33049                                                                    │ _077356_/A1                │ met3  │
│ 1.57  │ 629.04   │ 400.00   │ net33204                                                                    │ _075861_/B1                │ met3  │
│ 1.57  │ 629.04   │ 400.00   │ net36549                                                                    │ wire36548/A                │ met3  │
│ 1.57  │ 629.04   │ 400.00   │ net37208                                                                    │ _076445_/A2                │ met3  │
│ 1.57  │ 629.04   │ 400.00   │ net37284                                                                    │ _074444_/A2                │ met3  │
│ 1.57  │ 629.04   │ 400.00   │ net37585                                                                    │ wire37584/A                │ met3  │
│ 1.57  │ 629.04   │ 400.00   │ net38172                                                                    │ wire38171/A                │ met3  │
│ 1.57  │ 629.04   │ 400.00   │ net38658                                                                    │ _072124_/A2                │ met3  │
│ 1.57  │ 629.04   │ 400.00   │ net39551                                                                    │ _078538_/B1                │ met3  │
│ 1.57  │ 629.04   │ 400.00   │ net40306                                                                    │ _073257_/A3                │ met3  │
│ 1.57  │ 629.01   │ 400.00   │ net35313                                                                    │ _071631_/B1                │ met3  │
│ 1.57  │ 629.01   │ 400.00   │ net35313                                                                    │ _078615_/B2                │ met3  │
│ 1.57  │ 628.99   │ 400.00   │ net40865                                                                    │ wire40864/A                │ met3  │
│ 1.57  │ 627.27   │ 400.00   │ net36646                                                                    │ wire36645/A                │ met3  │
│ 1.57  │ 626.86   │ 400.00   │ net33785                                                                    │ _073285_/A1                │ met3  │
│ 1.57  │ 626.86   │ 400.00   │ net33785                                                                    │ wire33784/A                │ met3  │
│ 1.57  │ 626.86   │ 400.00   │ net42019                                                                    │ _075990_/B2                │ met3  │
│ 1.57  │ 626.86   │ 400.00   │ net42019                                                                    │ _077673_/A2                │ met3  │
│ 1.57  │ 626.76   │ 400.00   │ net36001                                                                    │ wire36000/A                │ met3  │
│ 1.57  │ 626.76   │ 400.00   │ net38482                                                                    │ wire38481/A                │ met3  │
│ 1.57  │ 626.70   │ 400.00   │ net38161                                                                    │ _072655_/C                 │ met3  │
│ 1.57  │ 626.70   │ 400.00   │ net38161                                                                    │ _074874_/B1                │ met3  │
│ 1.56  │ 623.79   │ 400.00   │ net38496                                                                    │ _070061_/B                 │ met3  │
│ 1.56  │ 623.79   │ 400.00   │ net38496                                                                    │ _070906_/A3                │ met3  │
│ 1.56  │ 623.79   │ 400.00   │ net38607                                                                    │ _076366_/B                 │ met3  │
│ 1.56  │ 623.79   │ 400.00   │ net38607                                                                    │ max_length38606/A          │ met3  │
│ 1.56  │ 623.76   │ 400.00   │ net41745                                                                    │ fanout13270/A              │ met3  │
│ 1.52  │ 606.71   │ 400.00   │ net37111                                                                    │ _076215_/A2                │ met3  │
│ 1.52  │ 606.71   │ 400.00   │ net37111                                                                    │ wire37110/A                │ met3  │
│ 1.51  │ 604.46   │ 400.00   │ net38592                                                                    │ wire38591/A                │ met3  │
│ 1.47  │ 588.90   │ 400.00   │ net32318                                                                    │ _070702_/B1                │ met3  │
│ 1.47  │ 588.90   │ 400.00   │ net44096                                                                    │ _074185_/B1                │ met3  │
│ 1.46  │ 585.71   │ 400.00   │ net47006                                                                    │ _067733_/A0                │ met3  │
│ 1.46  │ 584.45   │ 400.00   │ net38531                                                                    │ _076116_/A1                │ met3  │
│ 1.46  │ 584.44   │ 400.00   │ _023880_                                                                    │ wire30561/A                │ met3  │
│ 1.46  │ 584.44   │ 400.00   │ net2720                                                                     │ _076841_/B1                │ met3  │
│ 1.46  │ 584.44   │ 400.00   │ net7111                                                                     │ wire7110/A                 │ met3  │
│ 1.46  │ 584.44   │ 400.00   │ net12451                                                                    │ _076955_/B2                │ met3  │
│ 1.46  │ 584.44   │ 400.00   │ net12773                                                                    │ wire12772/A                │ met3  │
│ 1.46  │ 584.44   │ 400.00   │ net17069                                                                    │ wire17068/A                │ met3  │
│ 1.46  │ 584.44   │ 400.00   │ net30660                                                                    │ _072703_/C1                │ met3  │
│ 1.46  │ 584.44   │ 400.00   │ net31542                                                                    │ _073032_/B2                │ met3  │
│ 1.46  │ 584.44   │ 400.00   │ net31907                                                                    │ _076045_/A2                │ met3  │
│ 1.46  │ 584.44   │ 400.00   │ net33246                                                                    │ _075070_/A1                │ met3  │
│ 1.46  │ 584.44   │ 400.00   │ net33861                                                                    │ _071335_/B1                │ met3  │
│ 1.46  │ 584.44   │ 400.00   │ net33960                                                                    │ _077797_/B1                │ met3  │
│ 1.46  │ 584.44   │ 400.00   │ net36661                                                                    │ wire36660/A                │ met3  │
│ 1.46  │ 584.44   │ 400.00   │ net37317                                                                    │ _072481_/A1                │ met3  │
│ 1.46  │ 584.44   │ 400.00   │ net37919                                                                    │ _076779_/C1                │ met3  │
│ 1.46  │ 584.44   │ 400.00   │ net38474                                                                    │ wire38473/A                │ met3  │
│ 1.46  │ 584.44   │ 400.00   │ net42721                                                                    │ _074268_/A1                │ met3  │
│ 1.46  │ 584.40   │ 400.00   │ net36614                                                                    │ wire36613/A                │ met3  │
│ 1.46  │ 584.39   │ 400.00   │ net40430                                                                    │ wire40429/A                │ met3  │
│ 1.46  │ 584.39   │ 400.00   │ net40518                                                                    │ wire40517/A                │ met3  │
│ 1.46  │ 582.22   │ 400.00   │ net39642                                                                    │ _071439_/B                 │ met3  │
│ 1.46  │ 582.16   │ 400.00   │ net5356                                                                     │ wire39814/A                │ met3  │
│ 1.46  │ 582.16   │ 400.00   │ net32924                                                                    │ wire32923/A                │ met3  │
│ 1.46  │ 582.16   │ 400.00   │ net33939                                                                    │ wire33938/A                │ met3  │
│ 1.45  │ 581.89   │ 400.00   │ data_bram_ctrl_inst.data_ram.u_mem.g_2k[1\].u_cell.rdata[3\]                │ _113626_/A1                │ met4  │
│ 1.44  │ 574.08   │ 400.00   │ clknet_4_6_0_clk_i_regs                                                     │ clkbuf_5_12_0_clk_i_regs/A │ met3  │
│ 1.44  │ 574.08   │ 400.00   │ clknet_4_6_0_clk_i_regs                                                     │ clkbuf_5_13_0_clk_i_regs/A │ met3  │
│ 1.43  │ 572.79   │ 400.00   │ net31822                                                                    │ wire31821/A                │ met3  │
│ 1.41  │ 562.57   │ 400.00   │ data_bram_ctrl_inst.data_ram.u_mem.g_2k[0\].u_cell.rdata[15\]               │ wire23255/A                │ met3  │
│ 1.41  │ 562.57   │ 400.00   │ instr_bram_ctrl_inst.instr_ram.u_mem.g_2k[0\].u_cell.rdata[12\]             │ wire21753/A                │ met3  │
│ 1.41  │ 562.08   │ 400.00   │ net36380                                                                    │ wire36379/A                │ met3  │
│ 1.40  │ 559.85   │ 400.00   │ net36579                                                                    │ _074012_/B                 │ met3  │
│ 1.37  │ 548.78   │ 400.00   │ net32056                                                                    │ _072950_/B1                │ met3  │
│ 1.36  │ 544.32   │ 400.00   │ net37323                                                                    │ _073021_/A3                │ met3  │
│ 1.36  │ 544.29   │ 400.00   │ net11440                                                                    │ _071685_/A2                │ met3  │
│ 1.36  │ 544.29   │ 400.00   │ net32161                                                                    │ _073920_/B2                │ met3  │
│ 1.36  │ 544.29   │ 400.00   │ net38514                                                                    │ _078299_/A1                │ met3  │
│ 1.36  │ 543.75   │ 400.00   │ instr_bram_ctrl_inst.instr_ram.u_mem.g_2k[1\].u_cell.rdata[16\]             │ _114249_/A1                │ met4  │
│ 1.35  │ 541.94   │ 400.00   │ instr_bram_ctrl_inst.instr_ram.u_mem.g_2k[1\].u_cell.rdata[0\]              │ _114217_/A1                │ met4  │
│ 1.35  │ 540.12   │ 400.00   │ net34230                                                                    │ _073049_/A1                │ met3  │
│ 1.35  │ 539.99   │ 400.00   │ net32266                                                                    │ _079044_/A4                │ met3  │
│ 1.35  │ 539.83   │ 400.00   │ _022061_                                                                    │ _073415_/A2                │ met3  │
│ 1.35  │ 539.83   │ 400.00   │ net2351                                                                     │ wire30673/A                │ met3  │
│ 1.35  │ 539.83   │ 400.00   │ net3628                                                                     │ wire30734/A                │ met3  │
│ 1.35  │ 539.83   │ 400.00   │ net11625                                                                    │ _079134_/A2                │ met3  │
│ 1.35  │ 539.83   │ 400.00   │ net17068                                                                    │ wire17067/A                │ met3  │
│ 1.35  │ 539.83   │ 400.00   │ net31372                                                                    │ _076155_/B1                │ met3  │
│ 1.35  │ 539.83   │ 400.00   │ net31588                                                                    │ _074554_/A2                │ met3  │
│ 1.35  │ 539.83   │ 400.00   │ net32715                                                                    │ _078273_/B1                │ met3  │
│ 1.35  │ 539.83   │ 400.00   │ net33458                                                                    │ _076344_/B1                │ met3  │
│ 1.35  │ 539.83   │ 400.00   │ net33803                                                                    │ _072329_/B1                │ met3  │
│ 1.35  │ 539.83   │ 400.00   │ net36659                                                                    │ _073812_/A3                │ met3  │
│ 1.35  │ 539.83   │ 400.00   │ net37676                                                                    │ wire37675/A                │ met3  │
│ 1.35  │ 539.83   │ 400.00   │ net38461                                                                    │ _074725_/B1                │ met3  │
│ 1.35  │ 539.83   │ 400.00   │ net38477                                                                    │ _073510_/A1                │ met3  │
│ 1.35  │ 539.83   │ 400.00   │ net38641                                                                    │ _074135_/A3                │ met3  │
│ 1.35  │ 539.83   │ 400.00   │ net40939                                                                    │ _073678_/A3                │ met3  │
│ 1.35  │ 539.83   │ 400.00   │ net41644                                                                    │ _076528_/A2                │ met3  │
│ 1.35  │ 539.83   │ 400.00   │ net45230                                                                    │ _078981_/A1                │ met3  │
│ 1.35  │ 539.78   │ 400.00   │ net38132                                                                    │ _072090_/B1                │ met3  │
│ 1.35  │ 539.78   │ 400.00   │ net39699                                                                    │ wire39698/A                │ met3  │
│ 1.34  │ 537.65   │ 400.00   │ net37499                                                                    │ _072286_/B1                │ met3  │
│ 1.34  │ 537.65   │ 400.00   │ net37499                                                                    │ _074543_/A2                │ met3  │
│ 1.34  │ 537.57   │ 400.00   │ net7319                                                                     │ _073809_/B1                │ met3  │
│ 1.34  │ 537.57   │ 400.00   │ net7319                                                                     │ _077767_/A1                │ met3  │
│ 1.34  │ 537.57   │ 400.00   │ net35049                                                                    │ _072513_/A2                │ met3  │
│ 1.34  │ 537.57   │ 400.00   │ net35049                                                                    │ _073654_/A2                │ met3  │
│ 1.34  │ 537.57   │ 400.00   │ net39959                                                                    │ _074843_/B1                │ met3  │
│ 1.34  │ 537.57   │ 400.00   │ net39959                                                                    │ _076755_/A3                │ met3  │
│ 1.34  │ 537.55   │ 400.00   │ net43577                                                                    │ wire43576/A                │ met3  │
│ 1.34  │ 534.89   │ 400.00   │ instr_bram_ctrl_inst.instr_ram.u_mem.g_2k[1\].u_cell.rdata[15\]             │ _114247_/A1                │ met4  │
│ 1.34  │ 534.67   │ 400.00   │ net40625                                                                    │ _073715_/B                 │ met3  │
│ 1.33  │ 532.48   │ 400.00   │ instr_bram_ctrl_inst.instr_ram.u_mem.g_2k[1\].u_cell.rdata[25\]             │ _114267_/A1                │ met4  │
│ 1.33  │ 530.26   │ 400.00   │ instr_bram_ctrl_inst.instr_ram.u_mem.g_2k[1\].u_cell.rdata[20\]             │ _114257_/A1                │ met4  │
│ 1.32  │ 528.25   │ 400.00   │ instr_bram_ctrl_inst.instr_ram.u_mem.g_2k[1\].u_cell.rdata[19\]             │ _114255_/A1                │ met4  │
│ 1.30  │ 521.61   │ 400.00   │ instr_bram_ctrl_inst.instr_ram.u_mem.g_2k[1\].u_cell.rdata[28\]             │ _114273_/A1                │ met4  │
│ 1.30  │ 520.96   │ 400.00   │ net33347                                                                    │ wire33346/A                │ met3  │
│ 1.30  │ 519.19   │ 400.00   │ instr_bram_ctrl_inst.instr_ram.u_mem.g_2k[1\].u_cell.rdata[18\]             │ _114253_/A1                │ met4  │
│ 1.29  │ 517.48   │ 400.00   │ net12963                                                                    │ wire40200/A                │ met3  │
│ 1.29  │ 517.48   │ 400.00   │ net31698                                                                    │ _077467_/B                 │ met3  │
│ 1.29  │ 515.28   │ 400.00   │ net38031                                                                    │ _072088_/B1                │ met3  │
│ 1.29  │ 515.28   │ 400.00   │ net38031                                                                    │ wire38030/A                │ met3  │
│ 1.29  │ 515.26   │ 400.00   │ net41440                                                                    │ _076903_/B2                │ met3  │
│ 1.29  │ 515.26   │ 400.00   │ net41440                                                                    │ _077351_/B1                │ met3  │
│ 1.29  │ 515.25   │ 400.00   │ net10283                                                                    │ wire41892/A                │ met3  │
│ 1.29  │ 515.25   │ 400.00   │ net31646                                                                    │ wire2697/A                 │ met3  │
│ 1.29  │ 515.25   │ 400.00   │ net31784                                                                    │ _078669_/A1                │ met3  │
│ 1.29  │ 515.25   │ 400.00   │ net38014                                                                    │ wire38013/A                │ met3  │
│ 1.27  │ 509.85   │ 400.00   │ net43322                                                                    │ _076998_/B2                │ met3  │
│ 1.27  │ 509.85   │ 400.00   │ net43322                                                                    │ wire43321/A                │ met3  │
│ 1.27  │ 508.51   │ 400.00   │ conv_accelerator_inst.u_conv_buf_ram.u_mem.u_mem.g_2k[1\].u_cell.rdata[20\] │ _066835_/A1                │ met4  │
│ 1.27  │ 507.08   │ 400.00   │ net31616                                                                    │ _076173_/A2                │ met3  │
│ 1.27  │ 507.08   │ 400.00   │ net31616                                                                    │ wire31615/A                │ met3  │
│ 1.26  │ 503.18   │ 400.00   │ net41738                                                                    │ _078415_/A                 │ met3  │
│ 1.26  │ 503.18   │ 400.00   │ net41738                                                                    │ wire41737/A                │ met3  │
│ 1.25  │ 499.81   │ 400.00   │ net33227                                                                    │ _076313_/A2                │ met3  │
│ 1.25  │ 499.68   │ 400.00   │ net38292                                                                    │ _078749_/B2                │ met3  │
│ 1.25  │ 499.68   │ 400.00   │ net41804                                                                    │ _075706_/A1                │ met3  │
│ 1.25  │ 498.86   │ 400.00   │ conv_accelerator_inst.u_conv_buf_ram.u_mem.u_mem.g_2k[1\].u_cell.rdata[16\] │ _066819_/A1                │ met4  │
│ 1.24  │ 495.35   │ 400.00   │ net42343                                                                    │ _078416_/A1                │ met3  │
│ 1.24  │ 495.22   │ 400.00   │ _024106_                                                                    │ wire31724/A                │ met3  │
│ 1.24  │ 495.22   │ 400.00   │ net29712                                                                    │ wire29711/A                │ met3  │
│ 1.24  │ 495.22   │ 400.00   │ net31437                                                                    │ _073145_/A1                │ met3  │
│ 1.24  │ 495.22   │ 400.00   │ net32413                                                                    │ _073123_/B1                │ met3  │
│ 1.24  │ 495.22   │ 400.00   │ net34167                                                                    │ _073140_/B1                │ met3  │
│ 1.24  │ 495.22   │ 400.00   │ net35605                                                                    │ _075976_/B2                │ met3  │
│ 1.24  │ 495.22   │ 400.00   │ net37133                                                                    │ _076122_/A1                │ met3  │
│ 1.24  │ 495.22   │ 400.00   │ net37402                                                                    │ wire37401/A                │ met3  │
│ 1.24  │ 495.22   │ 400.00   │ net38084                                                                    │ _078902_/B1                │ met3  │
│ 1.24  │ 495.22   │ 400.00   │ net39426                                                                    │ _078244_/A2                │ met3  │
│ 1.24  │ 495.22   │ 400.00   │ net40986                                                                    │ _078525_/B2                │ met3  │
│ 1.24  │ 495.22   │ 400.00   │ net41052                                                                    │ _078137_/A2                │ met3  │
│ 1.24  │ 495.19   │ 400.00   │ net35302                                                                    │ _073777_/A2                │ met3  │
│ 1.24  │ 495.19   │ 400.00   │ net35302                                                                    │ _075873_/B1                │ met3  │
│ 1.24  │ 495.18   │ 400.00   │ net12940                                                                    │ wire41277/A                │ met3  │
│ 1.24  │ 495.18   │ 400.00   │ net36375                                                                    │ wire36374/A                │ met3  │
│ 1.24  │ 495.18   │ 400.00   │ net37436                                                                    │ wire37435/A                │ met3  │
│ 1.23  │ 493.13   │ 400.00   │ instr_bram_ctrl_inst.instr_ram.u_mem.g_2k[0\].u_cell.rdata[17\]             │ wire21711/A                │ met3  │
│ 1.23  │ 493.13   │ 400.00   │ instr_bram_ctrl_inst.instr_ram.u_mem.g_2k[2\].u_cell.rdata[9\]              │ wire21281/A                │ met3  │
│ 1.23  │ 493.13   │ 400.00   │ instr_bram_ctrl_inst.instr_ram.u_mem.g_2k[3\].u_cell.rdata[8\]              │ wire20827/A                │ met3  │
│ 1.23  │ 493.13   │ 400.00   │ yz_bram_ctrl_inst.yz_ram.u_mem.u_mem.g_2k[0\].u_cell.rdata[15\]             │ wire20460/A                │ met3  │
│ 1.23  │ 493.13   │ 400.00   │ yz_bram_ctrl_inst.yz_ram.u_mem.u_mem.g_2k[3\].u_cell.rdata[28\]             │ wire19642/A                │ met3  │
│ 1.23  │ 493.13   │ 400.00   │ net1411                                                                     │ _062256_/A1                │ met3  │
│ 1.23  │ 493.04   │ 400.00   │ net32927                                                                    │ _078410_/B2                │ met3  │
│ 1.23  │ 493.04   │ 400.00   │ net32927                                                                    │ wire32926/A                │ met3  │
│ 1.23  │ 493.01   │ 400.00   │ net40898                                                                    │ wire40897/A                │ met3  │
│ 1.23  │ 492.98   │ 400.00   │ net8102                                                                     │ wire37166/A                │ met3  │
│ 1.23  │ 492.98   │ 400.00   │ net8102                                                                     │ max_length37168/A          │ met3  │
│ 1.23  │ 492.98   │ 400.00   │ net37806                                                                    │ _075859_/B2                │ met3  │
│ 1.23  │ 492.98   │ 400.00   │ net37806                                                                    │ wire37805/A                │ met3  │
│ 1.23  │ 492.98   │ 400.00   │ net41831                                                                    │ _072391_/A1                │ met3  │
│ 1.23  │ 492.98   │ 400.00   │ net41831                                                                    │ _075749_/B                 │ met3  │
│ 1.23  │ 492.95   │ 400.00   │ _022517_                                                                    │ wire30563/A                │ met3  │
│ 1.23  │ 492.95   │ 400.00   │ net11461                                                                    │ wire39301/A                │ met3  │
│ 1.23  │ 492.95   │ 400.00   │ net31461                                                                    │ wire2763/A                 │ met3  │
│ 1.23  │ 492.95   │ 400.00   │ net37843                                                                    │ wire37842/A                │ met3  │
│ 1.23  │ 492.95   │ 400.00   │ net43732                                                                    │ _072567_/B                 │ met3  │
│ 1.21  │ 482.80   │ 400.00   │ net30629                                                                    │ _105790_/A0                │ met3  │
│ 1.21  │ 482.80   │ 400.00   │ net30629                                                                    │ fanout346/A                │ met3  │
│ 1.20  │ 478.94   │ 400.00   │ instr_bram_ctrl_inst.instr_ram.u_mem.g_2k[1\].u_cell.rdata[11\]             │ _114239_/A1                │ met4  │
│ 1.19  │ 477.34   │ 400.00   │ net33563                                                                    │ _076193_/A2                │ met3  │
│ 1.19  │ 477.34   │ 400.00   │ net33563                                                                    │ wire33562/A                │ met3  │
│ 1.19  │ 475.12   │ 400.00   │ net7881                                                                     │ wire36647/A                │ met3  │
│ 1.18  │ 472.97   │ 400.00   │ net36648                                                                    │ _077602_/B2                │ met3  │
│ 1.18  │ 472.97   │ 400.00   │ net36648                                                                    │ _078953_/A2                │ met3  │
│ 1.18  │ 472.89   │ 400.00   │ net46897                                                                    │ _059974_/A1                │ met3  │
│ 1.18  │ 472.89   │ 400.00   │ net46897                                                                    │ _062004_/B2                │ met3  │
│ 1.18  │ 470.89   │ 400.00   │ yz_bram_ctrl_inst.yz_ram.u_mem.u_mem.g_2k[2\].u_cell.rdata[6\]              │ _064922_/A2                │ met4  │
│ 1.18  │ 470.74   │ 400.00   │ _023029_                                                                    │ _074975_/B2                │ met3  │
│ 1.18  │ 470.74   │ 400.00   │ _023029_                                                                    │ _077127_/B1                │ met3  │
│ 1.18  │ 470.74   │ 400.00   │ net36091                                                                    │ _073679_/B2                │ met3  │
│ 1.18  │ 470.74   │ 400.00   │ net36091                                                                    │ _078243_/A2                │ met3  │
│ 1.18  │ 470.67   │ 400.00   │ net36741                                                                    │ _072969_/B1                │ met3  │
│ 1.18  │ 470.67   │ 400.00   │ net36741                                                                    │ _074669_/A1                │ met3  │
│ 1.18  │ 470.64   │ 400.00   │ _027059_                                                                    │ wire30480/A                │ met3  │
│ 1.18  │ 470.64   │ 400.00   │ net2791                                                                     │ _106644_/A2                │ met3  │
│ 1.18  │ 470.64   │ 400.00   │ net31073                                                                    │ _077578_/A2                │ met3  │
│ 1.18  │ 470.64   │ 400.00   │ net31374                                                                    │ _076011_/A2                │ met3  │
│ 1.18  │ 470.64   │ 400.00   │ net38763                                                                    │ wire38762/A                │ met3  │
│ 1.18  │ 470.64   │ 400.00   │ net39500                                                                    │ _071013_/A3                │ met3  │
│ 1.18  │ 470.64   │ 400.00   │ net39500                                                                    │ _078745_/A2                │ met3  │
│ 1.18  │ 470.64   │ 400.00   │ net40317                                                                    │ _078386_/A                 │ met3  │
│ 1.17  │ 466.47   │ 400.00   │ yz_bram_ctrl_inst.yz_ram.u_mem.u_mem.g_2k[2\].u_cell.rdata[8\]              │ _064889_/A2                │ met4  │
│ 1.16  │ 463.96   │ 400.00   │ net36861                                                                    │ _075141_/A2                │ met3  │
│ 1.16  │ 463.96   │ 400.00   │ net36861                                                                    │ _079223_/A3                │ met3  │
│ 1.16  │ 463.94   │ 400.00   │ net32599                                                                    │ wire7051/A                 │ met3  │
│ 1.16  │ 462.49   │ 400.00   │ net40319                                                                    │ wire10422/A                │ met3  │
│ 1.16  │ 462.45   │ 400.00   │ net13769                                                                    │ wire13768/A                │ met3  │
│ 1.16  │ 462.45   │ 400.00   │ net34443                                                                    │ wire6531/A                 │ met3  │
│ 1.16  │ 462.24   │ 400.00   │ yz_bram_ctrl_inst.yz_ram.u_mem.u_mem.g_2k[2\].u_cell.rdata[14\]             │ _064925_/A2                │ met4  │
│ 1.15  │ 459.67   │ 400.00   │ net41645                                                                    │ _073084_/A3                │ met3  │
│ 1.15  │ 458.06   │ 400.00   │ net7822                                                                     │ _078494_/A1                │ met3  │
│ 1.15  │ 458.06   │ 400.00   │ net7822                                                                     │ wire39225/A                │ met3  │
│ 1.14  │ 455.87   │ 400.00   │ net35883                                                                    │ _073605_/C                 │ met3  │
│ 1.14  │ 455.37   │ 400.00   │ net40350                                                                    │ _078864_/B1                │ met3  │
│ 1.14  │ 455.24   │ 400.00   │ net39127                                                                    │ _073387_/A1                │ met3  │
│ 1.14  │ 455.08   │ 400.00   │ _020673_                                                                    │ _077602_/A1                │ met3  │
│ 1.14  │ 455.08   │ 400.00   │ net33498                                                                    │ _078618_/A1                │ met3  │
│ 1.14  │ 454.39   │ 400.00   │ instr_bram_ctrl_inst.instr_ram.u_mem.g_2k[1\].u_cell.rdata[9\]              │ _114235_/A1                │ met4  │
│ 1.13  │ 452.98   │ 400.00   │ yz_bram_ctrl_inst.yz_ram.u_mem.u_mem.g_2k[2\].u_cell.rdata[0\]              │ _064884_/A2                │ met4  │
│ 1.13  │ 452.82   │ 400.00   │ net30897                                                                    │ wire2754/A                 │ met3  │
│ 1.13  │ 452.80   │ 400.00   │ net34678                                                                    │ _071985_/A2                │ met3  │
│ 1.13  │ 452.80   │ 400.00   │ net34678                                                                    │ _072932_/B2                │ met3  │
│ 1.13  │ 450.75   │ 400.00   │ net34044                                                                    │ _073048_/A3                │ met3  │
│ 1.13  │ 450.62   │ 400.00   │ net409                                                                      │ wire408/A                  │ met3  │
│ 1.13  │ 450.62   │ 400.00   │ net3648                                                                     │ wire32716/A                │ met3  │
│ 1.13  │ 450.62   │ 400.00   │ net7832                                                                     │ _074028_/B2                │ met3  │
│ 1.13  │ 450.62   │ 400.00   │ net10929                                                                    │ _072791_/A1                │ met3  │
│ 1.13  │ 450.62   │ 400.00   │ net12692                                                                    │ _072117_/A1                │ met3  │
│ 1.13  │ 450.62   │ 400.00   │ net16465                                                                    │ _078727_/B1                │ met3  │
│ 1.13  │ 450.62   │ 400.00   │ net17274                                                                    │ wire43079/A                │ met3  │
│ 1.13  │ 450.62   │ 400.00   │ net30341                                                                    │ _077961_/B1                │ met3  │
│ 1.13  │ 450.62   │ 400.00   │ net32083                                                                    │ _077663_/B1                │ met3  │
│ 1.13  │ 450.62   │ 400.00   │ net32305                                                                    │ _069970_/B2                │ met3  │
│ 1.13  │ 450.62   │ 400.00   │ net33089                                                                    │ _075079_/A1                │ met3  │
│ 1.13  │ 450.62   │ 400.00   │ net33286                                                                    │ wire33285/A                │ met3  │
│ 1.13  │ 450.62   │ 400.00   │ net33454                                                                    │ wire33453/A                │ met3  │
│ 1.13  │ 450.62   │ 400.00   │ net33492                                                                    │ _078599_/B1                │ met3  │
│ 1.13  │ 450.62   │ 400.00   │ net33930                                                                    │ _076243_/A2                │ met3  │
│ 1.13  │ 450.62   │ 400.00   │ net34836                                                                    │ _070702_/B2                │ met3  │
│ 1.13  │ 450.62   │ 400.00   │ net35142                                                                    │ _075723_/B1                │ met3  │
│ 1.13  │ 450.62   │ 400.00   │ net35400                                                                    │ _075901_/A2                │ met3  │
│ 1.13  │ 450.62   │ 400.00   │ net35965                                                                    │ _073502_/B1                │ met3  │
│ 1.13  │ 450.62   │ 400.00   │ net36532                                                                    │ _073140_/A2                │ met3  │
│ 1.13  │ 450.62   │ 400.00   │ net37286                                                                    │ _074524_/A1                │ met3  │
│ 1.13  │ 450.62   │ 400.00   │ net39388                                                                    │ _073965_/B1                │ met3  │
│ 1.13  │ 450.62   │ 400.00   │ net39815                                                                    │ _074807_/A2                │ met3  │
│ 1.13  │ 450.62   │ 400.00   │ net40145                                                                    │ _074643_/A2                │ met3  │
│ 1.13  │ 450.62   │ 400.00   │ net40619                                                                    │ _070856_/B2                │ met3  │
│ 1.13  │ 450.62   │ 400.00   │ net43994                                                                    │ _075786_/A1                │ met3  │
│ 1.13  │ 450.59   │ 400.00   │ net34469                                                                    │ wire34468/A                │ met3  │
│ 1.13  │ 450.14   │ 400.00   │ _009198_                                                                    │ _061561_/A1                │ met3  │
│ 1.13  │ 450.14   │ 400.00   │ _009198_                                                                    │ fanout19441/A              │ met3  │
│ 1.13  │ 450.06   │ 400.00   │ data_bram_ctrl_inst.data_ram.u_mem.g_2k[1\].u_cell.rdata[18\]               │ _113656_/A1                │ met4  │
│ 1.12  │ 448.50   │ 400.00   │ net37018                                                                    │ _074016_/B2                │ met3  │
│ 1.12  │ 448.50   │ 400.00   │ net37018                                                                    │ _076473_/A2                │ met3  │
│ 1.12  │ 448.44   │ 400.00   │ _019789_                                                                    │ _075179_/A2                │ met3  │
│ 1.12  │ 448.44   │ 400.00   │ _019789_                                                                    │ wire39983/A                │ met3  │
│ 1.12  │ 448.36   │ 400.00   │ net35371                                                                    │ _075868_/A2                │ met3  │
│ 1.12  │ 448.36   │ 400.00   │ net35371                                                                    │ _077590_/A2                │ met3  │
│ 1.12  │ 448.34   │ 400.00   │ net11162                                                                    │ wire44505/A                │ met3  │
│ 1.12  │ 448.34   │ 400.00   │ net30503                                                                    │ wire30502/A                │ met3  │
│ 1.12  │ 448.34   │ 400.00   │ net35848                                                                    │ wire35847/A                │ met3  │
│ 1.12  │ 448.34   │ 400.00   │ net38614                                                                    │ wire38613/A                │ met3  │
│ 1.12  │ 447.62   │ 400.00   │ net6694                                                                     │ wire6693/A                 │ met3  │
│ 1.12  │ 446.54   │ 400.00   │ yz_bram_ctrl_inst.yz_ram.u_mem.u_mem.g_2k[2\].u_cell.rdata[15\]             │ _064931_/A2                │ met4  │
│ 1.11  │ 443.21   │ 400.00   │ net43713                                                                    │ wire43712/A                │ met3  │
│ 1.10  │ 441.89   │ 400.00   │ net39603                                                                    │ wire39602/A                │ met3  │
│ 1.10  │ 438.59   │ 400.00   │ data_bram_ctrl_inst.data_ram.u_mem.g_2k[1\].u_cell.rdata[13\]               │ _113646_/A1                │ met4  │
│ 1.09  │ 3084.19  │ 2831.00  │ _023885_                                                                    │ _075246_/B                 │ met3  │
│ 1.09  │ 434.20   │ 400.00   │ net33482                                                                    │ _076459_/A1                │ met3  │
│ 1.09  │ 434.20   │ 400.00   │ net33482                                                                    │ _078213_/A2                │ met3  │
│ 1.09  │ 434.16   │ 400.00   │ data_bram_ctrl_inst.data_ram.u_mem.g_2k[1\].u_cell.rdata[16\]               │ _113652_/A1                │ met4  │
│ 1.08  │ 432.73   │ 400.00   │ net41426                                                                    │ _075127_/A2                │ met3  │
│ 1.08  │ 432.73   │ 400.00   │ net41426                                                                    │ wire41425/A                │ met3  │
│ 1.08  │ 432.71   │ 400.00   │ net8560                                                                     │ wire8558/A                 │ met3  │
│ 1.08  │ 432.71   │ 400.00   │ net31716                                                                    │ wire2509/A                 │ met3  │
│ 1.08  │ 431.95   │ 400.00   │ data_bram_ctrl_inst.data_ram.u_mem.g_2k[1\].u_cell.rdata[9\]                │ _113638_/A1                │ met4  │
│ 1.08  │ 430.19   │ 400.00   │ yz_bram_ctrl_inst.yz_ram.u_mem.u_mem.g_2k[2\].u_cell.rdata[11\]             │ _064907_/A2                │ met4  │
│ 1.08  │ 430.19   │ 400.00   │ yz_bram_ctrl_inst.yz_ram.u_mem.u_mem.g_2k[2\].u_cell.rdata[22\]             │ _064970_/A2                │ met4  │
│ 1.08  │ 430.19   │ 400.00   │ yz_bram_ctrl_inst.yz_ram.u_mem.u_mem.g_2k[2\].u_cell.rdata[26\]             │ _064949_/A2                │ met4  │
│ 1.08  │ 2987.81  │ 2778.20  │ _021056_                                                                    │ _072406_/D                 │ met4  │
│ 1.08  │ 2987.81  │ 2778.20  │ _057041_                                                                    │ _116112_/A1                │ met3  │
│ 1.07  │ 429.02   │ 400.00   │ conv_accelerator_inst.u_conv_buf_ram.u_mem.u_mem.g_2k[1\].u_cell.rdata[31\] │ _066849_/A1                │ met4  │
│ 1.07  │ 428.36   │ 400.00   │ net37546                                                                    │ _072699_/B2                │ met3  │
│ 1.07  │ 428.36   │ 400.00   │ net37546                                                                    │ _075658_/B2                │ met3  │
│ 1.07  │ 428.27   │ 400.00   │ net5575                                                                     │ wire36942/A                │ met3  │
│ 1.07  │ 428.27   │ 400.00   │ net32642                                                                    │ wire32641/A                │ met3  │
│ 1.07  │ 428.27   │ 400.00   │ net40349                                                                    │ wire40348/A                │ met3  │
│ 1.07  │ 3163.05  │ 2956.40  │ net3808                                                                     │ _072017_/B                 │ met4  │
│ 1.07  │ 426.13   │ 400.00   │ net41967                                                                    │ _074453_/B2                │ met3  │
│ 1.07  │ 426.13   │ 400.00   │ net41967                                                                    │ max_length41966/A          │ met3  │
│ 1.07  │ 426.07   │ 400.00   │ net38397                                                                    │ _074108_/B1                │ met3  │
│ 1.07  │ 426.07   │ 400.00   │ net38397                                                                    │ wire38396/A                │ met3  │
│ 1.07  │ 426.04   │ 400.00   │ net6469                                                                     │ wire42373/A                │ met3  │
│ 1.07  │ 426.04   │ 400.00   │ net36618                                                                    │ _073137_/A1                │ met3  │
│ 1.07  │ 426.04   │ 400.00   │ net38728                                                                    │ _075743_/A1                │ met3  │
│ 1.07  │ 426.04   │ 400.00   │ net43991                                                                    │ wire43990/A                │ met3  │
│ 1.07  │ 426.04   │ 400.00   │ net44518                                                                    │ _076493_/A2                │ met3  │
│ 1.07  │ 426.04   │ 400.00   │ net45453                                                                    │ wire45452/A                │ met3  │
│ 1.06  │ 423.70   │ 400.00   │ data_bram_ctrl_inst.data_ram.u_mem.g_2k[0\].u_cell.rdata[13\]               │ wire23329/A                │ met3  │
│ 1.06  │ 423.70   │ 400.00   │ instr_bram_ctrl_inst.instr_ram.u_mem.g_2k[0\].u_cell.rdata[16\]             │ wire21719/A                │ met3  │
│ 1.06  │ 423.70   │ 400.00   │ instr_bram_ctrl_inst.instr_ram.u_mem.g_2k[0\].u_cell.rdata[21\]             │ wire21669/A                │ met3  │
│ 1.06  │ 423.70   │ 400.00   │ instr_bram_ctrl_inst.instr_ram.u_mem.g_2k[2\].u_cell.rdata[0\]              │ wire21507/A                │ met3  │
│ 1.06  │ 423.70   │ 400.00   │ instr_bram_ctrl_inst.instr_ram.u_mem.g_2k[2\].u_cell.rdata[14\]             │ wire21472/A                │ met3  │
│ 1.06  │ 423.70   │ 400.00   │ yz_bram_ctrl_inst.yz_ram.u_mem.u_mem.g_1k.u_cell.rdata[1\]                  │ wire20714/A                │ met3  │
│ 1.06  │ 423.70   │ 400.00   │ yz_bram_ctrl_inst.yz_ram.u_mem.u_mem.g_2k[0\].u_cell.rdata[17\]             │ wire20429/A                │ met3  │
│ 1.06  │ 423.70   │ 400.00   │ yz_bram_ctrl_inst.yz_ram.u_mem.u_mem.g_2k[1\].u_cell.rdata[22\]             │ wire19959/A                │ met3  │
│ 1.06  │ 423.70   │ 400.00   │ yz_bram_ctrl_inst.yz_ram.u_mem.u_mem.g_2k[1\].u_cell.rdata[8\]              │ wire19836/A                │ met3  │
│ 1.05  │ 419.94   │ 400.00   │ net33608                                                                    │ wire33607/A                │ met3  │
│ 1.05  │ 419.94   │ 400.00   │ net38975                                                                    │ wire38974/A                │ met3  │
│ 1.05  │ 419.94   │ 400.00   │ net40534                                                                    │ wire40533/A                │ met3  │
│ 1.05  │ 419.35   │ 400.00   │ net45005                                                                    │ _074223_/B                 │ met3  │
│ 1.05  │ 419.35   │ 400.00   │ net45005                                                                    │ _074628_/A1                │ met3  │
│ 1.05  │ 419.33   │ 400.00   │ net41744                                                                    │ wire13285/A                │ met3  │
│ 1.04  │ 417.86   │ 400.00   │ net38385                                                                    │ _076385_/A2                │ met3  │
│ 1.04  │ 417.86   │ 400.00   │ net38385                                                                    │ wire38384/A                │ met3  │
│ 1.04  │ 417.84   │ 400.00   │ _021270_                                                                    │ wire3722/A                 │ met3  │
│ 1.04  │ 417.84   │ 400.00   │ net42190                                                                    │ wire10913/A                │ met3  │
│ 1.04  │ 2900.19  │ 2778.20  │ _057456_                                                                    │ _116552_/A1                │ met3  │
│ 1.04  │ 417.30   │ 400.00   │ net5583                                                                     │ wire37271/A                │ met3  │
│ 1.04  │ 417.30   │ 400.00   │ net34118                                                                    │ wire34117/A                │ met3  │
│ 1.04  │ 3075.43  │ 2956.40  │ net37124                                                                    │ _070510_/C_N               │ met4  │
│ 1.03  │ 413.75   │ 400.00   │ net30153                                                                    │ wire30152/A                │ met3  │
│ 1.03  │ 410.63   │ 400.00   │ net11669                                                                    │ _076674_/A1                │ met3  │
│ 1.03  │ 410.60   │ 400.00   │ net34979                                                                    │ _071002_/B1                │ met3  │
│ 1.03  │ 410.51   │ 400.00   │ net34489                                                                    │ _078180_/B2                │ met3  │
│ 1.03  │ 410.51   │ 400.00   │ net43102                                                                    │ _078852_/A1                │ met3  │
│ 1.02  │ 2900.19  │ 2831.00  │ _021044_                                                                    │ _072406_/B                 │ met4  │
│ 1.02  │ 408.19   │ 400.00   │ net5378                                                                     │ wire5377/A                 │ met3  │
│ 1.02  │ 406.01   │ 400.00   │ _027575_                                                                    │ _078961_/C1                │ met3  │
│ 1.02  │ 406.01   │ 400.00   │ net16225                                                                    │ wire16224/A                │ met3  │
│ 1.02  │ 406.01   │ 400.00   │ net30602                                                                    │ _072861_/B1                │ met3  │
│ 1.02  │ 406.01   │ 400.00   │ net30726                                                                    │ _077709_/B2                │ met3  │
│ 1.02  │ 406.01   │ 400.00   │ net32487                                                                    │ _072467_/A2                │ met3  │
│ 1.02  │ 406.01   │ 400.00   │ net33227                                                                    │ wire33226/A                │ met3  │
│ 1.02  │ 406.01   │ 400.00   │ net35195                                                                    │ _078851_/A1                │ met3  │
│ 1.02  │ 406.01   │ 400.00   │ net36664                                                                    │ _075727_/A3                │ met3  │
│ 1.02  │ 406.01   │ 400.00   │ net37314                                                                    │ _078004_/B1                │ met3  │
│ 1.02  │ 406.01   │ 400.00   │ net38124                                                                    │ _078022_/B2                │ met3  │
│ 1.02  │ 406.01   │ 400.00   │ net40201                                                                    │ _070236_/B2                │ met3  │
│ 1.02  │ 406.01   │ 400.00   │ net43989                                                                    │ _074601_/A1                │ met3  │
│ 1.01  │ 405.96   │ 400.00   │ net8204                                                                     │ wire31357/A                │ met3  │
│ 1.01  │ 405.96   │ 400.00   │ net11357                                                                    │ wire42563/A                │ met3  │
│ 1.01  │ 405.96   │ 400.00   │ net42368                                                                    │ wire42367/A                │ met3  │
│ 1.01  │ 2996.57  │ 2956.40  │ net32813                                                                    │ _074985_/B                 │ met4  │
│ 1.01  │ 404.53   │ 400.00   │ net38343                                                                    │ _078747_/A2                │ met3  │
│ 1.01  │ 404.53   │ 400.00   │ net38343                                                                    │ wire38342/A                │ met3  │
│ 1.01  │ 404.47   │ 400.00   │ net37155                                                                    │ wire8383/A                 │ met3  │
│ 1.01  │ 2987.81  │ 2956.40  │ net32690                                                                    │ _073539_/B1_N              │ met4  │
│ 1.01  │ 2987.81  │ 2956.40  │ net41499                                                                    │ _075580_/C                 │ met4  │
│ 1.01  │ 2812.57  │ 2784.80  │ _057545_                                                                    │ _116646_/B                 │ met3  │
│ 1.01  │ 403.77   │ 400.00   │ net36913                                                                    │ _073986_/A1                │ met3  │
│ 1.01  │ 403.77   │ 400.00   │ net36913                                                                    │ _075490_/A1                │ met3  │
│ 1.01  │ 403.73   │ 400.00   │ _052287_                                                                    │ _109386_/A2                │ met3  │
│ 1.01  │ 403.73   │ 400.00   │ net10497                                                                    │ wire37525/A                │ met3  │
│ 1.01  │ 403.73   │ 400.00   │ net11169                                                                    │ wire42179/A                │ met3  │
│ 1.01  │ 403.73   │ 400.00   │ net26909                                                                    │ wire46943/A                │ met3  │
│ 1.01  │ 403.73   │ 400.00   │ net34873                                                                    │ wire34872/A                │ met3  │
│ 1.01  │ 403.73   │ 400.00   │ net40815                                                                    │ wire40814/A                │ met3  │
│ 1.01  │ 3163.05  │ 3134.60  │ net47614                                                                    │ _101996_/A1                │ met3  │
│ 1.01  │ 402.97   │ 400.00   │ net4746                                                                     │ wire4744/A                 │ met3  │
│ 1.01  │ 402.60   │ 400.00   │ net40704                                                                    │ wire40702/A                │ met3  │
│ 1.01  │ 402.60   │ 400.00   │ net40704                                                                    │ wire40703/A                │ met3  │
└───────┴──────────┴──────────┴─────────────────────────────────────────────────────────────────────────────┴────────────────────────────┴───────┘
