%Warning-PINCONNECTEMPTY: /home/luxyxp/Documents/mainfiles/asic_rtl/patched/obi_to_axi_asic.sv:314:6: Instance pin connected by name with empty reference: 'usage_o'
  314 |     .usage_o    (       ),
      |      ^~~~~~~
                          ... For warning description see https://verilator.org/warn/PINCONNECTEMPTY?v=5.044
                          ... Use "/* verilator lint_off PINCONNECTEMPTY */" and lint_on around source to disable this message.
%Warning-PINCONNECTEMPTY: /home/luxyxp/Documents/mainfiles/asic_rtl/patched/obi_to_axi_asic.sv:330:6: Instance pin connected by name with empty reference: 'full_o'
  330 |     .full_o     (), 
      |      ^~~~~~
%Warning-PINCONNECTEMPTY: /home/luxyxp/Documents/mainfiles/asic_rtl/patched/obi_to_axi_asic.sv:331:6: Instance pin connected by name with empty reference: 'empty_o'
  331 |     .empty_o    (), 
      |      ^~~~~~~
%Warning-PINCONNECTEMPTY: /home/luxyxp/Documents/mainfiles/asic_rtl/patched/obi_to_axi_asic.sv:332:6: Instance pin connected by name with empty reference: 'usage_o'
  332 |     .usage_o    (), 
      |      ^~~~~~~
%Warning-PINCONNECTEMPTY: /home/luxyxp/Documents/mainfiles/asic_rtl/patched/obi_to_axi_asic.sv:356:8: Instance pin connected by name with empty reference: 'full_o'
  356 |       .full_o     (), 
      |        ^~~~~~
%Warning-PINCONNECTEMPTY: /home/luxyxp/Documents/mainfiles/asic_rtl/patched/obi_to_axi_asic.sv:357:8: Instance pin connected by name with empty reference: 'empty_o'
  357 |       .empty_o    (), 
      |        ^~~~~~~
%Warning-PINCONNECTEMPTY: /home/luxyxp/Documents/mainfiles/asic_rtl/patched/obi_to_axi_asic.sv:358:8: Instance pin connected by name with empty reference: 'usage_o'
  358 |       .usage_o    (), 
      |        ^~~~~~~
%Warning-PINMISSING: /home/luxyxp/Documents/mainfiles/asic_rtl/patched/cv32e40p_obi_to_axi_wrapper_asic.sv:233:5: Instance has missing pin: 'user_i'
  233 |     instr_bridge(
      |     ^~~~~~~~~~~~
                     /home/luxyxp/Documents/mainfiles/asic_rtl/patched/obi_to_axi_asic.sv:64:62: ... Location of port declaration
   64 |   input  logic [((AxiUserWidth > 0) ? AxiUserWidth : 1)-1:0] user_i,
      |                                                              ^~~~~~
                     ... For warning description see https://verilator.org/warn/PINMISSING?v=5.044
                     ... Use "/* verilator lint_off PINMISSING */" and lint_on around source to disable this message.
%Warning-PINMISSING: /home/luxyxp/Documents/mainfiles/asic_rtl/patched/cv32e40p_obi_to_axi_wrapper_asic.sv:233:5: Instance has missing pin: 'axi_rsp_channel_sel'
  233 |     instr_bridge(
      |     ^~~~~~~~~~~~
                     /home/luxyxp/Documents/mainfiles/asic_rtl/patched/obi_to_axi_asic.sv:70:35: ... Location of port declaration
   70 |   output logic [1:0]              axi_rsp_channel_sel,  
      |                                   ^~~~~~~~~~~~~~~~~~~
%Warning-PINMISSING: /home/luxyxp/Documents/mainfiles/asic_rtl/patched/cv32e40p_obi_to_axi_wrapper_asic.sv:233:5: Instance has missing pin: 'axi_rsp_b_user_o'
  233 |     instr_bridge(
      |     ^~~~~~~~~~~~
                     /home/luxyxp/Documents/mainfiles/asic_rtl/patched/obi_to_axi_asic.sv:71:62: ... Location of port declaration
   71 |   output logic [((AxiUserWidth > 0) ? AxiUserWidth : 1)-1:0] axi_rsp_b_user_o,
      |                                                              ^~~~~~~~~~~~~~~~
%Warning-PINMISSING: /home/luxyxp/Documents/mainfiles/asic_rtl/patched/cv32e40p_obi_to_axi_wrapper_asic.sv:233:5: Instance has missing pin: 'axi_rsp_r_user_o'
  233 |     instr_bridge(
      |     ^~~~~~~~~~~~
                     /home/luxyxp/Documents/mainfiles/asic_rtl/patched/obi_to_axi_asic.sv:72:62: ... Location of port declaration
   72 |   output logic [((AxiUserWidth > 0) ? AxiUserWidth : 1)-1:0] axi_rsp_r_user_o,
      |                                                              ^~~~~~~~~~~~~~~~
%Warning-PINMISSING: /home/luxyxp/Documents/mainfiles/asic_rtl/patched/cv32e40p_obi_to_axi_wrapper_asic.sv:233:5: Instance has missing pin: 'obi_rsp_user_i'
  233 |     instr_bridge(
      |     ^~~~~~~~~~~~
                     /home/luxyxp/Documents/mainfiles/asic_rtl/patched/obi_to_axi_asic.sv:74:60: ... Location of port declaration
   74 |                  ? ObiCfg.OptionalCfg.RUserWidth : 1)-1:0] obi_rsp_user_i  
      |                                                            ^~~~~~~~~~~~~~
%Warning-PINMISSING: /home/luxyxp/Documents/mainfiles/asic_rtl/patched/cv32e40p_obi_to_axi_wrapper_asic.sv:256:5: Instance has missing pin: 'user_i'
  256 |     data_bridge(
      |     ^~~~~~~~~~~
                     /home/luxyxp/Documents/mainfiles/asic_rtl/patched/obi_to_axi_asic.sv:64:62: ... Location of port declaration
   64 |   input  logic [((AxiUserWidth > 0) ? AxiUserWidth : 1)-1:0] user_i,
      |                                                              ^~~~~~
%Warning-PINMISSING: /home/luxyxp/Documents/mainfiles/asic_rtl/patched/cv32e40p_obi_to_axi_wrapper_asic.sv:256:5: Instance has missing pin: 'axi_rsp_channel_sel'
  256 |     data_bridge(
      |     ^~~~~~~~~~~
                     /home/luxyxp/Documents/mainfiles/asic_rtl/patched/obi_to_axi_asic.sv:70:35: ... Location of port declaration
   70 |   output logic [1:0]              axi_rsp_channel_sel,  
      |                                   ^~~~~~~~~~~~~~~~~~~
%Warning-PINMISSING: /home/luxyxp/Documents/mainfiles/asic_rtl/patched/cv32e40p_obi_to_axi_wrapper_asic.sv:256:5: Instance has missing pin: 'axi_rsp_b_user_o'
  256 |     data_bridge(
      |     ^~~~~~~~~~~
                     /home/luxyxp/Documents/mainfiles/asic_rtl/patched/obi_to_axi_asic.sv:71:62: ... Location of port declaration
   71 |   output logic [((AxiUserWidth > 0) ? AxiUserWidth : 1)-1:0] axi_rsp_b_user_o,
      |                                                              ^~~~~~~~~~~~~~~~
%Warning-PINMISSING: /home/luxyxp/Documents/mainfiles/asic_rtl/patched/cv32e40p_obi_to_axi_wrapper_asic.sv:256:5: Instance has missing pin: 'axi_rsp_r_user_o'
  256 |     data_bridge(
      |     ^~~~~~~~~~~
                     /home/luxyxp/Documents/mainfiles/asic_rtl/patched/obi_to_axi_asic.sv:72:62: ... Location of port declaration
   72 |   output logic [((AxiUserWidth > 0) ? AxiUserWidth : 1)-1:0] axi_rsp_r_user_o,
      |                                                              ^~~~~~~~~~~~~~~~
%Warning-PINMISSING: /home/luxyxp/Documents/mainfiles/asic_rtl/patched/cv32e40p_obi_to_axi_wrapper_asic.sv:256:5: Instance has missing pin: 'obi_rsp_user_i'
  256 |     data_bridge(
      |     ^~~~~~~~~~~
                     /home/luxyxp/Documents/mainfiles/asic_rtl/patched/obi_to_axi_asic.sv:74:60: ... Location of port declaration
   74 |                  ? ObiCfg.OptionalCfg.RUserWidth : 1)-1:0] obi_rsp_user_i  
      |                                                            ^~~~~~~~~~~~~~
%Warning-PINCONNECTEMPTY: /home/luxyxp/Documents/mainfiles/asic_rtl/mem/sram32_cell.sv:36:10: Instance pin connected by name with empty reference: 'dout0'
   36 |         .dout0  (),            
      |          ^~~~~
%Warning-PINMISSING: /home/luxyxp/Documents/mainfiles/asic_rtl/mem/sram32_cell.sv:28:39: Instance has missing pin: 'vccd1'
   28 |     sky130_sram_2kbyte_1rw1r_32x512_8 u_sram (
      |                                       ^~~~~~
                     /home/luxyxp/Documents/mainfiles/asic/macros/sky130_sram_2kbyte_1rw1r_32x512_8/verilog/sky130_sram_2kbyte_1rw1r_32x512_8.bb.v:14:12: ... Location of port declaration
   14 |     inout  vccd1,
      |            ^~~~~
%Warning-PINMISSING: /home/luxyxp/Documents/mainfiles/asic_rtl/mem/sram32_cell.sv:28:39: Instance has missing pin: 'vssd1'
   28 |     sky130_sram_2kbyte_1rw1r_32x512_8 u_sram (
      |                                       ^~~~~~
                     /home/luxyxp/Documents/mainfiles/asic/macros/sky130_sram_2kbyte_1rw1r_32x512_8/verilog/sky130_sram_2kbyte_1rw1r_32x512_8.bb.v:15:12: ... Location of port declaration
   15 |     inout  vssd1,
      |            ^~~~~
%Warning-PINCONNECTEMPTY: /home/luxyxp/Documents/mainfiles/asic_rtl/mem/sram32_cell_1k.sv:21:39: Instance pin connected by name with empty reference: 'dout0'
   21 |         .addr0(waddr), .din0(wdata), .dout0(),
      |                                       ^~~~~
%Warning-PINMISSING: /home/luxyxp/Documents/mainfiles/asic_rtl/mem/sram32_cell_1k.sv:19:39: Instance has missing pin: 'vccd1'
   19 |     sky130_sram_1kbyte_1rw1r_32x256_8 u_sram (
      |                                       ^~~~~~
                     /home/luxyxp/Documents/mainfiles/asic/macros/sky130_sram_1kbyte_1rw1r_32x256_8/verilog/sky130_sram_1kbyte_1rw1r_32x256_8.bb.v:14:12: ... Location of port declaration
   14 |     inout  vccd1,
      |            ^~~~~
%Warning-PINMISSING: /home/luxyxp/Documents/mainfiles/asic_rtl/mem/sram32_cell_1k.sv:19:39: Instance has missing pin: 'vssd1'
   19 |     sky130_sram_1kbyte_1rw1r_32x256_8 u_sram (
      |                                       ^~~~~~
                     /home/luxyxp/Documents/mainfiles/asic/macros/sky130_sram_1kbyte_1rw1r_32x256_8/verilog/sky130_sram_1kbyte_1rw1r_32x256_8.bb.v:15:12: ... Location of port declaration
   15 |     inout  vssd1,
      |            ^~~~~
%Warning-PINCONNECTEMPTY: /home/luxyxp/Documents/mainfiles/FPGA/main_codes/rtl/desgin_sources/CPU/cv32e40p_rtl/vendor/pulp_platform_common_cells/src/rr_arb_tree.sv:227:12: Instance pin connected by name with empty reference: 'empty_o'
  227 |           .empty_o (    )
      |            ^~~~~~~
%Warning-PINCONNECTEMPTY: /home/luxyxp/Documents/mainfiles/FPGA/main_codes/rtl/desgin_sources/CPU/cv32e40p_rtl/cv32e40p_prefetch_buffer.sv:133:8: Instance pin connected by name with empty reference: 'full_o'
  133 |       .full_o           (),
      |        ^~~~~~
%Warning-PINCONNECTEMPTY: /home/luxyxp/Documents/mainfiles/FPGA/main_codes/rtl/desgin_sources/CPU/cv32e40p_rtl/cv32e40p_prefetch_buffer.sv:175:8: Instance pin connected by name with empty reference: 'obi_we_o'
  175 |       .obi_we_o    (),   
      |        ^~~~~~~~
%Warning-PINCONNECTEMPTY: /home/luxyxp/Documents/mainfiles/FPGA/main_codes/rtl/desgin_sources/CPU/cv32e40p_rtl/cv32e40p_prefetch_buffer.sv:176:8: Instance pin connected by name with empty reference: 'obi_be_o'
  176 |       .obi_be_o    (),   
      |        ^~~~~~~~
%Warning-PINCONNECTEMPTY: /home/luxyxp/Documents/mainfiles/FPGA/main_codes/rtl/desgin_sources/CPU/cv32e40p_rtl/cv32e40p_prefetch_buffer.sv:177:8: Instance pin connected by name with empty reference: 'obi_wdata_o'
  177 |       .obi_wdata_o (),   
      |        ^~~~~~~~~~~
%Warning-PINCONNECTEMPTY: /home/luxyxp/Documents/mainfiles/FPGA/main_codes/rtl/desgin_sources/CPU/cv32e40p_rtl/cv32e40p_prefetch_buffer.sv:178:8: Instance pin connected by name with empty reference: 'obi_atop_o'
  178 |       .obi_atop_o  (),   
      |        ^~~~~~~~~~
%Warning-PINMISSING: /home/luxyxp/Documents/mainfiles/asic_rtl/patched/Top_module_asic.sv:417:3: Instance has missing pin: 'out_ram_addr'
  417 | ) conv_accelerator_inst (
      |   ^~~~~~~~~~~~~~~~~~~~~
                     /home/luxyxp/Documents/mainfiles/asic_rtl/patched/conv_accelerator_asic.v:103:30: ... Location of port declaration
  103 |     output reg  [12:0]       out_ram_addr,
      |                              ^~~~~~~~~~~~
%Warning-PINCONNECTEMPTY: /home/luxyxp/Documents/mainfiles/asic_rtl/patched/Top_module_asic.sv:609:6: Instance pin connected by name with empty reference: 'interrupt_ack'
  609 |     .interrupt_ack(),
      |      ^~~~~~~~~~~~~
%Warning-PINCONNECTEMPTY: /home/luxyxp/Documents/mainfiles/asic_rtl/patched/Top_module_asic.sv:610:6: Instance pin connected by name with empty reference: 'interrupt_id'
  610 |     .interrupt_id (),
      |      ^~~~~~~~~~~~
%Warning-PINMISSING: /home/luxyxp/Documents/mainfiles/asic_rtl/patched/Top_module_asic.sv:602:2: Instance has missing pin: 'axi_instr_arprot'
  602 | )cpu_inst(
      |  ^~~~~~~~
                     /home/luxyxp/Documents/mainfiles/asic_rtl/patched/cv32e40p_obi_to_axi_wrapper_asic.sv:45:25: ... Location of port declaration
   45 |     output logic [ 2:0] axi_instr_arprot = 3'b000,
      |                         ^~~~~~~~~~~~~~~~
%Warning-PINMISSING: /home/luxyxp/Documents/mainfiles/asic_rtl/patched/Top_module_asic.sv:602:2: Instance has missing pin: 'axi_instr_awprot'
  602 | )cpu_inst(
      |  ^~~~~~~~
                     /home/luxyxp/Documents/mainfiles/asic_rtl/patched/cv32e40p_obi_to_axi_wrapper_asic.sv:57:25: ... Location of port declaration
   57 |     output logic [ 2:0] axi_instr_awprot = 3'b000,
      |                         ^~~~~~~~~~~~~~~~
%Warning-PINMISSING: /home/luxyxp/Documents/mainfiles/asic_rtl/patched/Top_module_asic.sv:602:2: Instance has missing pin: 'axi_instr_wstrb'
  602 | )cpu_inst(
      |  ^~~~~~~~
                     /home/luxyxp/Documents/mainfiles/asic_rtl/patched/cv32e40p_obi_to_axi_wrapper_asic.sv:63:25: ... Location of port declaration
   63 |     output logic [ 3:0] axi_instr_wstrb = 4'b1111,
      |                         ^~~~~~~~~~~~~~~
%Warning-PINMISSING: /home/luxyxp/Documents/mainfiles/asic_rtl/patched/Top_module_asic.sv:602:2: Instance has missing pin: 'axi_data_arprot'
  602 | )cpu_inst(
      |  ^~~~~~~~
                     /home/luxyxp/Documents/mainfiles/asic_rtl/patched/cv32e40p_obi_to_axi_wrapper_asic.sv:75:25: ... Location of port declaration
   75 |     output logic [ 2:0] axi_data_arprot = 3'b000,
      |                         ^~~~~~~~~~~~~~~
%Warning-PINMISSING: /home/luxyxp/Documents/mainfiles/asic_rtl/patched/Top_module_asic.sv:602:2: Instance has missing pin: 'axi_data_awprot'
  602 | )cpu_inst(
      |  ^~~~~~~~
                     /home/luxyxp/Documents/mainfiles/asic_rtl/patched/cv32e40p_obi_to_axi_wrapper_asic.sv:87:25: ... Location of port declaration
   87 |     output logic [ 2:0] axi_data_awprot = 3'b000,
      |                         ^~~~~~~~~~~~~~~
%Warning-TIMESCALEMOD: /home/luxyxp/Documents/mainfiles/asic/run/rtl2gds/tmp/1bc154933c864d5a9dc1f8cecbfff9fd.bb.v:3:8: Timescale missing on this module as other modules have it (IEEE 1800-2023 3.14.2.3)
    3 | module sky130_ef_sc_hd__decap_12(VPWR, VGND, VPB, VNB);
      |        ^~~~~~~~~~~~~~~~~~~~~~~~~
                       /home/luxyxp/Documents/mainfiles/asic_rtl/patched/conv_accelerator_asic.v:86:8: ... Location of module with timescale
   86 | module conv_accelerator #(
      |        ^~~~~~~~~~~~~~~~
                       ... For warning description see https://verilator.org/warn/TIMESCALEMOD?v=5.044
                       ... Use "/* verilator lint_off TIMESCALEMOD */" and lint_on around source to disable this message.
%Warning-TIMESCALEMOD: /home/luxyxp/Documents/mainfiles/asic/run/rtl2gds/tmp/1bc154933c864d5a9dc1f8cecbfff9fd.bb.v:14:8: Timescale missing on this module as other modules have it (IEEE 1800-2023 3.14.2.3)
   14 | module sky130_ef_sc_hd__decap_20_12(VPWR, VGND, VPB, VNB);
      |        ^~~~~~~~~~~~~~~~~~~~~~~~~~~~
                       /home/luxyxp/Documents/mainfiles/asic_rtl/patched/conv_accelerator_asic.v:86:8: ... Location of module with timescale
   86 | module conv_accelerator #(
      |        ^~~~~~~~~~~~~~~~
%Warning-TIMESCALEMOD: /home/luxyxp/Documents/mainfiles/asic/run/rtl2gds/tmp/1bc154933c864d5a9dc1f8cecbfff9fd.bb.v:25:8: Timescale missing on this module as other modules have it (IEEE 1800-2023 3.14.2.3)
   25 | module sky130_ef_sc_hd__decap_40_12(VPWR, VGND, VPB, VNB);
      |        ^~~~~~~~~~~~~~~~~~~~~~~~~~~~
                       /home/luxyxp/Documents/mainfiles/asic_rtl/patched/conv_accelerator_asic.v:86:8: ... Location of module with timescale
   86 | module conv_accelerator #(
      |        ^~~~~~~~~~~~~~~~
%Warning-TIMESCALEMOD: /home/luxyxp/Documents/mainfiles/asic/run/rtl2gds/tmp/1bc154933c864d5a9dc1f8cecbfff9fd.bb.v:36:8: Timescale missing on this module as other modules have it (IEEE 1800-2023 3.14.2.3)
   36 | module sky130_ef_sc_hd__decap_60_12(VPWR, VGND, VPB, VNB);
      |        ^~~~~~~~~~~~~~~~~~~~~~~~~~~~
                       /home/luxyxp/Documents/mainfiles/asic_rtl/patched/conv_accelerator_asic.v:86:8: ... Location of module with timescale
   86 | module conv_accelerator #(
      |        ^~~~~~~~~~~~~~~~
%Warning-TIMESCALEMOD: /home/luxyxp/Documents/mainfiles/asic/run/rtl2gds/tmp/1bc154933c864d5a9dc1f8cecbfff9fd.bb.v:47:8: Timescale missing on this module as other modules have it (IEEE 1800-2023 3.14.2.3)
   47 | module sky130_ef_sc_hd__decap_80_12(VPWR, VGND, VPB, VNB);
      |        ^~~~~~~~~~~~~~~~~~~~~~~~~~~~
                       /home/luxyxp/Documents/mainfiles/asic_rtl/patched/conv_accelerator_asic.v:86:8: ... Location of module with timescale
   86 | module conv_accelerator #(
      |        ^~~~~~~~~~~~~~~~
%Warning-TIMESCALEMOD: /home/luxyxp/Documents/mainfiles/asic/run/rtl2gds/tmp/1bc154933c864d5a9dc1f8cecbfff9fd.bb.v:58:8: Timescale missing on this module as other modules have it (IEEE 1800-2023 3.14.2.3)
   58 | module sky130_ef_sc_hd__fill_12(VPWR, VGND, VPB, VNB);
      |        ^~~~~~~~~~~~~~~~~~~~~~~~
                       /home/luxyxp/Documents/mainfiles/asic_rtl/patched/conv_accelerator_asic.v:86:8: ... Location of module with timescale
   86 | module conv_accelerator #(
      |        ^~~~~~~~~~~~~~~~
%Warning-TIMESCALEMOD: /home/luxyxp/Documents/mainfiles/asic/run/rtl2gds/tmp/1bc154933c864d5a9dc1f8cecbfff9fd.bb.v:69:8: Timescale missing on this module as other modules have it (IEEE 1800-2023 3.14.2.3)
   69 | module sky130_ef_sc_hd__fill_2(VPWR, VGND, VPB, VNB);
      |        ^~~~~~~~~~~~~~~~~~~~~~~
                       /home/luxyxp/Documents/mainfiles/asic_rtl/patched/conv_accelerator_asic.v:86:8: ... Location of module with timescale
   86 | module conv_accelerator #(
      |        ^~~~~~~~~~~~~~~~
%Warning-TIMESCALEMOD: /home/luxyxp/Documents/mainfiles/asic/run/rtl2gds/tmp/1bc154933c864d5a9dc1f8cecbfff9fd.bb.v:80:8: Timescale missing on this module as other modules have it (IEEE 1800-2023 3.14.2.3)
   80 | module sky130_ef_sc_hd__fill_4(VPWR, VGND, VPB, VNB);
      |        ^~~~~~~~~~~~~~~~~~~~~~~
                       /home/luxyxp/Documents/mainfiles/asic_rtl/patched/conv_accelerator_asic.v:86:8: ... Location of module with timescale
   86 | module conv_accelerator #(
      |        ^~~~~~~~~~~~~~~~
%Warning-TIMESCALEMOD: /home/luxyxp/Documents/mainfiles/asic/run/rtl2gds/tmp/1bc154933c864d5a9dc1f8cecbfff9fd.bb.v:91:8: Timescale missing on this module as other modules have it (IEEE 1800-2023 3.14.2.3)
   91 | module sky130_ef_sc_hd__fill_8(VPWR, VGND, VPB, VNB);
      |        ^~~~~~~~~~~~~~~~~~~~~~~
                       /home/luxyxp/Documents/mainfiles/asic_rtl/patched/conv_accelerator_asic.v:86:8: ... Location of module with timescale
   86 | module conv_accelerator #(
      |        ^~~~~~~~~~~~~~~~
%Warning-TIMESCALEMOD: /home/luxyxp/Documents/mainfiles/asic/run/rtl2gds/tmp/1bc154933c864d5a9dc1f8cecbfff9fd.bb.v:102:8: Timescale missing on this module as other modules have it (IEEE 1800-2023 3.14.2.3)
  102 | module sky130_fd_sc_hd__a2111o_1(X, A1, A2, B1, C1, D1, VPWR, VGND, VPB, VNB);
      |        ^~~~~~~~~~~~~~~~~~~~~~~~~
                       /home/luxyxp/Documents/mainfiles/asic_rtl/patched/conv_accelerator_asic.v:86:8: ... Location of module with timescale
   86 | module conv_accelerator #(
      |        ^~~~~~~~~~~~~~~~
%Warning-TIMESCALEMOD: /home/luxyxp/Documents/mainfiles/asic/run/rtl2gds/tmp/1bc154933c864d5a9dc1f8cecbfff9fd.bb.v:125:8: Timescale missing on this module as other modules have it (IEEE 1800-2023 3.14.2.3)
  125 | module sky130_fd_sc_hd__a2111o_2(X, A1, A2, B1, C1, D1, VPWR, VGND, VPB, VNB);
      |        ^~~~~~~~~~~~~~~~~~~~~~~~~
                       /home/luxyxp/Documents/mainfiles/asic_rtl/patched/conv_accelerator_asic.v:86:8: ... Location of module with timescale
   86 | module conv_accelerator #(
      |        ^~~~~~~~~~~~~~~~
%Warning-TIMESCALEMOD: /home/luxyxp/Documents/mainfiles/asic/run/rtl2gds/tmp/1bc154933c864d5a9dc1f8cecbfff9fd.bb.v:148:8: Timescale missing on this module as other modules have it (IEEE 1800-2023 3.14.2.3)
  148 | module sky130_fd_sc_hd__a2111o_4(X, A1, A2, B1, C1, D1, VPWR, VGND, VPB, VNB);
      |        ^~~~~~~~~~~~~~~~~~~~~~~~~
                       /home/luxyxp/Documents/mainfiles/asic_rtl/patched/conv_accelerator_asic.v:86:8: ... Location of module with timescale
   86 | module conv_accelerator #(
      |        ^~~~~~~~~~~~~~~~
%Warning-TIMESCALEMOD: /home/luxyxp/Documents/mainfiles/asic/run/rtl2gds/tmp/1bc154933c864d5a9dc1f8cecbfff9fd.bb.v:171:8: Timescale missing on this module as other modules have it (IEEE 1800-2023 3.14.2.3)
  171 | module sky130_fd_sc_hd__a2111oi_0(Y, A1, A2, B1, C1, D1, VPWR, VGND, VPB, VNB);
      |        ^~~~~~~~~~~~~~~~~~~~~~~~~~
                       /home/luxyxp/Documents/mainfiles/asic_rtl/patched/conv_accelerator_asic.v:86:8: ... Location of module with timescale
   86 | module conv_accelerator #(
      |        ^~~~~~~~~~~~~~~~
%Warning-TIMESCALEMOD: /home/luxyxp/Documents/mainfiles/asic/run/rtl2gds/tmp/1bc154933c864d5a9dc1f8cecbfff9fd.bb.v:194:8: Timescale missing on this module as other modules have it (IEEE 1800-2023 3.14.2.3)
  194 | module sky130_fd_sc_hd__a2111oi_1(Y, A1, A2, B1, C1, D1, VPWR, VGND, VPB, VNB);
      |        ^~~~~~~~~~~~~~~~~~~~~~~~~~
                       /home/luxyxp/Documents/mainfiles/asic_rtl/patched/conv_accelerator_asic.v:86:8: ... Location of module with timescale
   86 | module conv_accelerator #(
      |        ^~~~~~~~~~~~~~~~
%Warning-TIMESCALEMOD: /home/luxyxp/Documents/mainfiles/asic/run/rtl2gds/tmp/1bc154933c864d5a9dc1f8cecbfff9fd.bb.v:217:8: Timescale missing on this module as other modules have it (IEEE 1800-2023 3.14.2.3)
  217 | module sky130_fd_sc_hd__a2111oi_2(Y, A1, A2, B1, C1, D1, VPWR, VGND, VPB, VNB);
      |        ^~~~~~~~~~~~~~~~~~~~~~~~~~
                       /home/luxyxp/Documents/mainfiles/asic_rtl/patched/conv_accelerator_asic.v:86:8: ... Location of module with timescale
   86 | module conv_accelerator #(
      |        ^~~~~~~~~~~~~~~~
%Warning-TIMESCALEMOD: /home/luxyxp/Documents/mainfiles/asic/run/rtl2gds/tmp/1bc154933c864d5a9dc1f8cecbfff9fd.bb.v:240:8: Timescale missing on this module as other modules have it (IEEE 1800-2023 3.14.2.3)
  240 | module sky130_fd_sc_hd__a2111oi_4(Y, A1, A2, B1, C1, D1, VPWR, VGND, VPB, VNB);
      |        ^~~~~~~~~~~~~~~~~~~~~~~~~~
                       /home/luxyxp/Documents/mainfiles/asic_rtl/patched/conv_accelerator_asic.v:86:8: ... Location of module with timescale
   86 | module conv_accelerator #(
      |        ^~~~~~~~~~~~~~~~
%Warning-TIMESCALEMOD: /home/luxyxp/Documents/mainfiles/asic/run/rtl2gds/tmp/1bc154933c864d5a9dc1f8cecbfff9fd.bb.v:263:8: Timescale missing on this module as other modules have it (IEEE 1800-2023 3.14.2.3)
  263 | module sky130_fd_sc_hd__a211o_1(X, A1, A2, B1, C1, VPWR, VGND, VPB, VNB);
      |        ^~~~~~~~~~~~~~~~~~~~~~~~
                       /home/luxyxp/Documents/mainfiles/asic_rtl/patched/conv_accelerator_asic.v:86:8: ... Location of module with timescale
   86 | module conv_accelerator #(
      |        ^~~~~~~~~~~~~~~~
%Warning-TIMESCALEMOD: /home/luxyxp/Documents/mainfiles/asic/run/rtl2gds/tmp/1bc154933c864d5a9dc1f8cecbfff9fd.bb.v:284:8: Timescale missing on this module as other modules have it (IEEE 1800-2023 3.14.2.3)
  284 | module sky130_fd_sc_hd__a211o_2(X, A1, A2, B1, C1, VPWR, VGND, VPB, VNB);
      |        ^~~~~~~~~~~~~~~~~~~~~~~~
                       /home/luxyxp/Documents/mainfiles/asic_rtl/patched/conv_accelerator_asic.v:86:8: ... Location of module with timescale
   86 | module conv_accelerator #(
      |        ^~~~~~~~~~~~~~~~
%Warning-TIMESCALEMOD: /home/luxyxp/Documents/mainfiles/asic/run/rtl2gds/tmp/1bc154933c864d5a9dc1f8cecbfff9fd.bb.v:305:8: Timescale missing on this module as other modules have it (IEEE 1800-2023 3.14.2.3)
  305 | module sky130_fd_sc_hd__a211o_4(X, A1, A2, B1, C1, VPWR, VGND, VPB, VNB);
      |        ^~~~~~~~~~~~~~~~~~~~~~~~
                       /home/luxyxp/Documents/mainfiles/asic_rtl/patched/conv_accelerator_asic.v:86:8: ... Location of module with timescale
   86 | module conv_accelerator #(
      |        ^~~~~~~~~~~~~~~~
%Warning-TIMESCALEMOD: /home/luxyxp/Documents/mainfiles/asic/run/rtl2gds/tmp/1bc154933c864d5a9dc1f8cecbfff9fd.bb.v:326:8: Timescale missing on this module as other modules have it (IEEE 1800-2023 3.14.2.3)
  326 | module sky130_fd_sc_hd__a211oi_1(Y, A1, A2, B1, C1, VPWR, VGND, VPB, VNB);
      |        ^~~~~~~~~~~~~~~~~~~~~~~~~
                       /home/luxyxp/Documents/mainfiles/asic_rtl/patched/conv_accelerator_asic.v:86:8: ... Location of module with timescale
   86 | module conv_accelerator #(
      |        ^~~~~~~~~~~~~~~~
%Warning-TIMESCALEMOD: /home/luxyxp/Documents/mainfiles/asic/run/rtl2gds/tmp/1bc154933c864d5a9dc1f8cecbfff9fd.bb.v:347:8: Timescale missing on this module as other modules have it (IEEE 1800-2023 3.14.2.3)
  347 | module sky130_fd_sc_hd__a211oi_2(Y, A1, A2, B1, C1, VPWR, VGND, VPB, VNB);
      |        ^~~~~~~~~~~~~~~~~~~~~~~~~
                       /home/luxyxp/Documents/mainfiles/asic_rtl/patched/conv_accelerator_asic.v:86:8: ... Location of module with timescale
   86 | module conv_accelerator #(
      |        ^~~~~~~~~~~~~~~~
%Warning-TIMESCALEMOD: /home/luxyxp/Documents/mainfiles/asic/run/rtl2gds/tmp/1bc154933c864d5a9dc1f8cecbfff9fd.bb.v:368:8: Timescale missing on this module as other modules have it (IEEE 1800-2023 3.14.2.3)
  368 | module sky130_fd_sc_hd__a211oi_4(Y, A1, A2, B1, C1, VPWR, VGND, VPB, VNB);
      |        ^~~~~~~~~~~~~~~~~~~~~~~~~
                       /home/luxyxp/Documents/mainfiles/asic_rtl/patched/conv_accelerator_asic.v:86:8: ... Location of module with timescale
   86 | module conv_accelerator #(
      |        ^~~~~~~~~~~~~~~~
%Warning-TIMESCALEMOD: /home/luxyxp/Documents/mainfiles/asic/run/rtl2gds/tmp/1bc154933c864d5a9dc1f8cecbfff9fd.bb.v:389:8: Timescale missing on this module as other modules have it (IEEE 1800-2023 3.14.2.3)
  389 | module sky130_fd_sc_hd__a21bo_1(X, A1, A2, B1_N, VPWR, VGND, VPB, VNB);
      |        ^~~~~~~~~~~~~~~~~~~~~~~~
                       /home/luxyxp/Documents/mainfiles/asic_rtl/patched/conv_accelerator_asic.v:86:8: ... Location of module with timescale
   86 | module conv_accelerator #(
      |        ^~~~~~~~~~~~~~~~
%Warning-TIMESCALEMOD: /home/luxyxp/Documents/mainfiles/asic/run/rtl2gds/tmp/1bc154933c864d5a9dc1f8cecbfff9fd.bb.v:408:8: Timescale missing on this module as other modules have it (IEEE 1800-2023 3.14.2.3)
  408 | module sky130_fd_sc_hd__a21bo_2(X, A1, A2, B1_N, VPWR, VGND, VPB, VNB);
      |        ^~~~~~~~~~~~~~~~~~~~~~~~
                       /home/luxyxp/Documents/mainfiles/asic_rtl/patched/conv_accelerator_asic.v:86:8: ... Location of module with timescale
   86 | module conv_accelerator #(
      |        ^~~~~~~~~~~~~~~~
%Warning-TIMESCALEMOD: /home/luxyxp/Documents/mainfiles/asic/run/rtl2gds/tmp/1bc154933c864d5a9dc1f8cecbfff9fd.bb.v:427:8: Timescale missing on this module as other modules have it (IEEE 1800-2023 3.14.2.3)
  427 | module sky130_fd_sc_hd__a21bo_4(X, A1, A2, B1_N, VPWR, VGND, VPB, VNB);
      |        ^~~~~~~~~~~~~~~~~~~~~~~~
                       /home/luxyxp/Documents/mainfiles/asic_rtl/patched/conv_accelerator_asic.v:86:8: ... Location of module with timescale
   86 | module conv_accelerator #(
      |        ^~~~~~~~~~~~~~~~
%Warning-TIMESCALEMOD: /home/luxyxp/Documents/mainfiles/asic/run/rtl2gds/tmp/1bc154933c864d5a9dc1f8cecbfff9fd.bb.v:446:8: Timescale missing on this module as other modules have it (IEEE 1800-2023 3.14.2.3)
  446 | module sky130_fd_sc_hd__a21boi_0(Y, A1, A2, B1_N, VPWR, VGND, VPB, VNB);
      |        ^~~~~~~~~~~~~~~~~~~~~~~~~
                       /home/luxyxp/Documents/mainfiles/asic_rtl/patched/conv_accelerator_asic.v:86:8: ... Location of module with timescale
   86 | module conv_accelerator #(
      |        ^~~~~~~~~~~~~~~~
%Warning-TIMESCALEMOD: /home/luxyxp/Documents/mainfiles/asic/run/rtl2gds/tmp/1bc154933c864d5a9dc1f8cecbfff9fd.bb.v:465:8: Timescale missing on this module as other modules have it (IEEE 1800-2023 3.14.2.3)
  465 | module sky130_fd_sc_hd__a21boi_1(Y, A1, A2, B1_N, VPWR, VGND, VPB, VNB);
      |        ^~~~~~~~~~~~~~~~~~~~~~~~~
                       /home/luxyxp/Documents/mainfiles/asic_rtl/patched/conv_accelerator_asic.v:86:8: ... Location of module with timescale
   86 | module conv_accelerator #(
      |        ^~~~~~~~~~~~~~~~
%Warning-TIMESCALEMOD: /home/luxyxp/Documents/mainfiles/asic/run/rtl2gds/tmp/1bc154933c864d5a9dc1f8cecbfff9fd.bb.v:484:8: Timescale missing on this module as other modules have it (IEEE 1800-2023 3.14.2.3)
  484 | module sky130_fd_sc_hd__a21boi_2(Y, A1, A2, B1_N, VPWR, VGND, VPB, VNB);
      |        ^~~~~~~~~~~~~~~~~~~~~~~~~
                       /home/luxyxp/Documents/mainfiles/asic_rtl/patched/conv_accelerator_asic.v:86:8: ... Location of module with timescale
   86 | module conv_accelerator #(
      |        ^~~~~~~~~~~~~~~~
%Warning-TIMESCALEMOD: /home/luxyxp/Documents/mainfiles/asic/run/rtl2gds/tmp/1bc154933c864d5a9dc1f8cecbfff9fd.bb.v:503:8: Timescale missing on this module as other modules have it (IEEE 1800-2023 3.14.2.3)
  503 | module sky130_fd_sc_hd__a21boi_4(Y, A1, A2, B1_N, VPWR, VGND, VPB, VNB);
      |        ^~~~~~~~~~~~~~~~~~~~~~~~~
                       /home/luxyxp/Documents/mainfiles/asic_rtl/patched/conv_accelerator_asic.v:86:8: ... Location of module with timescale
   86 | module conv_accelerator #(
      |        ^~~~~~~~~~~~~~~~
%Warning-TIMESCALEMOD: /home/luxyxp/Documents/mainfiles/asic/run/rtl2gds/tmp/1bc154933c864d5a9dc1f8cecbfff9fd.bb.v:522:8: Timescale missing on this module as other modules have it (IEEE 1800-2023 3.14.2.3)
  522 | module sky130_fd_sc_hd__a21o_1(X, A1, A2, B1, VPWR, VGND, VPB, VNB);
      |        ^~~~~~~~~~~~~~~~~~~~~~~
                       /home/luxyxp/Documents/mainfiles/asic_rtl/patched/conv_accelerator_asic.v:86:8: ... Location of module with timescale
   86 | module conv_accelerator #(
      |        ^~~~~~~~~~~~~~~~
%Warning-TIMESCALEMOD: /home/luxyxp/Documents/mainfiles/asic/run/rtl2gds/tmp/1bc154933c864d5a9dc1f8cecbfff9fd.bb.v:541:8: Timescale missing on this module as other modules have it (IEEE 1800-2023 3.14.2.3)
  541 | module sky130_fd_sc_hd__a21o_2(X, A1, A2, B1, VPWR, VGND, VPB, VNB);
      |        ^~~~~~~~~~~~~~~~~~~~~~~
                       /home/luxyxp/Documents/mainfiles/asic_rtl/patched/conv_accelerator_asic.v:86:8: ... Location of module with timescale
   86 | module conv_accelerator #(
      |        ^~~~~~~~~~~~~~~~
%Warning-TIMESCALEMOD: /home/luxyxp/Documents/mainfiles/asic/run/rtl2gds/tmp/1bc154933c864d5a9dc1f8cecbfff9fd.bb.v:560:8: Timescale missing on this module as other modules have it (IEEE 1800-2023 3.14.2.3)
  560 | module sky130_fd_sc_hd__a21o_4(X, A1, A2, B1, VPWR, VGND, VPB, VNB);
      |        ^~~~~~~~~~~~~~~~~~~~~~~
                       /home/luxyxp/Documents/mainfiles/asic_rtl/patched/conv_accelerator_asic.v:86:8: ... Location of module with timescale
   86 | module conv_accelerator #(
      |        ^~~~~~~~~~~~~~~~
%Warning-TIMESCALEMOD: /home/luxyxp/Documents/mainfiles/asic/run/rtl2gds/tmp/1bc154933c864d5a9dc1f8cecbfff9fd.bb.v:579:8: Timescale missing on this module as other modules have it (IEEE 1800-2023 3.14.2.3)
  579 | module sky130_fd_sc_hd__a21oi_1(Y, A1, A2, B1, VPWR, VGND, VPB, VNB);
      |        ^~~~~~~~~~~~~~~~~~~~~~~~
                       /home/luxyxp/Documents/mainfiles/asic_rtl/patched/conv_accelerator_asic.v:86:8: ... Location of module with timescale
   86 | module conv_accelerator #(
      |        ^~~~~~~~~~~~~~~~
%Warning-TIMESCALEMOD: /home/luxyxp/Documents/mainfiles/asic/run/rtl2gds/tmp/1bc154933c864d5a9dc1f8cecbfff9fd.bb.v:598:8: Timescale missing on this module as other modules have it (IEEE 1800-2023 3.14.2.3)
  598 | module sky130_fd_sc_hd__a21oi_2(Y, A1, A2, B1, VPWR, VGND, VPB, VNB);
      |        ^~~~~~~~~~~~~~~~~~~~~~~~
                       /home/luxyxp/Documents/mainfiles/asic_rtl/patched/conv_accelerator_asic.v:86:8: ... Location of module with timescale
   86 | module conv_accelerator #(
      |        ^~~~~~~~~~~~~~~~
%Warning-TIMESCALEMOD: /home/luxyxp/Documents/mainfiles/asic/run/rtl2gds/tmp/1bc154933c864d5a9dc1f8cecbfff9fd.bb.v:617:8: Timescale missing on this module as other modules have it (IEEE 1800-2023 3.14.2.3)
  617 | module sky130_fd_sc_hd__a21oi_4(Y, A1, A2, B1, VPWR, VGND, VPB, VNB);
      |        ^~~~~~~~~~~~~~~~~~~~~~~~
                       /home/luxyxp/Documents/mainfiles/asic_rtl/patched/conv_accelerator_asic.v:86:8: ... Location of module with timescale
   86 | module conv_accelerator #(
      |        ^~~~~~~~~~~~~~~~
%Warning-TIMESCALEMOD: /home/luxyxp/Documents/mainfiles/asic/run/rtl2gds/tmp/1bc154933c864d5a9dc1f8cecbfff9fd.bb.v:636:8: Timescale missing on this module as other modules have it (IEEE 1800-2023 3.14.2.3)
  636 | module sky130_fd_sc_hd__a221o_1(X, A1, A2, B1, B2, C1, VPWR, VGND, VPB, VNB);
      |        ^~~~~~~~~~~~~~~~~~~~~~~~
                       /home/luxyxp/Documents/mainfiles/asic_rtl/patched/conv_accelerator_asic.v:86:8: ... Location of module with timescale
   86 | module conv_accelerator #(
      |        ^~~~~~~~~~~~~~~~
%Warning-TIMESCALEMOD: /home/luxyxp/Documents/mainfiles/asic/run/rtl2gds/tmp/1bc154933c864d5a9dc1f8cecbfff9fd.bb.v:659:8: Timescale missing on this module as other modules have it (IEEE 1800-2023 3.14.2.3)
  659 | module sky130_fd_sc_hd__a221o_2(X, A1, A2, B1, B2, C1, VPWR, VGND, VPB, VNB);
      |        ^~~~~~~~~~~~~~~~~~~~~~~~
                       /home/luxyxp/Documents/mainfiles/asic_rtl/patched/conv_accelerator_asic.v:86:8: ... Location of module with timescale
   86 | module conv_accelerator #(
      |        ^~~~~~~~~~~~~~~~
%Warning-TIMESCALEMOD: /home/luxyxp/Documents/mainfiles/asic/run/rtl2gds/tmp/1bc154933c864d5a9dc1f8cecbfff9fd.bb.v:682:8: Timescale missing on this module as other modules have it (IEEE 1800-2023 3.14.2.3)
  682 | module sky130_fd_sc_hd__a221o_4(X, A1, A2, B1, B2, C1, VPWR, VGND, VPB, VNB);
      |        ^~~~~~~~~~~~~~~~~~~~~~~~
                       /home/luxyxp/Documents/mainfiles/asic_rtl/patched/conv_accelerator_asic.v:86:8: ... Location of module with timescale
   86 | module conv_accelerator #(
      |        ^~~~~~~~~~~~~~~~
%Warning-TIMESCALEMOD: /home/luxyxp/Documents/mainfiles/asic/run/rtl2gds/tmp/1bc154933c864d5a9dc1f8cecbfff9fd.bb.v:705:8: Timescale missing on this module as other modules have it (IEEE 1800-2023 3.14.2.3)
  705 | module sky130_fd_sc_hd__a221oi_1(Y, A1, A2, B1, B2, C1, VPWR, VGND, VPB, VNB);
      |        ^~~~~~~~~~~~~~~~~~~~~~~~~
                       /home/luxyxp/Documents/mainfiles/asic_rtl/patched/conv_accelerator_asic.v:86:8: ... Location of module with timescale
   86 | module conv_accelerator #(
      |        ^~~~~~~~~~~~~~~~
%Warning-TIMESCALEMOD: /home/luxyxp/Documents/mainfiles/asic/run/rtl2gds/tmp/1bc154933c864d5a9dc1f8cecbfff9fd.bb.v:728:8: Timescale missing on this module as other modules have it (IEEE 1800-2023 3.14.2.3)
  728 | module sky130_fd_sc_hd__a221oi_2(Y, A1, A2, B1, B2, C1, VPWR, VGND, VPB, VNB);
      |        ^~~~~~~~~~~~~~~~~~~~~~~~~
                       /home/luxyxp/Documents/mainfiles/asic_rtl/patched/conv_accelerator_asic.v:86:8: ... Location of module with timescale
   86 | module conv_accelerator #(
      |        ^~~~~~~~~~~~~~~~
%Warning-TIMESCALEMOD: /home/luxyxp/Documents/mainfiles/asic/run/rtl2gds/tmp/1bc154933c864d5a9dc1f8cecbfff9fd.bb.v:751:8: Timescale missing on this module as other modules have it (IEEE 1800-2023 3.14.2.3)
  751 | module sky130_fd_sc_hd__a221oi_4(Y, A1, A2, B1, B2, C1, VPWR, VGND, VPB, VNB);
      |        ^~~~~~~~~~~~~~~~~~~~~~~~~
                       /home/luxyxp/Documents/mainfiles/asic_rtl/patched/conv_accelerator_asic.v:86:8: ... Location of module with timescale
   86 | module conv_accelerator #(
      |        ^~~~~~~~~~~~~~~~
%Warning-TIMESCALEMOD: /home/luxyxp/Documents/mainfiles/asic/run/rtl2gds/tmp/1bc154933c864d5a9dc1f8cecbfff9fd.bb.v:774:8: Timescale missing on this module as other modules have it (IEEE 1800-2023 3.14.2.3)
  774 | module sky130_fd_sc_hd__a222oi_1(Y, A1, A2, B1, B2, C1, C2, VPWR, VGND, VPB, VNB);
      |        ^~~~~~~~~~~~~~~~~~~~~~~~~
                       /home/luxyxp/Documents/mainfiles/asic_rtl/patched/conv_accelerator_asic.v:86:8: ... Location of module with timescale
   86 | module conv_accelerator #(
      |        ^~~~~~~~~~~~~~~~
%Warning-TIMESCALEMOD: /home/luxyxp/Documents/mainfiles/asic/run/rtl2gds/tmp/1bc154933c864d5a9dc1f8cecbfff9fd.bb.v:799:8: Timescale missing on this module as other modules have it (IEEE 1800-2023 3.14.2.3)
  799 | module sky130_fd_sc_hd__a22o_1(X, A1, A2, B1, B2, VPWR, VGND, VPB, VNB);
      |        ^~~~~~~~~~~~~~~~~~~~~~~
                       /home/luxyxp/Documents/mainfiles/asic_rtl/patched/conv_accelerator_asic.v:86:8: ... Location of module with timescale
   86 | module conv_accelerator #(
      |        ^~~~~~~~~~~~~~~~
%Warning-TIMESCALEMOD: /home/luxyxp/Documents/mainfiles/asic/run/rtl2gds/tmp/1bc154933c864d5a9dc1f8cecbfff9fd.bb.v:820:8: Timescale missing on this module as other modules have it (IEEE 1800-2023 3.14.2.3)
  820 | module sky130_fd_sc_hd__a22o_2(X, A1, A2, B1, B2, VPWR, VGND, VPB, VNB);
      |        ^~~~~~~~~~~~~~~~~~~~~~~
                       /home/luxyxp/Documents/mainfiles/asic_rtl/patched/conv_accelerator_asic.v:86:8: ... Location of module with timescale
   86 | module conv_accelerator #(
      |        ^~~~~~~~~~~~~~~~
%Warning-TIMESCALEMOD: /home/luxyxp/Documents/mainfiles/asic/run/rtl2gds/tmp/1bc154933c864d5a9dc1f8cecbfff9fd.bb.v:841:8: Timescale missing on this module as other modules have it (IEEE 1800-2023 3.14.2.3)
  841 | module sky130_fd_sc_hd__a22o_4(X, A1, A2, B1, B2, VPWR, VGND, VPB, VNB);
      |        ^~~~~~~~~~~~~~~~~~~~~~~
                       /home/luxyxp/Documents/mainfiles/asic_rtl/patched/conv_accelerator_asic.v:86:8: ... Location of module with timescale
   86 | module conv_accelerator #(
      |        ^~~~~~~~~~~~~~~~
%Warning-TIMESCALEMOD: /home/luxyxp/Documents/mainfiles/asic/run/rtl2gds/tmp/1bc154933c864d5a9dc1f8cecbfff9fd.bb.v:862:8: Timescale missing on this module as other modules have it (IEEE 1800-2023 3.14.2.3)
  862 | module sky130_fd_sc_hd__a22oi_1(Y, A1, A2, B1, B2, VPWR, VGND, VPB, VNB);
      |        ^~~~~~~~~~~~~~~~~~~~~~~~
                       /home/luxyxp/Documents/mainfiles/asic_rtl/patched/conv_accelerator_asic.v:86:8: ... Location of module with timescale
   86 | module conv_accelerator #(
      |        ^~~~~~~~~~~~~~~~
%Warning-TIMESCALEMOD: /home/luxyxp/Documents/mainfiles/asic/run/rtl2gds/tmp/1bc154933c864d5a9dc1f8cecbfff9fd.bb.v:883:8: Timescale missing on this module as other modules have it (IEEE 1800-2023 3.14.2.3)
  883 | module sky130_fd_sc_hd__a22oi_2(Y, A1, A2, B1, B2, VPWR, VGND, VPB, VNB);
      |        ^~~~~~~~~~~~~~~~~~~~~~~~
                       /home/luxyxp/Documents/mainfiles/asic_rtl/patched/conv_accelerator_asic.v:86:8: ... Location of module with timescale
   86 | module conv_accelerator #(
      |        ^~~~~~~~~~~~~~~~
%Warning-TIMESCALEMOD: /home/luxyxp/Documents/mainfiles/asic/run/rtl2gds/tmp/1bc154933c864d5a9dc1f8cecbfff9fd.bb.v:904:8: Timescale missing on this module as other modules have it (IEEE 1800-2023 3.14.2.3)
  904 | module sky130_fd_sc_hd__a22oi_4(Y, A1, A2, B1, B2, VPWR, VGND, VPB, VNB);
      |        ^~~~~~~~~~~~~~~~~~~~~~~~
                       /home/luxyxp/Documents/mainfiles/asic_rtl/patched/conv_accelerator_asic.v:86:8: ... Location of module with timescale
   86 | module conv_accelerator #(
      |        ^~~~~~~~~~~~~~~~
%Warning-TIMESCALEMOD: /home/luxyxp/Documents/mainfiles/asic/run/rtl2gds/tmp/1bc154933c864d5a9dc1f8cecbfff9fd.bb.v:925:8: Timescale missing on this module as other modules have it (IEEE 1800-2023 3.14.2.3)
  925 | module sky130_fd_sc_hd__a2bb2o_1(X, A1_N, A2_N, B1, B2, VPWR, VGND, VPB, VNB);
      |        ^~~~~~~~~~~~~~~~~~~~~~~~~
                       /home/luxyxp/Documents/mainfiles/asic_rtl/patched/conv_accelerator_asic.v:86:8: ... Location of module with timescale
   86 | module conv_accelerator #(
      |        ^~~~~~~~~~~~~~~~
%Warning-TIMESCALEMOD: /home/luxyxp/Documents/mainfiles/asic/run/rtl2gds/tmp/1bc154933c864d5a9dc1f8cecbfff9fd.bb.v:946:8: Timescale missing on this module as other modules have it (IEEE 1800-2023 3.14.2.3)
  946 | module sky130_fd_sc_hd__a2bb2o_2(X, A1_N, A2_N, B1, B2, VPWR, VGND, VPB, VNB);
      |        ^~~~~~~~~~~~~~~~~~~~~~~~~
                       /home/luxyxp/Documents/mainfiles/asic_rtl/patched/conv_accelerator_asic.v:86:8: ... Location of module with timescale
   86 | module conv_accelerator #(
      |        ^~~~~~~~~~~~~~~~
%Warning-TIMESCALEMOD: /home/luxyxp/Documents/mainfiles/asic/run/rtl2gds/tmp/1bc154933c864d5a9dc1f8cecbfff9fd.bb.v:967:8: Timescale missing on this module as other modules have it (IEEE 1800-2023 3.14.2.3)
  967 | module sky130_fd_sc_hd__a2bb2o_4(X, A1_N, A2_N, B1, B2, VPWR, VGND, VPB, VNB);
      |        ^~~~~~~~~~~~~~~~~~~~~~~~~
                       /home/luxyxp/Documents/mainfiles/asic_rtl/patched/conv_accelerator_asic.v:86:8: ... Location of module with timescale
   86 | module conv_accelerator #(
      |        ^~~~~~~~~~~~~~~~
%Warning-TIMESCALEMOD: /home/luxyxp/Documents/mainfiles/asic/run/rtl2gds/tmp/1bc154933c864d5a9dc1f8cecbfff9fd.bb.v:988:8: Timescale missing on this module as other modules have it (IEEE 1800-2023 3.14.2.3)
  988 | module sky130_fd_sc_hd__a2bb2oi_1(Y, A1_N, A2_N, B1, B2, VPWR, VGND, VPB, VNB);
      |        ^~~~~~~~~~~~~~~~~~~~~~~~~~
                       /home/luxyxp/Documents/mainfiles/asic_rtl/patched/conv_accelerator_asic.v:86:8: ... Location of module with timescale
   86 | module conv_accelerator #(
      |        ^~~~~~~~~~~~~~~~
%Warning-TIMESCALEMOD: /home/luxyxp/Documents/mainfiles/asic/run/rtl2gds/tmp/1bc154933c864d5a9dc1f8cecbfff9fd.bb.v:1009:8: Timescale missing on this module as other modules have it (IEEE 1800-2023 3.14.2.3)
 1009 | module sky130_fd_sc_hd__a2bb2oi_2(Y, A1_N, A2_N, B1, B2, VPWR, VGND, VPB, VNB);
      |        ^~~~~~~~~~~~~~~~~~~~~~~~~~
                       /home/luxyxp/Documents/mainfiles/asic_rtl/patched/conv_accelerator_asic.v:86:8: ... Location of module with timescale
   86 | module conv_accelerator #(
      |        ^~~~~~~~~~~~~~~~
%Warning-TIMESCALEMOD: /home/luxyxp/Documents/mainfiles/asic/run/rtl2gds/tmp/1bc154933c864d5a9dc1f8cecbfff9fd.bb.v:1030:8: Timescale missing on this module as other modules have it (IEEE 1800-2023 3.14.2.3)
 1030 | module sky130_fd_sc_hd__a2bb2oi_4(Y, A1_N, A2_N, B1, B2, VPWR, VGND, VPB, VNB);
      |        ^~~~~~~~~~~~~~~~~~~~~~~~~~
                       /home/luxyxp/Documents/mainfiles/asic_rtl/patched/conv_accelerator_asic.v:86:8: ... Location of module with timescale
   86 | module conv_accelerator #(
      |        ^~~~~~~~~~~~~~~~
%Warning-TIMESCALEMOD: /home/luxyxp/Documents/mainfiles/asic/run/rtl2gds/tmp/1bc154933c864d5a9dc1f8cecbfff9fd.bb.v:1051:8: Timescale missing on this module as other modules have it (IEEE 1800-2023 3.14.2.3)
 1051 | module sky130_fd_sc_hd__a311o_1(X, A1, A2, A3, B1, C1, VPWR, VGND, VPB, VNB);
      |        ^~~~~~~~~~~~~~~~~~~~~~~~
                       /home/luxyxp/Documents/mainfiles/asic_rtl/patched/conv_accelerator_asic.v:86:8: ... Location of module with timescale
   86 | module conv_accelerator #(
      |        ^~~~~~~~~~~~~~~~
%Warning-TIMESCALEMOD: /home/luxyxp/Documents/mainfiles/asic/run/rtl2gds/tmp/1bc154933c864d5a9dc1f8cecbfff9fd.bb.v:1074:8: Timescale missing on this module as other modules have it (IEEE 1800-2023 3.14.2.3)
 1074 | module sky130_fd_sc_hd__a311o_2(X, A1, A2, A3, B1, C1, VPWR, VGND, VPB, VNB);
      |        ^~~~~~~~~~~~~~~~~~~~~~~~
                       /home/luxyxp/Documents/mainfiles/asic_rtl/patched/conv_accelerator_asic.v:86:8: ... Location of module with timescale
   86 | module conv_accelerator #(
      |        ^~~~~~~~~~~~~~~~
%Warning-TIMESCALEMOD: /home/luxyxp/Documents/mainfiles/asic/run/rtl2gds/tmp/1bc154933c864d5a9dc1f8cecbfff9fd.bb.v:1097:8: Timescale missing on this module as other modules have it (IEEE 1800-2023 3.14.2.3)
 1097 | module sky130_fd_sc_hd__a311o_4(X, A1, A2, A3, B1, C1, VPWR, VGND, VPB, VNB);
      |        ^~~~~~~~~~~~~~~~~~~~~~~~
                       /home/luxyxp/Documents/mainfiles/asic_rtl/patched/conv_accelerator_asic.v:86:8: ... Location of module with timescale
   86 | module conv_accelerator #(
      |        ^~~~~~~~~~~~~~~~
%Warning-TIMESCALEMOD: /home/luxyxp/Documents/mainfiles/asic/run/rtl2gds/tmp/1bc154933c864d5a9dc1f8cecbfff9fd.bb.v:1120:8: Timescale missing on this module as other modules have it (IEEE 1800-2023 3.14.2.3)
 1120 | module sky130_fd_sc_hd__a311oi_1(Y, A1, A2, A3, B1, C1, VPWR, VGND, VPB, VNB);
      |        ^~~~~~~~~~~~~~~~~~~~~~~~~
                       /home/luxyxp/Documents/mainfiles/asic_rtl/patched/conv_accelerator_asic.v:86:8: ... Location of module with timescale
   86 | module conv_accelerator #(
      |        ^~~~~~~~~~~~~~~~
%Warning-TIMESCALEMOD: /home/luxyxp/Documents/mainfiles/asic/run/rtl2gds/tmp/1bc154933c864d5a9dc1f8cecbfff9fd.bb.v:1143:8: Timescale missing on this module as other modules have it (IEEE 1800-2023 3.14.2.3)
 1143 | module sky130_fd_sc_hd__a311oi_2(Y, A1, A2, A3, B1, C1, VPWR, VGND, VPB, VNB);
      |        ^~~~~~~~~~~~~~~~~~~~~~~~~
                       /home/luxyxp/Documents/mainfiles/asic_rtl/patched/conv_accelerator_asic.v:86:8: ... Location of module with timescale
   86 | module conv_accelerator #(
      |        ^~~~~~~~~~~~~~~~
%Warning-TIMESCALEMOD: /home/luxyxp/Documents/mainfiles/asic/run/rtl2gds/tmp/1bc154933c864d5a9dc1f8cecbfff9fd.bb.v:1166:8: Timescale missing on this module as other modules have it (IEEE 1800-2023 3.14.2.3)
 1166 | module sky130_fd_sc_hd__a311oi_4(Y, A1, A2, A3, B1, C1, VPWR, VGND, VPB, VNB);
      |        ^~~~~~~~~~~~~~~~~~~~~~~~~
                       /home/luxyxp/Documents/mainfiles/asic_rtl/patched/conv_accelerator_asic.v:86:8: ... Location of module with timescale
   86 | module conv_accelerator #(
      |        ^~~~~~~~~~~~~~~~
%Warning-TIMESCALEMOD: /home/luxyxp/Documents/mainfiles/asic/run/rtl2gds/tmp/1bc154933c864d5a9dc1f8cecbfff9fd.bb.v:1189:8: Timescale missing on this module as other modules have it (IEEE 1800-2023 3.14.2.3)
 1189 | module sky130_fd_sc_hd__a31o_1(X, A1, A2, A3, B1, VPWR, VGND, VPB, VNB);
      |        ^~~~~~~~~~~~~~~~~~~~~~~
                       /home/luxyxp/Documents/mainfiles/asic_rtl/patched/conv_accelerator_asic.v:86:8: ... Location of module with timescale
   86 | module conv_accelerator #(
      |        ^~~~~~~~~~~~~~~~
%Warning-TIMESCALEMOD: /home/luxyxp/Documents/mainfiles/asic/run/rtl2gds/tmp/1bc154933c864d5a9dc1f8cecbfff9fd.bb.v:1210:8: Timescale missing on this module as other modules have it (IEEE 1800-2023 3.14.2.3)
 1210 | module sky130_fd_sc_hd__a31o_2(X, A1, A2, A3, B1, VPWR, VGND, VPB, VNB);
      |        ^~~~~~~~~~~~~~~~~~~~~~~
                       /home/luxyxp/Documents/mainfiles/asic_rtl/patched/conv_accelerator_asic.v:86:8: ... Location of module with timescale
   86 | module conv_accelerator #(
      |        ^~~~~~~~~~~~~~~~
%Warning-TIMESCALEMOD: /home/luxyxp/Documents/mainfiles/asic/run/rtl2gds/tmp/1bc154933c864d5a9dc1f8cecbfff9fd.bb.v:1231:8: Timescale missing on this module as other modules have it (IEEE 1800-2023 3.14.2.3)
 1231 | module sky130_fd_sc_hd__a31o_4(X, A1, A2, A3, B1, VPWR, VGND, VPB, VNB);
      |        ^~~~~~~~~~~~~~~~~~~~~~~
                       /home/luxyxp/Documents/mainfiles/asic_rtl/patched/conv_accelerator_asic.v:86:8: ... Location of module with timescale
   86 | module conv_accelerator #(
      |        ^~~~~~~~~~~~~~~~
%Warning-TIMESCALEMOD: /home/luxyxp/Documents/mainfiles/asic/run/rtl2gds/tmp/1bc154933c864d5a9dc1f8cecbfff9fd.bb.v:1252:8: Timescale missing on this module as other modules have it (IEEE 1800-2023 3.14.2.3)
 1252 | module sky130_fd_sc_hd__a31oi_1(Y, A1, A2, A3, B1, VPWR, VGND, VPB, VNB);
      |        ^~~~~~~~~~~~~~~~~~~~~~~~
                       /home/luxyxp/Documents/mainfiles/asic_rtl/patched/conv_accelerator_asic.v:86:8: ... Location of module with timescale
   86 | module conv_accelerator #(
      |        ^~~~~~~~~~~~~~~~
%Warning-TIMESCALEMOD: /home/luxyxp/Documents/mainfiles/asic/run/rtl2gds/tmp/1bc154933c864d5a9dc1f8cecbfff9fd.bb.v:1273:8: Timescale missing on this module as other modules have it (IEEE 1800-2023 3.14.2.3)
 1273 | module sky130_fd_sc_hd__a31oi_2(Y, A1, A2, A3, B1, VPWR, VGND, VPB, VNB);
      |        ^~~~~~~~~~~~~~~~~~~~~~~~
                       /home/luxyxp/Documents/mainfiles/asic_rtl/patched/conv_accelerator_asic.v:86:8: ... Location of module with timescale
   86 | module conv_accelerator #(
      |        ^~~~~~~~~~~~~~~~
%Warning-TIMESCALEMOD: /home/luxyxp/Documents/mainfiles/asic/run/rtl2gds/tmp/1bc154933c864d5a9dc1f8cecbfff9fd.bb.v:1294:8: Timescale missing on this module as other modules have it (IEEE 1800-2023 3.14.2.3)
 1294 | module sky130_fd_sc_hd__a31oi_4(Y, A1, A2, A3, B1, VPWR, VGND, VPB, VNB);
      |        ^~~~~~~~~~~~~~~~~~~~~~~~
                       /home/luxyxp/Documents/mainfiles/asic_rtl/patched/conv_accelerator_asic.v:86:8: ... Location of module with timescale
   86 | module conv_accelerator #(
      |        ^~~~~~~~~~~~~~~~
%Warning-TIMESCALEMOD: /home/luxyxp/Documents/mainfiles/asic/run/rtl2gds/tmp/1bc154933c864d5a9dc1f8cecbfff9fd.bb.v:1315:8: Timescale missing on this module as other modules have it (IEEE 1800-2023 3.14.2.3)
 1315 | module sky130_fd_sc_hd__a32o_1(X, A1, A2, A3, B1, B2, VPWR, VGND, VPB, VNB);
      |        ^~~~~~~~~~~~~~~~~~~~~~~
                       /home/luxyxp/Documents/mainfiles/asic_rtl/patched/conv_accelerator_asic.v:86:8: ... Location of module with timescale
   86 | module conv_accelerator #(
      |        ^~~~~~~~~~~~~~~~
%Warning-TIMESCALEMOD: /home/luxyxp/Documents/mainfiles/asic/run/rtl2gds/tmp/1bc154933c864d5a9dc1f8cecbfff9fd.bb.v:1338:8: Timescale missing on this module as other modules have it (IEEE 1800-2023 3.14.2.3)
 1338 | module sky130_fd_sc_hd__a32o_2(X, A1, A2, A3, B1, B2, VPWR, VGND, VPB, VNB);
      |        ^~~~~~~~~~~~~~~~~~~~~~~
                       /home/luxyxp/Documents/mainfiles/asic_rtl/patched/conv_accelerator_asic.v:86:8: ... Location of module with timescale
   86 | module conv_accelerator #(
      |        ^~~~~~~~~~~~~~~~
%Warning-TIMESCALEMOD: /home/luxyxp/Documents/mainfiles/asic/run/rtl2gds/tmp/1bc154933c864d5a9dc1f8cecbfff9fd.bb.v:1361:8: Timescale missing on this module as other modules have it (IEEE 1800-2023 3.14.2.3)
 1361 | module sky130_fd_sc_hd__a32o_4(X, A1, A2, A3, B1, B2, VPWR, VGND, VPB, VNB);
      |        ^~~~~~~~~~~~~~~~~~~~~~~
                       /home/luxyxp/Documents/mainfiles/asic_rtl/patched/conv_accelerator_asic.v:86:8: ... Location of module with timescale
   86 | module conv_accelerator #(
      |        ^~~~~~~~~~~~~~~~
%Warning-TIMESCALEMOD: /home/luxyxp/Documents/mainfiles/asic/run/rtl2gds/tmp/1bc154933c864d5a9dc1f8cecbfff9fd.bb.v:1384:8: Timescale missing on this module as other modules have it (IEEE 1800-2023 3.14.2.3)
 1384 | module sky130_fd_sc_hd__a32oi_1(Y, A1, A2, A3, B1, B2, VPWR, VGND, VPB, VNB);
      |        ^~~~~~~~~~~~~~~~~~~~~~~~
                       /home/luxyxp/Documents/mainfiles/asic_rtl/patched/conv_accelerator_asic.v:86:8: ... Location of module with timescale
   86 | module conv_accelerator #(
      |        ^~~~~~~~~~~~~~~~
%Warning-TIMESCALEMOD: /home/luxyxp/Documents/mainfiles/asic/run/rtl2gds/tmp/1bc154933c864d5a9dc1f8cecbfff9fd.bb.v:1407:8: Timescale missing on this module as other modules have it (IEEE 1800-2023 3.14.2.3)
 1407 | module sky130_fd_sc_hd__a32oi_2(Y, A1, A2, A3, B1, B2, VPWR, VGND, VPB, VNB);
      |        ^~~~~~~~~~~~~~~~~~~~~~~~
                       /home/luxyxp/Documents/mainfiles/asic_rtl/patched/conv_accelerator_asic.v:86:8: ... Location of module with timescale
   86 | module conv_accelerator #(
      |        ^~~~~~~~~~~~~~~~
%Warning-TIMESCALEMOD: /home/luxyxp/Documents/mainfiles/asic/run/rtl2gds/tmp/1bc154933c864d5a9dc1f8cecbfff9fd.bb.v:1430:8: Timescale missing on this module as other modules have it (IEEE 1800-2023 3.14.2.3)
 1430 | module sky130_fd_sc_hd__a32oi_4(Y, A1, A2, A3, B1, B2, VPWR, VGND, VPB, VNB);
      |        ^~~~~~~~~~~~~~~~~~~~~~~~
                       /home/luxyxp/Documents/mainfiles/asic_rtl/patched/conv_accelerator_asic.v:86:8: ... Location of module with timescale
   86 | module conv_accelerator #(
      |        ^~~~~~~~~~~~~~~~
%Warning-TIMESCALEMOD: /home/luxyxp/Documents/mainfiles/asic/run/rtl2gds/tmp/1bc154933c864d5a9dc1f8cecbfff9fd.bb.v:1453:8: Timescale missing on this module as other modules have it (IEEE 1800-2023 3.14.2.3)
 1453 | module sky130_fd_sc_hd__a41o_1(X, A1, A2, A3, A4, B1, VPWR, VGND, VPB, VNB);
      |        ^~~~~~~~~~~~~~~~~~~~~~~
                       /home/luxyxp/Documents/mainfiles/asic_rtl/patched/conv_accelerator_asic.v:86:8: ... Location of module with timescale
   86 | module conv_accelerator #(
      |        ^~~~~~~~~~~~~~~~
%Warning-TIMESCALEMOD: /home/luxyxp/Documents/mainfiles/asic/run/rtl2gds/tmp/1bc154933c864d5a9dc1f8cecbfff9fd.bb.v:1476:8: Timescale missing on this module as other modules have it (IEEE 1800-2023 3.14.2.3)
 1476 | module sky130_fd_sc_hd__a41o_2(X, A1, A2, A3, A4, B1, VPWR, VGND, VPB, VNB);
      |        ^~~~~~~~~~~~~~~~~~~~~~~
                       /home/luxyxp/Documents/mainfiles/asic_rtl/patched/conv_accelerator_asic.v:86:8: ... Location of module with timescale
   86 | module conv_accelerator #(
      |        ^~~~~~~~~~~~~~~~
%Warning-TIMESCALEMOD: /home/luxyxp/Documents/mainfiles/asic/run/rtl2gds/tmp/1bc154933c864d5a9dc1f8cecbfff9fd.bb.v:1499:8: Timescale missing on this module as other modules have it (IEEE 1800-2023 3.14.2.3)
 1499 | module sky130_fd_sc_hd__a41o_4(X, A1, A2, A3, A4, B1, VPWR, VGND, VPB, VNB);
      |        ^~~~~~~~~~~~~~~~~~~~~~~
                       /home/luxyxp/Documents/mainfiles/asic_rtl/patched/conv_accelerator_asic.v:86:8: ... Location of module with timescale
   86 | module conv_accelerator #(
      |        ^~~~~~~~~~~~~~~~
%Warning-TIMESCALEMOD: /home/luxyxp/Documents/mainfiles/asic/run/rtl2gds/tmp/1bc154933c864d5a9dc1f8cecbfff9fd.bb.v:1522:8: Timescale missing on this module as other modules have it (IEEE 1800-2023 3.14.2.3)
 1522 | module sky130_fd_sc_hd__a41oi_1(Y, A1, A2, A3, A4, B1, VPWR, VGND, VPB, VNB);
      |        ^~~~~~~~~~~~~~~~~~~~~~~~
                       /home/luxyxp/Documents/mainfiles/asic_rtl/patched/conv_accelerator_asic.v:86:8: ... Location of module with timescale
   86 | module conv_accelerator #(
      |        ^~~~~~~~~~~~~~~~
%Warning-TIMESCALEMOD: /home/luxyxp/Documents/mainfiles/asic/run/rtl2gds/tmp/1bc154933c864d5a9dc1f8cecbfff9fd.bb.v:1545:8: Timescale missing on this module as other modules have it (IEEE 1800-2023 3.14.2.3)
 1545 | module sky130_fd_sc_hd__a41oi_2(Y, A1, A2, A3, A4, B1, VPWR, VGND, VPB, VNB);
      |        ^~~~~~~~~~~~~~~~~~~~~~~~
                       /home/luxyxp/Documents/mainfiles/asic_rtl/patched/conv_accelerator_asic.v:86:8: ... Location of module with timescale
   86 | module conv_accelerator #(
      |        ^~~~~~~~~~~~~~~~
%Warning-TIMESCALEMOD: /home/luxyxp/Documents/mainfiles/asic/run/rtl2gds/tmp/1bc154933c864d5a9dc1f8cecbfff9fd.bb.v:1568:8: Timescale missing on this module as other modules have it (IEEE 1800-2023 3.14.2.3)
 1568 | module sky130_fd_sc_hd__a41oi_4(Y, A1, A2, A3, A4, B1, VPWR, VGND, VPB, VNB);
      |        ^~~~~~~~~~~~~~~~~~~~~~~~
                       /home/luxyxp/Documents/mainfiles/asic_rtl/patched/conv_accelerator_asic.v:86:8: ... Location of module with timescale
   86 | module conv_accelerator #(
      |        ^~~~~~~~~~~~~~~~
%Warning-TIMESCALEMOD: /home/luxyxp/Documents/mainfiles/asic/run/rtl2gds/tmp/1bc154933c864d5a9dc1f8cecbfff9fd.bb.v:1591:8: Timescale missing on this module as other modules have it (IEEE 1800-2023 3.14.2.3)
 1591 | module sky130_fd_sc_hd__and2_0(X, A, B, VPWR, VGND, VPB, VNB);
      |        ^~~~~~~~~~~~~~~~~~~~~~~
                       /home/luxyxp/Documents/mainfiles/asic_rtl/patched/conv_accelerator_asic.v:86:8: ... Location of module with timescale
   86 | module conv_accelerator #(
      |        ^~~~~~~~~~~~~~~~
%Warning-TIMESCALEMOD: /home/luxyxp/Documents/mainfiles/asic/run/rtl2gds/tmp/1bc154933c864d5a9dc1f8cecbfff9fd.bb.v:1608:8: Timescale missing on this module as other modules have it (IEEE 1800-2023 3.14.2.3)
 1608 | module sky130_fd_sc_hd__and2_1(X, A, B, VPWR, VGND, VPB, VNB);
      |        ^~~~~~~~~~~~~~~~~~~~~~~
                       /home/luxyxp/Documents/mainfiles/asic_rtl/patched/conv_accelerator_asic.v:86:8: ... Location of module with timescale
   86 | module conv_accelerator #(
      |        ^~~~~~~~~~~~~~~~
%Warning-TIMESCALEMOD: /home/luxyxp/Documents/mainfiles/asic/run/rtl2gds/tmp/1bc154933c864d5a9dc1f8cecbfff9fd.bb.v:1625:8: Timescale missing on this module as other modules have it (IEEE 1800-2023 3.14.2.3)
 1625 | module sky130_fd_sc_hd__and2_2(X, A, B, VPWR, VGND, VPB, VNB);
      |        ^~~~~~~~~~~~~~~~~~~~~~~
                       /home/luxyxp/Documents/mainfiles/asic_rtl/patched/conv_accelerator_asic.v:86:8: ... Location of module with timescale
   86 | module conv_accelerator #(
      |        ^~~~~~~~~~~~~~~~
%Warning-TIMESCALEMOD: /home/luxyxp/Documents/mainfiles/asic/run/rtl2gds/tmp/1bc154933c864d5a9dc1f8cecbfff9fd.bb.v:1642:8: Timescale missing on this module as other modules have it (IEEE 1800-2023 3.14.2.3)
 1642 | module sky130_fd_sc_hd__and2_4(X, A, B, VPWR, VGND, VPB, VNB);
      |        ^~~~~~~~~~~~~~~~~~~~~~~
                       /home/luxyxp/Documents/mainfiles/asic_rtl/patched/conv_accelerator_asic.v:86:8: ... Location of module with timescale
   86 | module conv_accelerator #(
      |        ^~~~~~~~~~~~~~~~
%Warning-TIMESCALEMOD: /home/luxyxp/Documents/mainfiles/asic/run/rtl2gds/tmp/1bc154933c864d5a9dc1f8cecbfff9fd.bb.v:1659:8: Timescale missing on this module as other modules have it (IEEE 1800-2023 3.14.2.3)
 1659 | module sky130_fd_sc_hd__and2b_1(X, A_N, B, VPWR, VGND, VPB, VNB);
      |        ^~~~~~~~~~~~~~~~~~~~~~~~
                       /home/luxyxp/Documents/mainfiles/asic_rtl/patched/conv_accelerator_asic.v:86:8: ... Location of module with timescale
   86 | module conv_accelerator #(
      |        ^~~~~~~~~~~~~~~~
%Warning-TIMESCALEMOD: /home/luxyxp/Documents/mainfiles/asic/run/rtl2gds/tmp/1bc154933c864d5a9dc1f8cecbfff9fd.bb.v:1676:8: Timescale missing on this module as other modules have it (IEEE 1800-2023 3.14.2.3)
 1676 | module sky130_fd_sc_hd__and2b_2(X, A_N, B, VPWR, VGND, VPB, VNB);
      |        ^~~~~~~~~~~~~~~~~~~~~~~~
                       /home/luxyxp/Documents/mainfiles/asic_rtl/patched/conv_accelerator_asic.v:86:8: ... Location of module with timescale
   86 | module conv_accelerator #(
      |        ^~~~~~~~~~~~~~~~
%Warning-TIMESCALEMOD: /home/luxyxp/Documents/mainfiles/asic/run/rtl2gds/tmp/1bc154933c864d5a9dc1f8cecbfff9fd.bb.v:1693:8: Timescale missing on this module as other modules have it (IEEE 1800-2023 3.14.2.3)
 1693 | module sky130_fd_sc_hd__and2b_4(X, A_N, B, VPWR, VGND, VPB, VNB);
      |        ^~~~~~~~~~~~~~~~~~~~~~~~
                       /home/luxyxp/Documents/mainfiles/asic_rtl/patched/conv_accelerator_asic.v:86:8: ... Location of module with timescale
   86 | module conv_accelerator #(
      |        ^~~~~~~~~~~~~~~~
%Warning-TIMESCALEMOD: /home/luxyxp/Documents/mainfiles/asic/run/rtl2gds/tmp/1bc154933c864d5a9dc1f8cecbfff9fd.bb.v:1710:8: Timescale missing on this module as other modules have it (IEEE 1800-2023 3.14.2.3)
 1710 | module sky130_fd_sc_hd__and3_1(X, A, B, C, VPWR, VGND, VPB, VNB);
      |        ^~~~~~~~~~~~~~~~~~~~~~~
                       /home/luxyxp/Documents/mainfiles/asic_rtl/patched/conv_accelerator_asic.v:86:8: ... Location of module with timescale
   86 | module conv_accelerator #(
      |        ^~~~~~~~~~~~~~~~
%Warning-TIMESCALEMOD: /home/luxyxp/Documents/mainfiles/asic/run/rtl2gds/tmp/1bc154933c864d5a9dc1f8cecbfff9fd.bb.v:1729:8: Timescale missing on this module as other modules have it (IEEE 1800-2023 3.14.2.3)
 1729 | module sky130_fd_sc_hd__and3_2(X, A, B, C, VPWR, VGND, VPB, VNB);
      |        ^~~~~~~~~~~~~~~~~~~~~~~
                       /home/luxyxp/Documents/mainfiles/asic_rtl/patched/conv_accelerator_asic.v:86:8: ... Location of module with timescale
   86 | module conv_accelerator #(
      |        ^~~~~~~~~~~~~~~~
%Warning-TIMESCALEMOD: /home/luxyxp/Documents/mainfiles/asic/run/rtl2gds/tmp/1bc154933c864d5a9dc1f8cecbfff9fd.bb.v:1748:8: Timescale missing on this module as other modules have it (IEEE 1800-2023 3.14.2.3)
 1748 | module sky130_fd_sc_hd__and3_4(X, A, B, C, VPWR, VGND, VPB, VNB);
      |        ^~~~~~~~~~~~~~~~~~~~~~~
                       /home/luxyxp/Documents/mainfiles/asic_rtl/patched/conv_accelerator_asic.v:86:8: ... Location of module with timescale
   86 | module conv_accelerator #(
      |        ^~~~~~~~~~~~~~~~
%Warning-TIMESCALEMOD: /home/luxyxp/Documents/mainfiles/asic/run/rtl2gds/tmp/1bc154933c864d5a9dc1f8cecbfff9fd.bb.v:1767:8: Timescale missing on this module as other modules have it (IEEE 1800-2023 3.14.2.3)
 1767 | module sky130_fd_sc_hd__and3b_1(X, A_N, B, C, VPWR, VGND, VPB, VNB);
      |        ^~~~~~~~~~~~~~~~~~~~~~~~
                       /home/luxyxp/Documents/mainfiles/asic_rtl/patched/conv_accelerator_asic.v:86:8: ... Location of module with timescale
   86 | module conv_accelerator #(
      |        ^~~~~~~~~~~~~~~~
%Warning-TIMESCALEMOD: /home/luxyxp/Documents/mainfiles/asic/run/rtl2gds/tmp/1bc154933c864d5a9dc1f8cecbfff9fd.bb.v:1786:8: Timescale missing on this module as other modules have it (IEEE 1800-2023 3.14.2.3)
 1786 | module sky130_fd_sc_hd__and3b_2(X, A_N, B, C, VPWR, VGND, VPB, VNB);
      |        ^~~~~~~~~~~~~~~~~~~~~~~~
                       /home/luxyxp/Documents/mainfiles/asic_rtl/patched/conv_accelerator_asic.v:86:8: ... Location of module with timescale
   86 | module conv_accelerator #(
      |        ^~~~~~~~~~~~~~~~
%Warning-TIMESCALEMOD: /home/luxyxp/Documents/mainfiles/asic/run/rtl2gds/tmp/1bc154933c864d5a9dc1f8cecbfff9fd.bb.v:1805:8: Timescale missing on this module as other modules have it (IEEE 1800-2023 3.14.2.3)
 1805 | module sky130_fd_sc_hd__and3b_4(X, A_N, B, C, VPWR, VGND, VPB, VNB);
      |        ^~~~~~~~~~~~~~~~~~~~~~~~
                       /home/luxyxp/Documents/mainfiles/asic_rtl/patched/conv_accelerator_asic.v:86:8: ... Location of module with timescale
   86 | module conv_accelerator #(
      |        ^~~~~~~~~~~~~~~~
%Warning-TIMESCALEMOD: /home/luxyxp/Documents/mainfiles/asic/run/rtl2gds/tmp/1bc154933c864d5a9dc1f8cecbfff9fd.bb.v:1824:8: Timescale missing on this module as other modules have it (IEEE 1800-2023 3.14.2.3)
 1824 | module sky130_fd_sc_hd__and4_1(X, A, B, C, D, VPWR, VGND, VPB, VNB);
      |        ^~~~~~~~~~~~~~~~~~~~~~~
                       /home/luxyxp/Documents/mainfiles/asic_rtl/patched/conv_accelerator_asic.v:86:8: ... Location of module with timescale
   86 | module conv_accelerator #(
      |        ^~~~~~~~~~~~~~~~
%Warning-TIMESCALEMOD: /home/luxyxp/Documents/mainfiles/asic/run/rtl2gds/tmp/1bc154933c864d5a9dc1f8cecbfff9fd.bb.v:1845:8: Timescale missing on this module as other modules have it (IEEE 1800-2023 3.14.2.3)
 1845 | module sky130_fd_sc_hd__and4_2(X, A, B, C, D, VPWR, VGND, VPB, VNB);
      |        ^~~~~~~~~~~~~~~~~~~~~~~
                       /home/luxyxp/Documents/mainfiles/asic_rtl/patched/conv_accelerator_asic.v:86:8: ... Location of module with timescale
   86 | module conv_accelerator #(
      |        ^~~~~~~~~~~~~~~~
%Warning-TIMESCALEMOD: /home/luxyxp/Documents/mainfiles/asic/run/rtl2gds/tmp/1bc154933c864d5a9dc1f8cecbfff9fd.bb.v:1866:8: Timescale missing on this module as other modules have it (IEEE 1800-2023 3.14.2.3)
 1866 | module sky130_fd_sc_hd__and4_4(X, A, B, C, D, VPWR, VGND, VPB, VNB);
      |        ^~~~~~~~~~~~~~~~~~~~~~~
                       /home/luxyxp/Documents/mainfiles/asic_rtl/patched/conv_accelerator_asic.v:86:8: ... Location of module with timescale
   86 | module conv_accelerator #(
      |        ^~~~~~~~~~~~~~~~
%Warning-TIMESCALEMOD: /home/luxyxp/Documents/mainfiles/asic/run/rtl2gds/tmp/1bc154933c864d5a9dc1f8cecbfff9fd.bb.v:1887:8: Timescale missing on this module as other modules have it (IEEE 1800-2023 3.14.2.3)
 1887 | module sky130_fd_sc_hd__and4b_1(X, A_N, B, C, D, VPWR, VGND, VPB, VNB);
      |        ^~~~~~~~~~~~~~~~~~~~~~~~
                       /home/luxyxp/Documents/mainfiles/asic_rtl/patched/conv_accelerator_asic.v:86:8: ... Location of module with timescale
   86 | module conv_accelerator #(
      |        ^~~~~~~~~~~~~~~~
%Warning-TIMESCALEMOD: /home/luxyxp/Documents/mainfiles/asic/run/rtl2gds/tmp/1bc154933c864d5a9dc1f8cecbfff9fd.bb.v:1908:8: Timescale missing on this module as other modules have it (IEEE 1800-2023 3.14.2.3)
 1908 | module sky130_fd_sc_hd__and4b_2(X, A_N, B, C, D, VPWR, VGND, VPB, VNB);
      |        ^~~~~~~~~~~~~~~~~~~~~~~~
                       /home/luxyxp/Documents/mainfiles/asic_rtl/patched/conv_accelerator_asic.v:86:8: ... Location of module with timescale
   86 | module conv_accelerator #(
      |        ^~~~~~~~~~~~~~~~
%Warning-TIMESCALEMOD: /home/luxyxp/Documents/mainfiles/asic/run/rtl2gds/tmp/1bc154933c864d5a9dc1f8cecbfff9fd.bb.v:1929:8: Timescale missing on this module as other modules have it (IEEE 1800-2023 3.14.2.3)
 1929 | module sky130_fd_sc_hd__and4b_4(X, A_N, B, C, D, VPWR, VGND, VPB, VNB);
      |        ^~~~~~~~~~~~~~~~~~~~~~~~
                       /home/luxyxp/Documents/mainfiles/asic_rtl/patched/conv_accelerator_asic.v:86:8: ... Location of module with timescale
   86 | module conv_accelerator #(
      |        ^~~~~~~~~~~~~~~~
%Warning-TIMESCALEMOD: /home/luxyxp/Documents/mainfiles/asic/run/rtl2gds/tmp/1bc154933c864d5a9dc1f8cecbfff9fd.bb.v:1950:8: Timescale missing on this module as other modules have it (IEEE 1800-2023 3.14.2.3)
 1950 | module sky130_fd_sc_hd__and4bb_1(X, A_N, B_N, C, D, VPWR, VGND, VPB, VNB);
      |        ^~~~~~~~~~~~~~~~~~~~~~~~~
                       /home/luxyxp/Documents/mainfiles/asic_rtl/patched/conv_accelerator_asic.v:86:8: ... Location of module with timescale
   86 | module conv_accelerator #(
      |        ^~~~~~~~~~~~~~~~
%Warning-TIMESCALEMOD: /home/luxyxp/Documents/mainfiles/asic/run/rtl2gds/tmp/1bc154933c864d5a9dc1f8cecbfff9fd.bb.v:1971:8: Timescale missing on this module as other modules have it (IEEE 1800-2023 3.14.2.3)
 1971 | module sky130_fd_sc_hd__and4bb_2(X, A_N, B_N, C, D, VPWR, VGND, VPB, VNB);
      |        ^~~~~~~~~~~~~~~~~~~~~~~~~
                       /home/luxyxp/Documents/mainfiles/asic_rtl/patched/conv_accelerator_asic.v:86:8: ... Location of module with timescale
   86 | module conv_accelerator #(
      |        ^~~~~~~~~~~~~~~~
%Warning-TIMESCALEMOD: /home/luxyxp/Documents/mainfiles/asic/run/rtl2gds/tmp/1bc154933c864d5a9dc1f8cecbfff9fd.bb.v:1992:8: Timescale missing on this module as other modules have it (IEEE 1800-2023 3.14.2.3)
 1992 | module sky130_fd_sc_hd__and4bb_4(X, A_N, B_N, C, D, VPWR, VGND, VPB, VNB);
      |        ^~~~~~~~~~~~~~~~~~~~~~~~~
                       /home/luxyxp/Documents/mainfiles/asic_rtl/patched/conv_accelerator_asic.v:86:8: ... Location of module with timescale
   86 | module conv_accelerator #(
      |        ^~~~~~~~~~~~~~~~
%Warning-TIMESCALEMOD: /home/luxyxp/Documents/mainfiles/asic/run/rtl2gds/tmp/1bc154933c864d5a9dc1f8cecbfff9fd.bb.v:2013:8: Timescale missing on this module as other modules have it (IEEE 1800-2023 3.14.2.3)
 2013 | module sky130_fd_sc_hd__buf_1(X, A, VPWR, VGND, VPB, VNB);
      |        ^~~~~~~~~~~~~~~~~~~~~~
                       /home/luxyxp/Documents/mainfiles/asic_rtl/patched/conv_accelerator_asic.v:86:8: ... Location of module with timescale
   86 | module conv_accelerator #(
      |        ^~~~~~~~~~~~~~~~
%Warning-TIMESCALEMOD: /home/luxyxp/Documents/mainfiles/asic/run/rtl2gds/tmp/1bc154933c864d5a9dc1f8cecbfff9fd.bb.v:2028:8: Timescale missing on this module as other modules have it (IEEE 1800-2023 3.14.2.3)
 2028 | module sky130_fd_sc_hd__buf_12(X, A, VPWR, VGND, VPB, VNB);
      |        ^~~~~~~~~~~~~~~~~~~~~~~
                       /home/luxyxp/Documents/mainfiles/asic_rtl/patched/conv_accelerator_asic.v:86:8: ... Location of module with timescale
   86 | module conv_accelerator #(
      |        ^~~~~~~~~~~~~~~~
%Warning-TIMESCALEMOD: /home/luxyxp/Documents/mainfiles/asic/run/rtl2gds/tmp/1bc154933c864d5a9dc1f8cecbfff9fd.bb.v:2043:8: Timescale missing on this module as other modules have it (IEEE 1800-2023 3.14.2.3)
 2043 | module sky130_fd_sc_hd__buf_16(X, A, VPWR, VGND, VPB, VNB);
      |        ^~~~~~~~~~~~~~~~~~~~~~~
                       /home/luxyxp/Documents/mainfiles/asic_rtl/patched/conv_accelerator_asic.v:86:8: ... Location of module with timescale
   86 | module conv_accelerator #(
      |        ^~~~~~~~~~~~~~~~
%Warning-TIMESCALEMOD: /home/luxyxp/Documents/mainfiles/asic/run/rtl2gds/tmp/1bc154933c864d5a9dc1f8cecbfff9fd.bb.v:2058:8: Timescale missing on this module as other modules have it (IEEE 1800-2023 3.14.2.3)
 2058 | module sky130_fd_sc_hd__buf_2(X, A, VPWR, VGND, VPB, VNB);
      |        ^~~~~~~~~~~~~~~~~~~~~~
                       /home/luxyxp/Documents/mainfiles/asic_rtl/patched/conv_accelerator_asic.v:86:8: ... Location of module with timescale
   86 | module conv_accelerator #(
      |        ^~~~~~~~~~~~~~~~
%Warning-TIMESCALEMOD: /home/luxyxp/Documents/mainfiles/asic/run/rtl2gds/tmp/1bc154933c864d5a9dc1f8cecbfff9fd.bb.v:2073:8: Timescale missing on this module as other modules have it (IEEE 1800-2023 3.14.2.3)
 2073 | module sky130_fd_sc_hd__buf_4(X, A, VPWR, VGND, VPB, VNB);
      |        ^~~~~~~~~~~~~~~~~~~~~~
                       /home/luxyxp/Documents/mainfiles/asic_rtl/patched/conv_accelerator_asic.v:86:8: ... Location of module with timescale
   86 | module conv_accelerator #(
      |        ^~~~~~~~~~~~~~~~
%Warning-TIMESCALEMOD: /home/luxyxp/Documents/mainfiles/asic/run/rtl2gds/tmp/1bc154933c864d5a9dc1f8cecbfff9fd.bb.v:2088:8: Timescale missing on this module as other modules have it (IEEE 1800-2023 3.14.2.3)
 2088 | module sky130_fd_sc_hd__buf_6(X, A, VPWR, VGND, VPB, VNB);
      |        ^~~~~~~~~~~~~~~~~~~~~~
                       /home/luxyxp/Documents/mainfiles/asic_rtl/patched/conv_accelerator_asic.v:86:8: ... Location of module with timescale
   86 | module conv_accelerator #(
      |        ^~~~~~~~~~~~~~~~
%Warning-TIMESCALEMOD: /home/luxyxp/Documents/mainfiles/asic/run/rtl2gds/tmp/1bc154933c864d5a9dc1f8cecbfff9fd.bb.v:2103:8: Timescale missing on this module as other modules have it (IEEE 1800-2023 3.14.2.3)
 2103 | module sky130_fd_sc_hd__buf_8(X, A, VPWR, VGND, VPB, VNB);
      |        ^~~~~~~~~~~~~~~~~~~~~~
                       /home/luxyxp/Documents/mainfiles/asic_rtl/patched/conv_accelerator_asic.v:86:8: ... Location of module with timescale
   86 | module conv_accelerator #(
      |        ^~~~~~~~~~~~~~~~
%Warning-TIMESCALEMOD: /home/luxyxp/Documents/mainfiles/asic/run/rtl2gds/tmp/1bc154933c864d5a9dc1f8cecbfff9fd.bb.v:2118:8: Timescale missing on this module as other modules have it (IEEE 1800-2023 3.14.2.3)
 2118 | module sky130_fd_sc_hd__bufbuf_16(X, A, VPWR, VGND, VPB, VNB);
      |        ^~~~~~~~~~~~~~~~~~~~~~~~~~
                       /home/luxyxp/Documents/mainfiles/asic_rtl/patched/conv_accelerator_asic.v:86:8: ... Location of module with timescale
   86 | module conv_accelerator #(
      |        ^~~~~~~~~~~~~~~~
%Warning-TIMESCALEMOD: /home/luxyxp/Documents/mainfiles/asic/run/rtl2gds/tmp/1bc154933c864d5a9dc1f8cecbfff9fd.bb.v:2133:8: Timescale missing on this module as other modules have it (IEEE 1800-2023 3.14.2.3)
 2133 | module sky130_fd_sc_hd__bufbuf_8(X, A, VPWR, VGND, VPB, VNB);
      |        ^~~~~~~~~~~~~~~~~~~~~~~~~
                       /home/luxyxp/Documents/mainfiles/asic_rtl/patched/conv_accelerator_asic.v:86:8: ... Location of module with timescale
   86 | module conv_accelerator #(
      |        ^~~~~~~~~~~~~~~~
%Warning-TIMESCALEMOD: /home/luxyxp/Documents/mainfiles/asic/run/rtl2gds/tmp/1bc154933c864d5a9dc1f8cecbfff9fd.bb.v:2148:8: Timescale missing on this module as other modules have it (IEEE 1800-2023 3.14.2.3)
 2148 | module sky130_fd_sc_hd__bufinv_16(Y, A, VPWR, VGND, VPB, VNB);
      |        ^~~~~~~~~~~~~~~~~~~~~~~~~~
                       /home/luxyxp/Documents/mainfiles/asic_rtl/patched/conv_accelerator_asic.v:86:8: ... Location of module with timescale
   86 | module conv_accelerator #(
      |        ^~~~~~~~~~~~~~~~
%Warning-TIMESCALEMOD: /home/luxyxp/Documents/mainfiles/asic/run/rtl2gds/tmp/1bc154933c864d5a9dc1f8cecbfff9fd.bb.v:2163:8: Timescale missing on this module as other modules have it (IEEE 1800-2023 3.14.2.3)
 2163 | module sky130_fd_sc_hd__bufinv_8(Y, A, VPWR, VGND, VPB, VNB);
      |        ^~~~~~~~~~~~~~~~~~~~~~~~~
                       /home/luxyxp/Documents/mainfiles/asic_rtl/patched/conv_accelerator_asic.v:86:8: ... Location of module with timescale
   86 | module conv_accelerator #(
      |        ^~~~~~~~~~~~~~~~
%Warning-TIMESCALEMOD: /home/luxyxp/Documents/mainfiles/asic/run/rtl2gds/tmp/1bc154933c864d5a9dc1f8cecbfff9fd.bb.v:2178:8: Timescale missing on this module as other modules have it (IEEE 1800-2023 3.14.2.3)
 2178 | module sky130_fd_sc_hd__clkbuf_1(X, A, VPWR, VGND, VPB, VNB);
      |        ^~~~~~~~~~~~~~~~~~~~~~~~~
                       /home/luxyxp/Documents/mainfiles/asic_rtl/patched/conv_accelerator_asic.v:86:8: ... Location of module with timescale
   86 | module conv_accelerator #(
      |        ^~~~~~~~~~~~~~~~
%Warning-TIMESCALEMOD: /home/luxyxp/Documents/mainfiles/asic/run/rtl2gds/tmp/1bc154933c864d5a9dc1f8cecbfff9fd.bb.v:2193:8: Timescale missing on this module as other modules have it (IEEE 1800-2023 3.14.2.3)
 2193 | module sky130_fd_sc_hd__clkbuf_16(X, A, VPWR, VGND, VPB, VNB);
      |        ^~~~~~~~~~~~~~~~~~~~~~~~~~
                       /home/luxyxp/Documents/mainfiles/asic_rtl/patched/conv_accelerator_asic.v:86:8: ... Location of module with timescale
   86 | module conv_accelerator #(
      |        ^~~~~~~~~~~~~~~~
%Warning-TIMESCALEMOD: /home/luxyxp/Documents/mainfiles/asic/run/rtl2gds/tmp/1bc154933c864d5a9dc1f8cecbfff9fd.bb.v:2208:8: Timescale missing on this module as other modules have it (IEEE 1800-2023 3.14.2.3)
 2208 | module sky130_fd_sc_hd__clkbuf_2(X, A, VPWR, VGND, VPB, VNB);
      |        ^~~~~~~~~~~~~~~~~~~~~~~~~
                       /home/luxyxp/Documents/mainfiles/asic_rtl/patched/conv_accelerator_asic.v:86:8: ... Location of module with timescale
   86 | module conv_accelerator #(
      |        ^~~~~~~~~~~~~~~~
%Warning-TIMESCALEMOD: /home/luxyxp/Documents/mainfiles/asic/run/rtl2gds/tmp/1bc154933c864d5a9dc1f8cecbfff9fd.bb.v:2223:8: Timescale missing on this module as other modules have it (IEEE 1800-2023 3.14.2.3)
 2223 | module sky130_fd_sc_hd__clkbuf_4(X, A, VPWR, VGND, VPB, VNB);
      |        ^~~~~~~~~~~~~~~~~~~~~~~~~
                       /home/luxyxp/Documents/mainfiles/asic_rtl/patched/conv_accelerator_asic.v:86:8: ... Location of module with timescale
   86 | module conv_accelerator #(
      |        ^~~~~~~~~~~~~~~~
%Warning-TIMESCALEMOD: /home/luxyxp/Documents/mainfiles/asic/run/rtl2gds/tmp/1bc154933c864d5a9dc1f8cecbfff9fd.bb.v:2238:8: Timescale missing on this module as other modules have it (IEEE 1800-2023 3.14.2.3)
 2238 | module sky130_fd_sc_hd__clkbuf_8(X, A, VPWR, VGND, VPB, VNB);
      |        ^~~~~~~~~~~~~~~~~~~~~~~~~
                       /home/luxyxp/Documents/mainfiles/asic_rtl/patched/conv_accelerator_asic.v:86:8: ... Location of module with timescale
   86 | module conv_accelerator #(
      |        ^~~~~~~~~~~~~~~~
%Warning-TIMESCALEMOD: /home/luxyxp/Documents/mainfiles/asic/run/rtl2gds/tmp/1bc154933c864d5a9dc1f8cecbfff9fd.bb.v:2253:8: Timescale missing on this module as other modules have it (IEEE 1800-2023 3.14.2.3)
 2253 | module sky130_fd_sc_hd__clkdlybuf4s15_1(X, A, VPWR, VGND, VPB, VNB);
      |        ^~~~~~~~~~~~~~~~~~~~~~~~~~~~~~~~
                       /home/luxyxp/Documents/mainfiles/asic_rtl/patched/conv_accelerator_asic.v:86:8: ... Location of module with timescale
   86 | module conv_accelerator #(
      |        ^~~~~~~~~~~~~~~~
%Warning-TIMESCALEMOD: /home/luxyxp/Documents/mainfiles/asic/run/rtl2gds/tmp/1bc154933c864d5a9dc1f8cecbfff9fd.bb.v:2268:8: Timescale missing on this module as other modules have it (IEEE 1800-2023 3.14.2.3)
 2268 | module sky130_fd_sc_hd__clkdlybuf4s15_2(X, A, VPWR, VGND, VPB, VNB);
      |        ^~~~~~~~~~~~~~~~~~~~~~~~~~~~~~~~
                       /home/luxyxp/Documents/mainfiles/asic_rtl/patched/conv_accelerator_asic.v:86:8: ... Location of module with timescale
   86 | module conv_accelerator #(
      |        ^~~~~~~~~~~~~~~~
%Warning-TIMESCALEMOD: /home/luxyxp/Documents/mainfiles/asic/run/rtl2gds/tmp/1bc154933c864d5a9dc1f8cecbfff9fd.bb.v:2283:8: Timescale missing on this module as other modules have it (IEEE 1800-2023 3.14.2.3)
 2283 | module sky130_fd_sc_hd__clkdlybuf4s18_1(X, A, VPWR, VGND, VPB, VNB);
      |        ^~~~~~~~~~~~~~~~~~~~~~~~~~~~~~~~
                       /home/luxyxp/Documents/mainfiles/asic_rtl/patched/conv_accelerator_asic.v:86:8: ... Location of module with timescale
   86 | module conv_accelerator #(
      |        ^~~~~~~~~~~~~~~~
%Warning-TIMESCALEMOD: /home/luxyxp/Documents/mainfiles/asic/run/rtl2gds/tmp/1bc154933c864d5a9dc1f8cecbfff9fd.bb.v:2298:8: Timescale missing on this module as other modules have it (IEEE 1800-2023 3.14.2.3)
 2298 | module sky130_fd_sc_hd__clkdlybuf4s18_2(X, A, VPWR, VGND, VPB, VNB);
      |        ^~~~~~~~~~~~~~~~~~~~~~~~~~~~~~~~
                       /home/luxyxp/Documents/mainfiles/asic_rtl/patched/conv_accelerator_asic.v:86:8: ... Location of module with timescale
   86 | module conv_accelerator #(
      |        ^~~~~~~~~~~~~~~~
%Warning-TIMESCALEMOD: /home/luxyxp/Documents/mainfiles/asic/run/rtl2gds/tmp/1bc154933c864d5a9dc1f8cecbfff9fd.bb.v:2313:8: Timescale missing on this module as other modules have it (IEEE 1800-2023 3.14.2.3)
 2313 | module sky130_fd_sc_hd__clkdlybuf4s25_1(X, A, VPWR, VGND, VPB, VNB);
      |        ^~~~~~~~~~~~~~~~~~~~~~~~~~~~~~~~
                       /home/luxyxp/Documents/mainfiles/asic_rtl/patched/conv_accelerator_asic.v:86:8: ... Location of module with timescale
   86 | module conv_accelerator #(
      |        ^~~~~~~~~~~~~~~~
%Warning-TIMESCALEMOD: /home/luxyxp/Documents/mainfiles/asic/run/rtl2gds/tmp/1bc154933c864d5a9dc1f8cecbfff9fd.bb.v:2328:8: Timescale missing on this module as other modules have it (IEEE 1800-2023 3.14.2.3)
 2328 | module sky130_fd_sc_hd__clkdlybuf4s25_2(X, A, VPWR, VGND, VPB, VNB);
      |        ^~~~~~~~~~~~~~~~~~~~~~~~~~~~~~~~
                       /home/luxyxp/Documents/mainfiles/asic_rtl/patched/conv_accelerator_asic.v:86:8: ... Location of module with timescale
   86 | module conv_accelerator #(
      |        ^~~~~~~~~~~~~~~~
%Warning-TIMESCALEMOD: /home/luxyxp/Documents/mainfiles/asic/run/rtl2gds/tmp/1bc154933c864d5a9dc1f8cecbfff9fd.bb.v:2343:8: Timescale missing on this module as other modules have it (IEEE 1800-2023 3.14.2.3)
 2343 | module sky130_fd_sc_hd__clkdlybuf4s50_1(X, A, VPWR, VGND, VPB, VNB);
      |        ^~~~~~~~~~~~~~~~~~~~~~~~~~~~~~~~
                       /home/luxyxp/Documents/mainfiles/asic_rtl/patched/conv_accelerator_asic.v:86:8: ... Location of module with timescale
   86 | module conv_accelerator #(
      |        ^~~~~~~~~~~~~~~~
%Warning-TIMESCALEMOD: /home/luxyxp/Documents/mainfiles/asic/run/rtl2gds/tmp/1bc154933c864d5a9dc1f8cecbfff9fd.bb.v:2358:8: Timescale missing on this module as other modules have it (IEEE 1800-2023 3.14.2.3)
 2358 | module sky130_fd_sc_hd__clkdlybuf4s50_2(X, A, VPWR, VGND, VPB, VNB);
      |        ^~~~~~~~~~~~~~~~~~~~~~~~~~~~~~~~
                       /home/luxyxp/Documents/mainfiles/asic_rtl/patched/conv_accelerator_asic.v:86:8: ... Location of module with timescale
   86 | module conv_accelerator #(
      |        ^~~~~~~~~~~~~~~~
%Warning-TIMESCALEMOD: /home/luxyxp/Documents/mainfiles/asic/run/rtl2gds/tmp/1bc154933c864d5a9dc1f8cecbfff9fd.bb.v:2373:8: Timescale missing on this module as other modules have it (IEEE 1800-2023 3.14.2.3)
 2373 | module sky130_fd_sc_hd__clkinv_1(Y, A, VPWR, VGND, VPB, VNB);
      |        ^~~~~~~~~~~~~~~~~~~~~~~~~
                       /home/luxyxp/Documents/mainfiles/asic_rtl/patched/conv_accelerator_asic.v:86:8: ... Location of module with timescale
   86 | module conv_accelerator #(
      |        ^~~~~~~~~~~~~~~~
%Warning-TIMESCALEMOD: /home/luxyxp/Documents/mainfiles/asic/run/rtl2gds/tmp/1bc154933c864d5a9dc1f8cecbfff9fd.bb.v:2388:8: Timescale missing on this module as other modules have it (IEEE 1800-2023 3.14.2.3)
 2388 | module sky130_fd_sc_hd__clkinv_16(Y, A, VPWR, VGND, VPB, VNB);
      |        ^~~~~~~~~~~~~~~~~~~~~~~~~~
                       /home/luxyxp/Documents/mainfiles/asic_rtl/patched/conv_accelerator_asic.v:86:8: ... Location of module with timescale
   86 | module conv_accelerator #(
      |        ^~~~~~~~~~~~~~~~
%Warning-TIMESCALEMOD: /home/luxyxp/Documents/mainfiles/asic/run/rtl2gds/tmp/1bc154933c864d5a9dc1f8cecbfff9fd.bb.v:2403:8: Timescale missing on this module as other modules have it (IEEE 1800-2023 3.14.2.3)
 2403 | module sky130_fd_sc_hd__clkinv_2(Y, A, VPWR, VGND, VPB, VNB);
      |        ^~~~~~~~~~~~~~~~~~~~~~~~~
                       /home/luxyxp/Documents/mainfiles/asic_rtl/patched/conv_accelerator_asic.v:86:8: ... Location of module with timescale
   86 | module conv_accelerator #(
      |        ^~~~~~~~~~~~~~~~
%Warning-TIMESCALEMOD: /home/luxyxp/Documents/mainfiles/asic/run/rtl2gds/tmp/1bc154933c864d5a9dc1f8cecbfff9fd.bb.v:2418:8: Timescale missing on this module as other modules have it (IEEE 1800-2023 3.14.2.3)
 2418 | module sky130_fd_sc_hd__clkinv_4(Y, A, VPWR, VGND, VPB, VNB);
      |        ^~~~~~~~~~~~~~~~~~~~~~~~~
                       /home/luxyxp/Documents/mainfiles/asic_rtl/patched/conv_accelerator_asic.v:86:8: ... Location of module with timescale
   86 | module conv_accelerator #(
      |        ^~~~~~~~~~~~~~~~
%Warning-TIMESCALEMOD: /home/luxyxp/Documents/mainfiles/asic/run/rtl2gds/tmp/1bc154933c864d5a9dc1f8cecbfff9fd.bb.v:2433:8: Timescale missing on this module as other modules have it (IEEE 1800-2023 3.14.2.3)
 2433 | module sky130_fd_sc_hd__clkinv_8(Y, A, VPWR, VGND, VPB, VNB);
      |        ^~~~~~~~~~~~~~~~~~~~~~~~~
                       /home/luxyxp/Documents/mainfiles/asic_rtl/patched/conv_accelerator_asic.v:86:8: ... Location of module with timescale
   86 | module conv_accelerator #(
      |        ^~~~~~~~~~~~~~~~
%Warning-TIMESCALEMOD: /home/luxyxp/Documents/mainfiles/asic/run/rtl2gds/tmp/1bc154933c864d5a9dc1f8cecbfff9fd.bb.v:2448:8: Timescale missing on this module as other modules have it (IEEE 1800-2023 3.14.2.3)
 2448 | module sky130_fd_sc_hd__clkinvlp_2(Y, A, VPWR, VGND, VPB, VNB);
      |        ^~~~~~~~~~~~~~~~~~~~~~~~~~~
                       /home/luxyxp/Documents/mainfiles/asic_rtl/patched/conv_accelerator_asic.v:86:8: ... Location of module with timescale
   86 | module conv_accelerator #(
      |        ^~~~~~~~~~~~~~~~
%Warning-TIMESCALEMOD: /home/luxyxp/Documents/mainfiles/asic/run/rtl2gds/tmp/1bc154933c864d5a9dc1f8cecbfff9fd.bb.v:2463:8: Timescale missing on this module as other modules have it (IEEE 1800-2023 3.14.2.3)
 2463 | module sky130_fd_sc_hd__clkinvlp_4(Y, A, VPWR, VGND, VPB, VNB);
      |        ^~~~~~~~~~~~~~~~~~~~~~~~~~~
                       /home/luxyxp/Documents/mainfiles/asic_rtl/patched/conv_accelerator_asic.v:86:8: ... Location of module with timescale
   86 | module conv_accelerator #(
      |        ^~~~~~~~~~~~~~~~
%Warning-TIMESCALEMOD: /home/luxyxp/Documents/mainfiles/asic/run/rtl2gds/tmp/1bc154933c864d5a9dc1f8cecbfff9fd.bb.v:2478:8: Timescale missing on this module as other modules have it (IEEE 1800-2023 3.14.2.3)
 2478 | module sky130_fd_sc_hd__conb_1(HI, LO, VPWR, VGND, VPB, VNB);
      |        ^~~~~~~~~~~~~~~~~~~~~~~
                       /home/luxyxp/Documents/mainfiles/asic_rtl/patched/conv_accelerator_asic.v:86:8: ... Location of module with timescale
   86 | module conv_accelerator #(
      |        ^~~~~~~~~~~~~~~~
%Warning-TIMESCALEMOD: /home/luxyxp/Documents/mainfiles/asic/run/rtl2gds/tmp/1bc154933c864d5a9dc1f8cecbfff9fd.bb.v:2493:8: Timescale missing on this module as other modules have it (IEEE 1800-2023 3.14.2.3)
 2493 | module sky130_fd_sc_hd__decap_12(VPWR, VGND, VPB, VNB);
      |        ^~~~~~~~~~~~~~~~~~~~~~~~~
                       /home/luxyxp/Documents/mainfiles/asic_rtl/patched/conv_accelerator_asic.v:86:8: ... Location of module with timescale
   86 | module conv_accelerator #(
      |        ^~~~~~~~~~~~~~~~
%Warning-TIMESCALEMOD: /home/luxyxp/Documents/mainfiles/asic/run/rtl2gds/tmp/1bc154933c864d5a9dc1f8cecbfff9fd.bb.v:2504:8: Timescale missing on this module as other modules have it (IEEE 1800-2023 3.14.2.3)
 2504 | module sky130_fd_sc_hd__decap_3(VPWR, VGND, VPB, VNB);
      |        ^~~~~~~~~~~~~~~~~~~~~~~~
                       /home/luxyxp/Documents/mainfiles/asic_rtl/patched/conv_accelerator_asic.v:86:8: ... Location of module with timescale
   86 | module conv_accelerator #(
      |        ^~~~~~~~~~~~~~~~
%Warning-TIMESCALEMOD: /home/luxyxp/Documents/mainfiles/asic/run/rtl2gds/tmp/1bc154933c864d5a9dc1f8cecbfff9fd.bb.v:2515:8: Timescale missing on this module as other modules have it (IEEE 1800-2023 3.14.2.3)
 2515 | module sky130_fd_sc_hd__decap_4(VPWR, VGND, VPB, VNB);
      |        ^~~~~~~~~~~~~~~~~~~~~~~~
                       /home/luxyxp/Documents/mainfiles/asic_rtl/patched/conv_accelerator_asic.v:86:8: ... Location of module with timescale
   86 | module conv_accelerator #(
      |        ^~~~~~~~~~~~~~~~
%Warning-TIMESCALEMOD: /home/luxyxp/Documents/mainfiles/asic/run/rtl2gds/tmp/1bc154933c864d5a9dc1f8cecbfff9fd.bb.v:2526:8: Timescale missing on this module as other modules have it (IEEE 1800-2023 3.14.2.3)
 2526 | module sky130_fd_sc_hd__decap_6(VPWR, VGND, VPB, VNB);
      |        ^~~~~~~~~~~~~~~~~~~~~~~~
                       /home/luxyxp/Documents/mainfiles/asic_rtl/patched/conv_accelerator_asic.v:86:8: ... Location of module with timescale
   86 | module conv_accelerator #(
      |        ^~~~~~~~~~~~~~~~
%Warning-TIMESCALEMOD: /home/luxyxp/Documents/mainfiles/asic/run/rtl2gds/tmp/1bc154933c864d5a9dc1f8cecbfff9fd.bb.v:2537:8: Timescale missing on this module as other modules have it (IEEE 1800-2023 3.14.2.3)
 2537 | module sky130_fd_sc_hd__decap_8(VPWR, VGND, VPB, VNB);
      |        ^~~~~~~~~~~~~~~~~~~~~~~~
                       /home/luxyxp/Documents/mainfiles/asic_rtl/patched/conv_accelerator_asic.v:86:8: ... Location of module with timescale
   86 | module conv_accelerator #(
      |        ^~~~~~~~~~~~~~~~
%Warning-TIMESCALEMOD: /home/luxyxp/Documents/mainfiles/asic/run/rtl2gds/tmp/1bc154933c864d5a9dc1f8cecbfff9fd.bb.v:2548:8: Timescale missing on this module as other modules have it (IEEE 1800-2023 3.14.2.3)
 2548 | module sky130_fd_sc_hd__dfbbn_1(Q, Q_N, D, CLK_N, SET_B, RESET_B, VPWR, VGND, VPB, VNB);
      |        ^~~~~~~~~~~~~~~~~~~~~~~~
                       /home/luxyxp/Documents/mainfiles/asic_rtl/patched/conv_accelerator_asic.v:86:8: ... Location of module with timescale
   86 | module conv_accelerator #(
      |        ^~~~~~~~~~~~~~~~
%Warning-TIMESCALEMOD: /home/luxyxp/Documents/mainfiles/asic/run/rtl2gds/tmp/1bc154933c864d5a9dc1f8cecbfff9fd.bb.v:2571:8: Timescale missing on this module as other modules have it (IEEE 1800-2023 3.14.2.3)
 2571 | module sky130_fd_sc_hd__dfbbn_2(Q, Q_N, D, CLK_N, SET_B, RESET_B, VPWR, VGND, VPB, VNB);
      |        ^~~~~~~~~~~~~~~~~~~~~~~~
                       /home/luxyxp/Documents/mainfiles/asic_rtl/patched/conv_accelerator_asic.v:86:8: ... Location of module with timescale
   86 | module conv_accelerator #(
      |        ^~~~~~~~~~~~~~~~
%Warning-TIMESCALEMOD: /home/luxyxp/Documents/mainfiles/asic/run/rtl2gds/tmp/1bc154933c864d5a9dc1f8cecbfff9fd.bb.v:2594:8: Timescale missing on this module as other modules have it (IEEE 1800-2023 3.14.2.3)
 2594 | module sky130_fd_sc_hd__dfbbp_1(Q, Q_N, D, CLK, SET_B, RESET_B, VPWR, VGND, VPB, VNB);
      |        ^~~~~~~~~~~~~~~~~~~~~~~~
                       /home/luxyxp/Documents/mainfiles/asic_rtl/patched/conv_accelerator_asic.v:86:8: ... Location of module with timescale
   86 | module conv_accelerator #(
      |        ^~~~~~~~~~~~~~~~
%Warning-TIMESCALEMOD: /home/luxyxp/Documents/mainfiles/asic/run/rtl2gds/tmp/1bc154933c864d5a9dc1f8cecbfff9fd.bb.v:2617:8: Timescale missing on this module as other modules have it (IEEE 1800-2023 3.14.2.3)
 2617 | module sky130_fd_sc_hd__dfrbp_1(Q, Q_N, CLK, D, RESET_B, VPWR, VGND, VPB, VNB);
      |        ^~~~~~~~~~~~~~~~~~~~~~~~
                       /home/luxyxp/Documents/mainfiles/asic_rtl/patched/conv_accelerator_asic.v:86:8: ... Location of module with timescale
   86 | module conv_accelerator #(
      |        ^~~~~~~~~~~~~~~~
%Warning-TIMESCALEMOD: /home/luxyxp/Documents/mainfiles/asic/run/rtl2gds/tmp/1bc154933c864d5a9dc1f8cecbfff9fd.bb.v:2638:8: Timescale missing on this module as other modules have it (IEEE 1800-2023 3.14.2.3)
 2638 | module sky130_fd_sc_hd__dfrbp_2(Q, Q_N, CLK, D, RESET_B, VPWR, VGND, VPB, VNB);
      |        ^~~~~~~~~~~~~~~~~~~~~~~~
                       /home/luxyxp/Documents/mainfiles/asic_rtl/patched/conv_accelerator_asic.v:86:8: ... Location of module with timescale
   86 | module conv_accelerator #(
      |        ^~~~~~~~~~~~~~~~
%Warning-TIMESCALEMOD: /home/luxyxp/Documents/mainfiles/asic/run/rtl2gds/tmp/1bc154933c864d5a9dc1f8cecbfff9fd.bb.v:2659:8: Timescale missing on this module as other modules have it (IEEE 1800-2023 3.14.2.3)
 2659 | module sky130_fd_sc_hd__dfrtn_1(Q, CLK_N, D, RESET_B, VPWR, VGND, VPB, VNB);
      |        ^~~~~~~~~~~~~~~~~~~~~~~~
                       /home/luxyxp/Documents/mainfiles/asic_rtl/patched/conv_accelerator_asic.v:86:8: ... Location of module with timescale
   86 | module conv_accelerator #(
      |        ^~~~~~~~~~~~~~~~
%Warning-TIMESCALEMOD: /home/luxyxp/Documents/mainfiles/asic/run/rtl2gds/tmp/1bc154933c864d5a9dc1f8cecbfff9fd.bb.v:2678:8: Timescale missing on this module as other modules have it (IEEE 1800-2023 3.14.2.3)
 2678 | module sky130_fd_sc_hd__dfrtp_1(Q, CLK, D, RESET_B, VPWR, VGND, VPB, VNB);
      |        ^~~~~~~~~~~~~~~~~~~~~~~~
                       /home/luxyxp/Documents/mainfiles/asic_rtl/patched/conv_accelerator_asic.v:86:8: ... Location of module with timescale
   86 | module conv_accelerator #(
      |        ^~~~~~~~~~~~~~~~
%Warning-TIMESCALEMOD: /home/luxyxp/Documents/mainfiles/asic/run/rtl2gds/tmp/1bc154933c864d5a9dc1f8cecbfff9fd.bb.v:2697:8: Timescale missing on this module as other modules have it (IEEE 1800-2023 3.14.2.3)
 2697 | module sky130_fd_sc_hd__dfrtp_2(Q, CLK, D, RESET_B, VPWR, VGND, VPB, VNB);
      |        ^~~~~~~~~~~~~~~~~~~~~~~~
                       /home/luxyxp/Documents/mainfiles/asic_rtl/patched/conv_accelerator_asic.v:86:8: ... Location of module with timescale
   86 | module conv_accelerator #(
      |        ^~~~~~~~~~~~~~~~
%Warning-TIMESCALEMOD: /home/luxyxp/Documents/mainfiles/asic/run/rtl2gds/tmp/1bc154933c864d5a9dc1f8cecbfff9fd.bb.v:2716:8: Timescale missing on this module as other modules have it (IEEE 1800-2023 3.14.2.3)
 2716 | module sky130_fd_sc_hd__dfrtp_4(Q, CLK, D, RESET_B, VPWR, VGND, VPB, VNB);
      |        ^~~~~~~~~~~~~~~~~~~~~~~~
                       /home/luxyxp/Documents/mainfiles/asic_rtl/patched/conv_accelerator_asic.v:86:8: ... Location of module with timescale
   86 | module conv_accelerator #(
      |        ^~~~~~~~~~~~~~~~
%Warning-TIMESCALEMOD: /home/luxyxp/Documents/mainfiles/asic/run/rtl2gds/tmp/1bc154933c864d5a9dc1f8cecbfff9fd.bb.v:2735:8: Timescale missing on this module as other modules have it (IEEE 1800-2023 3.14.2.3)
 2735 | module sky130_fd_sc_hd__dfsbp_1(Q, Q_N, CLK, D, SET_B, VPWR, VGND, VPB, VNB);
      |        ^~~~~~~~~~~~~~~~~~~~~~~~
                       /home/luxyxp/Documents/mainfiles/asic_rtl/patched/conv_accelerator_asic.v:86:8: ... Location of module with timescale
   86 | module conv_accelerator #(
      |        ^~~~~~~~~~~~~~~~
%Warning-TIMESCALEMOD: /home/luxyxp/Documents/mainfiles/asic/run/rtl2gds/tmp/1bc154933c864d5a9dc1f8cecbfff9fd.bb.v:2756:8: Timescale missing on this module as other modules have it (IEEE 1800-2023 3.14.2.3)
 2756 | module sky130_fd_sc_hd__dfsbp_2(Q, Q_N, CLK, D, SET_B, VPWR, VGND, VPB, VNB);
      |        ^~~~~~~~~~~~~~~~~~~~~~~~
                       /home/luxyxp/Documents/mainfiles/asic_rtl/patched/conv_accelerator_asic.v:86:8: ... Location of module with timescale
   86 | module conv_accelerator #(
      |        ^~~~~~~~~~~~~~~~
%Warning-TIMESCALEMOD: /home/luxyxp/Documents/mainfiles/asic/run/rtl2gds/tmp/1bc154933c864d5a9dc1f8cecbfff9fd.bb.v:2777:8: Timescale missing on this module as other modules have it (IEEE 1800-2023 3.14.2.3)
 2777 | module sky130_fd_sc_hd__dfstp_1(Q, CLK, D, SET_B, VPWR, VGND, VPB, VNB);
      |        ^~~~~~~~~~~~~~~~~~~~~~~~
                       /home/luxyxp/Documents/mainfiles/asic_rtl/patched/conv_accelerator_asic.v:86:8: ... Location of module with timescale
   86 | module conv_accelerator #(
      |        ^~~~~~~~~~~~~~~~
%Warning-TIMESCALEMOD: /home/luxyxp/Documents/mainfiles/asic/run/rtl2gds/tmp/1bc154933c864d5a9dc1f8cecbfff9fd.bb.v:2796:8: Timescale missing on this module as other modules have it (IEEE 1800-2023 3.14.2.3)
 2796 | module sky130_fd_sc_hd__dfstp_2(Q, CLK, D, SET_B, VPWR, VGND, VPB, VNB);
      |        ^~~~~~~~~~~~~~~~~~~~~~~~
                       /home/luxyxp/Documents/mainfiles/asic_rtl/patched/conv_accelerator_asic.v:86:8: ... Location of module with timescale
   86 | module conv_accelerator #(
      |        ^~~~~~~~~~~~~~~~
%Warning-TIMESCALEMOD: /home/luxyxp/Documents/mainfiles/asic/run/rtl2gds/tmp/1bc154933c864d5a9dc1f8cecbfff9fd.bb.v:2815:8: Timescale missing on this module as other modules have it (IEEE 1800-2023 3.14.2.3)
 2815 | module sky130_fd_sc_hd__dfstp_4(Q, CLK, D, SET_B, VPWR, VGND, VPB, VNB);
      |        ^~~~~~~~~~~~~~~~~~~~~~~~
                       /home/luxyxp/Documents/mainfiles/asic_rtl/patched/conv_accelerator_asic.v:86:8: ... Location of module with timescale
   86 | module conv_accelerator #(
      |        ^~~~~~~~~~~~~~~~
%Warning-TIMESCALEMOD: /home/luxyxp/Documents/mainfiles/asic/run/rtl2gds/tmp/1bc154933c864d5a9dc1f8cecbfff9fd.bb.v:2834:8: Timescale missing on this module as other modules have it (IEEE 1800-2023 3.14.2.3)
 2834 | module sky130_fd_sc_hd__dfxbp_1(Q, Q_N, CLK, D, VPWR, VGND, VPB, VNB);
      |        ^~~~~~~~~~~~~~~~~~~~~~~~
                       /home/luxyxp/Documents/mainfiles/asic_rtl/patched/conv_accelerator_asic.v:86:8: ... Location of module with timescale
   86 | module conv_accelerator #(
      |        ^~~~~~~~~~~~~~~~
%Warning-TIMESCALEMOD: /home/luxyxp/Documents/mainfiles/asic/run/rtl2gds/tmp/1bc154933c864d5a9dc1f8cecbfff9fd.bb.v:2853:8: Timescale missing on this module as other modules have it (IEEE 1800-2023 3.14.2.3)
 2853 | module sky130_fd_sc_hd__dfxbp_2(Q, Q_N, CLK, D, VPWR, VGND, VPB, VNB);
      |        ^~~~~~~~~~~~~~~~~~~~~~~~
                       /home/luxyxp/Documents/mainfiles/asic_rtl/patched/conv_accelerator_asic.v:86:8: ... Location of module with timescale
   86 | module conv_accelerator #(
      |        ^~~~~~~~~~~~~~~~
%Warning-TIMESCALEMOD: /home/luxyxp/Documents/mainfiles/asic/run/rtl2gds/tmp/1bc154933c864d5a9dc1f8cecbfff9fd.bb.v:2872:8: Timescale missing on this module as other modules have it (IEEE 1800-2023 3.14.2.3)
 2872 | module sky130_fd_sc_hd__dfxtp_1(Q, CLK, D, VPWR, VGND, VPB, VNB);
      |        ^~~~~~~~~~~~~~~~~~~~~~~~
                       /home/luxyxp/Documents/mainfiles/asic_rtl/patched/conv_accelerator_asic.v:86:8: ... Location of module with timescale
   86 | module conv_accelerator #(
      |        ^~~~~~~~~~~~~~~~
%Warning-TIMESCALEMOD: /home/luxyxp/Documents/mainfiles/asic/run/rtl2gds/tmp/1bc154933c864d5a9dc1f8cecbfff9fd.bb.v:2889:8: Timescale missing on this module as other modules have it (IEEE 1800-2023 3.14.2.3)
 2889 | module sky130_fd_sc_hd__dfxtp_2(Q, CLK, D, VPWR, VGND, VPB, VNB);
      |        ^~~~~~~~~~~~~~~~~~~~~~~~
                       /home/luxyxp/Documents/mainfiles/asic_rtl/patched/conv_accelerator_asic.v:86:8: ... Location of module with timescale
   86 | module conv_accelerator #(
      |        ^~~~~~~~~~~~~~~~
%Warning-TIMESCALEMOD: /home/luxyxp/Documents/mainfiles/asic/run/rtl2gds/tmp/1bc154933c864d5a9dc1f8cecbfff9fd.bb.v:2906:8: Timescale missing on this module as other modules have it (IEEE 1800-2023 3.14.2.3)
 2906 | module sky130_fd_sc_hd__dfxtp_4(Q, CLK, D, VPWR, VGND, VPB, VNB);
      |        ^~~~~~~~~~~~~~~~~~~~~~~~
                       /home/luxyxp/Documents/mainfiles/asic_rtl/patched/conv_accelerator_asic.v:86:8: ... Location of module with timescale
   86 | module conv_accelerator #(
      |        ^~~~~~~~~~~~~~~~
%Warning-TIMESCALEMOD: /home/luxyxp/Documents/mainfiles/asic/run/rtl2gds/tmp/1bc154933c864d5a9dc1f8cecbfff9fd.bb.v:2923:8: Timescale missing on this module as other modules have it (IEEE 1800-2023 3.14.2.3)
 2923 | module sky130_fd_sc_hd__diode_2(DIODE, VPWR, VGND, VPB, VNB);
      |        ^~~~~~~~~~~~~~~~~~~~~~~~
                       /home/luxyxp/Documents/mainfiles/asic_rtl/patched/conv_accelerator_asic.v:86:8: ... Location of module with timescale
   86 | module conv_accelerator #(
      |        ^~~~~~~~~~~~~~~~
%Warning-TIMESCALEMOD: /home/luxyxp/Documents/mainfiles/asic/run/rtl2gds/tmp/1bc154933c864d5a9dc1f8cecbfff9fd.bb.v:2936:8: Timescale missing on this module as other modules have it (IEEE 1800-2023 3.14.2.3)
 2936 | module sky130_fd_sc_hd__dlclkp_1(GCLK, GATE, CLK, VPWR, VGND, VPB, VNB);
      |        ^~~~~~~~~~~~~~~~~~~~~~~~~
                       /home/luxyxp/Documents/mainfiles/asic_rtl/patched/conv_accelerator_asic.v:86:8: ... Location of module with timescale
   86 | module conv_accelerator #(
      |        ^~~~~~~~~~~~~~~~
%Warning-TIMESCALEMOD: /home/luxyxp/Documents/mainfiles/asic/run/rtl2gds/tmp/1bc154933c864d5a9dc1f8cecbfff9fd.bb.v:2953:8: Timescale missing on this module as other modules have it (IEEE 1800-2023 3.14.2.3)
 2953 | module sky130_fd_sc_hd__dlclkp_2(GCLK, GATE, CLK, VPWR, VGND, VPB, VNB);
      |        ^~~~~~~~~~~~~~~~~~~~~~~~~
                       /home/luxyxp/Documents/mainfiles/asic_rtl/patched/conv_accelerator_asic.v:86:8: ... Location of module with timescale
   86 | module conv_accelerator #(
      |        ^~~~~~~~~~~~~~~~
%Warning-TIMESCALEMOD: /home/luxyxp/Documents/mainfiles/asic/run/rtl2gds/tmp/1bc154933c864d5a9dc1f8cecbfff9fd.bb.v:2970:8: Timescale missing on this module as other modules have it (IEEE 1800-2023 3.14.2.3)
 2970 | module sky130_fd_sc_hd__dlclkp_4(GCLK, GATE, CLK, VPWR, VGND, VPB, VNB);
      |        ^~~~~~~~~~~~~~~~~~~~~~~~~
                       /home/luxyxp/Documents/mainfiles/asic_rtl/patched/conv_accelerator_asic.v:86:8: ... Location of module with timescale
   86 | module conv_accelerator #(
      |        ^~~~~~~~~~~~~~~~
%Warning-TIMESCALEMOD: /home/luxyxp/Documents/mainfiles/asic/run/rtl2gds/tmp/1bc154933c864d5a9dc1f8cecbfff9fd.bb.v:2987:8: Timescale missing on this module as other modules have it (IEEE 1800-2023 3.14.2.3)
 2987 | module sky130_fd_sc_hd__dlrbn_1(Q, Q_N, RESET_B, D, GATE_N, VPWR, VGND, VPB, VNB);
      |        ^~~~~~~~~~~~~~~~~~~~~~~~
                       /home/luxyxp/Documents/mainfiles/asic_rtl/patched/conv_accelerator_asic.v:86:8: ... Location of module with timescale
   86 | module conv_accelerator #(
      |        ^~~~~~~~~~~~~~~~
%Warning-TIMESCALEMOD: /home/luxyxp/Documents/mainfiles/asic/run/rtl2gds/tmp/1bc154933c864d5a9dc1f8cecbfff9fd.bb.v:3008:8: Timescale missing on this module as other modules have it (IEEE 1800-2023 3.14.2.3)
 3008 | module sky130_fd_sc_hd__dlrbn_2(Q, Q_N, RESET_B, D, GATE_N, VPWR, VGND, VPB, VNB);
      |        ^~~~~~~~~~~~~~~~~~~~~~~~
                       /home/luxyxp/Documents/mainfiles/asic_rtl/patched/conv_accelerator_asic.v:86:8: ... Location of module with timescale
   86 | module conv_accelerator #(
      |        ^~~~~~~~~~~~~~~~
%Warning-TIMESCALEMOD: /home/luxyxp/Documents/mainfiles/asic/run/rtl2gds/tmp/1bc154933c864d5a9dc1f8cecbfff9fd.bb.v:3029:8: Timescale missing on this module as other modules have it (IEEE 1800-2023 3.14.2.3)
 3029 | module sky130_fd_sc_hd__dlrbp_1(Q, Q_N, RESET_B, D, GATE, VPWR, VGND, VPB, VNB);
      |        ^~~~~~~~~~~~~~~~~~~~~~~~
                       /home/luxyxp/Documents/mainfiles/asic_rtl/patched/conv_accelerator_asic.v:86:8: ... Location of module with timescale
   86 | module conv_accelerator #(
      |        ^~~~~~~~~~~~~~~~
%Warning-TIMESCALEMOD: /home/luxyxp/Documents/mainfiles/asic/run/rtl2gds/tmp/1bc154933c864d5a9dc1f8cecbfff9fd.bb.v:3050:8: Timescale missing on this module as other modules have it (IEEE 1800-2023 3.14.2.3)
 3050 | module sky130_fd_sc_hd__dlrbp_2(Q, Q_N, RESET_B, D, GATE, VPWR, VGND, VPB, VNB);
      |        ^~~~~~~~~~~~~~~~~~~~~~~~
                       /home/luxyxp/Documents/mainfiles/asic_rtl/patched/conv_accelerator_asic.v:86:8: ... Location of module with timescale
   86 | module conv_accelerator #(
      |        ^~~~~~~~~~~~~~~~
%Warning-TIMESCALEMOD: /home/luxyxp/Documents/mainfiles/asic/run/rtl2gds/tmp/1bc154933c864d5a9dc1f8cecbfff9fd.bb.v:3071:8: Timescale missing on this module as other modules have it (IEEE 1800-2023 3.14.2.3)
 3071 | module sky130_fd_sc_hd__dlrtn_1(Q, RESET_B, D, GATE_N, VPWR, VGND, VPB, VNB);
      |        ^~~~~~~~~~~~~~~~~~~~~~~~
                       /home/luxyxp/Documents/mainfiles/asic_rtl/patched/conv_accelerator_asic.v:86:8: ... Location of module with timescale
   86 | module conv_accelerator #(
      |        ^~~~~~~~~~~~~~~~
%Warning-TIMESCALEMOD: /home/luxyxp/Documents/mainfiles/asic/run/rtl2gds/tmp/1bc154933c864d5a9dc1f8cecbfff9fd.bb.v:3090:8: Timescale missing on this module as other modules have it (IEEE 1800-2023 3.14.2.3)
 3090 | module sky130_fd_sc_hd__dlrtn_2(Q, RESET_B, D, GATE_N, VPWR, VGND, VPB, VNB);
      |        ^~~~~~~~~~~~~~~~~~~~~~~~
                       /home/luxyxp/Documents/mainfiles/asic_rtl/patched/conv_accelerator_asic.v:86:8: ... Location of module with timescale
   86 | module conv_accelerator #(
      |        ^~~~~~~~~~~~~~~~
%Warning-TIMESCALEMOD: /home/luxyxp/Documents/mainfiles/asic/run/rtl2gds/tmp/1bc154933c864d5a9dc1f8cecbfff9fd.bb.v:3109:8: Timescale missing on this module as other modules have it (IEEE 1800-2023 3.14.2.3)
 3109 | module sky130_fd_sc_hd__dlrtn_4(Q, RESET_B, D, GATE_N, VPWR, VGND, VPB, VNB);
      |        ^~~~~~~~~~~~~~~~~~~~~~~~
                       /home/luxyxp/Documents/mainfiles/asic_rtl/patched/conv_accelerator_asic.v:86:8: ... Location of module with timescale
   86 | module conv_accelerator #(
      |        ^~~~~~~~~~~~~~~~
%Warning-TIMESCALEMOD: /home/luxyxp/Documents/mainfiles/asic/run/rtl2gds/tmp/1bc154933c864d5a9dc1f8cecbfff9fd.bb.v:3128:8: Timescale missing on this module as other modules have it (IEEE 1800-2023 3.14.2.3)
 3128 | module sky130_fd_sc_hd__dlrtp_1(Q, RESET_B, D, GATE, VPWR, VGND, VPB, VNB);
      |        ^~~~~~~~~~~~~~~~~~~~~~~~
                       /home/luxyxp/Documents/mainfiles/asic_rtl/patched/conv_accelerator_asic.v:86:8: ... Location of module with timescale
   86 | module conv_accelerator #(
      |        ^~~~~~~~~~~~~~~~
%Warning-TIMESCALEMOD: /home/luxyxp/Documents/mainfiles/asic/run/rtl2gds/tmp/1bc154933c864d5a9dc1f8cecbfff9fd.bb.v:3147:8: Timescale missing on this module as other modules have it (IEEE 1800-2023 3.14.2.3)
 3147 | module sky130_fd_sc_hd__dlrtp_2(Q, RESET_B, D, GATE, VPWR, VGND, VPB, VNB);
      |        ^~~~~~~~~~~~~~~~~~~~~~~~
                       /home/luxyxp/Documents/mainfiles/asic_rtl/patched/conv_accelerator_asic.v:86:8: ... Location of module with timescale
   86 | module conv_accelerator #(
      |        ^~~~~~~~~~~~~~~~
%Warning-TIMESCALEMOD: /home/luxyxp/Documents/mainfiles/asic/run/rtl2gds/tmp/1bc154933c864d5a9dc1f8cecbfff9fd.bb.v:3166:8: Timescale missing on this module as other modules have it (IEEE 1800-2023 3.14.2.3)
 3166 | module sky130_fd_sc_hd__dlrtp_4(Q, RESET_B, D, GATE, VPWR, VGND, VPB, VNB);
      |        ^~~~~~~~~~~~~~~~~~~~~~~~
                       /home/luxyxp/Documents/mainfiles/asic_rtl/patched/conv_accelerator_asic.v:86:8: ... Location of module with timescale
   86 | module conv_accelerator #(
      |        ^~~~~~~~~~~~~~~~
%Warning-TIMESCALEMOD: /home/luxyxp/Documents/mainfiles/asic/run/rtl2gds/tmp/1bc154933c864d5a9dc1f8cecbfff9fd.bb.v:3185:8: Timescale missing on this module as other modules have it (IEEE 1800-2023 3.14.2.3)
 3185 | module sky130_fd_sc_hd__dlxbn_1(Q, Q_N, D, GATE_N, VPWR, VGND, VPB, VNB);
      |        ^~~~~~~~~~~~~~~~~~~~~~~~
                       /home/luxyxp/Documents/mainfiles/asic_rtl/patched/conv_accelerator_asic.v:86:8: ... Location of module with timescale
   86 | module conv_accelerator #(
      |        ^~~~~~~~~~~~~~~~
%Warning-TIMESCALEMOD: /home/luxyxp/Documents/mainfiles/asic/run/rtl2gds/tmp/1bc154933c864d5a9dc1f8cecbfff9fd.bb.v:3204:8: Timescale missing on this module as other modules have it (IEEE 1800-2023 3.14.2.3)
 3204 | module sky130_fd_sc_hd__dlxbn_2(Q, Q_N, D, GATE_N, VPWR, VGND, VPB, VNB);
      |        ^~~~~~~~~~~~~~~~~~~~~~~~
                       /home/luxyxp/Documents/mainfiles/asic_rtl/patched/conv_accelerator_asic.v:86:8: ... Location of module with timescale
   86 | module conv_accelerator #(
      |        ^~~~~~~~~~~~~~~~
%Warning-TIMESCALEMOD: /home/luxyxp/Documents/mainfiles/asic/run/rtl2gds/tmp/1bc154933c864d5a9dc1f8cecbfff9fd.bb.v:3223:8: Timescale missing on this module as other modules have it (IEEE 1800-2023 3.14.2.3)
 3223 | module sky130_fd_sc_hd__dlxbp_1(Q, Q_N, D, GATE, VPWR, VGND, VPB, VNB);
      |        ^~~~~~~~~~~~~~~~~~~~~~~~
                       /home/luxyxp/Documents/mainfiles/asic_rtl/patched/conv_accelerator_asic.v:86:8: ... Location of module with timescale
   86 | module conv_accelerator #(
      |        ^~~~~~~~~~~~~~~~
%Warning-TIMESCALEMOD: /home/luxyxp/Documents/mainfiles/asic/run/rtl2gds/tmp/1bc154933c864d5a9dc1f8cecbfff9fd.bb.v:3242:8: Timescale missing on this module as other modules have it (IEEE 1800-2023 3.14.2.3)
 3242 | module sky130_fd_sc_hd__dlxtn_1(Q, D, GATE_N, VPWR, VGND, VPB, VNB);
      |        ^~~~~~~~~~~~~~~~~~~~~~~~
                       /home/luxyxp/Documents/mainfiles/asic_rtl/patched/conv_accelerator_asic.v:86:8: ... Location of module with timescale
   86 | module conv_accelerator #(
      |        ^~~~~~~~~~~~~~~~
%Warning-TIMESCALEMOD: /home/luxyxp/Documents/mainfiles/asic/run/rtl2gds/tmp/1bc154933c864d5a9dc1f8cecbfff9fd.bb.v:3259:8: Timescale missing on this module as other modules have it (IEEE 1800-2023 3.14.2.3)
 3259 | module sky130_fd_sc_hd__dlxtn_2(Q, D, GATE_N, VPWR, VGND, VPB, VNB);
      |        ^~~~~~~~~~~~~~~~~~~~~~~~
                       /home/luxyxp/Documents/mainfiles/asic_rtl/patched/conv_accelerator_asic.v:86:8: ... Location of module with timescale
   86 | module conv_accelerator #(
      |        ^~~~~~~~~~~~~~~~
%Warning-TIMESCALEMOD: /home/luxyxp/Documents/mainfiles/asic/run/rtl2gds/tmp/1bc154933c864d5a9dc1f8cecbfff9fd.bb.v:3276:8: Timescale missing on this module as other modules have it (IEEE 1800-2023 3.14.2.3)
 3276 | module sky130_fd_sc_hd__dlxtn_4(Q, D, GATE_N, VPWR, VGND, VPB, VNB);
      |        ^~~~~~~~~~~~~~~~~~~~~~~~
                       /home/luxyxp/Documents/mainfiles/asic_rtl/patched/conv_accelerator_asic.v:86:8: ... Location of module with timescale
   86 | module conv_accelerator #(
      |        ^~~~~~~~~~~~~~~~
%Warning-TIMESCALEMOD: /home/luxyxp/Documents/mainfiles/asic/run/rtl2gds/tmp/1bc154933c864d5a9dc1f8cecbfff9fd.bb.v:3293:8: Timescale missing on this module as other modules have it (IEEE 1800-2023 3.14.2.3)
 3293 | module sky130_fd_sc_hd__dlxtp_1(Q, D, GATE, VPWR, VGND, VPB, VNB);
      |        ^~~~~~~~~~~~~~~~~~~~~~~~
                       /home/luxyxp/Documents/mainfiles/asic_rtl/patched/conv_accelerator_asic.v:86:8: ... Location of module with timescale
   86 | module conv_accelerator #(
      |        ^~~~~~~~~~~~~~~~
%Warning-TIMESCALEMOD: /home/luxyxp/Documents/mainfiles/asic/run/rtl2gds/tmp/1bc154933c864d5a9dc1f8cecbfff9fd.bb.v:3310:8: Timescale missing on this module as other modules have it (IEEE 1800-2023 3.14.2.3)
 3310 | module sky130_fd_sc_hd__dlygate4sd1_1(X, A, VPWR, VGND, VPB, VNB);
      |        ^~~~~~~~~~~~~~~~~~~~~~~~~~~~~~
                       /home/luxyxp/Documents/mainfiles/asic_rtl/patched/conv_accelerator_asic.v:86:8: ... Location of module with timescale
   86 | module conv_accelerator #(
      |        ^~~~~~~~~~~~~~~~
%Warning-TIMESCALEMOD: /home/luxyxp/Documents/mainfiles/asic/run/rtl2gds/tmp/1bc154933c864d5a9dc1f8cecbfff9fd.bb.v:3325:8: Timescale missing on this module as other modules have it (IEEE 1800-2023 3.14.2.3)
 3325 | module sky130_fd_sc_hd__dlygate4sd2_1(X, A, VPWR, VGND, VPB, VNB);
      |        ^~~~~~~~~~~~~~~~~~~~~~~~~~~~~~
                       /home/luxyxp/Documents/mainfiles/asic_rtl/patched/conv_accelerator_asic.v:86:8: ... Location of module with timescale
   86 | module conv_accelerator #(
      |        ^~~~~~~~~~~~~~~~
%Warning-TIMESCALEMOD: /home/luxyxp/Documents/mainfiles/asic/run/rtl2gds/tmp/1bc154933c864d5a9dc1f8cecbfff9fd.bb.v:3340:8: Timescale missing on this module as other modules have it (IEEE 1800-2023 3.14.2.3)
 3340 | module sky130_fd_sc_hd__dlygate4sd3_1(X, A, VPWR, VGND, VPB, VNB);
      |        ^~~~~~~~~~~~~~~~~~~~~~~~~~~~~~
                       /home/luxyxp/Documents/mainfiles/asic_rtl/patched/conv_accelerator_asic.v:86:8: ... Location of module with timescale
   86 | module conv_accelerator #(
      |        ^~~~~~~~~~~~~~~~
%Warning-TIMESCALEMOD: /home/luxyxp/Documents/mainfiles/asic/run/rtl2gds/tmp/1bc154933c864d5a9dc1f8cecbfff9fd.bb.v:3355:8: Timescale missing on this module as other modules have it (IEEE 1800-2023 3.14.2.3)
 3355 | module sky130_fd_sc_hd__dlymetal6s2s_1(X, A, VPWR, VGND, VPB, VNB);
      |        ^~~~~~~~~~~~~~~~~~~~~~~~~~~~~~~
                       /home/luxyxp/Documents/mainfiles/asic_rtl/patched/conv_accelerator_asic.v:86:8: ... Location of module with timescale
   86 | module conv_accelerator #(
      |        ^~~~~~~~~~~~~~~~
%Warning-TIMESCALEMOD: /home/luxyxp/Documents/mainfiles/asic/run/rtl2gds/tmp/1bc154933c864d5a9dc1f8cecbfff9fd.bb.v:3370:8: Timescale missing on this module as other modules have it (IEEE 1800-2023 3.14.2.3)
 3370 | module sky130_fd_sc_hd__dlymetal6s4s_1(X, A, VPWR, VGND, VPB, VNB);
      |        ^~~~~~~~~~~~~~~~~~~~~~~~~~~~~~~
                       /home/luxyxp/Documents/mainfiles/asic_rtl/patched/conv_accelerator_asic.v:86:8: ... Location of module with timescale
   86 | module conv_accelerator #(
      |        ^~~~~~~~~~~~~~~~
%Warning-TIMESCALEMOD: /home/luxyxp/Documents/mainfiles/asic/run/rtl2gds/tmp/1bc154933c864d5a9dc1f8cecbfff9fd.bb.v:3385:8: Timescale missing on this module as other modules have it (IEEE 1800-2023 3.14.2.3)
 3385 | module sky130_fd_sc_hd__dlymetal6s6s_1(X, A, VPWR, VGND, VPB, VNB);
      |        ^~~~~~~~~~~~~~~~~~~~~~~~~~~~~~~
                       /home/luxyxp/Documents/mainfiles/asic_rtl/patched/conv_accelerator_asic.v:86:8: ... Location of module with timescale
   86 | module conv_accelerator #(
      |        ^~~~~~~~~~~~~~~~
%Warning-TIMESCALEMOD: /home/luxyxp/Documents/mainfiles/asic/run/rtl2gds/tmp/1bc154933c864d5a9dc1f8cecbfff9fd.bb.v:3400:8: Timescale missing on this module as other modules have it (IEEE 1800-2023 3.14.2.3)
 3400 | module sky130_fd_sc_hd__ebufn_1(Z, A, TE_B, VPWR, VGND, VPB, VNB);
      |        ^~~~~~~~~~~~~~~~~~~~~~~~
                       /home/luxyxp/Documents/mainfiles/asic_rtl/patched/conv_accelerator_asic.v:86:8: ... Location of module with timescale
   86 | module conv_accelerator #(
      |        ^~~~~~~~~~~~~~~~
%Warning-TIMESCALEMOD: /home/luxyxp/Documents/mainfiles/asic/run/rtl2gds/tmp/1bc154933c864d5a9dc1f8cecbfff9fd.bb.v:3417:8: Timescale missing on this module as other modules have it (IEEE 1800-2023 3.14.2.3)
 3417 | module sky130_fd_sc_hd__ebufn_2(Z, A, TE_B, VPWR, VGND, VPB, VNB);
      |        ^~~~~~~~~~~~~~~~~~~~~~~~
                       /home/luxyxp/Documents/mainfiles/asic_rtl/patched/conv_accelerator_asic.v:86:8: ... Location of module with timescale
   86 | module conv_accelerator #(
      |        ^~~~~~~~~~~~~~~~
%Warning-TIMESCALEMOD: /home/luxyxp/Documents/mainfiles/asic/run/rtl2gds/tmp/1bc154933c864d5a9dc1f8cecbfff9fd.bb.v:3434:8: Timescale missing on this module as other modules have it (IEEE 1800-2023 3.14.2.3)
 3434 | module sky130_fd_sc_hd__ebufn_4(Z, A, TE_B, VPWR, VGND, VPB, VNB);
      |        ^~~~~~~~~~~~~~~~~~~~~~~~
                       /home/luxyxp/Documents/mainfiles/asic_rtl/patched/conv_accelerator_asic.v:86:8: ... Location of module with timescale
   86 | module conv_accelerator #(
      |        ^~~~~~~~~~~~~~~~
%Warning-TIMESCALEMOD: /home/luxyxp/Documents/mainfiles/asic/run/rtl2gds/tmp/1bc154933c864d5a9dc1f8cecbfff9fd.bb.v:3451:8: Timescale missing on this module as other modules have it (IEEE 1800-2023 3.14.2.3)
 3451 | module sky130_fd_sc_hd__ebufn_8(Z, A, TE_B, VPWR, VGND, VPB, VNB);
      |        ^~~~~~~~~~~~~~~~~~~~~~~~
                       /home/luxyxp/Documents/mainfiles/asic_rtl/patched/conv_accelerator_asic.v:86:8: ... Location of module with timescale
   86 | module conv_accelerator #(
      |        ^~~~~~~~~~~~~~~~
%Warning-TIMESCALEMOD: /home/luxyxp/Documents/mainfiles/asic/run/rtl2gds/tmp/1bc154933c864d5a9dc1f8cecbfff9fd.bb.v:3468:8: Timescale missing on this module as other modules have it (IEEE 1800-2023 3.14.2.3)
 3468 | module sky130_fd_sc_hd__edfxbp_1(Q, Q_N, CLK, D, DE, VPWR, VGND, VPB, VNB);
      |        ^~~~~~~~~~~~~~~~~~~~~~~~~
                       /home/luxyxp/Documents/mainfiles/asic_rtl/patched/conv_accelerator_asic.v:86:8: ... Location of module with timescale
   86 | module conv_accelerator #(
      |        ^~~~~~~~~~~~~~~~
%Warning-TIMESCALEMOD: /home/luxyxp/Documents/mainfiles/asic/run/rtl2gds/tmp/1bc154933c864d5a9dc1f8cecbfff9fd.bb.v:3489:8: Timescale missing on this module as other modules have it (IEEE 1800-2023 3.14.2.3)
 3489 | module sky130_fd_sc_hd__edfxtp_1(Q, CLK, D, DE, VPWR, VGND, VPB, VNB);
      |        ^~~~~~~~~~~~~~~~~~~~~~~~~
                       /home/luxyxp/Documents/mainfiles/asic_rtl/patched/conv_accelerator_asic.v:86:8: ... Location of module with timescale
   86 | module conv_accelerator #(
      |        ^~~~~~~~~~~~~~~~
%Warning-TIMESCALEMOD: /home/luxyxp/Documents/mainfiles/asic/run/rtl2gds/tmp/1bc154933c864d5a9dc1f8cecbfff9fd.bb.v:3508:8: Timescale missing on this module as other modules have it (IEEE 1800-2023 3.14.2.3)
 3508 | module sky130_fd_sc_hd__einvn_0(Z, A, TE_B, VPWR, VGND, VPB, VNB);
      |        ^~~~~~~~~~~~~~~~~~~~~~~~
                       /home/luxyxp/Documents/mainfiles/asic_rtl/patched/conv_accelerator_asic.v:86:8: ... Location of module with timescale
   86 | module conv_accelerator #(
      |        ^~~~~~~~~~~~~~~~
%Warning-TIMESCALEMOD: /home/luxyxp/Documents/mainfiles/asic/run/rtl2gds/tmp/1bc154933c864d5a9dc1f8cecbfff9fd.bb.v:3525:8: Timescale missing on this module as other modules have it (IEEE 1800-2023 3.14.2.3)
 3525 | module sky130_fd_sc_hd__einvn_1(Z, A, TE_B, VPWR, VGND, VPB, VNB);
      |        ^~~~~~~~~~~~~~~~~~~~~~~~
                       /home/luxyxp/Documents/mainfiles/asic_rtl/patched/conv_accelerator_asic.v:86:8: ... Location of module with timescale
   86 | module conv_accelerator #(
      |        ^~~~~~~~~~~~~~~~
%Warning-TIMESCALEMOD: /home/luxyxp/Documents/mainfiles/asic/run/rtl2gds/tmp/1bc154933c864d5a9dc1f8cecbfff9fd.bb.v:3542:8: Timescale missing on this module as other modules have it (IEEE 1800-2023 3.14.2.3)
 3542 | module sky130_fd_sc_hd__einvn_2(Z, A, TE_B, VPWR, VGND, VPB, VNB);
      |        ^~~~~~~~~~~~~~~~~~~~~~~~
                       /home/luxyxp/Documents/mainfiles/asic_rtl/patched/conv_accelerator_asic.v:86:8: ... Location of module with timescale
   86 | module conv_accelerator #(
      |        ^~~~~~~~~~~~~~~~
%Warning-TIMESCALEMOD: /home/luxyxp/Documents/mainfiles/asic/run/rtl2gds/tmp/1bc154933c864d5a9dc1f8cecbfff9fd.bb.v:3559:8: Timescale missing on this module as other modules have it (IEEE 1800-2023 3.14.2.3)
 3559 | module sky130_fd_sc_hd__einvn_4(Z, A, TE_B, VPWR, VGND, VPB, VNB);
      |        ^~~~~~~~~~~~~~~~~~~~~~~~
                       /home/luxyxp/Documents/mainfiles/asic_rtl/patched/conv_accelerator_asic.v:86:8: ... Location of module with timescale
   86 | module conv_accelerator #(
      |        ^~~~~~~~~~~~~~~~
%Warning-TIMESCALEMOD: /home/luxyxp/Documents/mainfiles/asic/run/rtl2gds/tmp/1bc154933c864d5a9dc1f8cecbfff9fd.bb.v:3576:8: Timescale missing on this module as other modules have it (IEEE 1800-2023 3.14.2.3)
 3576 | module sky130_fd_sc_hd__einvn_8(Z, A, TE_B, VPWR, VGND, VPB, VNB);
      |        ^~~~~~~~~~~~~~~~~~~~~~~~
                       /home/luxyxp/Documents/mainfiles/asic_rtl/patched/conv_accelerator_asic.v:86:8: ... Location of module with timescale
   86 | module conv_accelerator #(
      |        ^~~~~~~~~~~~~~~~
%Warning-TIMESCALEMOD: /home/luxyxp/Documents/mainfiles/asic/run/rtl2gds/tmp/1bc154933c864d5a9dc1f8cecbfff9fd.bb.v:3593:8: Timescale missing on this module as other modules have it (IEEE 1800-2023 3.14.2.3)
 3593 | module sky130_fd_sc_hd__einvp_1(Z, A, TE, VPWR, VGND, VPB, VNB);
      |        ^~~~~~~~~~~~~~~~~~~~~~~~
                       /home/luxyxp/Documents/mainfiles/asic_rtl/patched/conv_accelerator_asic.v:86:8: ... Location of module with timescale
   86 | module conv_accelerator #(
      |        ^~~~~~~~~~~~~~~~
%Warning-TIMESCALEMOD: /home/luxyxp/Documents/mainfiles/asic/run/rtl2gds/tmp/1bc154933c864d5a9dc1f8cecbfff9fd.bb.v:3610:8: Timescale missing on this module as other modules have it (IEEE 1800-2023 3.14.2.3)
 3610 | module sky130_fd_sc_hd__einvp_2(Z, A, TE, VPWR, VGND, VPB, VNB);
      |        ^~~~~~~~~~~~~~~~~~~~~~~~
                       /home/luxyxp/Documents/mainfiles/asic_rtl/patched/conv_accelerator_asic.v:86:8: ... Location of module with timescale
   86 | module conv_accelerator #(
      |        ^~~~~~~~~~~~~~~~
%Warning-TIMESCALEMOD: /home/luxyxp/Documents/mainfiles/asic/run/rtl2gds/tmp/1bc154933c864d5a9dc1f8cecbfff9fd.bb.v:3627:8: Timescale missing on this module as other modules have it (IEEE 1800-2023 3.14.2.3)
 3627 | module sky130_fd_sc_hd__einvp_4(Z, A, TE, VPWR, VGND, VPB, VNB);
      |        ^~~~~~~~~~~~~~~~~~~~~~~~
                       /home/luxyxp/Documents/mainfiles/asic_rtl/patched/conv_accelerator_asic.v:86:8: ... Location of module with timescale
   86 | module conv_accelerator #(
      |        ^~~~~~~~~~~~~~~~
%Warning-TIMESCALEMOD: /home/luxyxp/Documents/mainfiles/asic/run/rtl2gds/tmp/1bc154933c864d5a9dc1f8cecbfff9fd.bb.v:3644:8: Timescale missing on this module as other modules have it (IEEE 1800-2023 3.14.2.3)
 3644 | module sky130_fd_sc_hd__einvp_8(Z, A, TE, VPWR, VGND, VPB, VNB);
      |        ^~~~~~~~~~~~~~~~~~~~~~~~
                       /home/luxyxp/Documents/mainfiles/asic_rtl/patched/conv_accelerator_asic.v:86:8: ... Location of module with timescale
   86 | module conv_accelerator #(
      |        ^~~~~~~~~~~~~~~~
%Warning-TIMESCALEMOD: /home/luxyxp/Documents/mainfiles/asic/run/rtl2gds/tmp/1bc154933c864d5a9dc1f8cecbfff9fd.bb.v:3661:8: Timescale missing on this module as other modules have it (IEEE 1800-2023 3.14.2.3)
 3661 | module sky130_fd_sc_hd__fa_1(COUT, SUM, A, B, CIN, VPWR, VGND, VPB, VNB);
      |        ^~~~~~~~~~~~~~~~~~~~~
                       /home/luxyxp/Documents/mainfiles/asic_rtl/patched/conv_accelerator_asic.v:86:8: ... Location of module with timescale
   86 | module conv_accelerator #(
      |        ^~~~~~~~~~~~~~~~
%Warning-TIMESCALEMOD: /home/luxyxp/Documents/mainfiles/asic/run/rtl2gds/tmp/1bc154933c864d5a9dc1f8cecbfff9fd.bb.v:3682:8: Timescale missing on this module as other modules have it (IEEE 1800-2023 3.14.2.3)
 3682 | module sky130_fd_sc_hd__fa_2(COUT, SUM, A, B, CIN, VPWR, VGND, VPB, VNB);
      |        ^~~~~~~~~~~~~~~~~~~~~
                       /home/luxyxp/Documents/mainfiles/asic_rtl/patched/conv_accelerator_asic.v:86:8: ... Location of module with timescale
   86 | module conv_accelerator #(
      |        ^~~~~~~~~~~~~~~~
%Warning-TIMESCALEMOD: /home/luxyxp/Documents/mainfiles/asic/run/rtl2gds/tmp/1bc154933c864d5a9dc1f8cecbfff9fd.bb.v:3703:8: Timescale missing on this module as other modules have it (IEEE 1800-2023 3.14.2.3)
 3703 | module sky130_fd_sc_hd__fa_4(COUT, SUM, A, B, CIN, VPWR, VGND, VPB, VNB);
      |        ^~~~~~~~~~~~~~~~~~~~~
                       /home/luxyxp/Documents/mainfiles/asic_rtl/patched/conv_accelerator_asic.v:86:8: ... Location of module with timescale
   86 | module conv_accelerator #(
      |        ^~~~~~~~~~~~~~~~
%Warning-TIMESCALEMOD: /home/luxyxp/Documents/mainfiles/asic/run/rtl2gds/tmp/1bc154933c864d5a9dc1f8cecbfff9fd.bb.v:3724:8: Timescale missing on this module as other modules have it (IEEE 1800-2023 3.14.2.3)
 3724 | module sky130_fd_sc_hd__fah_1(COUT, SUM, A, B, CI, VPWR, VGND, VPB, VNB);
      |        ^~~~~~~~~~~~~~~~~~~~~~
                       /home/luxyxp/Documents/mainfiles/asic_rtl/patched/conv_accelerator_asic.v:86:8: ... Location of module with timescale
   86 | module conv_accelerator #(
      |        ^~~~~~~~~~~~~~~~
%Warning-TIMESCALEMOD: /home/luxyxp/Documents/mainfiles/asic/run/rtl2gds/tmp/1bc154933c864d5a9dc1f8cecbfff9fd.bb.v:3745:8: Timescale missing on this module as other modules have it (IEEE 1800-2023 3.14.2.3)
 3745 | module sky130_fd_sc_hd__fahcin_1(COUT, SUM, A, B, CIN, VPWR, VGND, VPB, VNB);
      |        ^~~~~~~~~~~~~~~~~~~~~~~~~
                       /home/luxyxp/Documents/mainfiles/asic_rtl/patched/conv_accelerator_asic.v:86:8: ... Location of module with timescale
   86 | module conv_accelerator #(
      |        ^~~~~~~~~~~~~~~~
%Warning-TIMESCALEMOD: /home/luxyxp/Documents/mainfiles/asic/run/rtl2gds/tmp/1bc154933c864d5a9dc1f8cecbfff9fd.bb.v:3766:8: Timescale missing on this module as other modules have it (IEEE 1800-2023 3.14.2.3)
 3766 | module sky130_fd_sc_hd__fahcon_1(COUT_N, SUM, A, B, CI, VPWR, VGND, VPB, VNB);
      |        ^~~~~~~~~~~~~~~~~~~~~~~~~
                       /home/luxyxp/Documents/mainfiles/asic_rtl/patched/conv_accelerator_asic.v:86:8: ... Location of module with timescale
   86 | module conv_accelerator #(
      |        ^~~~~~~~~~~~~~~~
%Warning-TIMESCALEMOD: /home/luxyxp/Documents/mainfiles/asic/run/rtl2gds/tmp/1bc154933c864d5a9dc1f8cecbfff9fd.bb.v:3787:8: Timescale missing on this module as other modules have it (IEEE 1800-2023 3.14.2.3)
 3787 | module sky130_fd_sc_hd__fill_1(VPWR, VGND, VPB, VNB);
      |        ^~~~~~~~~~~~~~~~~~~~~~~
                       /home/luxyxp/Documents/mainfiles/asic_rtl/patched/conv_accelerator_asic.v:86:8: ... Location of module with timescale
   86 | module conv_accelerator #(
      |        ^~~~~~~~~~~~~~~~
%Warning-TIMESCALEMOD: /home/luxyxp/Documents/mainfiles/asic/run/rtl2gds/tmp/1bc154933c864d5a9dc1f8cecbfff9fd.bb.v:3798:8: Timescale missing on this module as other modules have it (IEEE 1800-2023 3.14.2.3)
 3798 | module sky130_fd_sc_hd__fill_2(VPWR, VGND, VPB, VNB);
      |        ^~~~~~~~~~~~~~~~~~~~~~~
                       /home/luxyxp/Documents/mainfiles/asic_rtl/patched/conv_accelerator_asic.v:86:8: ... Location of module with timescale
   86 | module conv_accelerator #(
      |        ^~~~~~~~~~~~~~~~
%Warning-TIMESCALEMOD: /home/luxyxp/Documents/mainfiles/asic/run/rtl2gds/tmp/1bc154933c864d5a9dc1f8cecbfff9fd.bb.v:3809:8: Timescale missing on this module as other modules have it (IEEE 1800-2023 3.14.2.3)
 3809 | module sky130_fd_sc_hd__fill_4(VPWR, VGND, VPB, VNB);
      |        ^~~~~~~~~~~~~~~~~~~~~~~
                       /home/luxyxp/Documents/mainfiles/asic_rtl/patched/conv_accelerator_asic.v:86:8: ... Location of module with timescale
   86 | module conv_accelerator #(
      |        ^~~~~~~~~~~~~~~~
%Warning-TIMESCALEMOD: /home/luxyxp/Documents/mainfiles/asic/run/rtl2gds/tmp/1bc154933c864d5a9dc1f8cecbfff9fd.bb.v:3820:8: Timescale missing on this module as other modules have it (IEEE 1800-2023 3.14.2.3)
 3820 | module sky130_fd_sc_hd__fill_8(VPWR, VGND, VPB, VNB);
      |        ^~~~~~~~~~~~~~~~~~~~~~~
                       /home/luxyxp/Documents/mainfiles/asic_rtl/patched/conv_accelerator_asic.v:86:8: ... Location of module with timescale
   86 | module conv_accelerator #(
      |        ^~~~~~~~~~~~~~~~
%Warning-TIMESCALEMOD: /home/luxyxp/Documents/mainfiles/asic/run/rtl2gds/tmp/1bc154933c864d5a9dc1f8cecbfff9fd.bb.v:3831:8: Timescale missing on this module as other modules have it (IEEE 1800-2023 3.14.2.3)
 3831 | module sky130_fd_sc_hd__ha_1(COUT, SUM, A, B, VPWR, VGND, VPB, VNB);
      |        ^~~~~~~~~~~~~~~~~~~~~
                       /home/luxyxp/Documents/mainfiles/asic_rtl/patched/conv_accelerator_asic.v:86:8: ... Location of module with timescale
   86 | module conv_accelerator #(
      |        ^~~~~~~~~~~~~~~~
%Warning-TIMESCALEMOD: /home/luxyxp/Documents/mainfiles/asic/run/rtl2gds/tmp/1bc154933c864d5a9dc1f8cecbfff9fd.bb.v:3850:8: Timescale missing on this module as other modules have it (IEEE 1800-2023 3.14.2.3)
 3850 | module sky130_fd_sc_hd__ha_2(COUT, SUM, A, B, VPWR, VGND, VPB, VNB);
      |        ^~~~~~~~~~~~~~~~~~~~~
                       /home/luxyxp/Documents/mainfiles/asic_rtl/patched/conv_accelerator_asic.v:86:8: ... Location of module with timescale
   86 | module conv_accelerator #(
      |        ^~~~~~~~~~~~~~~~
%Warning-TIMESCALEMOD: /home/luxyxp/Documents/mainfiles/asic/run/rtl2gds/tmp/1bc154933c864d5a9dc1f8cecbfff9fd.bb.v:3869:8: Timescale missing on this module as other modules have it (IEEE 1800-2023 3.14.2.3)
 3869 | module sky130_fd_sc_hd__ha_4(COUT, SUM, A, B, VPWR, VGND, VPB, VNB);
      |        ^~~~~~~~~~~~~~~~~~~~~
                       /home/luxyxp/Documents/mainfiles/asic_rtl/patched/conv_accelerator_asic.v:86:8: ... Location of module with timescale
   86 | module conv_accelerator #(
      |        ^~~~~~~~~~~~~~~~
%Warning-TIMESCALEMOD: /home/luxyxp/Documents/mainfiles/asic/run/rtl2gds/tmp/1bc154933c864d5a9dc1f8cecbfff9fd.bb.v:3888:8: Timescale missing on this module as other modules have it (IEEE 1800-2023 3.14.2.3)
 3888 | module sky130_fd_sc_hd__inv_1(Y, A, VPWR, VGND, VPB, VNB);
      |        ^~~~~~~~~~~~~~~~~~~~~~
                       /home/luxyxp/Documents/mainfiles/asic_rtl/patched/conv_accelerator_asic.v:86:8: ... Location of module with timescale
   86 | module conv_accelerator #(
      |        ^~~~~~~~~~~~~~~~
%Warning-TIMESCALEMOD: /home/luxyxp/Documents/mainfiles/asic/run/rtl2gds/tmp/1bc154933c864d5a9dc1f8cecbfff9fd.bb.v:3903:8: Timescale missing on this module as other modules have it (IEEE 1800-2023 3.14.2.3)
 3903 | module sky130_fd_sc_hd__inv_12(Y, A, VPWR, VGND, VPB, VNB);
      |        ^~~~~~~~~~~~~~~~~~~~~~~
                       /home/luxyxp/Documents/mainfiles/asic_rtl/patched/conv_accelerator_asic.v:86:8: ... Location of module with timescale
   86 | module conv_accelerator #(
      |        ^~~~~~~~~~~~~~~~
%Warning-TIMESCALEMOD: /home/luxyxp/Documents/mainfiles/asic/run/rtl2gds/tmp/1bc154933c864d5a9dc1f8cecbfff9fd.bb.v:3918:8: Timescale missing on this module as other modules have it (IEEE 1800-2023 3.14.2.3)
 3918 | module sky130_fd_sc_hd__inv_16(Y, A, VPWR, VGND, VPB, VNB);
      |        ^~~~~~~~~~~~~~~~~~~~~~~
                       /home/luxyxp/Documents/mainfiles/asic_rtl/patched/conv_accelerator_asic.v:86:8: ... Location of module with timescale
   86 | module conv_accelerator #(
      |        ^~~~~~~~~~~~~~~~
%Warning-TIMESCALEMOD: /home/luxyxp/Documents/mainfiles/asic/run/rtl2gds/tmp/1bc154933c864d5a9dc1f8cecbfff9fd.bb.v:3933:8: Timescale missing on this module as other modules have it (IEEE 1800-2023 3.14.2.3)
 3933 | module sky130_fd_sc_hd__inv_2(Y, A, VPWR, VGND, VPB, VNB);
      |        ^~~~~~~~~~~~~~~~~~~~~~
                       /home/luxyxp/Documents/mainfiles/asic_rtl/patched/conv_accelerator_asic.v:86:8: ... Location of module with timescale
   86 | module conv_accelerator #(
      |        ^~~~~~~~~~~~~~~~
%Warning-TIMESCALEMOD: /home/luxyxp/Documents/mainfiles/asic/run/rtl2gds/tmp/1bc154933c864d5a9dc1f8cecbfff9fd.bb.v:3948:8: Timescale missing on this module as other modules have it (IEEE 1800-2023 3.14.2.3)
 3948 | module sky130_fd_sc_hd__inv_4(Y, A, VPWR, VGND, VPB, VNB);
      |        ^~~~~~~~~~~~~~~~~~~~~~
                       /home/luxyxp/Documents/mainfiles/asic_rtl/patched/conv_accelerator_asic.v:86:8: ... Location of module with timescale
   86 | module conv_accelerator #(
      |        ^~~~~~~~~~~~~~~~
%Warning-TIMESCALEMOD: /home/luxyxp/Documents/mainfiles/asic/run/rtl2gds/tmp/1bc154933c864d5a9dc1f8cecbfff9fd.bb.v:3963:8: Timescale missing on this module as other modules have it (IEEE 1800-2023 3.14.2.3)
 3963 | module sky130_fd_sc_hd__inv_6(Y, A, VPWR, VGND, VPB, VNB);
      |        ^~~~~~~~~~~~~~~~~~~~~~
                       /home/luxyxp/Documents/mainfiles/asic_rtl/patched/conv_accelerator_asic.v:86:8: ... Location of module with timescale
   86 | module conv_accelerator #(
      |        ^~~~~~~~~~~~~~~~
%Warning-TIMESCALEMOD: /home/luxyxp/Documents/mainfiles/asic/run/rtl2gds/tmp/1bc154933c864d5a9dc1f8cecbfff9fd.bb.v:3978:8: Timescale missing on this module as other modules have it (IEEE 1800-2023 3.14.2.3)
 3978 | module sky130_fd_sc_hd__inv_8(Y, A, VPWR, VGND, VPB, VNB);
      |        ^~~~~~~~~~~~~~~~~~~~~~
                       /home/luxyxp/Documents/mainfiles/asic_rtl/patched/conv_accelerator_asic.v:86:8: ... Location of module with timescale
   86 | module conv_accelerator #(
      |        ^~~~~~~~~~~~~~~~
%Warning-TIMESCALEMOD: /home/luxyxp/Documents/mainfiles/asic/run/rtl2gds/tmp/1bc154933c864d5a9dc1f8cecbfff9fd.bb.v:3993:8: Timescale missing on this module as other modules have it (IEEE 1800-2023 3.14.2.3)
 3993 | module sky130_fd_sc_hd__lpflow_bleeder_1(SHORT, VPWR, VGND, VPB, VNB);
      |        ^~~~~~~~~~~~~~~~~~~~~~~~~~~~~~~~~
                       /home/luxyxp/Documents/mainfiles/asic_rtl/patched/conv_accelerator_asic.v:86:8: ... Location of module with timescale
   86 | module conv_accelerator #(
      |        ^~~~~~~~~~~~~~~~
%Warning-TIMESCALEMOD: /home/luxyxp/Documents/mainfiles/asic/run/rtl2gds/tmp/1bc154933c864d5a9dc1f8cecbfff9fd.bb.v:4006:8: Timescale missing on this module as other modules have it (IEEE 1800-2023 3.14.2.3)
 4006 | module sky130_fd_sc_hd__lpflow_clkbufkapwr_1(X, A, KAPWR, VPWR, VGND, VPB, VNB);
      |        ^~~~~~~~~~~~~~~~~~~~~~~~~~~~~~~~~~~~~
                       /home/luxyxp/Documents/mainfiles/asic_rtl/patched/conv_accelerator_asic.v:86:8: ... Location of module with timescale
   86 | module conv_accelerator #(
      |        ^~~~~~~~~~~~~~~~
%Warning-TIMESCALEMOD: /home/luxyxp/Documents/mainfiles/asic/run/rtl2gds/tmp/1bc154933c864d5a9dc1f8cecbfff9fd.bb.v:4023:8: Timescale missing on this module as other modules have it (IEEE 1800-2023 3.14.2.3)
 4023 | module sky130_fd_sc_hd__lpflow_clkbufkapwr_16(X, A, KAPWR, VPWR, VGND, VPB, VNB);
      |        ^~~~~~~~~~~~~~~~~~~~~~~~~~~~~~~~~~~~~~
                       /home/luxyxp/Documents/mainfiles/asic_rtl/patched/conv_accelerator_asic.v:86:8: ... Location of module with timescale
   86 | module conv_accelerator #(
      |        ^~~~~~~~~~~~~~~~
%Warning-TIMESCALEMOD: /home/luxyxp/Documents/mainfiles/asic/run/rtl2gds/tmp/1bc154933c864d5a9dc1f8cecbfff9fd.bb.v:4040:8: Timescale missing on this module as other modules have it (IEEE 1800-2023 3.14.2.3)
 4040 | module sky130_fd_sc_hd__lpflow_clkbufkapwr_2(X, A, KAPWR, VPWR, VGND, VPB, VNB);
      |        ^~~~~~~~~~~~~~~~~~~~~~~~~~~~~~~~~~~~~
                       /home/luxyxp/Documents/mainfiles/asic_rtl/patched/conv_accelerator_asic.v:86:8: ... Location of module with timescale
   86 | module conv_accelerator #(
      |        ^~~~~~~~~~~~~~~~
%Warning-TIMESCALEMOD: /home/luxyxp/Documents/mainfiles/asic/run/rtl2gds/tmp/1bc154933c864d5a9dc1f8cecbfff9fd.bb.v:4057:8: Timescale missing on this module as other modules have it (IEEE 1800-2023 3.14.2.3)
 4057 | module sky130_fd_sc_hd__lpflow_clkbufkapwr_4(X, A, KAPWR, VPWR, VGND, VPB, VNB);
      |        ^~~~~~~~~~~~~~~~~~~~~~~~~~~~~~~~~~~~~
                       /home/luxyxp/Documents/mainfiles/asic_rtl/patched/conv_accelerator_asic.v:86:8: ... Location of module with timescale
   86 | module conv_accelerator #(
      |        ^~~~~~~~~~~~~~~~
%Warning-TIMESCALEMOD: /home/luxyxp/Documents/mainfiles/asic/run/rtl2gds/tmp/1bc154933c864d5a9dc1f8cecbfff9fd.bb.v:4074:8: Timescale missing on this module as other modules have it (IEEE 1800-2023 3.14.2.3)
 4074 | module sky130_fd_sc_hd__lpflow_clkbufkapwr_8(X, A, KAPWR, VPWR, VGND, VPB, VNB);
      |        ^~~~~~~~~~~~~~~~~~~~~~~~~~~~~~~~~~~~~
                       /home/luxyxp/Documents/mainfiles/asic_rtl/patched/conv_accelerator_asic.v:86:8: ... Location of module with timescale
   86 | module conv_accelerator #(
      |        ^~~~~~~~~~~~~~~~
%Warning-TIMESCALEMOD: /home/luxyxp/Documents/mainfiles/asic/run/rtl2gds/tmp/1bc154933c864d5a9dc1f8cecbfff9fd.bb.v:4091:8: Timescale missing on this module as other modules have it (IEEE 1800-2023 3.14.2.3)
 4091 | module sky130_fd_sc_hd__lpflow_clkinvkapwr_1(Y, A, KAPWR, VPWR, VGND, VPB, VNB);
      |        ^~~~~~~~~~~~~~~~~~~~~~~~~~~~~~~~~~~~~
                       /home/luxyxp/Documents/mainfiles/asic_rtl/patched/conv_accelerator_asic.v:86:8: ... Location of module with timescale
   86 | module conv_accelerator #(
      |        ^~~~~~~~~~~~~~~~
%Warning-TIMESCALEMOD: /home/luxyxp/Documents/mainfiles/asic/run/rtl2gds/tmp/1bc154933c864d5a9dc1f8cecbfff9fd.bb.v:4108:8: Timescale missing on this module as other modules have it (IEEE 1800-2023 3.14.2.3)
 4108 | module sky130_fd_sc_hd__lpflow_clkinvkapwr_16(Y, A, KAPWR, VPWR, VGND, VPB, VNB);
      |        ^~~~~~~~~~~~~~~~~~~~~~~~~~~~~~~~~~~~~~
                       /home/luxyxp/Documents/mainfiles/asic_rtl/patched/conv_accelerator_asic.v:86:8: ... Location of module with timescale
   86 | module conv_accelerator #(
      |        ^~~~~~~~~~~~~~~~
%Warning-TIMESCALEMOD: /home/luxyxp/Documents/mainfiles/asic/run/rtl2gds/tmp/1bc154933c864d5a9dc1f8cecbfff9fd.bb.v:4125:8: Timescale missing on this module as other modules have it (IEEE 1800-2023 3.14.2.3)
 4125 | module sky130_fd_sc_hd__lpflow_clkinvkapwr_2(Y, A, KAPWR, VPWR, VGND, VPB, VNB);
      |        ^~~~~~~~~~~~~~~~~~~~~~~~~~~~~~~~~~~~~
                       /home/luxyxp/Documents/mainfiles/asic_rtl/patched/conv_accelerator_asic.v:86:8: ... Location of module with timescale
   86 | module conv_accelerator #(
      |        ^~~~~~~~~~~~~~~~
%Warning-TIMESCALEMOD: /home/luxyxp/Documents/mainfiles/asic/run/rtl2gds/tmp/1bc154933c864d5a9dc1f8cecbfff9fd.bb.v:4142:8: Timescale missing on this module as other modules have it (IEEE 1800-2023 3.14.2.3)
 4142 | module sky130_fd_sc_hd__lpflow_clkinvkapwr_4(Y, A, KAPWR, VPWR, VGND, VPB, VNB);
      |        ^~~~~~~~~~~~~~~~~~~~~~~~~~~~~~~~~~~~~
                       /home/luxyxp/Documents/mainfiles/asic_rtl/patched/conv_accelerator_asic.v:86:8: ... Location of module with timescale
   86 | module conv_accelerator #(
      |        ^~~~~~~~~~~~~~~~
%Warning-TIMESCALEMOD: /home/luxyxp/Documents/mainfiles/asic/run/rtl2gds/tmp/1bc154933c864d5a9dc1f8cecbfff9fd.bb.v:4159:8: Timescale missing on this module as other modules have it (IEEE 1800-2023 3.14.2.3)
 4159 | module sky130_fd_sc_hd__lpflow_clkinvkapwr_8(Y, A, KAPWR, VPWR, VGND, VPB, VNB);
      |        ^~~~~~~~~~~~~~~~~~~~~~~~~~~~~~~~~~~~~
                       /home/luxyxp/Documents/mainfiles/asic_rtl/patched/conv_accelerator_asic.v:86:8: ... Location of module with timescale
   86 | module conv_accelerator #(
      |        ^~~~~~~~~~~~~~~~
%Warning-TIMESCALEMOD: /home/luxyxp/Documents/mainfiles/asic/run/rtl2gds/tmp/1bc154933c864d5a9dc1f8cecbfff9fd.bb.v:4176:8: Timescale missing on this module as other modules have it (IEEE 1800-2023 3.14.2.3)
 4176 | module sky130_fd_sc_hd__lpflow_decapkapwr_12(VPWR, KAPWR, VGND, VPB, VNB);
      |        ^~~~~~~~~~~~~~~~~~~~~~~~~~~~~~~~~~~~~
                       /home/luxyxp/Documents/mainfiles/asic_rtl/patched/conv_accelerator_asic.v:86:8: ... Location of module with timescale
   86 | module conv_accelerator #(
      |        ^~~~~~~~~~~~~~~~
%Warning-TIMESCALEMOD: /home/luxyxp/Documents/mainfiles/asic/run/rtl2gds/tmp/1bc154933c864d5a9dc1f8cecbfff9fd.bb.v:4189:8: Timescale missing on this module as other modules have it (IEEE 1800-2023 3.14.2.3)
 4189 | module sky130_fd_sc_hd__lpflow_decapkapwr_3(VPWR, KAPWR, VGND, VPB, VNB);
      |        ^~~~~~~~~~~~~~~~~~~~~~~~~~~~~~~~~~~~
                       /home/luxyxp/Documents/mainfiles/asic_rtl/patched/conv_accelerator_asic.v:86:8: ... Location of module with timescale
   86 | module conv_accelerator #(
      |        ^~~~~~~~~~~~~~~~
%Warning-TIMESCALEMOD: /home/luxyxp/Documents/mainfiles/asic/run/rtl2gds/tmp/1bc154933c864d5a9dc1f8cecbfff9fd.bb.v:4202:8: Timescale missing on this module as other modules have it (IEEE 1800-2023 3.14.2.3)
 4202 | module sky130_fd_sc_hd__lpflow_decapkapwr_4(VPWR, KAPWR, VGND, VPB, VNB);
      |        ^~~~~~~~~~~~~~~~~~~~~~~~~~~~~~~~~~~~
                       /home/luxyxp/Documents/mainfiles/asic_rtl/patched/conv_accelerator_asic.v:86:8: ... Location of module with timescale
   86 | module conv_accelerator #(
      |        ^~~~~~~~~~~~~~~~
%Warning-TIMESCALEMOD: /home/luxyxp/Documents/mainfiles/asic/run/rtl2gds/tmp/1bc154933c864d5a9dc1f8cecbfff9fd.bb.v:4215:8: Timescale missing on this module as other modules have it (IEEE 1800-2023 3.14.2.3)
 4215 | module sky130_fd_sc_hd__lpflow_decapkapwr_6(VPWR, KAPWR, VGND, VPB, VNB);
      |        ^~~~~~~~~~~~~~~~~~~~~~~~~~~~~~~~~~~~
                       /home/luxyxp/Documents/mainfiles/asic_rtl/patched/conv_accelerator_asic.v:86:8: ... Location of module with timescale
   86 | module conv_accelerator #(
      |        ^~~~~~~~~~~~~~~~
%Warning-TIMESCALEMOD: /home/luxyxp/Documents/mainfiles/asic/run/rtl2gds/tmp/1bc154933c864d5a9dc1f8cecbfff9fd.bb.v:4228:8: Timescale missing on this module as other modules have it (IEEE 1800-2023 3.14.2.3)
 4228 | module sky130_fd_sc_hd__lpflow_decapkapwr_8(VPWR, KAPWR, VGND, VPB, VNB);
      |        ^~~~~~~~~~~~~~~~~~~~~~~~~~~~~~~~~~~~
                       /home/luxyxp/Documents/mainfiles/asic_rtl/patched/conv_accelerator_asic.v:86:8: ... Location of module with timescale
   86 | module conv_accelerator #(
      |        ^~~~~~~~~~~~~~~~
%Warning-TIMESCALEMOD: /home/luxyxp/Documents/mainfiles/asic/run/rtl2gds/tmp/1bc154933c864d5a9dc1f8cecbfff9fd.bb.v:4241:8: Timescale missing on this module as other modules have it (IEEE 1800-2023 3.14.2.3)
 4241 | module sky130_fd_sc_hd__lpflow_inputiso0n_1(X, A, SLEEP_B, VPWR, VGND, VPB, VNB);
      |        ^~~~~~~~~~~~~~~~~~~~~~~~~~~~~~~~~~~~
                       /home/luxyxp/Documents/mainfiles/asic_rtl/patched/conv_accelerator_asic.v:86:8: ... Location of module with timescale
   86 | module conv_accelerator #(
      |        ^~~~~~~~~~~~~~~~
%Warning-TIMESCALEMOD: /home/luxyxp/Documents/mainfiles/asic/run/rtl2gds/tmp/1bc154933c864d5a9dc1f8cecbfff9fd.bb.v:4258:8: Timescale missing on this module as other modules have it (IEEE 1800-2023 3.14.2.3)
 4258 | module sky130_fd_sc_hd__lpflow_inputiso0p_1(X, A, SLEEP, VPWR, VGND, VPB, VNB);
      |        ^~~~~~~~~~~~~~~~~~~~~~~~~~~~~~~~~~~~
                       /home/luxyxp/Documents/mainfiles/asic_rtl/patched/conv_accelerator_asic.v:86:8: ... Location of module with timescale
   86 | module conv_accelerator #(
      |        ^~~~~~~~~~~~~~~~
%Warning-TIMESCALEMOD: /home/luxyxp/Documents/mainfiles/asic/run/rtl2gds/tmp/1bc154933c864d5a9dc1f8cecbfff9fd.bb.v:4275:8: Timescale missing on this module as other modules have it (IEEE 1800-2023 3.14.2.3)
 4275 | module sky130_fd_sc_hd__lpflow_inputiso1n_1(X, A, SLEEP_B, VPWR, VGND, VPB, VNB);
      |        ^~~~~~~~~~~~~~~~~~~~~~~~~~~~~~~~~~~~
                       /home/luxyxp/Documents/mainfiles/asic_rtl/patched/conv_accelerator_asic.v:86:8: ... Location of module with timescale
   86 | module conv_accelerator #(
      |        ^~~~~~~~~~~~~~~~
%Warning-TIMESCALEMOD: /home/luxyxp/Documents/mainfiles/asic/run/rtl2gds/tmp/1bc154933c864d5a9dc1f8cecbfff9fd.bb.v:4292:8: Timescale missing on this module as other modules have it (IEEE 1800-2023 3.14.2.3)
 4292 | module sky130_fd_sc_hd__lpflow_inputiso1p_1(X, A, SLEEP, VPWR, VGND, VPB, VNB);
      |        ^~~~~~~~~~~~~~~~~~~~~~~~~~~~~~~~~~~~
                       /home/luxyxp/Documents/mainfiles/asic_rtl/patched/conv_accelerator_asic.v:86:8: ... Location of module with timescale
   86 | module conv_accelerator #(
      |        ^~~~~~~~~~~~~~~~
%Warning-TIMESCALEMOD: /home/luxyxp/Documents/mainfiles/asic/run/rtl2gds/tmp/1bc154933c864d5a9dc1f8cecbfff9fd.bb.v:4309:8: Timescale missing on this module as other modules have it (IEEE 1800-2023 3.14.2.3)
 4309 | module sky130_fd_sc_hd__lpflow_inputisolatch_1(Q, D, SLEEP_B, VPWR, VGND, VPB, VNB);
      |        ^~~~~~~~~~~~~~~~~~~~~~~~~~~~~~~~~~~~~~~
                       /home/luxyxp/Documents/mainfiles/asic_rtl/patched/conv_accelerator_asic.v:86:8: ... Location of module with timescale
   86 | module conv_accelerator #(
      |        ^~~~~~~~~~~~~~~~
%Warning-TIMESCALEMOD: /home/luxyxp/Documents/mainfiles/asic/run/rtl2gds/tmp/1bc154933c864d5a9dc1f8cecbfff9fd.bb.v:4326:8: Timescale missing on this module as other modules have it (IEEE 1800-2023 3.14.2.3)
 4326 | module sky130_fd_sc_hd__lpflow_isobufsrc_1(X, SLEEP, A, VPWR, VGND, VPB, VNB);
      |        ^~~~~~~~~~~~~~~~~~~~~~~~~~~~~~~~~~~
                       /home/luxyxp/Documents/mainfiles/asic_rtl/patched/conv_accelerator_asic.v:86:8: ... Location of module with timescale
   86 | module conv_accelerator #(
      |        ^~~~~~~~~~~~~~~~
%Warning-TIMESCALEMOD: /home/luxyxp/Documents/mainfiles/asic/run/rtl2gds/tmp/1bc154933c864d5a9dc1f8cecbfff9fd.bb.v:4343:8: Timescale missing on this module as other modules have it (IEEE 1800-2023 3.14.2.3)
 4343 | module sky130_fd_sc_hd__lpflow_isobufsrc_16(X, SLEEP, A, VPWR, VGND, VPB, VNB);
      |        ^~~~~~~~~~~~~~~~~~~~~~~~~~~~~~~~~~~~
                       /home/luxyxp/Documents/mainfiles/asic_rtl/patched/conv_accelerator_asic.v:86:8: ... Location of module with timescale
   86 | module conv_accelerator #(
      |        ^~~~~~~~~~~~~~~~
%Warning-TIMESCALEMOD: /home/luxyxp/Documents/mainfiles/asic/run/rtl2gds/tmp/1bc154933c864d5a9dc1f8cecbfff9fd.bb.v:4360:8: Timescale missing on this module as other modules have it (IEEE 1800-2023 3.14.2.3)
 4360 | module sky130_fd_sc_hd__lpflow_isobufsrc_2(X, SLEEP, A, VPWR, VGND, VPB, VNB);
      |        ^~~~~~~~~~~~~~~~~~~~~~~~~~~~~~~~~~~
                       /home/luxyxp/Documents/mainfiles/asic_rtl/patched/conv_accelerator_asic.v:86:8: ... Location of module with timescale
   86 | module conv_accelerator #(
      |        ^~~~~~~~~~~~~~~~
%Warning-TIMESCALEMOD: /home/luxyxp/Documents/mainfiles/asic/run/rtl2gds/tmp/1bc154933c864d5a9dc1f8cecbfff9fd.bb.v:4377:8: Timescale missing on this module as other modules have it (IEEE 1800-2023 3.14.2.3)
 4377 | module sky130_fd_sc_hd__lpflow_isobufsrc_4(X, SLEEP, A, VPWR, VGND, VPB, VNB);
      |        ^~~~~~~~~~~~~~~~~~~~~~~~~~~~~~~~~~~
                       /home/luxyxp/Documents/mainfiles/asic_rtl/patched/conv_accelerator_asic.v:86:8: ... Location of module with timescale
   86 | module conv_accelerator #(
      |        ^~~~~~~~~~~~~~~~
%Warning-TIMESCALEMOD: /home/luxyxp/Documents/mainfiles/asic/run/rtl2gds/tmp/1bc154933c864d5a9dc1f8cecbfff9fd.bb.v:4394:8: Timescale missing on this module as other modules have it (IEEE 1800-2023 3.14.2.3)
 4394 | module sky130_fd_sc_hd__lpflow_isobufsrc_8(X, SLEEP, A, VPWR, VGND, VPB, VNB);
      |        ^~~~~~~~~~~~~~~~~~~~~~~~~~~~~~~~~~~
                       /home/luxyxp/Documents/mainfiles/asic_rtl/patched/conv_accelerator_asic.v:86:8: ... Location of module with timescale
   86 | module conv_accelerator #(
      |        ^~~~~~~~~~~~~~~~
%Warning-TIMESCALEMOD: /home/luxyxp/Documents/mainfiles/asic/run/rtl2gds/tmp/1bc154933c864d5a9dc1f8cecbfff9fd.bb.v:4411:8: Timescale missing on this module as other modules have it (IEEE 1800-2023 3.14.2.3)
 4411 | module sky130_fd_sc_hd__lpflow_isobufsrckapwr_16(X, SLEEP, A, KAPWR, VPWR, VGND, VPB, VNB);
      |        ^~~~~~~~~~~~~~~~~~~~~~~~~~~~~~~~~~~~~~~~~
                       /home/luxyxp/Documents/mainfiles/asic_rtl/patched/conv_accelerator_asic.v:86:8: ... Location of module with timescale
   86 | module conv_accelerator #(
      |        ^~~~~~~~~~~~~~~~
%Warning-TIMESCALEMOD: /home/luxyxp/Documents/mainfiles/asic/run/rtl2gds/tmp/1bc154933c864d5a9dc1f8cecbfff9fd.bb.v:4430:8: Timescale missing on this module as other modules have it (IEEE 1800-2023 3.14.2.3)
 4430 | module sky130_fd_sc_hd__lpflow_lsbuf_lh_hl_isowell_tap_1(X, A, VPWRIN, VPWR, VGND, VPB);
      |        ^~~~~~~~~~~~~~~~~~~~~~~~~~~~~~~~~~~~~~~~~~~~~~~~~
                       /home/luxyxp/Documents/mainfiles/asic_rtl/patched/conv_accelerator_asic.v:86:8: ... Location of module with timescale
   86 | module conv_accelerator #(
      |        ^~~~~~~~~~~~~~~~
%Warning-TIMESCALEMOD: /home/luxyxp/Documents/mainfiles/asic/run/rtl2gds/tmp/1bc154933c864d5a9dc1f8cecbfff9fd.bb.v:4445:8: Timescale missing on this module as other modules have it (IEEE 1800-2023 3.14.2.3)
 4445 | module sky130_fd_sc_hd__lpflow_lsbuf_lh_hl_isowell_tap_2(X, A, VPWRIN, VPWR, VGND, VPB);
      |        ^~~~~~~~~~~~~~~~~~~~~~~~~~~~~~~~~~~~~~~~~~~~~~~~~
                       /home/luxyxp/Documents/mainfiles/asic_rtl/patched/conv_accelerator_asic.v:86:8: ... Location of module with timescale
   86 | module conv_accelerator #(
      |        ^~~~~~~~~~~~~~~~
%Warning-TIMESCALEMOD: /home/luxyxp/Documents/mainfiles/asic/run/rtl2gds/tmp/1bc154933c864d5a9dc1f8cecbfff9fd.bb.v:4460:8: Timescale missing on this module as other modules have it (IEEE 1800-2023 3.14.2.3)
 4460 | module sky130_fd_sc_hd__lpflow_lsbuf_lh_hl_isowell_tap_4(X, A, VPWRIN, VPWR, VGND, VPB);
      |        ^~~~~~~~~~~~~~~~~~~~~~~~~~~~~~~~~~~~~~~~~~~~~~~~~
                       /home/luxyxp/Documents/mainfiles/asic_rtl/patched/conv_accelerator_asic.v:86:8: ... Location of module with timescale
   86 | module conv_accelerator #(
      |        ^~~~~~~~~~~~~~~~
%Warning-TIMESCALEMOD: /home/luxyxp/Documents/mainfiles/asic/run/rtl2gds/tmp/1bc154933c864d5a9dc1f8cecbfff9fd.bb.v:4475:8: Timescale missing on this module as other modules have it (IEEE 1800-2023 3.14.2.3)
 4475 | module sky130_fd_sc_hd__lpflow_lsbuf_lh_isowell_4(X, A, LOWLVPWR, VPWR, VGND, VPB, VNB);
      |        ^~~~~~~~~~~~~~~~~~~~~~~~~~~~~~~~~~~~~~~~~~
                       /home/luxyxp/Documents/mainfiles/asic_rtl/patched/conv_accelerator_asic.v:86:8: ... Location of module with timescale
   86 | module conv_accelerator #(
      |        ^~~~~~~~~~~~~~~~
%Warning-TIMESCALEMOD: /home/luxyxp/Documents/mainfiles/asic/run/rtl2gds/tmp/1bc154933c864d5a9dc1f8cecbfff9fd.bb.v:4492:8: Timescale missing on this module as other modules have it (IEEE 1800-2023 3.14.2.3)
 4492 | module sky130_fd_sc_hd__lpflow_lsbuf_lh_isowell_tap_1(X, A, LOWLVPWR, VPWR, VGND, VPB);
      |        ^~~~~~~~~~~~~~~~~~~~~~~~~~~~~~~~~~~~~~~~~~~~~~
                       /home/luxyxp/Documents/mainfiles/asic_rtl/patched/conv_accelerator_asic.v:86:8: ... Location of module with timescale
   86 | module conv_accelerator #(
      |        ^~~~~~~~~~~~~~~~
%Warning-TIMESCALEMOD: /home/luxyxp/Documents/mainfiles/asic/run/rtl2gds/tmp/1bc154933c864d5a9dc1f8cecbfff9fd.bb.v:4507:8: Timescale missing on this module as other modules have it (IEEE 1800-2023 3.14.2.3)
 4507 | module sky130_fd_sc_hd__lpflow_lsbuf_lh_isowell_tap_2(X, A, LOWLVPWR, VPWR, VGND, VPB);
      |        ^~~~~~~~~~~~~~~~~~~~~~~~~~~~~~~~~~~~~~~~~~~~~~
                       /home/luxyxp/Documents/mainfiles/asic_rtl/patched/conv_accelerator_asic.v:86:8: ... Location of module with timescale
   86 | module conv_accelerator #(
      |        ^~~~~~~~~~~~~~~~
%Warning-TIMESCALEMOD: /home/luxyxp/Documents/mainfiles/asic/run/rtl2gds/tmp/1bc154933c864d5a9dc1f8cecbfff9fd.bb.v:4522:8: Timescale missing on this module as other modules have it (IEEE 1800-2023 3.14.2.3)
 4522 | module sky130_fd_sc_hd__lpflow_lsbuf_lh_isowell_tap_4(X, A, LOWLVPWR, VPWR, VGND, VPB);
      |        ^~~~~~~~~~~~~~~~~~~~~~~~~~~~~~~~~~~~~~~~~~~~~~
                       /home/luxyxp/Documents/mainfiles/asic_rtl/patched/conv_accelerator_asic.v:86:8: ... Location of module with timescale
   86 | module conv_accelerator #(
      |        ^~~~~~~~~~~~~~~~
%Warning-TIMESCALEMOD: /home/luxyxp/Documents/mainfiles/asic/run/rtl2gds/tmp/1bc154933c864d5a9dc1f8cecbfff9fd.bb.v:4537:8: Timescale missing on this module as other modules have it (IEEE 1800-2023 3.14.2.3)
 4537 | module sky130_fd_sc_hd__macro_sparecell(LO, VGND, VNB, VPB, VPWR);
      |        ^~~~~~~~~~~~~~~~~~~~~~~~~~~~~~~~
                       /home/luxyxp/Documents/mainfiles/asic_rtl/patched/conv_accelerator_asic.v:86:8: ... Location of module with timescale
   86 | module conv_accelerator #(
      |        ^~~~~~~~~~~~~~~~
%Warning-TIMESCALEMOD: /home/luxyxp/Documents/mainfiles/asic/run/rtl2gds/tmp/1bc154933c864d5a9dc1f8cecbfff9fd.bb.v:4550:8: Timescale missing on this module as other modules have it (IEEE 1800-2023 3.14.2.3)
 4550 | module sky130_fd_sc_hd__maj3_1(X, A, B, C, VPWR, VGND, VPB, VNB);
      |        ^~~~~~~~~~~~~~~~~~~~~~~
                       /home/luxyxp/Documents/mainfiles/asic_rtl/patched/conv_accelerator_asic.v:86:8: ... Location of module with timescale
   86 | module conv_accelerator #(
      |        ^~~~~~~~~~~~~~~~
%Warning-TIMESCALEMOD: /home/luxyxp/Documents/mainfiles/asic/run/rtl2gds/tmp/1bc154933c864d5a9dc1f8cecbfff9fd.bb.v:4569:8: Timescale missing on this module as other modules have it (IEEE 1800-2023 3.14.2.3)
 4569 | module sky130_fd_sc_hd__maj3_2(X, A, B, C, VPWR, VGND, VPB, VNB);
      |        ^~~~~~~~~~~~~~~~~~~~~~~
                       /home/luxyxp/Documents/mainfiles/asic_rtl/patched/conv_accelerator_asic.v:86:8: ... Location of module with timescale
   86 | module conv_accelerator #(
      |        ^~~~~~~~~~~~~~~~
%Warning-TIMESCALEMOD: /home/luxyxp/Documents/mainfiles/asic/run/rtl2gds/tmp/1bc154933c864d5a9dc1f8cecbfff9fd.bb.v:4588:8: Timescale missing on this module as other modules have it (IEEE 1800-2023 3.14.2.3)
 4588 | module sky130_fd_sc_hd__maj3_4(X, A, B, C, VPWR, VGND, VPB, VNB);
      |        ^~~~~~~~~~~~~~~~~~~~~~~
                       /home/luxyxp/Documents/mainfiles/asic_rtl/patched/conv_accelerator_asic.v:86:8: ... Location of module with timescale
   86 | module conv_accelerator #(
      |        ^~~~~~~~~~~~~~~~
%Warning-TIMESCALEMOD: /home/luxyxp/Documents/mainfiles/asic/run/rtl2gds/tmp/1bc154933c864d5a9dc1f8cecbfff9fd.bb.v:4607:8: Timescale missing on this module as other modules have it (IEEE 1800-2023 3.14.2.3)
 4607 | module sky130_fd_sc_hd__mux2_1(X, A0, A1, S, VPWR, VGND, VPB, VNB);
      |        ^~~~~~~~~~~~~~~~~~~~~~~
                       /home/luxyxp/Documents/mainfiles/asic_rtl/patched/conv_accelerator_asic.v:86:8: ... Location of module with timescale
   86 | module conv_accelerator #(
      |        ^~~~~~~~~~~~~~~~
%Warning-TIMESCALEMOD: /home/luxyxp/Documents/mainfiles/asic/run/rtl2gds/tmp/1bc154933c864d5a9dc1f8cecbfff9fd.bb.v:4626:8: Timescale missing on this module as other modules have it (IEEE 1800-2023 3.14.2.3)
 4626 | module sky130_fd_sc_hd__mux2_2(X, A0, A1, S, VPWR, VGND, VPB, VNB);
      |        ^~~~~~~~~~~~~~~~~~~~~~~
                       /home/luxyxp/Documents/mainfiles/asic_rtl/patched/conv_accelerator_asic.v:86:8: ... Location of module with timescale
   86 | module conv_accelerator #(
      |        ^~~~~~~~~~~~~~~~
%Warning-TIMESCALEMOD: /home/luxyxp/Documents/mainfiles/asic/run/rtl2gds/tmp/1bc154933c864d5a9dc1f8cecbfff9fd.bb.v:4645:8: Timescale missing on this module as other modules have it (IEEE 1800-2023 3.14.2.3)
 4645 | module sky130_fd_sc_hd__mux2_4(X, A0, A1, S, VPWR, VGND, VPB, VNB);
      |        ^~~~~~~~~~~~~~~~~~~~~~~
                       /home/luxyxp/Documents/mainfiles/asic_rtl/patched/conv_accelerator_asic.v:86:8: ... Location of module with timescale
   86 | module conv_accelerator #(
      |        ^~~~~~~~~~~~~~~~
%Warning-TIMESCALEMOD: /home/luxyxp/Documents/mainfiles/asic/run/rtl2gds/tmp/1bc154933c864d5a9dc1f8cecbfff9fd.bb.v:4664:8: Timescale missing on this module as other modules have it (IEEE 1800-2023 3.14.2.3)
 4664 | module sky130_fd_sc_hd__mux2_8(X, A0, A1, S, VPWR, VGND, VPB, VNB);
      |        ^~~~~~~~~~~~~~~~~~~~~~~
                       /home/luxyxp/Documents/mainfiles/asic_rtl/patched/conv_accelerator_asic.v:86:8: ... Location of module with timescale
   86 | module conv_accelerator #(
      |        ^~~~~~~~~~~~~~~~
%Warning-TIMESCALEMOD: /home/luxyxp/Documents/mainfiles/asic/run/rtl2gds/tmp/1bc154933c864d5a9dc1f8cecbfff9fd.bb.v:4683:8: Timescale missing on this module as other modules have it (IEEE 1800-2023 3.14.2.3)
 4683 | module sky130_fd_sc_hd__mux2i_1(Y, A0, A1, S, VPWR, VGND, VPB, VNB);
      |        ^~~~~~~~~~~~~~~~~~~~~~~~
                       /home/luxyxp/Documents/mainfiles/asic_rtl/patched/conv_accelerator_asic.v:86:8: ... Location of module with timescale
   86 | module conv_accelerator #(
      |        ^~~~~~~~~~~~~~~~
%Warning-TIMESCALEMOD: /home/luxyxp/Documents/mainfiles/asic/run/rtl2gds/tmp/1bc154933c864d5a9dc1f8cecbfff9fd.bb.v:4702:8: Timescale missing on this module as other modules have it (IEEE 1800-2023 3.14.2.3)
 4702 | module sky130_fd_sc_hd__mux2i_2(Y, A0, A1, S, VPWR, VGND, VPB, VNB);
      |        ^~~~~~~~~~~~~~~~~~~~~~~~
                       /home/luxyxp/Documents/mainfiles/asic_rtl/patched/conv_accelerator_asic.v:86:8: ... Location of module with timescale
   86 | module conv_accelerator #(
      |        ^~~~~~~~~~~~~~~~
%Warning-TIMESCALEMOD: /home/luxyxp/Documents/mainfiles/asic/run/rtl2gds/tmp/1bc154933c864d5a9dc1f8cecbfff9fd.bb.v:4721:8: Timescale missing on this module as other modules have it (IEEE 1800-2023 3.14.2.3)
 4721 | module sky130_fd_sc_hd__mux2i_4(Y, A0, A1, S, VPWR, VGND, VPB, VNB);
      |        ^~~~~~~~~~~~~~~~~~~~~~~~
                       /home/luxyxp/Documents/mainfiles/asic_rtl/patched/conv_accelerator_asic.v:86:8: ... Location of module with timescale
   86 | module conv_accelerator #(
      |        ^~~~~~~~~~~~~~~~
%Warning-TIMESCALEMOD: /home/luxyxp/Documents/mainfiles/asic/run/rtl2gds/tmp/1bc154933c864d5a9dc1f8cecbfff9fd.bb.v:4740:8: Timescale missing on this module as other modules have it (IEEE 1800-2023 3.14.2.3)
 4740 | module sky130_fd_sc_hd__mux4_1(X, A0, A1, A2, A3, S0, S1, VPWR, VGND, VPB, VNB);
      |        ^~~~~~~~~~~~~~~~~~~~~~~
                       /home/luxyxp/Documents/mainfiles/asic_rtl/patched/conv_accelerator_asic.v:86:8: ... Location of module with timescale
   86 | module conv_accelerator #(
      |        ^~~~~~~~~~~~~~~~
%Warning-TIMESCALEMOD: /home/luxyxp/Documents/mainfiles/asic/run/rtl2gds/tmp/1bc154933c864d5a9dc1f8cecbfff9fd.bb.v:4765:8: Timescale missing on this module as other modules have it (IEEE 1800-2023 3.14.2.3)
 4765 | module sky130_fd_sc_hd__mux4_2(X, A0, A1, A2, A3, S0, S1, VPWR, VGND, VPB, VNB);
      |        ^~~~~~~~~~~~~~~~~~~~~~~
                       /home/luxyxp/Documents/mainfiles/asic_rtl/patched/conv_accelerator_asic.v:86:8: ... Location of module with timescale
   86 | module conv_accelerator #(
      |        ^~~~~~~~~~~~~~~~
%Warning-TIMESCALEMOD: /home/luxyxp/Documents/mainfiles/asic/run/rtl2gds/tmp/1bc154933c864d5a9dc1f8cecbfff9fd.bb.v:4790:8: Timescale missing on this module as other modules have it (IEEE 1800-2023 3.14.2.3)
 4790 | module sky130_fd_sc_hd__mux4_4(X, A0, A1, A2, A3, S0, S1, VPWR, VGND, VPB, VNB);
      |        ^~~~~~~~~~~~~~~~~~~~~~~
                       /home/luxyxp/Documents/mainfiles/asic_rtl/patched/conv_accelerator_asic.v:86:8: ... Location of module with timescale
   86 | module conv_accelerator #(
      |        ^~~~~~~~~~~~~~~~
%Warning-TIMESCALEMOD: /home/luxyxp/Documents/mainfiles/asic/run/rtl2gds/tmp/1bc154933c864d5a9dc1f8cecbfff9fd.bb.v:4815:8: Timescale missing on this module as other modules have it (IEEE 1800-2023 3.14.2.3)
 4815 | module sky130_fd_sc_hd__nand2_1(Y, A, B, VPWR, VGND, VPB, VNB);
      |        ^~~~~~~~~~~~~~~~~~~~~~~~
                       /home/luxyxp/Documents/mainfiles/asic_rtl/patched/conv_accelerator_asic.v:86:8: ... Location of module with timescale
   86 | module conv_accelerator #(
      |        ^~~~~~~~~~~~~~~~
%Warning-TIMESCALEMOD: /home/luxyxp/Documents/mainfiles/asic/run/rtl2gds/tmp/1bc154933c864d5a9dc1f8cecbfff9fd.bb.v:4832:8: Timescale missing on this module as other modules have it (IEEE 1800-2023 3.14.2.3)
 4832 | module sky130_fd_sc_hd__nand2_2(Y, A, B, VPWR, VGND, VPB, VNB);
      |        ^~~~~~~~~~~~~~~~~~~~~~~~
                       /home/luxyxp/Documents/mainfiles/asic_rtl/patched/conv_accelerator_asic.v:86:8: ... Location of module with timescale
   86 | module conv_accelerator #(
      |        ^~~~~~~~~~~~~~~~
%Warning-TIMESCALEMOD: /home/luxyxp/Documents/mainfiles/asic/run/rtl2gds/tmp/1bc154933c864d5a9dc1f8cecbfff9fd.bb.v:4849:8: Timescale missing on this module as other modules have it (IEEE 1800-2023 3.14.2.3)
 4849 | module sky130_fd_sc_hd__nand2_4(Y, A, B, VPWR, VGND, VPB, VNB);
      |        ^~~~~~~~~~~~~~~~~~~~~~~~
                       /home/luxyxp/Documents/mainfiles/asic_rtl/patched/conv_accelerator_asic.v:86:8: ... Location of module with timescale
   86 | module conv_accelerator #(
      |        ^~~~~~~~~~~~~~~~
%Warning-TIMESCALEMOD: /home/luxyxp/Documents/mainfiles/asic/run/rtl2gds/tmp/1bc154933c864d5a9dc1f8cecbfff9fd.bb.v:4866:8: Timescale missing on this module as other modules have it (IEEE 1800-2023 3.14.2.3)
 4866 | module sky130_fd_sc_hd__nand2_8(Y, A, B, VPWR, VGND, VPB, VNB);
      |        ^~~~~~~~~~~~~~~~~~~~~~~~
                       /home/luxyxp/Documents/mainfiles/asic_rtl/patched/conv_accelerator_asic.v:86:8: ... Location of module with timescale
   86 | module conv_accelerator #(
      |        ^~~~~~~~~~~~~~~~
%Warning-TIMESCALEMOD: /home/luxyxp/Documents/mainfiles/asic/run/rtl2gds/tmp/1bc154933c864d5a9dc1f8cecbfff9fd.bb.v:4883:8: Timescale missing on this module as other modules have it (IEEE 1800-2023 3.14.2.3)
 4883 | module sky130_fd_sc_hd__nand2b_1(Y, A_N, B, VPWR, VGND, VPB, VNB);
      |        ^~~~~~~~~~~~~~~~~~~~~~~~~
                       /home/luxyxp/Documents/mainfiles/asic_rtl/patched/conv_accelerator_asic.v:86:8: ... Location of module with timescale
   86 | module conv_accelerator #(
      |        ^~~~~~~~~~~~~~~~
%Warning-TIMESCALEMOD: /home/luxyxp/Documents/mainfiles/asic/run/rtl2gds/tmp/1bc154933c864d5a9dc1f8cecbfff9fd.bb.v:4900:8: Timescale missing on this module as other modules have it (IEEE 1800-2023 3.14.2.3)
 4900 | module sky130_fd_sc_hd__nand2b_2(Y, A_N, B, VPWR, VGND, VPB, VNB);
      |        ^~~~~~~~~~~~~~~~~~~~~~~~~
                       /home/luxyxp/Documents/mainfiles/asic_rtl/patched/conv_accelerator_asic.v:86:8: ... Location of module with timescale
   86 | module conv_accelerator #(
      |        ^~~~~~~~~~~~~~~~
%Warning-TIMESCALEMOD: /home/luxyxp/Documents/mainfiles/asic/run/rtl2gds/tmp/1bc154933c864d5a9dc1f8cecbfff9fd.bb.v:4917:8: Timescale missing on this module as other modules have it (IEEE 1800-2023 3.14.2.3)
 4917 | module sky130_fd_sc_hd__nand2b_4(Y, A_N, B, VPWR, VGND, VPB, VNB);
      |        ^~~~~~~~~~~~~~~~~~~~~~~~~
                       /home/luxyxp/Documents/mainfiles/asic_rtl/patched/conv_accelerator_asic.v:86:8: ... Location of module with timescale
   86 | module conv_accelerator #(
      |        ^~~~~~~~~~~~~~~~
%Warning-TIMESCALEMOD: /home/luxyxp/Documents/mainfiles/asic/run/rtl2gds/tmp/1bc154933c864d5a9dc1f8cecbfff9fd.bb.v:4934:8: Timescale missing on this module as other modules have it (IEEE 1800-2023 3.14.2.3)
 4934 | module sky130_fd_sc_hd__nand3_1(Y, A, B, C, VPWR, VGND, VPB, VNB);
      |        ^~~~~~~~~~~~~~~~~~~~~~~~
                       /home/luxyxp/Documents/mainfiles/asic_rtl/patched/conv_accelerator_asic.v:86:8: ... Location of module with timescale
   86 | module conv_accelerator #(
      |        ^~~~~~~~~~~~~~~~
%Warning-TIMESCALEMOD: /home/luxyxp/Documents/mainfiles/asic/run/rtl2gds/tmp/1bc154933c864d5a9dc1f8cecbfff9fd.bb.v:4953:8: Timescale missing on this module as other modules have it (IEEE 1800-2023 3.14.2.3)
 4953 | module sky130_fd_sc_hd__nand3_2(Y, A, B, C, VPWR, VGND, VPB, VNB);
      |        ^~~~~~~~~~~~~~~~~~~~~~~~
                       /home/luxyxp/Documents/mainfiles/asic_rtl/patched/conv_accelerator_asic.v:86:8: ... Location of module with timescale
   86 | module conv_accelerator #(
      |        ^~~~~~~~~~~~~~~~
%Warning-TIMESCALEMOD: /home/luxyxp/Documents/mainfiles/asic/run/rtl2gds/tmp/1bc154933c864d5a9dc1f8cecbfff9fd.bb.v:4972:8: Timescale missing on this module as other modules have it (IEEE 1800-2023 3.14.2.3)
 4972 | module sky130_fd_sc_hd__nand3_4(Y, A, B, C, VPWR, VGND, VPB, VNB);
      |        ^~~~~~~~~~~~~~~~~~~~~~~~
                       /home/luxyxp/Documents/mainfiles/asic_rtl/patched/conv_accelerator_asic.v:86:8: ... Location of module with timescale
   86 | module conv_accelerator #(
      |        ^~~~~~~~~~~~~~~~
%Warning-TIMESCALEMOD: /home/luxyxp/Documents/mainfiles/asic/run/rtl2gds/tmp/1bc154933c864d5a9dc1f8cecbfff9fd.bb.v:4991:8: Timescale missing on this module as other modules have it (IEEE 1800-2023 3.14.2.3)
 4991 | module sky130_fd_sc_hd__nand3b_1(Y, A_N, B, C, VPWR, VGND, VPB, VNB);
      |        ^~~~~~~~~~~~~~~~~~~~~~~~~
                       /home/luxyxp/Documents/mainfiles/asic_rtl/patched/conv_accelerator_asic.v:86:8: ... Location of module with timescale
   86 | module conv_accelerator #(
      |        ^~~~~~~~~~~~~~~~
%Warning-TIMESCALEMOD: /home/luxyxp/Documents/mainfiles/asic/run/rtl2gds/tmp/1bc154933c864d5a9dc1f8cecbfff9fd.bb.v:5010:8: Timescale missing on this module as other modules have it (IEEE 1800-2023 3.14.2.3)
 5010 | module sky130_fd_sc_hd__nand3b_2(Y, A_N, B, C, VPWR, VGND, VPB, VNB);
      |        ^~~~~~~~~~~~~~~~~~~~~~~~~
                       /home/luxyxp/Documents/mainfiles/asic_rtl/patched/conv_accelerator_asic.v:86:8: ... Location of module with timescale
   86 | module conv_accelerator #(
      |        ^~~~~~~~~~~~~~~~
%Warning-TIMESCALEMOD: /home/luxyxp/Documents/mainfiles/asic/run/rtl2gds/tmp/1bc154933c864d5a9dc1f8cecbfff9fd.bb.v:5029:8: Timescale missing on this module as other modules have it (IEEE 1800-2023 3.14.2.3)
 5029 | module sky130_fd_sc_hd__nand3b_4(Y, A_N, B, C, VPWR, VGND, VPB, VNB);
      |        ^~~~~~~~~~~~~~~~~~~~~~~~~
                       /home/luxyxp/Documents/mainfiles/asic_rtl/patched/conv_accelerator_asic.v:86:8: ... Location of module with timescale
   86 | module conv_accelerator #(
      |        ^~~~~~~~~~~~~~~~
%Warning-TIMESCALEMOD: /home/luxyxp/Documents/mainfiles/asic/run/rtl2gds/tmp/1bc154933c864d5a9dc1f8cecbfff9fd.bb.v:5048:8: Timescale missing on this module as other modules have it (IEEE 1800-2023 3.14.2.3)
 5048 | module sky130_fd_sc_hd__nand4_1(Y, A, B, C, D, VPWR, VGND, VPB, VNB);
      |        ^~~~~~~~~~~~~~~~~~~~~~~~
                       /home/luxyxp/Documents/mainfiles/asic_rtl/patched/conv_accelerator_asic.v:86:8: ... Location of module with timescale
   86 | module conv_accelerator #(
      |        ^~~~~~~~~~~~~~~~
%Warning-TIMESCALEMOD: /home/luxyxp/Documents/mainfiles/asic/run/rtl2gds/tmp/1bc154933c864d5a9dc1f8cecbfff9fd.bb.v:5069:8: Timescale missing on this module as other modules have it (IEEE 1800-2023 3.14.2.3)
 5069 | module sky130_fd_sc_hd__nand4_2(Y, A, B, C, D, VPWR, VGND, VPB, VNB);
      |        ^~~~~~~~~~~~~~~~~~~~~~~~
                       /home/luxyxp/Documents/mainfiles/asic_rtl/patched/conv_accelerator_asic.v:86:8: ... Location of module with timescale
   86 | module conv_accelerator #(
      |        ^~~~~~~~~~~~~~~~
%Warning-TIMESCALEMOD: /home/luxyxp/Documents/mainfiles/asic/run/rtl2gds/tmp/1bc154933c864d5a9dc1f8cecbfff9fd.bb.v:5090:8: Timescale missing on this module as other modules have it (IEEE 1800-2023 3.14.2.3)
 5090 | module sky130_fd_sc_hd__nand4_4(Y, A, B, C, D, VPWR, VGND, VPB, VNB);
      |        ^~~~~~~~~~~~~~~~~~~~~~~~
                       /home/luxyxp/Documents/mainfiles/asic_rtl/patched/conv_accelerator_asic.v:86:8: ... Location of module with timescale
   86 | module conv_accelerator #(
      |        ^~~~~~~~~~~~~~~~
%Warning-TIMESCALEMOD: /home/luxyxp/Documents/mainfiles/asic/run/rtl2gds/tmp/1bc154933c864d5a9dc1f8cecbfff9fd.bb.v:5111:8: Timescale missing on this module as other modules have it (IEEE 1800-2023 3.14.2.3)
 5111 | module sky130_fd_sc_hd__nand4b_1(Y, A_N, B, C, D, VPWR, VGND, VPB, VNB);
      |        ^~~~~~~~~~~~~~~~~~~~~~~~~
                       /home/luxyxp/Documents/mainfiles/asic_rtl/patched/conv_accelerator_asic.v:86:8: ... Location of module with timescale
   86 | module conv_accelerator #(
      |        ^~~~~~~~~~~~~~~~
%Warning-TIMESCALEMOD: /home/luxyxp/Documents/mainfiles/asic/run/rtl2gds/tmp/1bc154933c864d5a9dc1f8cecbfff9fd.bb.v:5132:8: Timescale missing on this module as other modules have it (IEEE 1800-2023 3.14.2.3)
 5132 | module sky130_fd_sc_hd__nand4b_2(Y, A_N, B, C, D, VPWR, VGND, VPB, VNB);
      |        ^~~~~~~~~~~~~~~~~~~~~~~~~
                       /home/luxyxp/Documents/mainfiles/asic_rtl/patched/conv_accelerator_asic.v:86:8: ... Location of module with timescale
   86 | module conv_accelerator #(
      |        ^~~~~~~~~~~~~~~~
%Warning-TIMESCALEMOD: /home/luxyxp/Documents/mainfiles/asic/run/rtl2gds/tmp/1bc154933c864d5a9dc1f8cecbfff9fd.bb.v:5153:8: Timescale missing on this module as other modules have it (IEEE 1800-2023 3.14.2.3)
 5153 | module sky130_fd_sc_hd__nand4b_4(Y, A_N, B, C, D, VPWR, VGND, VPB, VNB);
      |        ^~~~~~~~~~~~~~~~~~~~~~~~~
                       /home/luxyxp/Documents/mainfiles/asic_rtl/patched/conv_accelerator_asic.v:86:8: ... Location of module with timescale
   86 | module conv_accelerator #(
      |        ^~~~~~~~~~~~~~~~
%Warning-TIMESCALEMOD: /home/luxyxp/Documents/mainfiles/asic/run/rtl2gds/tmp/1bc154933c864d5a9dc1f8cecbfff9fd.bb.v:5174:8: Timescale missing on this module as other modules have it (IEEE 1800-2023 3.14.2.3)
 5174 | module sky130_fd_sc_hd__nand4bb_1(Y, A_N, B_N, C, D, VPWR, VGND, VPB, VNB);
      |        ^~~~~~~~~~~~~~~~~~~~~~~~~~
                       /home/luxyxp/Documents/mainfiles/asic_rtl/patched/conv_accelerator_asic.v:86:8: ... Location of module with timescale
   86 | module conv_accelerator #(
      |        ^~~~~~~~~~~~~~~~
%Warning-TIMESCALEMOD: /home/luxyxp/Documents/mainfiles/asic/run/rtl2gds/tmp/1bc154933c864d5a9dc1f8cecbfff9fd.bb.v:5195:8: Timescale missing on this module as other modules have it (IEEE 1800-2023 3.14.2.3)
 5195 | module sky130_fd_sc_hd__nand4bb_2(Y, A_N, B_N, C, D, VPWR, VGND, VPB, VNB);
      |        ^~~~~~~~~~~~~~~~~~~~~~~~~~
                       /home/luxyxp/Documents/mainfiles/asic_rtl/patched/conv_accelerator_asic.v:86:8: ... Location of module with timescale
   86 | module conv_accelerator #(
      |        ^~~~~~~~~~~~~~~~
%Warning-TIMESCALEMOD: /home/luxyxp/Documents/mainfiles/asic/run/rtl2gds/tmp/1bc154933c864d5a9dc1f8cecbfff9fd.bb.v:5216:8: Timescale missing on this module as other modules have it (IEEE 1800-2023 3.14.2.3)
 5216 | module sky130_fd_sc_hd__nand4bb_4(Y, A_N, B_N, C, D, VPWR, VGND, VPB, VNB);
      |        ^~~~~~~~~~~~~~~~~~~~~~~~~~
                       /home/luxyxp/Documents/mainfiles/asic_rtl/patched/conv_accelerator_asic.v:86:8: ... Location of module with timescale
   86 | module conv_accelerator #(
      |        ^~~~~~~~~~~~~~~~
%Warning-TIMESCALEMOD: /home/luxyxp/Documents/mainfiles/asic/run/rtl2gds/tmp/1bc154933c864d5a9dc1f8cecbfff9fd.bb.v:5237:8: Timescale missing on this module as other modules have it (IEEE 1800-2023 3.14.2.3)
 5237 | module sky130_fd_sc_hd__nor2_1(Y, A, B, VPWR, VGND, VPB, VNB);
      |        ^~~~~~~~~~~~~~~~~~~~~~~
                       /home/luxyxp/Documents/mainfiles/asic_rtl/patched/conv_accelerator_asic.v:86:8: ... Location of module with timescale
   86 | module conv_accelerator #(
      |        ^~~~~~~~~~~~~~~~
%Warning-TIMESCALEMOD: /home/luxyxp/Documents/mainfiles/asic/run/rtl2gds/tmp/1bc154933c864d5a9dc1f8cecbfff9fd.bb.v:5254:8: Timescale missing on this module as other modules have it (IEEE 1800-2023 3.14.2.3)
 5254 | module sky130_fd_sc_hd__nor2_2(Y, A, B, VPWR, VGND, VPB, VNB);
      |        ^~~~~~~~~~~~~~~~~~~~~~~
                       /home/luxyxp/Documents/mainfiles/asic_rtl/patched/conv_accelerator_asic.v:86:8: ... Location of module with timescale
   86 | module conv_accelerator #(
      |        ^~~~~~~~~~~~~~~~
%Warning-TIMESCALEMOD: /home/luxyxp/Documents/mainfiles/asic/run/rtl2gds/tmp/1bc154933c864d5a9dc1f8cecbfff9fd.bb.v:5271:8: Timescale missing on this module as other modules have it (IEEE 1800-2023 3.14.2.3)
 5271 | module sky130_fd_sc_hd__nor2_4(Y, A, B, VPWR, VGND, VPB, VNB);
      |        ^~~~~~~~~~~~~~~~~~~~~~~
                       /home/luxyxp/Documents/mainfiles/asic_rtl/patched/conv_accelerator_asic.v:86:8: ... Location of module with timescale
   86 | module conv_accelerator #(
      |        ^~~~~~~~~~~~~~~~
%Warning-TIMESCALEMOD: /home/luxyxp/Documents/mainfiles/asic/run/rtl2gds/tmp/1bc154933c864d5a9dc1f8cecbfff9fd.bb.v:5288:8: Timescale missing on this module as other modules have it (IEEE 1800-2023 3.14.2.3)
 5288 | module sky130_fd_sc_hd__nor2_8(Y, A, B, VPWR, VGND, VPB, VNB);
      |        ^~~~~~~~~~~~~~~~~~~~~~~
                       /home/luxyxp/Documents/mainfiles/asic_rtl/patched/conv_accelerator_asic.v:86:8: ... Location of module with timescale
   86 | module conv_accelerator #(
      |        ^~~~~~~~~~~~~~~~
%Warning-TIMESCALEMOD: /home/luxyxp/Documents/mainfiles/asic/run/rtl2gds/tmp/1bc154933c864d5a9dc1f8cecbfff9fd.bb.v:5305:8: Timescale missing on this module as other modules have it (IEEE 1800-2023 3.14.2.3)
 5305 | module sky130_fd_sc_hd__nor2b_1(Y, A, B_N, VPWR, VGND, VPB, VNB);
      |        ^~~~~~~~~~~~~~~~~~~~~~~~
                       /home/luxyxp/Documents/mainfiles/asic_rtl/patched/conv_accelerator_asic.v:86:8: ... Location of module with timescale
   86 | module conv_accelerator #(
      |        ^~~~~~~~~~~~~~~~
%Warning-TIMESCALEMOD: /home/luxyxp/Documents/mainfiles/asic/run/rtl2gds/tmp/1bc154933c864d5a9dc1f8cecbfff9fd.bb.v:5322:8: Timescale missing on this module as other modules have it (IEEE 1800-2023 3.14.2.3)
 5322 | module sky130_fd_sc_hd__nor2b_2(Y, A, B_N, VPWR, VGND, VPB, VNB);
      |        ^~~~~~~~~~~~~~~~~~~~~~~~
                       /home/luxyxp/Documents/mainfiles/asic_rtl/patched/conv_accelerator_asic.v:86:8: ... Location of module with timescale
   86 | module conv_accelerator #(
      |        ^~~~~~~~~~~~~~~~
%Warning-TIMESCALEMOD: /home/luxyxp/Documents/mainfiles/asic/run/rtl2gds/tmp/1bc154933c864d5a9dc1f8cecbfff9fd.bb.v:5339:8: Timescale missing on this module as other modules have it (IEEE 1800-2023 3.14.2.3)
 5339 | module sky130_fd_sc_hd__nor2b_4(Y, A, B_N, VPWR, VGND, VPB, VNB);
      |        ^~~~~~~~~~~~~~~~~~~~~~~~
                       /home/luxyxp/Documents/mainfiles/asic_rtl/patched/conv_accelerator_asic.v:86:8: ... Location of module with timescale
   86 | module conv_accelerator #(
      |        ^~~~~~~~~~~~~~~~
%Warning-TIMESCALEMOD: /home/luxyxp/Documents/mainfiles/asic/run/rtl2gds/tmp/1bc154933c864d5a9dc1f8cecbfff9fd.bb.v:5356:8: Timescale missing on this module as other modules have it (IEEE 1800-2023 3.14.2.3)
 5356 | module sky130_fd_sc_hd__nor3_1(Y, A, B, C, VPWR, VGND, VPB, VNB);
      |        ^~~~~~~~~~~~~~~~~~~~~~~
                       /home/luxyxp/Documents/mainfiles/asic_rtl/patched/conv_accelerator_asic.v:86:8: ... Location of module with timescale
   86 | module conv_accelerator #(
      |        ^~~~~~~~~~~~~~~~
%Warning-TIMESCALEMOD: /home/luxyxp/Documents/mainfiles/asic/run/rtl2gds/tmp/1bc154933c864d5a9dc1f8cecbfff9fd.bb.v:5375:8: Timescale missing on this module as other modules have it (IEEE 1800-2023 3.14.2.3)
 5375 | module sky130_fd_sc_hd__nor3_2(Y, A, B, C, VPWR, VGND, VPB, VNB);
      |        ^~~~~~~~~~~~~~~~~~~~~~~
                       /home/luxyxp/Documents/mainfiles/asic_rtl/patched/conv_accelerator_asic.v:86:8: ... Location of module with timescale
   86 | module conv_accelerator #(
      |        ^~~~~~~~~~~~~~~~
%Warning-TIMESCALEMOD: /home/luxyxp/Documents/mainfiles/asic/run/rtl2gds/tmp/1bc154933c864d5a9dc1f8cecbfff9fd.bb.v:5394:8: Timescale missing on this module as other modules have it (IEEE 1800-2023 3.14.2.3)
 5394 | module sky130_fd_sc_hd__nor3_4(Y, A, B, C, VPWR, VGND, VPB, VNB);
      |        ^~~~~~~~~~~~~~~~~~~~~~~
                       /home/luxyxp/Documents/mainfiles/asic_rtl/patched/conv_accelerator_asic.v:86:8: ... Location of module with timescale
   86 | module conv_accelerator #(
      |        ^~~~~~~~~~~~~~~~
%Warning-TIMESCALEMOD: /home/luxyxp/Documents/mainfiles/asic/run/rtl2gds/tmp/1bc154933c864d5a9dc1f8cecbfff9fd.bb.v:5413:8: Timescale missing on this module as other modules have it (IEEE 1800-2023 3.14.2.3)
 5413 | module sky130_fd_sc_hd__nor3b_1(Y, A, B, C_N, VPWR, VGND, VPB, VNB);
      |        ^~~~~~~~~~~~~~~~~~~~~~~~
                       /home/luxyxp/Documents/mainfiles/asic_rtl/patched/conv_accelerator_asic.v:86:8: ... Location of module with timescale
   86 | module conv_accelerator #(
      |        ^~~~~~~~~~~~~~~~
%Warning-TIMESCALEMOD: /home/luxyxp/Documents/mainfiles/asic/run/rtl2gds/tmp/1bc154933c864d5a9dc1f8cecbfff9fd.bb.v:5432:8: Timescale missing on this module as other modules have it (IEEE 1800-2023 3.14.2.3)
 5432 | module sky130_fd_sc_hd__nor3b_2(Y, A, B, C_N, VPWR, VGND, VPB, VNB);
      |        ^~~~~~~~~~~~~~~~~~~~~~~~
                       /home/luxyxp/Documents/mainfiles/asic_rtl/patched/conv_accelerator_asic.v:86:8: ... Location of module with timescale
   86 | module conv_accelerator #(
      |        ^~~~~~~~~~~~~~~~
%Warning-TIMESCALEMOD: /home/luxyxp/Documents/mainfiles/asic/run/rtl2gds/tmp/1bc154933c864d5a9dc1f8cecbfff9fd.bb.v:5451:8: Timescale missing on this module as other modules have it (IEEE 1800-2023 3.14.2.3)
 5451 | module sky130_fd_sc_hd__nor3b_4(Y, A, B, C_N, VPWR, VGND, VPB, VNB);
      |        ^~~~~~~~~~~~~~~~~~~~~~~~
                       /home/luxyxp/Documents/mainfiles/asic_rtl/patched/conv_accelerator_asic.v:86:8: ... Location of module with timescale
   86 | module conv_accelerator #(
      |        ^~~~~~~~~~~~~~~~
%Warning-TIMESCALEMOD: /home/luxyxp/Documents/mainfiles/asic/run/rtl2gds/tmp/1bc154933c864d5a9dc1f8cecbfff9fd.bb.v:5470:8: Timescale missing on this module as other modules have it (IEEE 1800-2023 3.14.2.3)
 5470 | module sky130_fd_sc_hd__nor4_1(Y, A, B, C, D, VPWR, VGND, VPB, VNB);
      |        ^~~~~~~~~~~~~~~~~~~~~~~
                       /home/luxyxp/Documents/mainfiles/asic_rtl/patched/conv_accelerator_asic.v:86:8: ... Location of module with timescale
   86 | module conv_accelerator #(
      |        ^~~~~~~~~~~~~~~~
%Warning-TIMESCALEMOD: /home/luxyxp/Documents/mainfiles/asic/run/rtl2gds/tmp/1bc154933c864d5a9dc1f8cecbfff9fd.bb.v:5491:8: Timescale missing on this module as other modules have it (IEEE 1800-2023 3.14.2.3)
 5491 | module sky130_fd_sc_hd__nor4_2(Y, A, B, C, D, VPWR, VGND, VPB, VNB);
      |        ^~~~~~~~~~~~~~~~~~~~~~~
                       /home/luxyxp/Documents/mainfiles/asic_rtl/patched/conv_accelerator_asic.v:86:8: ... Location of module with timescale
   86 | module conv_accelerator #(
      |        ^~~~~~~~~~~~~~~~
%Warning-TIMESCALEMOD: /home/luxyxp/Documents/mainfiles/asic/run/rtl2gds/tmp/1bc154933c864d5a9dc1f8cecbfff9fd.bb.v:5512:8: Timescale missing on this module as other modules have it (IEEE 1800-2023 3.14.2.3)
 5512 | module sky130_fd_sc_hd__nor4_4(Y, A, B, C, D, VPWR, VGND, VPB, VNB);
      |        ^~~~~~~~~~~~~~~~~~~~~~~
                       /home/luxyxp/Documents/mainfiles/asic_rtl/patched/conv_accelerator_asic.v:86:8: ... Location of module with timescale
   86 | module conv_accelerator #(
      |        ^~~~~~~~~~~~~~~~
%Warning-TIMESCALEMOD: /home/luxyxp/Documents/mainfiles/asic/run/rtl2gds/tmp/1bc154933c864d5a9dc1f8cecbfff9fd.bb.v:5533:8: Timescale missing on this module as other modules have it (IEEE 1800-2023 3.14.2.3)
 5533 | module sky130_fd_sc_hd__nor4b_1(Y, A, B, C, D_N, VPWR, VGND, VPB, VNB);
      |        ^~~~~~~~~~~~~~~~~~~~~~~~
                       /home/luxyxp/Documents/mainfiles/asic_rtl/patched/conv_accelerator_asic.v:86:8: ... Location of module with timescale
   86 | module conv_accelerator #(
      |        ^~~~~~~~~~~~~~~~
%Warning-TIMESCALEMOD: /home/luxyxp/Documents/mainfiles/asic/run/rtl2gds/tmp/1bc154933c864d5a9dc1f8cecbfff9fd.bb.v:5554:8: Timescale missing on this module as other modules have it (IEEE 1800-2023 3.14.2.3)
 5554 | module sky130_fd_sc_hd__nor4b_2(Y, A, B, C, D_N, VPWR, VGND, VPB, VNB);
      |        ^~~~~~~~~~~~~~~~~~~~~~~~
                       /home/luxyxp/Documents/mainfiles/asic_rtl/patched/conv_accelerator_asic.v:86:8: ... Location of module with timescale
   86 | module conv_accelerator #(
      |        ^~~~~~~~~~~~~~~~
%Warning-TIMESCALEMOD: /home/luxyxp/Documents/mainfiles/asic/run/rtl2gds/tmp/1bc154933c864d5a9dc1f8cecbfff9fd.bb.v:5575:8: Timescale missing on this module as other modules have it (IEEE 1800-2023 3.14.2.3)
 5575 | module sky130_fd_sc_hd__nor4b_4(Y, A, B, C, D_N, VPWR, VGND, VPB, VNB);
      |        ^~~~~~~~~~~~~~~~~~~~~~~~
                       /home/luxyxp/Documents/mainfiles/asic_rtl/patched/conv_accelerator_asic.v:86:8: ... Location of module with timescale
   86 | module conv_accelerator #(
      |        ^~~~~~~~~~~~~~~~
%Warning-TIMESCALEMOD: /home/luxyxp/Documents/mainfiles/asic/run/rtl2gds/tmp/1bc154933c864d5a9dc1f8cecbfff9fd.bb.v:5596:8: Timescale missing on this module as other modules have it (IEEE 1800-2023 3.14.2.3)
 5596 | module sky130_fd_sc_hd__nor4bb_1(Y, A, B, C_N, D_N, VPWR, VGND, VPB, VNB);
      |        ^~~~~~~~~~~~~~~~~~~~~~~~~
                       /home/luxyxp/Documents/mainfiles/asic_rtl/patched/conv_accelerator_asic.v:86:8: ... Location of module with timescale
   86 | module conv_accelerator #(
      |        ^~~~~~~~~~~~~~~~
%Warning-TIMESCALEMOD: /home/luxyxp/Documents/mainfiles/asic/run/rtl2gds/tmp/1bc154933c864d5a9dc1f8cecbfff9fd.bb.v:5617:8: Timescale missing on this module as other modules have it (IEEE 1800-2023 3.14.2.3)
 5617 | module sky130_fd_sc_hd__nor4bb_2(Y, A, B, C_N, D_N, VPWR, VGND, VPB, VNB);
      |        ^~~~~~~~~~~~~~~~~~~~~~~~~
                       /home/luxyxp/Documents/mainfiles/asic_rtl/patched/conv_accelerator_asic.v:86:8: ... Location of module with timescale
   86 | module conv_accelerator #(
      |        ^~~~~~~~~~~~~~~~
%Warning-TIMESCALEMOD: /home/luxyxp/Documents/mainfiles/asic/run/rtl2gds/tmp/1bc154933c864d5a9dc1f8cecbfff9fd.bb.v:5638:8: Timescale missing on this module as other modules have it (IEEE 1800-2023 3.14.2.3)
 5638 | module sky130_fd_sc_hd__nor4bb_4(Y, A, B, C_N, D_N, VPWR, VGND, VPB, VNB);
      |        ^~~~~~~~~~~~~~~~~~~~~~~~~
                       /home/luxyxp/Documents/mainfiles/asic_rtl/patched/conv_accelerator_asic.v:86:8: ... Location of module with timescale
   86 | module conv_accelerator #(
      |        ^~~~~~~~~~~~~~~~
%Warning-TIMESCALEMOD: /home/luxyxp/Documents/mainfiles/asic/run/rtl2gds/tmp/1bc154933c864d5a9dc1f8cecbfff9fd.bb.v:5659:8: Timescale missing on this module as other modules have it (IEEE 1800-2023 3.14.2.3)
 5659 | module sky130_fd_sc_hd__o2111a_1(X, A1, A2, B1, C1, D1, VPWR, VGND, VPB, VNB);
      |        ^~~~~~~~~~~~~~~~~~~~~~~~~
                       /home/luxyxp/Documents/mainfiles/asic_rtl/patched/conv_accelerator_asic.v:86:8: ... Location of module with timescale
   86 | module conv_accelerator #(
      |        ^~~~~~~~~~~~~~~~
%Warning-TIMESCALEMOD: /home/luxyxp/Documents/mainfiles/asic/run/rtl2gds/tmp/1bc154933c864d5a9dc1f8cecbfff9fd.bb.v:5682:8: Timescale missing on this module as other modules have it (IEEE 1800-2023 3.14.2.3)
 5682 | module sky130_fd_sc_hd__o2111a_2(X, A1, A2, B1, C1, D1, VPWR, VGND, VPB, VNB);
      |        ^~~~~~~~~~~~~~~~~~~~~~~~~
                       /home/luxyxp/Documents/mainfiles/asic_rtl/patched/conv_accelerator_asic.v:86:8: ... Location of module with timescale
   86 | module conv_accelerator #(
      |        ^~~~~~~~~~~~~~~~
%Warning-TIMESCALEMOD: /home/luxyxp/Documents/mainfiles/asic/run/rtl2gds/tmp/1bc154933c864d5a9dc1f8cecbfff9fd.bb.v:5705:8: Timescale missing on this module as other modules have it (IEEE 1800-2023 3.14.2.3)
 5705 | module sky130_fd_sc_hd__o2111a_4(X, A1, A2, B1, C1, D1, VPWR, VGND, VPB, VNB);
      |        ^~~~~~~~~~~~~~~~~~~~~~~~~
                       /home/luxyxp/Documents/mainfiles/asic_rtl/patched/conv_accelerator_asic.v:86:8: ... Location of module with timescale
   86 | module conv_accelerator #(
      |        ^~~~~~~~~~~~~~~~
%Warning-TIMESCALEMOD: /home/luxyxp/Documents/mainfiles/asic/run/rtl2gds/tmp/1bc154933c864d5a9dc1f8cecbfff9fd.bb.v:5728:8: Timescale missing on this module as other modules have it (IEEE 1800-2023 3.14.2.3)
 5728 | module sky130_fd_sc_hd__o2111ai_1(Y, A1, A2, B1, C1, D1, VPWR, VGND, VPB, VNB);
      |        ^~~~~~~~~~~~~~~~~~~~~~~~~~
                       /home/luxyxp/Documents/mainfiles/asic_rtl/patched/conv_accelerator_asic.v:86:8: ... Location of module with timescale
   86 | module conv_accelerator #(
      |        ^~~~~~~~~~~~~~~~
%Warning-TIMESCALEMOD: /home/luxyxp/Documents/mainfiles/asic/run/rtl2gds/tmp/1bc154933c864d5a9dc1f8cecbfff9fd.bb.v:5751:8: Timescale missing on this module as other modules have it (IEEE 1800-2023 3.14.2.3)
 5751 | module sky130_fd_sc_hd__o2111ai_2(Y, A1, A2, B1, C1, D1, VPWR, VGND, VPB, VNB);
      |        ^~~~~~~~~~~~~~~~~~~~~~~~~~
                       /home/luxyxp/Documents/mainfiles/asic_rtl/patched/conv_accelerator_asic.v:86:8: ... Location of module with timescale
   86 | module conv_accelerator #(
      |        ^~~~~~~~~~~~~~~~
%Warning-TIMESCALEMOD: /home/luxyxp/Documents/mainfiles/asic/run/rtl2gds/tmp/1bc154933c864d5a9dc1f8cecbfff9fd.bb.v:5774:8: Timescale missing on this module as other modules have it (IEEE 1800-2023 3.14.2.3)
 5774 | module sky130_fd_sc_hd__o2111ai_4(Y, A1, A2, B1, C1, D1, VPWR, VGND, VPB, VNB);
      |        ^~~~~~~~~~~~~~~~~~~~~~~~~~
                       /home/luxyxp/Documents/mainfiles/asic_rtl/patched/conv_accelerator_asic.v:86:8: ... Location of module with timescale
   86 | module conv_accelerator #(
      |        ^~~~~~~~~~~~~~~~
%Warning-TIMESCALEMOD: /home/luxyxp/Documents/mainfiles/asic/run/rtl2gds/tmp/1bc154933c864d5a9dc1f8cecbfff9fd.bb.v:5797:8: Timescale missing on this module as other modules have it (IEEE 1800-2023 3.14.2.3)
 5797 | module sky130_fd_sc_hd__o211a_1(X, A1, A2, B1, C1, VPWR, VGND, VPB, VNB);
      |        ^~~~~~~~~~~~~~~~~~~~~~~~
                       /home/luxyxp/Documents/mainfiles/asic_rtl/patched/conv_accelerator_asic.v:86:8: ... Location of module with timescale
   86 | module conv_accelerator #(
      |        ^~~~~~~~~~~~~~~~
%Warning-TIMESCALEMOD: /home/luxyxp/Documents/mainfiles/asic/run/rtl2gds/tmp/1bc154933c864d5a9dc1f8cecbfff9fd.bb.v:5818:8: Timescale missing on this module as other modules have it (IEEE 1800-2023 3.14.2.3)
 5818 | module sky130_fd_sc_hd__o211a_2(X, A1, A2, B1, C1, VPWR, VGND, VPB, VNB);
      |        ^~~~~~~~~~~~~~~~~~~~~~~~
                       /home/luxyxp/Documents/mainfiles/asic_rtl/patched/conv_accelerator_asic.v:86:8: ... Location of module with timescale
   86 | module conv_accelerator #(
      |        ^~~~~~~~~~~~~~~~
%Warning-TIMESCALEMOD: /home/luxyxp/Documents/mainfiles/asic/run/rtl2gds/tmp/1bc154933c864d5a9dc1f8cecbfff9fd.bb.v:5839:8: Timescale missing on this module as other modules have it (IEEE 1800-2023 3.14.2.3)
 5839 | module sky130_fd_sc_hd__o211a_4(X, A1, A2, B1, C1, VPWR, VGND, VPB, VNB);
      |        ^~~~~~~~~~~~~~~~~~~~~~~~
                       /home/luxyxp/Documents/mainfiles/asic_rtl/patched/conv_accelerator_asic.v:86:8: ... Location of module with timescale
   86 | module conv_accelerator #(
      |        ^~~~~~~~~~~~~~~~
%Warning-TIMESCALEMOD: /home/luxyxp/Documents/mainfiles/asic/run/rtl2gds/tmp/1bc154933c864d5a9dc1f8cecbfff9fd.bb.v:5860:8: Timescale missing on this module as other modules have it (IEEE 1800-2023 3.14.2.3)
 5860 | module sky130_fd_sc_hd__o211ai_1(Y, A1, A2, B1, C1, VPWR, VGND, VPB, VNB);
      |        ^~~~~~~~~~~~~~~~~~~~~~~~~
                       /home/luxyxp/Documents/mainfiles/asic_rtl/patched/conv_accelerator_asic.v:86:8: ... Location of module with timescale
   86 | module conv_accelerator #(
      |        ^~~~~~~~~~~~~~~~
%Warning-TIMESCALEMOD: /home/luxyxp/Documents/mainfiles/asic/run/rtl2gds/tmp/1bc154933c864d5a9dc1f8cecbfff9fd.bb.v:5881:8: Timescale missing on this module as other modules have it (IEEE 1800-2023 3.14.2.3)
 5881 | module sky130_fd_sc_hd__o211ai_2(Y, A1, A2, B1, C1, VPWR, VGND, VPB, VNB);
      |        ^~~~~~~~~~~~~~~~~~~~~~~~~
                       /home/luxyxp/Documents/mainfiles/asic_rtl/patched/conv_accelerator_asic.v:86:8: ... Location of module with timescale
   86 | module conv_accelerator #(
      |        ^~~~~~~~~~~~~~~~
%Warning-TIMESCALEMOD: /home/luxyxp/Documents/mainfiles/asic/run/rtl2gds/tmp/1bc154933c864d5a9dc1f8cecbfff9fd.bb.v:5902:8: Timescale missing on this module as other modules have it (IEEE 1800-2023 3.14.2.3)
 5902 | module sky130_fd_sc_hd__o211ai_4(Y, A1, A2, B1, C1, VPWR, VGND, VPB, VNB);
      |        ^~~~~~~~~~~~~~~~~~~~~~~~~
                       /home/luxyxp/Documents/mainfiles/asic_rtl/patched/conv_accelerator_asic.v:86:8: ... Location of module with timescale
   86 | module conv_accelerator #(
      |        ^~~~~~~~~~~~~~~~
%Warning-TIMESCALEMOD: /home/luxyxp/Documents/mainfiles/asic/run/rtl2gds/tmp/1bc154933c864d5a9dc1f8cecbfff9fd.bb.v:5923:8: Timescale missing on this module as other modules have it (IEEE 1800-2023 3.14.2.3)
 5923 | module sky130_fd_sc_hd__o21a_1(X, A1, A2, B1, VPWR, VGND, VPB, VNB);
      |        ^~~~~~~~~~~~~~~~~~~~~~~
                       /home/luxyxp/Documents/mainfiles/asic_rtl/patched/conv_accelerator_asic.v:86:8: ... Location of module with timescale
   86 | module conv_accelerator #(
      |        ^~~~~~~~~~~~~~~~
%Warning-TIMESCALEMOD: /home/luxyxp/Documents/mainfiles/asic/run/rtl2gds/tmp/1bc154933c864d5a9dc1f8cecbfff9fd.bb.v:5942:8: Timescale missing on this module as other modules have it (IEEE 1800-2023 3.14.2.3)
 5942 | module sky130_fd_sc_hd__o21a_2(X, A1, A2, B1, VPWR, VGND, VPB, VNB);
      |        ^~~~~~~~~~~~~~~~~~~~~~~
                       /home/luxyxp/Documents/mainfiles/asic_rtl/patched/conv_accelerator_asic.v:86:8: ... Location of module with timescale
   86 | module conv_accelerator #(
      |        ^~~~~~~~~~~~~~~~
%Warning-TIMESCALEMOD: /home/luxyxp/Documents/mainfiles/asic/run/rtl2gds/tmp/1bc154933c864d5a9dc1f8cecbfff9fd.bb.v:5961:8: Timescale missing on this module as other modules have it (IEEE 1800-2023 3.14.2.3)
 5961 | module sky130_fd_sc_hd__o21a_4(X, A1, A2, B1, VPWR, VGND, VPB, VNB);
      |        ^~~~~~~~~~~~~~~~~~~~~~~
                       /home/luxyxp/Documents/mainfiles/asic_rtl/patched/conv_accelerator_asic.v:86:8: ... Location of module with timescale
   86 | module conv_accelerator #(
      |        ^~~~~~~~~~~~~~~~
%Warning-TIMESCALEMOD: /home/luxyxp/Documents/mainfiles/asic/run/rtl2gds/tmp/1bc154933c864d5a9dc1f8cecbfff9fd.bb.v:5980:8: Timescale missing on this module as other modules have it (IEEE 1800-2023 3.14.2.3)
 5980 | module sky130_fd_sc_hd__o21ai_0(Y, A1, A2, B1, VPWR, VGND, VPB, VNB);
      |        ^~~~~~~~~~~~~~~~~~~~~~~~
                       /home/luxyxp/Documents/mainfiles/asic_rtl/patched/conv_accelerator_asic.v:86:8: ... Location of module with timescale
   86 | module conv_accelerator #(
      |        ^~~~~~~~~~~~~~~~
%Warning-TIMESCALEMOD: /home/luxyxp/Documents/mainfiles/asic/run/rtl2gds/tmp/1bc154933c864d5a9dc1f8cecbfff9fd.bb.v:5999:8: Timescale missing on this module as other modules have it (IEEE 1800-2023 3.14.2.3)
 5999 | module sky130_fd_sc_hd__o21ai_1(Y, A1, A2, B1, VPWR, VGND, VPB, VNB);
      |        ^~~~~~~~~~~~~~~~~~~~~~~~
                       /home/luxyxp/Documents/mainfiles/asic_rtl/patched/conv_accelerator_asic.v:86:8: ... Location of module with timescale
   86 | module conv_accelerator #(
      |        ^~~~~~~~~~~~~~~~
%Warning-TIMESCALEMOD: /home/luxyxp/Documents/mainfiles/asic/run/rtl2gds/tmp/1bc154933c864d5a9dc1f8cecbfff9fd.bb.v:6018:8: Timescale missing on this module as other modules have it (IEEE 1800-2023 3.14.2.3)
 6018 | module sky130_fd_sc_hd__o21ai_2(Y, A1, A2, B1, VPWR, VGND, VPB, VNB);
      |        ^~~~~~~~~~~~~~~~~~~~~~~~
                       /home/luxyxp/Documents/mainfiles/asic_rtl/patched/conv_accelerator_asic.v:86:8: ... Location of module with timescale
   86 | module conv_accelerator #(
      |        ^~~~~~~~~~~~~~~~
%Warning-TIMESCALEMOD: /home/luxyxp/Documents/mainfiles/asic/run/rtl2gds/tmp/1bc154933c864d5a9dc1f8cecbfff9fd.bb.v:6037:8: Timescale missing on this module as other modules have it (IEEE 1800-2023 3.14.2.3)
 6037 | module sky130_fd_sc_hd__o21ai_4(Y, A1, A2, B1, VPWR, VGND, VPB, VNB);
      |        ^~~~~~~~~~~~~~~~~~~~~~~~
                       /home/luxyxp/Documents/mainfiles/asic_rtl/patched/conv_accelerator_asic.v:86:8: ... Location of module with timescale
   86 | module conv_accelerator #(
      |        ^~~~~~~~~~~~~~~~
%Warning-TIMESCALEMOD: /home/luxyxp/Documents/mainfiles/asic/run/rtl2gds/tmp/1bc154933c864d5a9dc1f8cecbfff9fd.bb.v:6056:8: Timescale missing on this module as other modules have it (IEEE 1800-2023 3.14.2.3)
 6056 | module sky130_fd_sc_hd__o21ba_1(X, A1, A2, B1_N, VPWR, VGND, VPB, VNB);
      |        ^~~~~~~~~~~~~~~~~~~~~~~~
                       /home/luxyxp/Documents/mainfiles/asic_rtl/patched/conv_accelerator_asic.v:86:8: ... Location of module with timescale
   86 | module conv_accelerator #(
      |        ^~~~~~~~~~~~~~~~
%Warning-TIMESCALEMOD: /home/luxyxp/Documents/mainfiles/asic/run/rtl2gds/tmp/1bc154933c864d5a9dc1f8cecbfff9fd.bb.v:6075:8: Timescale missing on this module as other modules have it (IEEE 1800-2023 3.14.2.3)
 6075 | module sky130_fd_sc_hd__o21ba_2(X, A1, A2, B1_N, VPWR, VGND, VPB, VNB);
      |        ^~~~~~~~~~~~~~~~~~~~~~~~
                       /home/luxyxp/Documents/mainfiles/asic_rtl/patched/conv_accelerator_asic.v:86:8: ... Location of module with timescale
   86 | module conv_accelerator #(
      |        ^~~~~~~~~~~~~~~~
%Warning-TIMESCALEMOD: /home/luxyxp/Documents/mainfiles/asic/run/rtl2gds/tmp/1bc154933c864d5a9dc1f8cecbfff9fd.bb.v:6094:8: Timescale missing on this module as other modules have it (IEEE 1800-2023 3.14.2.3)
 6094 | module sky130_fd_sc_hd__o21ba_4(X, A1, A2, B1_N, VPWR, VGND, VPB, VNB);
      |        ^~~~~~~~~~~~~~~~~~~~~~~~
                       /home/luxyxp/Documents/mainfiles/asic_rtl/patched/conv_accelerator_asic.v:86:8: ... Location of module with timescale
   86 | module conv_accelerator #(
      |        ^~~~~~~~~~~~~~~~
%Warning-TIMESCALEMOD: /home/luxyxp/Documents/mainfiles/asic/run/rtl2gds/tmp/1bc154933c864d5a9dc1f8cecbfff9fd.bb.v:6113:8: Timescale missing on this module as other modules have it (IEEE 1800-2023 3.14.2.3)
 6113 | module sky130_fd_sc_hd__o21bai_1(Y, A1, A2, B1_N, VPWR, VGND, VPB, VNB);
      |        ^~~~~~~~~~~~~~~~~~~~~~~~~
                       /home/luxyxp/Documents/mainfiles/asic_rtl/patched/conv_accelerator_asic.v:86:8: ... Location of module with timescale
   86 | module conv_accelerator #(
      |        ^~~~~~~~~~~~~~~~
%Warning-TIMESCALEMOD: /home/luxyxp/Documents/mainfiles/asic/run/rtl2gds/tmp/1bc154933c864d5a9dc1f8cecbfff9fd.bb.v:6132:8: Timescale missing on this module as other modules have it (IEEE 1800-2023 3.14.2.3)
 6132 | module sky130_fd_sc_hd__o21bai_2(Y, A1, A2, B1_N, VPWR, VGND, VPB, VNB);
      |        ^~~~~~~~~~~~~~~~~~~~~~~~~
                       /home/luxyxp/Documents/mainfiles/asic_rtl/patched/conv_accelerator_asic.v:86:8: ... Location of module with timescale
   86 | module conv_accelerator #(
      |        ^~~~~~~~~~~~~~~~
%Warning-TIMESCALEMOD: /home/luxyxp/Documents/mainfiles/asic/run/rtl2gds/tmp/1bc154933c864d5a9dc1f8cecbfff9fd.bb.v:6151:8: Timescale missing on this module as other modules have it (IEEE 1800-2023 3.14.2.3)
 6151 | module sky130_fd_sc_hd__o21bai_4(Y, A1, A2, B1_N, VPWR, VGND, VPB, VNB);
      |        ^~~~~~~~~~~~~~~~~~~~~~~~~
                       /home/luxyxp/Documents/mainfiles/asic_rtl/patched/conv_accelerator_asic.v:86:8: ... Location of module with timescale
   86 | module conv_accelerator #(
      |        ^~~~~~~~~~~~~~~~
%Warning-TIMESCALEMOD: /home/luxyxp/Documents/mainfiles/asic/run/rtl2gds/tmp/1bc154933c864d5a9dc1f8cecbfff9fd.bb.v:6170:8: Timescale missing on this module as other modules have it (IEEE 1800-2023 3.14.2.3)
 6170 | module sky130_fd_sc_hd__o221a_1(X, A1, A2, B1, B2, C1, VPWR, VGND, VPB, VNB);
      |        ^~~~~~~~~~~~~~~~~~~~~~~~
                       /home/luxyxp/Documents/mainfiles/asic_rtl/patched/conv_accelerator_asic.v:86:8: ... Location of module with timescale
   86 | module conv_accelerator #(
      |        ^~~~~~~~~~~~~~~~
%Warning-TIMESCALEMOD: /home/luxyxp/Documents/mainfiles/asic/run/rtl2gds/tmp/1bc154933c864d5a9dc1f8cecbfff9fd.bb.v:6193:8: Timescale missing on this module as other modules have it (IEEE 1800-2023 3.14.2.3)
 6193 | module sky130_fd_sc_hd__o221a_2(X, A1, A2, B1, B2, C1, VPWR, VGND, VPB, VNB);
      |        ^~~~~~~~~~~~~~~~~~~~~~~~
                       /home/luxyxp/Documents/mainfiles/asic_rtl/patched/conv_accelerator_asic.v:86:8: ... Location of module with timescale
   86 | module conv_accelerator #(
      |        ^~~~~~~~~~~~~~~~
%Warning-TIMESCALEMOD: /home/luxyxp/Documents/mainfiles/asic/run/rtl2gds/tmp/1bc154933c864d5a9dc1f8cecbfff9fd.bb.v:6216:8: Timescale missing on this module as other modules have it (IEEE 1800-2023 3.14.2.3)
 6216 | module sky130_fd_sc_hd__o221a_4(X, A1, A2, B1, B2, C1, VPWR, VGND, VPB, VNB);
      |        ^~~~~~~~~~~~~~~~~~~~~~~~
                       /home/luxyxp/Documents/mainfiles/asic_rtl/patched/conv_accelerator_asic.v:86:8: ... Location of module with timescale
   86 | module conv_accelerator #(
      |        ^~~~~~~~~~~~~~~~
%Warning-TIMESCALEMOD: /home/luxyxp/Documents/mainfiles/asic/run/rtl2gds/tmp/1bc154933c864d5a9dc1f8cecbfff9fd.bb.v:6239:8: Timescale missing on this module as other modules have it (IEEE 1800-2023 3.14.2.3)
 6239 | module sky130_fd_sc_hd__o221ai_1(Y, A1, A2, B1, B2, C1, VPWR, VGND, VPB, VNB);
      |        ^~~~~~~~~~~~~~~~~~~~~~~~~
                       /home/luxyxp/Documents/mainfiles/asic_rtl/patched/conv_accelerator_asic.v:86:8: ... Location of module with timescale
   86 | module conv_accelerator #(
      |        ^~~~~~~~~~~~~~~~
%Warning-TIMESCALEMOD: /home/luxyxp/Documents/mainfiles/asic/run/rtl2gds/tmp/1bc154933c864d5a9dc1f8cecbfff9fd.bb.v:6262:8: Timescale missing on this module as other modules have it (IEEE 1800-2023 3.14.2.3)
 6262 | module sky130_fd_sc_hd__o221ai_2(Y, A1, A2, B1, B2, C1, VPWR, VGND, VPB, VNB);
      |        ^~~~~~~~~~~~~~~~~~~~~~~~~
                       /home/luxyxp/Documents/mainfiles/asic_rtl/patched/conv_accelerator_asic.v:86:8: ... Location of module with timescale
   86 | module conv_accelerator #(
      |        ^~~~~~~~~~~~~~~~
%Warning-TIMESCALEMOD: /home/luxyxp/Documents/mainfiles/asic/run/rtl2gds/tmp/1bc154933c864d5a9dc1f8cecbfff9fd.bb.v:6285:8: Timescale missing on this module as other modules have it (IEEE 1800-2023 3.14.2.3)
 6285 | module sky130_fd_sc_hd__o221ai_4(Y, A1, A2, B1, B2, C1, VPWR, VGND, VPB, VNB);
      |        ^~~~~~~~~~~~~~~~~~~~~~~~~
                       /home/luxyxp/Documents/mainfiles/asic_rtl/patched/conv_accelerator_asic.v:86:8: ... Location of module with timescale
   86 | module conv_accelerator #(
      |        ^~~~~~~~~~~~~~~~
%Warning-TIMESCALEMOD: /home/luxyxp/Documents/mainfiles/asic/run/rtl2gds/tmp/1bc154933c864d5a9dc1f8cecbfff9fd.bb.v:6308:8: Timescale missing on this module as other modules have it (IEEE 1800-2023 3.14.2.3)
 6308 | module sky130_fd_sc_hd__o22a_1(X, A1, A2, B1, B2, VPWR, VGND, VPB, VNB);
      |        ^~~~~~~~~~~~~~~~~~~~~~~
                       /home/luxyxp/Documents/mainfiles/asic_rtl/patched/conv_accelerator_asic.v:86:8: ... Location of module with timescale
   86 | module conv_accelerator #(
      |        ^~~~~~~~~~~~~~~~
%Warning-TIMESCALEMOD: /home/luxyxp/Documents/mainfiles/asic/run/rtl2gds/tmp/1bc154933c864d5a9dc1f8cecbfff9fd.bb.v:6329:8: Timescale missing on this module as other modules have it (IEEE 1800-2023 3.14.2.3)
 6329 | module sky130_fd_sc_hd__o22a_2(X, A1, A2, B1, B2, VPWR, VGND, VPB, VNB);
      |        ^~~~~~~~~~~~~~~~~~~~~~~
                       /home/luxyxp/Documents/mainfiles/asic_rtl/patched/conv_accelerator_asic.v:86:8: ... Location of module with timescale
   86 | module conv_accelerator #(
      |        ^~~~~~~~~~~~~~~~
%Warning-TIMESCALEMOD: /home/luxyxp/Documents/mainfiles/asic/run/rtl2gds/tmp/1bc154933c864d5a9dc1f8cecbfff9fd.bb.v:6350:8: Timescale missing on this module as other modules have it (IEEE 1800-2023 3.14.2.3)
 6350 | module sky130_fd_sc_hd__o22a_4(X, A1, A2, B1, B2, VPWR, VGND, VPB, VNB);
      |        ^~~~~~~~~~~~~~~~~~~~~~~
                       /home/luxyxp/Documents/mainfiles/asic_rtl/patched/conv_accelerator_asic.v:86:8: ... Location of module with timescale
   86 | module conv_accelerator #(
      |        ^~~~~~~~~~~~~~~~
%Warning-TIMESCALEMOD: /home/luxyxp/Documents/mainfiles/asic/run/rtl2gds/tmp/1bc154933c864d5a9dc1f8cecbfff9fd.bb.v:6371:8: Timescale missing on this module as other modules have it (IEEE 1800-2023 3.14.2.3)
 6371 | module sky130_fd_sc_hd__o22ai_1(Y, A1, A2, B1, B2, VPWR, VGND, VPB, VNB);
      |        ^~~~~~~~~~~~~~~~~~~~~~~~
                       /home/luxyxp/Documents/mainfiles/asic_rtl/patched/conv_accelerator_asic.v:86:8: ... Location of module with timescale
   86 | module conv_accelerator #(
      |        ^~~~~~~~~~~~~~~~
%Warning-TIMESCALEMOD: /home/luxyxp/Documents/mainfiles/asic/run/rtl2gds/tmp/1bc154933c864d5a9dc1f8cecbfff9fd.bb.v:6392:8: Timescale missing on this module as other modules have it (IEEE 1800-2023 3.14.2.3)
 6392 | module sky130_fd_sc_hd__o22ai_2(Y, A1, A2, B1, B2, VPWR, VGND, VPB, VNB);
      |        ^~~~~~~~~~~~~~~~~~~~~~~~
                       /home/luxyxp/Documents/mainfiles/asic_rtl/patched/conv_accelerator_asic.v:86:8: ... Location of module with timescale
   86 | module conv_accelerator #(
      |        ^~~~~~~~~~~~~~~~
%Warning-TIMESCALEMOD: /home/luxyxp/Documents/mainfiles/asic/run/rtl2gds/tmp/1bc154933c864d5a9dc1f8cecbfff9fd.bb.v:6413:8: Timescale missing on this module as other modules have it (IEEE 1800-2023 3.14.2.3)
 6413 | module sky130_fd_sc_hd__o22ai_4(Y, A1, A2, B1, B2, VPWR, VGND, VPB, VNB);
      |        ^~~~~~~~~~~~~~~~~~~~~~~~
                       /home/luxyxp/Documents/mainfiles/asic_rtl/patched/conv_accelerator_asic.v:86:8: ... Location of module with timescale
   86 | module conv_accelerator #(
      |        ^~~~~~~~~~~~~~~~
%Warning-TIMESCALEMOD: /home/luxyxp/Documents/mainfiles/asic/run/rtl2gds/tmp/1bc154933c864d5a9dc1f8cecbfff9fd.bb.v:6434:8: Timescale missing on this module as other modules have it (IEEE 1800-2023 3.14.2.3)
 6434 | module sky130_fd_sc_hd__o2bb2a_1(X, A1_N, A2_N, B1, B2, VPWR, VGND, VPB, VNB);
      |        ^~~~~~~~~~~~~~~~~~~~~~~~~
                       /home/luxyxp/Documents/mainfiles/asic_rtl/patched/conv_accelerator_asic.v:86:8: ... Location of module with timescale
   86 | module conv_accelerator #(
      |        ^~~~~~~~~~~~~~~~
%Warning-TIMESCALEMOD: /home/luxyxp/Documents/mainfiles/asic/run/rtl2gds/tmp/1bc154933c864d5a9dc1f8cecbfff9fd.bb.v:6455:8: Timescale missing on this module as other modules have it (IEEE 1800-2023 3.14.2.3)
 6455 | module sky130_fd_sc_hd__o2bb2a_2(X, A1_N, A2_N, B1, B2, VPWR, VGND, VPB, VNB);
      |        ^~~~~~~~~~~~~~~~~~~~~~~~~
                       /home/luxyxp/Documents/mainfiles/asic_rtl/patched/conv_accelerator_asic.v:86:8: ... Location of module with timescale
   86 | module conv_accelerator #(
      |        ^~~~~~~~~~~~~~~~
%Warning-TIMESCALEMOD: /home/luxyxp/Documents/mainfiles/asic/run/rtl2gds/tmp/1bc154933c864d5a9dc1f8cecbfff9fd.bb.v:6476:8: Timescale missing on this module as other modules have it (IEEE 1800-2023 3.14.2.3)
 6476 | module sky130_fd_sc_hd__o2bb2a_4(X, A1_N, A2_N, B1, B2, VPWR, VGND, VPB, VNB);
      |        ^~~~~~~~~~~~~~~~~~~~~~~~~
                       /home/luxyxp/Documents/mainfiles/asic_rtl/patched/conv_accelerator_asic.v:86:8: ... Location of module with timescale
   86 | module conv_accelerator #(
      |        ^~~~~~~~~~~~~~~~
%Warning-TIMESCALEMOD: /home/luxyxp/Documents/mainfiles/asic/run/rtl2gds/tmp/1bc154933c864d5a9dc1f8cecbfff9fd.bb.v:6497:8: Timescale missing on this module as other modules have it (IEEE 1800-2023 3.14.2.3)
 6497 | module sky130_fd_sc_hd__o2bb2ai_1(Y, A1_N, A2_N, B1, B2, VPWR, VGND, VPB, VNB);
      |        ^~~~~~~~~~~~~~~~~~~~~~~~~~
                       /home/luxyxp/Documents/mainfiles/asic_rtl/patched/conv_accelerator_asic.v:86:8: ... Location of module with timescale
   86 | module conv_accelerator #(
      |        ^~~~~~~~~~~~~~~~
%Warning-TIMESCALEMOD: /home/luxyxp/Documents/mainfiles/asic/run/rtl2gds/tmp/1bc154933c864d5a9dc1f8cecbfff9fd.bb.v:6518:8: Timescale missing on this module as other modules have it (IEEE 1800-2023 3.14.2.3)
 6518 | module sky130_fd_sc_hd__o2bb2ai_2(Y, A1_N, A2_N, B1, B2, VPWR, VGND, VPB, VNB);
      |        ^~~~~~~~~~~~~~~~~~~~~~~~~~
                       /home/luxyxp/Documents/mainfiles/asic_rtl/patched/conv_accelerator_asic.v:86:8: ... Location of module with timescale
   86 | module conv_accelerator #(
      |        ^~~~~~~~~~~~~~~~
%Warning-TIMESCALEMOD: /home/luxyxp/Documents/mainfiles/asic/run/rtl2gds/tmp/1bc154933c864d5a9dc1f8cecbfff9fd.bb.v:6539:8: Timescale missing on this module as other modules have it (IEEE 1800-2023 3.14.2.3)
 6539 | module sky130_fd_sc_hd__o2bb2ai_4(Y, A1_N, A2_N, B1, B2, VPWR, VGND, VPB, VNB);
      |        ^~~~~~~~~~~~~~~~~~~~~~~~~~
                       /home/luxyxp/Documents/mainfiles/asic_rtl/patched/conv_accelerator_asic.v:86:8: ... Location of module with timescale
   86 | module conv_accelerator #(
      |        ^~~~~~~~~~~~~~~~
%Warning-TIMESCALEMOD: /home/luxyxp/Documents/mainfiles/asic/run/rtl2gds/tmp/1bc154933c864d5a9dc1f8cecbfff9fd.bb.v:6560:8: Timescale missing on this module as other modules have it (IEEE 1800-2023 3.14.2.3)
 6560 | module sky130_fd_sc_hd__o311a_1(X, A1, A2, A3, B1, C1, VPWR, VGND, VPB, VNB);
      |        ^~~~~~~~~~~~~~~~~~~~~~~~
                       /home/luxyxp/Documents/mainfiles/asic_rtl/patched/conv_accelerator_asic.v:86:8: ... Location of module with timescale
   86 | module conv_accelerator #(
      |        ^~~~~~~~~~~~~~~~
%Warning-TIMESCALEMOD: /home/luxyxp/Documents/mainfiles/asic/run/rtl2gds/tmp/1bc154933c864d5a9dc1f8cecbfff9fd.bb.v:6583:8: Timescale missing on this module as other modules have it (IEEE 1800-2023 3.14.2.3)
 6583 | module sky130_fd_sc_hd__o311a_2(X, A1, A2, A3, B1, C1, VPWR, VGND, VPB, VNB);
      |        ^~~~~~~~~~~~~~~~~~~~~~~~
                       /home/luxyxp/Documents/mainfiles/asic_rtl/patched/conv_accelerator_asic.v:86:8: ... Location of module with timescale
   86 | module conv_accelerator #(
      |        ^~~~~~~~~~~~~~~~
%Warning-TIMESCALEMOD: /home/luxyxp/Documents/mainfiles/asic/run/rtl2gds/tmp/1bc154933c864d5a9dc1f8cecbfff9fd.bb.v:6606:8: Timescale missing on this module as other modules have it (IEEE 1800-2023 3.14.2.3)
 6606 | module sky130_fd_sc_hd__o311a_4(X, A1, A2, A3, B1, C1, VPWR, VGND, VPB, VNB);
      |        ^~~~~~~~~~~~~~~~~~~~~~~~
                       /home/luxyxp/Documents/mainfiles/asic_rtl/patched/conv_accelerator_asic.v:86:8: ... Location of module with timescale
   86 | module conv_accelerator #(
      |        ^~~~~~~~~~~~~~~~
%Warning-TIMESCALEMOD: /home/luxyxp/Documents/mainfiles/asic/run/rtl2gds/tmp/1bc154933c864d5a9dc1f8cecbfff9fd.bb.v:6629:8: Timescale missing on this module as other modules have it (IEEE 1800-2023 3.14.2.3)
 6629 | module sky130_fd_sc_hd__o311ai_0(Y, A1, A2, A3, B1, C1, VPWR, VGND, VPB, VNB);
      |        ^~~~~~~~~~~~~~~~~~~~~~~~~
                       /home/luxyxp/Documents/mainfiles/asic_rtl/patched/conv_accelerator_asic.v:86:8: ... Location of module with timescale
   86 | module conv_accelerator #(
      |        ^~~~~~~~~~~~~~~~
%Warning-TIMESCALEMOD: /home/luxyxp/Documents/mainfiles/asic/run/rtl2gds/tmp/1bc154933c864d5a9dc1f8cecbfff9fd.bb.v:6652:8: Timescale missing on this module as other modules have it (IEEE 1800-2023 3.14.2.3)
 6652 | module sky130_fd_sc_hd__o311ai_1(Y, A1, A2, A3, B1, C1, VPWR, VGND, VPB, VNB);
      |        ^~~~~~~~~~~~~~~~~~~~~~~~~
                       /home/luxyxp/Documents/mainfiles/asic_rtl/patched/conv_accelerator_asic.v:86:8: ... Location of module with timescale
   86 | module conv_accelerator #(
      |        ^~~~~~~~~~~~~~~~
%Warning-TIMESCALEMOD: /home/luxyxp/Documents/mainfiles/asic/run/rtl2gds/tmp/1bc154933c864d5a9dc1f8cecbfff9fd.bb.v:6675:8: Timescale missing on this module as other modules have it (IEEE 1800-2023 3.14.2.3)
 6675 | module sky130_fd_sc_hd__o311ai_2(Y, A1, A2, A3, B1, C1, VPWR, VGND, VPB, VNB);
      |        ^~~~~~~~~~~~~~~~~~~~~~~~~
                       /home/luxyxp/Documents/mainfiles/asic_rtl/patched/conv_accelerator_asic.v:86:8: ... Location of module with timescale
   86 | module conv_accelerator #(
      |        ^~~~~~~~~~~~~~~~
%Warning-TIMESCALEMOD: /home/luxyxp/Documents/mainfiles/asic/run/rtl2gds/tmp/1bc154933c864d5a9dc1f8cecbfff9fd.bb.v:6698:8: Timescale missing on this module as other modules have it (IEEE 1800-2023 3.14.2.3)
 6698 | module sky130_fd_sc_hd__o311ai_4(Y, A1, A2, A3, B1, C1, VPWR, VGND, VPB, VNB);
      |        ^~~~~~~~~~~~~~~~~~~~~~~~~
                       /home/luxyxp/Documents/mainfiles/asic_rtl/patched/conv_accelerator_asic.v:86:8: ... Location of module with timescale
   86 | module conv_accelerator #(
      |        ^~~~~~~~~~~~~~~~
%Warning-TIMESCALEMOD: /home/luxyxp/Documents/mainfiles/asic/run/rtl2gds/tmp/1bc154933c864d5a9dc1f8cecbfff9fd.bb.v:6721:8: Timescale missing on this module as other modules have it (IEEE 1800-2023 3.14.2.3)
 6721 | module sky130_fd_sc_hd__o31a_1(X, A1, A2, A3, B1, VPWR, VGND, VPB, VNB);
      |        ^~~~~~~~~~~~~~~~~~~~~~~
                       /home/luxyxp/Documents/mainfiles/asic_rtl/patched/conv_accelerator_asic.v:86:8: ... Location of module with timescale
   86 | module conv_accelerator #(
      |        ^~~~~~~~~~~~~~~~
%Warning-TIMESCALEMOD: /home/luxyxp/Documents/mainfiles/asic/run/rtl2gds/tmp/1bc154933c864d5a9dc1f8cecbfff9fd.bb.v:6742:8: Timescale missing on this module as other modules have it (IEEE 1800-2023 3.14.2.3)
 6742 | module sky130_fd_sc_hd__o31a_2(X, A1, A2, A3, B1, VPWR, VGND, VPB, VNB);
      |        ^~~~~~~~~~~~~~~~~~~~~~~
                       /home/luxyxp/Documents/mainfiles/asic_rtl/patched/conv_accelerator_asic.v:86:8: ... Location of module with timescale
   86 | module conv_accelerator #(
      |        ^~~~~~~~~~~~~~~~
%Warning-TIMESCALEMOD: /home/luxyxp/Documents/mainfiles/asic/run/rtl2gds/tmp/1bc154933c864d5a9dc1f8cecbfff9fd.bb.v:6763:8: Timescale missing on this module as other modules have it (IEEE 1800-2023 3.14.2.3)
 6763 | module sky130_fd_sc_hd__o31a_4(X, A1, A2, A3, B1, VPWR, VGND, VPB, VNB);
      |        ^~~~~~~~~~~~~~~~~~~~~~~
                       /home/luxyxp/Documents/mainfiles/asic_rtl/patched/conv_accelerator_asic.v:86:8: ... Location of module with timescale
   86 | module conv_accelerator #(
      |        ^~~~~~~~~~~~~~~~
%Warning-TIMESCALEMOD: /home/luxyxp/Documents/mainfiles/asic/run/rtl2gds/tmp/1bc154933c864d5a9dc1f8cecbfff9fd.bb.v:6784:8: Timescale missing on this module as other modules have it (IEEE 1800-2023 3.14.2.3)
 6784 | module sky130_fd_sc_hd__o31ai_1(Y, A1, A2, A3, B1, VPWR, VGND, VPB, VNB);
      |        ^~~~~~~~~~~~~~~~~~~~~~~~
                       /home/luxyxp/Documents/mainfiles/asic_rtl/patched/conv_accelerator_asic.v:86:8: ... Location of module with timescale
   86 | module conv_accelerator #(
      |        ^~~~~~~~~~~~~~~~
%Warning-TIMESCALEMOD: /home/luxyxp/Documents/mainfiles/asic/run/rtl2gds/tmp/1bc154933c864d5a9dc1f8cecbfff9fd.bb.v:6805:8: Timescale missing on this module as other modules have it (IEEE 1800-2023 3.14.2.3)
 6805 | module sky130_fd_sc_hd__o31ai_2(Y, A1, A2, A3, B1, VPWR, VGND, VPB, VNB);
      |        ^~~~~~~~~~~~~~~~~~~~~~~~
                       /home/luxyxp/Documents/mainfiles/asic_rtl/patched/conv_accelerator_asic.v:86:8: ... Location of module with timescale
   86 | module conv_accelerator #(
      |        ^~~~~~~~~~~~~~~~
%Warning-TIMESCALEMOD: /home/luxyxp/Documents/mainfiles/asic/run/rtl2gds/tmp/1bc154933c864d5a9dc1f8cecbfff9fd.bb.v:6826:8: Timescale missing on this module as other modules have it (IEEE 1800-2023 3.14.2.3)
 6826 | module sky130_fd_sc_hd__o31ai_4(Y, A1, A2, A3, B1, VPWR, VGND, VPB, VNB);
      |        ^~~~~~~~~~~~~~~~~~~~~~~~
                       /home/luxyxp/Documents/mainfiles/asic_rtl/patched/conv_accelerator_asic.v:86:8: ... Location of module with timescale
   86 | module conv_accelerator #(
      |        ^~~~~~~~~~~~~~~~
%Warning-TIMESCALEMOD: /home/luxyxp/Documents/mainfiles/asic/run/rtl2gds/tmp/1bc154933c864d5a9dc1f8cecbfff9fd.bb.v:6847:8: Timescale missing on this module as other modules have it (IEEE 1800-2023 3.14.2.3)
 6847 | module sky130_fd_sc_hd__o32a_1(X, A1, A2, A3, B1, B2, VPWR, VGND, VPB, VNB);
      |        ^~~~~~~~~~~~~~~~~~~~~~~
                       /home/luxyxp/Documents/mainfiles/asic_rtl/patched/conv_accelerator_asic.v:86:8: ... Location of module with timescale
   86 | module conv_accelerator #(
      |        ^~~~~~~~~~~~~~~~
%Warning-TIMESCALEMOD: /home/luxyxp/Documents/mainfiles/asic/run/rtl2gds/tmp/1bc154933c864d5a9dc1f8cecbfff9fd.bb.v:6870:8: Timescale missing on this module as other modules have it (IEEE 1800-2023 3.14.2.3)
 6870 | module sky130_fd_sc_hd__o32a_2(X, A1, A2, A3, B1, B2, VPWR, VGND, VPB, VNB);
      |        ^~~~~~~~~~~~~~~~~~~~~~~
                       /home/luxyxp/Documents/mainfiles/asic_rtl/patched/conv_accelerator_asic.v:86:8: ... Location of module with timescale
   86 | module conv_accelerator #(
      |        ^~~~~~~~~~~~~~~~
%Warning-TIMESCALEMOD: /home/luxyxp/Documents/mainfiles/asic/run/rtl2gds/tmp/1bc154933c864d5a9dc1f8cecbfff9fd.bb.v:6893:8: Timescale missing on this module as other modules have it (IEEE 1800-2023 3.14.2.3)
 6893 | module sky130_fd_sc_hd__o32a_4(X, A1, A2, A3, B1, B2, VPWR, VGND, VPB, VNB);
      |        ^~~~~~~~~~~~~~~~~~~~~~~
                       /home/luxyxp/Documents/mainfiles/asic_rtl/patched/conv_accelerator_asic.v:86:8: ... Location of module with timescale
   86 | module conv_accelerator #(
      |        ^~~~~~~~~~~~~~~~
%Warning-TIMESCALEMOD: /home/luxyxp/Documents/mainfiles/asic/run/rtl2gds/tmp/1bc154933c864d5a9dc1f8cecbfff9fd.bb.v:6916:8: Timescale missing on this module as other modules have it (IEEE 1800-2023 3.14.2.3)
 6916 | module sky130_fd_sc_hd__o32ai_1(Y, A1, A2, A3, B1, B2, VPWR, VGND, VPB, VNB);
      |        ^~~~~~~~~~~~~~~~~~~~~~~~
                       /home/luxyxp/Documents/mainfiles/asic_rtl/patched/conv_accelerator_asic.v:86:8: ... Location of module with timescale
   86 | module conv_accelerator #(
      |        ^~~~~~~~~~~~~~~~
%Warning-TIMESCALEMOD: /home/luxyxp/Documents/mainfiles/asic/run/rtl2gds/tmp/1bc154933c864d5a9dc1f8cecbfff9fd.bb.v:6939:8: Timescale missing on this module as other modules have it (IEEE 1800-2023 3.14.2.3)
 6939 | module sky130_fd_sc_hd__o32ai_2(Y, A1, A2, A3, B1, B2, VPWR, VGND, VPB, VNB);
      |        ^~~~~~~~~~~~~~~~~~~~~~~~
                       /home/luxyxp/Documents/mainfiles/asic_rtl/patched/conv_accelerator_asic.v:86:8: ... Location of module with timescale
   86 | module conv_accelerator #(
      |        ^~~~~~~~~~~~~~~~
%Warning-TIMESCALEMOD: /home/luxyxp/Documents/mainfiles/asic/run/rtl2gds/tmp/1bc154933c864d5a9dc1f8cecbfff9fd.bb.v:6962:8: Timescale missing on this module as other modules have it (IEEE 1800-2023 3.14.2.3)
 6962 | module sky130_fd_sc_hd__o32ai_4(Y, A1, A2, A3, B1, B2, VPWR, VGND, VPB, VNB);
      |        ^~~~~~~~~~~~~~~~~~~~~~~~
                       /home/luxyxp/Documents/mainfiles/asic_rtl/patched/conv_accelerator_asic.v:86:8: ... Location of module with timescale
   86 | module conv_accelerator #(
      |        ^~~~~~~~~~~~~~~~
%Warning-TIMESCALEMOD: /home/luxyxp/Documents/mainfiles/asic/run/rtl2gds/tmp/1bc154933c864d5a9dc1f8cecbfff9fd.bb.v:6985:8: Timescale missing on this module as other modules have it (IEEE 1800-2023 3.14.2.3)
 6985 | module sky130_fd_sc_hd__o41a_1(X, A1, A2, A3, A4, B1, VPWR, VGND, VPB, VNB);
      |        ^~~~~~~~~~~~~~~~~~~~~~~
                       /home/luxyxp/Documents/mainfiles/asic_rtl/patched/conv_accelerator_asic.v:86:8: ... Location of module with timescale
   86 | module conv_accelerator #(
      |        ^~~~~~~~~~~~~~~~
%Warning-TIMESCALEMOD: /home/luxyxp/Documents/mainfiles/asic/run/rtl2gds/tmp/1bc154933c864d5a9dc1f8cecbfff9fd.bb.v:7008:8: Timescale missing on this module as other modules have it (IEEE 1800-2023 3.14.2.3)
 7008 | module sky130_fd_sc_hd__o41a_2(X, A1, A2, A3, A4, B1, VPWR, VGND, VPB, VNB);
      |        ^~~~~~~~~~~~~~~~~~~~~~~
                       /home/luxyxp/Documents/mainfiles/asic_rtl/patched/conv_accelerator_asic.v:86:8: ... Location of module with timescale
   86 | module conv_accelerator #(
      |        ^~~~~~~~~~~~~~~~
%Warning-TIMESCALEMOD: /home/luxyxp/Documents/mainfiles/asic/run/rtl2gds/tmp/1bc154933c864d5a9dc1f8cecbfff9fd.bb.v:7031:8: Timescale missing on this module as other modules have it (IEEE 1800-2023 3.14.2.3)
 7031 | module sky130_fd_sc_hd__o41a_4(X, A1, A2, A3, A4, B1, VPWR, VGND, VPB, VNB);
      |        ^~~~~~~~~~~~~~~~~~~~~~~
                       /home/luxyxp/Documents/mainfiles/asic_rtl/patched/conv_accelerator_asic.v:86:8: ... Location of module with timescale
   86 | module conv_accelerator #(
      |        ^~~~~~~~~~~~~~~~
%Warning-TIMESCALEMOD: /home/luxyxp/Documents/mainfiles/asic/run/rtl2gds/tmp/1bc154933c864d5a9dc1f8cecbfff9fd.bb.v:7054:8: Timescale missing on this module as other modules have it (IEEE 1800-2023 3.14.2.3)
 7054 | module sky130_fd_sc_hd__o41ai_1(Y, A1, A2, A3, A4, B1, VPWR, VGND, VPB, VNB);
      |        ^~~~~~~~~~~~~~~~~~~~~~~~
                       /home/luxyxp/Documents/mainfiles/asic_rtl/patched/conv_accelerator_asic.v:86:8: ... Location of module with timescale
   86 | module conv_accelerator #(
      |        ^~~~~~~~~~~~~~~~
%Warning-TIMESCALEMOD: /home/luxyxp/Documents/mainfiles/asic/run/rtl2gds/tmp/1bc154933c864d5a9dc1f8cecbfff9fd.bb.v:7077:8: Timescale missing on this module as other modules have it (IEEE 1800-2023 3.14.2.3)
 7077 | module sky130_fd_sc_hd__o41ai_2(Y, A1, A2, A3, A4, B1, VPWR, VGND, VPB, VNB);
      |        ^~~~~~~~~~~~~~~~~~~~~~~~
                       /home/luxyxp/Documents/mainfiles/asic_rtl/patched/conv_accelerator_asic.v:86:8: ... Location of module with timescale
   86 | module conv_accelerator #(
      |        ^~~~~~~~~~~~~~~~
%Warning-TIMESCALEMOD: /home/luxyxp/Documents/mainfiles/asic/run/rtl2gds/tmp/1bc154933c864d5a9dc1f8cecbfff9fd.bb.v:7100:8: Timescale missing on this module as other modules have it (IEEE 1800-2023 3.14.2.3)
 7100 | module sky130_fd_sc_hd__o41ai_4(Y, A1, A2, A3, A4, B1, VPWR, VGND, VPB, VNB);
      |        ^~~~~~~~~~~~~~~~~~~~~~~~
                       /home/luxyxp/Documents/mainfiles/asic_rtl/patched/conv_accelerator_asic.v:86:8: ... Location of module with timescale
   86 | module conv_accelerator #(
      |        ^~~~~~~~~~~~~~~~
%Warning-TIMESCALEMOD: /home/luxyxp/Documents/mainfiles/asic/run/rtl2gds/tmp/1bc154933c864d5a9dc1f8cecbfff9fd.bb.v:7123:8: Timescale missing on this module as other modules have it (IEEE 1800-2023 3.14.2.3)
 7123 | module sky130_fd_sc_hd__or2_0(X, A, B, VPWR, VGND, VPB, VNB);
      |        ^~~~~~~~~~~~~~~~~~~~~~
                       /home/luxyxp/Documents/mainfiles/asic_rtl/patched/conv_accelerator_asic.v:86:8: ... Location of module with timescale
   86 | module conv_accelerator #(
      |        ^~~~~~~~~~~~~~~~
%Warning-TIMESCALEMOD: /home/luxyxp/Documents/mainfiles/asic/run/rtl2gds/tmp/1bc154933c864d5a9dc1f8cecbfff9fd.bb.v:7140:8: Timescale missing on this module as other modules have it (IEEE 1800-2023 3.14.2.3)
 7140 | module sky130_fd_sc_hd__or2_1(X, A, B, VPWR, VGND, VPB, VNB);
      |        ^~~~~~~~~~~~~~~~~~~~~~
                       /home/luxyxp/Documents/mainfiles/asic_rtl/patched/conv_accelerator_asic.v:86:8: ... Location of module with timescale
   86 | module conv_accelerator #(
      |        ^~~~~~~~~~~~~~~~
%Warning-TIMESCALEMOD: /home/luxyxp/Documents/mainfiles/asic/run/rtl2gds/tmp/1bc154933c864d5a9dc1f8cecbfff9fd.bb.v:7157:8: Timescale missing on this module as other modules have it (IEEE 1800-2023 3.14.2.3)
 7157 | module sky130_fd_sc_hd__or2_2(X, A, B, VPWR, VGND, VPB, VNB);
      |        ^~~~~~~~~~~~~~~~~~~~~~
                       /home/luxyxp/Documents/mainfiles/asic_rtl/patched/conv_accelerator_asic.v:86:8: ... Location of module with timescale
   86 | module conv_accelerator #(
      |        ^~~~~~~~~~~~~~~~
%Warning-TIMESCALEMOD: /home/luxyxp/Documents/mainfiles/asic/run/rtl2gds/tmp/1bc154933c864d5a9dc1f8cecbfff9fd.bb.v:7174:8: Timescale missing on this module as other modules have it (IEEE 1800-2023 3.14.2.3)
 7174 | module sky130_fd_sc_hd__or2_4(X, A, B, VPWR, VGND, VPB, VNB);
      |        ^~~~~~~~~~~~~~~~~~~~~~
                       /home/luxyxp/Documents/mainfiles/asic_rtl/patched/conv_accelerator_asic.v:86:8: ... Location of module with timescale
   86 | module conv_accelerator #(
      |        ^~~~~~~~~~~~~~~~
%Warning-TIMESCALEMOD: /home/luxyxp/Documents/mainfiles/asic/run/rtl2gds/tmp/1bc154933c864d5a9dc1f8cecbfff9fd.bb.v:7191:8: Timescale missing on this module as other modules have it (IEEE 1800-2023 3.14.2.3)
 7191 | module sky130_fd_sc_hd__or2b_1(X, A, B_N, VPWR, VGND, VPB, VNB);
      |        ^~~~~~~~~~~~~~~~~~~~~~~
                       /home/luxyxp/Documents/mainfiles/asic_rtl/patched/conv_accelerator_asic.v:86:8: ... Location of module with timescale
   86 | module conv_accelerator #(
      |        ^~~~~~~~~~~~~~~~
%Warning-TIMESCALEMOD: /home/luxyxp/Documents/mainfiles/asic/run/rtl2gds/tmp/1bc154933c864d5a9dc1f8cecbfff9fd.bb.v:7208:8: Timescale missing on this module as other modules have it (IEEE 1800-2023 3.14.2.3)
 7208 | module sky130_fd_sc_hd__or2b_2(X, A, B_N, VPWR, VGND, VPB, VNB);
      |        ^~~~~~~~~~~~~~~~~~~~~~~
                       /home/luxyxp/Documents/mainfiles/asic_rtl/patched/conv_accelerator_asic.v:86:8: ... Location of module with timescale
   86 | module conv_accelerator #(
      |        ^~~~~~~~~~~~~~~~
%Warning-TIMESCALEMOD: /home/luxyxp/Documents/mainfiles/asic/run/rtl2gds/tmp/1bc154933c864d5a9dc1f8cecbfff9fd.bb.v:7225:8: Timescale missing on this module as other modules have it (IEEE 1800-2023 3.14.2.3)
 7225 | module sky130_fd_sc_hd__or2b_4(X, A, B_N, VPWR, VGND, VPB, VNB);
      |        ^~~~~~~~~~~~~~~~~~~~~~~
                       /home/luxyxp/Documents/mainfiles/asic_rtl/patched/conv_accelerator_asic.v:86:8: ... Location of module with timescale
   86 | module conv_accelerator #(
      |        ^~~~~~~~~~~~~~~~
%Warning-TIMESCALEMOD: /home/luxyxp/Documents/mainfiles/asic/run/rtl2gds/tmp/1bc154933c864d5a9dc1f8cecbfff9fd.bb.v:7242:8: Timescale missing on this module as other modules have it (IEEE 1800-2023 3.14.2.3)
 7242 | module sky130_fd_sc_hd__or3_1(X, A, B, C, VPWR, VGND, VPB, VNB);
      |        ^~~~~~~~~~~~~~~~~~~~~~
                       /home/luxyxp/Documents/mainfiles/asic_rtl/patched/conv_accelerator_asic.v:86:8: ... Location of module with timescale
   86 | module conv_accelerator #(
      |        ^~~~~~~~~~~~~~~~
%Warning-TIMESCALEMOD: /home/luxyxp/Documents/mainfiles/asic/run/rtl2gds/tmp/1bc154933c864d5a9dc1f8cecbfff9fd.bb.v:7261:8: Timescale missing on this module as other modules have it (IEEE 1800-2023 3.14.2.3)
 7261 | module sky130_fd_sc_hd__or3_2(X, A, B, C, VPWR, VGND, VPB, VNB);
      |        ^~~~~~~~~~~~~~~~~~~~~~
                       /home/luxyxp/Documents/mainfiles/asic_rtl/patched/conv_accelerator_asic.v:86:8: ... Location of module with timescale
   86 | module conv_accelerator #(
      |        ^~~~~~~~~~~~~~~~
%Warning-TIMESCALEMOD: /home/luxyxp/Documents/mainfiles/asic/run/rtl2gds/tmp/1bc154933c864d5a9dc1f8cecbfff9fd.bb.v:7280:8: Timescale missing on this module as other modules have it (IEEE 1800-2023 3.14.2.3)
 7280 | module sky130_fd_sc_hd__or3_4(X, A, B, C, VPWR, VGND, VPB, VNB);
      |        ^~~~~~~~~~~~~~~~~~~~~~
                       /home/luxyxp/Documents/mainfiles/asic_rtl/patched/conv_accelerator_asic.v:86:8: ... Location of module with timescale
   86 | module conv_accelerator #(
      |        ^~~~~~~~~~~~~~~~
%Warning-TIMESCALEMOD: /home/luxyxp/Documents/mainfiles/asic/run/rtl2gds/tmp/1bc154933c864d5a9dc1f8cecbfff9fd.bb.v:7299:8: Timescale missing on this module as other modules have it (IEEE 1800-2023 3.14.2.3)
 7299 | module sky130_fd_sc_hd__or3b_1(X, A, B, C_N, VPWR, VGND, VPB, VNB);
      |        ^~~~~~~~~~~~~~~~~~~~~~~
                       /home/luxyxp/Documents/mainfiles/asic_rtl/patched/conv_accelerator_asic.v:86:8: ... Location of module with timescale
   86 | module conv_accelerator #(
      |        ^~~~~~~~~~~~~~~~
%Warning-TIMESCALEMOD: /home/luxyxp/Documents/mainfiles/asic/run/rtl2gds/tmp/1bc154933c864d5a9dc1f8cecbfff9fd.bb.v:7318:8: Timescale missing on this module as other modules have it (IEEE 1800-2023 3.14.2.3)
 7318 | module sky130_fd_sc_hd__or3b_2(X, A, B, C_N, VPWR, VGND, VPB, VNB);
      |        ^~~~~~~~~~~~~~~~~~~~~~~
                       /home/luxyxp/Documents/mainfiles/asic_rtl/patched/conv_accelerator_asic.v:86:8: ... Location of module with timescale
   86 | module conv_accelerator #(
      |        ^~~~~~~~~~~~~~~~
%Warning-TIMESCALEMOD: /home/luxyxp/Documents/mainfiles/asic/run/rtl2gds/tmp/1bc154933c864d5a9dc1f8cecbfff9fd.bb.v:7337:8: Timescale missing on this module as other modules have it (IEEE 1800-2023 3.14.2.3)
 7337 | module sky130_fd_sc_hd__or3b_4(X, A, B, C_N, VPWR, VGND, VPB, VNB);
      |        ^~~~~~~~~~~~~~~~~~~~~~~
                       /home/luxyxp/Documents/mainfiles/asic_rtl/patched/conv_accelerator_asic.v:86:8: ... Location of module with timescale
   86 | module conv_accelerator #(
      |        ^~~~~~~~~~~~~~~~
%Warning-TIMESCALEMOD: /home/luxyxp/Documents/mainfiles/asic/run/rtl2gds/tmp/1bc154933c864d5a9dc1f8cecbfff9fd.bb.v:7356:8: Timescale missing on this module as other modules have it (IEEE 1800-2023 3.14.2.3)
 7356 | module sky130_fd_sc_hd__or4_1(X, A, B, C, D, VPWR, VGND, VPB, VNB);
      |        ^~~~~~~~~~~~~~~~~~~~~~
                       /home/luxyxp/Documents/mainfiles/asic_rtl/patched/conv_accelerator_asic.v:86:8: ... Location of module with timescale
   86 | module conv_accelerator #(
      |        ^~~~~~~~~~~~~~~~
%Warning-TIMESCALEMOD: /home/luxyxp/Documents/mainfiles/asic/run/rtl2gds/tmp/1bc154933c864d5a9dc1f8cecbfff9fd.bb.v:7377:8: Timescale missing on this module as other modules have it (IEEE 1800-2023 3.14.2.3)
 7377 | module sky130_fd_sc_hd__or4_2(X, A, B, C, D, VPWR, VGND, VPB, VNB);
      |        ^~~~~~~~~~~~~~~~~~~~~~
                       /home/luxyxp/Documents/mainfiles/asic_rtl/patched/conv_accelerator_asic.v:86:8: ... Location of module with timescale
   86 | module conv_accelerator #(
      |        ^~~~~~~~~~~~~~~~
%Warning-TIMESCALEMOD: /home/luxyxp/Documents/mainfiles/asic/run/rtl2gds/tmp/1bc154933c864d5a9dc1f8cecbfff9fd.bb.v:7398:8: Timescale missing on this module as other modules have it (IEEE 1800-2023 3.14.2.3)
 7398 | module sky130_fd_sc_hd__or4_4(X, A, B, C, D, VPWR, VGND, VPB, VNB);
      |        ^~~~~~~~~~~~~~~~~~~~~~
                       /home/luxyxp/Documents/mainfiles/asic_rtl/patched/conv_accelerator_asic.v:86:8: ... Location of module with timescale
   86 | module conv_accelerator #(
      |        ^~~~~~~~~~~~~~~~
%Warning-TIMESCALEMOD: /home/luxyxp/Documents/mainfiles/asic/run/rtl2gds/tmp/1bc154933c864d5a9dc1f8cecbfff9fd.bb.v:7419:8: Timescale missing on this module as other modules have it (IEEE 1800-2023 3.14.2.3)
 7419 | module sky130_fd_sc_hd__or4b_1(X, A, B, C, D_N, VPWR, VGND, VPB, VNB);
      |        ^~~~~~~~~~~~~~~~~~~~~~~
                       /home/luxyxp/Documents/mainfiles/asic_rtl/patched/conv_accelerator_asic.v:86:8: ... Location of module with timescale
   86 | module conv_accelerator #(
      |        ^~~~~~~~~~~~~~~~
%Warning-TIMESCALEMOD: /home/luxyxp/Documents/mainfiles/asic/run/rtl2gds/tmp/1bc154933c864d5a9dc1f8cecbfff9fd.bb.v:7440:8: Timescale missing on this module as other modules have it (IEEE 1800-2023 3.14.2.3)
 7440 | module sky130_fd_sc_hd__or4b_2(X, A, B, C, D_N, VPWR, VGND, VPB, VNB);
      |        ^~~~~~~~~~~~~~~~~~~~~~~
                       /home/luxyxp/Documents/mainfiles/asic_rtl/patched/conv_accelerator_asic.v:86:8: ... Location of module with timescale
   86 | module conv_accelerator #(
      |        ^~~~~~~~~~~~~~~~
%Warning-TIMESCALEMOD: /home/luxyxp/Documents/mainfiles/asic/run/rtl2gds/tmp/1bc154933c864d5a9dc1f8cecbfff9fd.bb.v:7461:8: Timescale missing on this module as other modules have it (IEEE 1800-2023 3.14.2.3)
 7461 | module sky130_fd_sc_hd__or4b_4(X, A, B, C, D_N, VPWR, VGND, VPB, VNB);
      |        ^~~~~~~~~~~~~~~~~~~~~~~
                       /home/luxyxp/Documents/mainfiles/asic_rtl/patched/conv_accelerator_asic.v:86:8: ... Location of module with timescale
   86 | module conv_accelerator #(
      |        ^~~~~~~~~~~~~~~~
%Warning-TIMESCALEMOD: /home/luxyxp/Documents/mainfiles/asic/run/rtl2gds/tmp/1bc154933c864d5a9dc1f8cecbfff9fd.bb.v:7482:8: Timescale missing on this module as other modules have it (IEEE 1800-2023 3.14.2.3)
 7482 | module sky130_fd_sc_hd__or4bb_1(X, A, B, C_N, D_N, VPWR, VGND, VPB, VNB);
      |        ^~~~~~~~~~~~~~~~~~~~~~~~
                       /home/luxyxp/Documents/mainfiles/asic_rtl/patched/conv_accelerator_asic.v:86:8: ... Location of module with timescale
   86 | module conv_accelerator #(
      |        ^~~~~~~~~~~~~~~~
%Warning-TIMESCALEMOD: /home/luxyxp/Documents/mainfiles/asic/run/rtl2gds/tmp/1bc154933c864d5a9dc1f8cecbfff9fd.bb.v:7503:8: Timescale missing on this module as other modules have it (IEEE 1800-2023 3.14.2.3)
 7503 | module sky130_fd_sc_hd__or4bb_2(X, A, B, C_N, D_N, VPWR, VGND, VPB, VNB);
      |        ^~~~~~~~~~~~~~~~~~~~~~~~
                       /home/luxyxp/Documents/mainfiles/asic_rtl/patched/conv_accelerator_asic.v:86:8: ... Location of module with timescale
   86 | module conv_accelerator #(
      |        ^~~~~~~~~~~~~~~~
%Warning-TIMESCALEMOD: /home/luxyxp/Documents/mainfiles/asic/run/rtl2gds/tmp/1bc154933c864d5a9dc1f8cecbfff9fd.bb.v:7524:8: Timescale missing on this module as other modules have it (IEEE 1800-2023 3.14.2.3)
 7524 | module sky130_fd_sc_hd__or4bb_4(X, A, B, C_N, D_N, VPWR, VGND, VPB, VNB);
      |        ^~~~~~~~~~~~~~~~~~~~~~~~
                       /home/luxyxp/Documents/mainfiles/asic_rtl/patched/conv_accelerator_asic.v:86:8: ... Location of module with timescale
   86 | module conv_accelerator #(
      |        ^~~~~~~~~~~~~~~~
%Warning-TIMESCALEMOD: /home/luxyxp/Documents/mainfiles/asic/run/rtl2gds/tmp/1bc154933c864d5a9dc1f8cecbfff9fd.bb.v:7545:8: Timescale missing on this module as other modules have it (IEEE 1800-2023 3.14.2.3)
 7545 | module sky130_fd_sc_hd__probe_p_8(X, A, VGND, VNB, VPB, VPWR);
      |        ^~~~~~~~~~~~~~~~~~~~~~~~~~
                       /home/luxyxp/Documents/mainfiles/asic_rtl/patched/conv_accelerator_asic.v:86:8: ... Location of module with timescale
   86 | module conv_accelerator #(
      |        ^~~~~~~~~~~~~~~~
%Warning-TIMESCALEMOD: /home/luxyxp/Documents/mainfiles/asic/run/rtl2gds/tmp/1bc154933c864d5a9dc1f8cecbfff9fd.bb.v:7560:8: Timescale missing on this module as other modules have it (IEEE 1800-2023 3.14.2.3)
 7560 | module sky130_fd_sc_hd__probec_p_8(X, A, VGND, VNB, VPB, VPWR);
      |        ^~~~~~~~~~~~~~~~~~~~~~~~~~~
                       /home/luxyxp/Documents/mainfiles/asic_rtl/patched/conv_accelerator_asic.v:86:8: ... Location of module with timescale
   86 | module conv_accelerator #(
      |        ^~~~~~~~~~~~~~~~
%Warning-TIMESCALEMOD: /home/luxyxp/Documents/mainfiles/asic/run/rtl2gds/tmp/1bc154933c864d5a9dc1f8cecbfff9fd.bb.v:7575:8: Timescale missing on this module as other modules have it (IEEE 1800-2023 3.14.2.3)
 7575 | module sky130_fd_sc_hd__sdfbbn_1(Q, Q_N, D, SCD, SCE, CLK_N, SET_B, RESET_B, VPWR, VGND, VPB, VNB);
      |        ^~~~~~~~~~~~~~~~~~~~~~~~~
                       /home/luxyxp/Documents/mainfiles/asic_rtl/patched/conv_accelerator_asic.v:86:8: ... Location of module with timescale
   86 | module conv_accelerator #(
      |        ^~~~~~~~~~~~~~~~
%Warning-TIMESCALEMOD: /home/luxyxp/Documents/mainfiles/asic/run/rtl2gds/tmp/1bc154933c864d5a9dc1f8cecbfff9fd.bb.v:7602:8: Timescale missing on this module as other modules have it (IEEE 1800-2023 3.14.2.3)
 7602 | module sky130_fd_sc_hd__sdfbbn_2(Q, Q_N, D, SCD, SCE, CLK_N, SET_B, RESET_B, VPWR, VGND, VPB, VNB);
      |        ^~~~~~~~~~~~~~~~~~~~~~~~~
                       /home/luxyxp/Documents/mainfiles/asic_rtl/patched/conv_accelerator_asic.v:86:8: ... Location of module with timescale
   86 | module conv_accelerator #(
      |        ^~~~~~~~~~~~~~~~
%Warning-TIMESCALEMOD: /home/luxyxp/Documents/mainfiles/asic/run/rtl2gds/tmp/1bc154933c864d5a9dc1f8cecbfff9fd.bb.v:7629:8: Timescale missing on this module as other modules have it (IEEE 1800-2023 3.14.2.3)
 7629 | module sky130_fd_sc_hd__sdfbbp_1(Q, Q_N, D, SCD, SCE, CLK, SET_B, RESET_B, VPWR, VGND, VPB, VNB);
      |        ^~~~~~~~~~~~~~~~~~~~~~~~~
                       /home/luxyxp/Documents/mainfiles/asic_rtl/patched/conv_accelerator_asic.v:86:8: ... Location of module with timescale
   86 | module conv_accelerator #(
      |        ^~~~~~~~~~~~~~~~
%Warning-TIMESCALEMOD: /home/luxyxp/Documents/mainfiles/asic/run/rtl2gds/tmp/1bc154933c864d5a9dc1f8cecbfff9fd.bb.v:7656:8: Timescale missing on this module as other modules have it (IEEE 1800-2023 3.14.2.3)
 7656 | module sky130_fd_sc_hd__sdfrbp_1(Q, Q_N, CLK, D, SCD, SCE, RESET_B, VPWR, VGND, VPB, VNB);
      |        ^~~~~~~~~~~~~~~~~~~~~~~~~
                       /home/luxyxp/Documents/mainfiles/asic_rtl/patched/conv_accelerator_asic.v:86:8: ... Location of module with timescale
   86 | module conv_accelerator #(
      |        ^~~~~~~~~~~~~~~~
%Warning-TIMESCALEMOD: /home/luxyxp/Documents/mainfiles/asic/run/rtl2gds/tmp/1bc154933c864d5a9dc1f8cecbfff9fd.bb.v:7681:8: Timescale missing on this module as other modules have it (IEEE 1800-2023 3.14.2.3)
 7681 | module sky130_fd_sc_hd__sdfrbp_2(Q, Q_N, CLK, D, SCD, SCE, RESET_B, VPWR, VGND, VPB, VNB);
      |        ^~~~~~~~~~~~~~~~~~~~~~~~~
                       /home/luxyxp/Documents/mainfiles/asic_rtl/patched/conv_accelerator_asic.v:86:8: ... Location of module with timescale
   86 | module conv_accelerator #(
      |        ^~~~~~~~~~~~~~~~
%Warning-TIMESCALEMOD: /home/luxyxp/Documents/mainfiles/asic/run/rtl2gds/tmp/1bc154933c864d5a9dc1f8cecbfff9fd.bb.v:7706:8: Timescale missing on this module as other modules have it (IEEE 1800-2023 3.14.2.3)
 7706 | module sky130_fd_sc_hd__sdfrtn_1(Q, CLK_N, D, SCD, SCE, RESET_B, VPWR, VGND, VPB, VNB);
      |        ^~~~~~~~~~~~~~~~~~~~~~~~~
                       /home/luxyxp/Documents/mainfiles/asic_rtl/patched/conv_accelerator_asic.v:86:8: ... Location of module with timescale
   86 | module conv_accelerator #(
      |        ^~~~~~~~~~~~~~~~
%Warning-TIMESCALEMOD: /home/luxyxp/Documents/mainfiles/asic/run/rtl2gds/tmp/1bc154933c864d5a9dc1f8cecbfff9fd.bb.v:7729:8: Timescale missing on this module as other modules have it (IEEE 1800-2023 3.14.2.3)
 7729 | module sky130_fd_sc_hd__sdfrtp_1(Q, CLK, D, SCD, SCE, RESET_B, VPWR, VGND, VPB, VNB);
      |        ^~~~~~~~~~~~~~~~~~~~~~~~~
                       /home/luxyxp/Documents/mainfiles/asic_rtl/patched/conv_accelerator_asic.v:86:8: ... Location of module with timescale
   86 | module conv_accelerator #(
      |        ^~~~~~~~~~~~~~~~
%Warning-TIMESCALEMOD: /home/luxyxp/Documents/mainfiles/asic/run/rtl2gds/tmp/1bc154933c864d5a9dc1f8cecbfff9fd.bb.v:7752:8: Timescale missing on this module as other modules have it (IEEE 1800-2023 3.14.2.3)
 7752 | module sky130_fd_sc_hd__sdfrtp_2(Q, CLK, D, SCD, SCE, RESET_B, VPWR, VGND, VPB, VNB);
      |        ^~~~~~~~~~~~~~~~~~~~~~~~~
                       /home/luxyxp/Documents/mainfiles/asic_rtl/patched/conv_accelerator_asic.v:86:8: ... Location of module with timescale
   86 | module conv_accelerator #(
      |        ^~~~~~~~~~~~~~~~
%Warning-TIMESCALEMOD: /home/luxyxp/Documents/mainfiles/asic/run/rtl2gds/tmp/1bc154933c864d5a9dc1f8cecbfff9fd.bb.v:7775:8: Timescale missing on this module as other modules have it (IEEE 1800-2023 3.14.2.3)
 7775 | module sky130_fd_sc_hd__sdfrtp_4(Q, CLK, D, SCD, SCE, RESET_B, VPWR, VGND, VPB, VNB);
      |        ^~~~~~~~~~~~~~~~~~~~~~~~~
                       /home/luxyxp/Documents/mainfiles/asic_rtl/patched/conv_accelerator_asic.v:86:8: ... Location of module with timescale
   86 | module conv_accelerator #(
      |        ^~~~~~~~~~~~~~~~
%Warning-TIMESCALEMOD: /home/luxyxp/Documents/mainfiles/asic/run/rtl2gds/tmp/1bc154933c864d5a9dc1f8cecbfff9fd.bb.v:7798:8: Timescale missing on this module as other modules have it (IEEE 1800-2023 3.14.2.3)
 7798 | module sky130_fd_sc_hd__sdfsbp_1(Q, Q_N, CLK, D, SCD, SCE, SET_B, VPWR, VGND, VPB, VNB);
      |        ^~~~~~~~~~~~~~~~~~~~~~~~~
                       /home/luxyxp/Documents/mainfiles/asic_rtl/patched/conv_accelerator_asic.v:86:8: ... Location of module with timescale
   86 | module conv_accelerator #(
      |        ^~~~~~~~~~~~~~~~
%Warning-TIMESCALEMOD: /home/luxyxp/Documents/mainfiles/asic/run/rtl2gds/tmp/1bc154933c864d5a9dc1f8cecbfff9fd.bb.v:7823:8: Timescale missing on this module as other modules have it (IEEE 1800-2023 3.14.2.3)
 7823 | module sky130_fd_sc_hd__sdfsbp_2(Q, Q_N, CLK, D, SCD, SCE, SET_B, VPWR, VGND, VPB, VNB);
      |        ^~~~~~~~~~~~~~~~~~~~~~~~~
                       /home/luxyxp/Documents/mainfiles/asic_rtl/patched/conv_accelerator_asic.v:86:8: ... Location of module with timescale
   86 | module conv_accelerator #(
      |        ^~~~~~~~~~~~~~~~
%Warning-TIMESCALEMOD: /home/luxyxp/Documents/mainfiles/asic/run/rtl2gds/tmp/1bc154933c864d5a9dc1f8cecbfff9fd.bb.v:7848:8: Timescale missing on this module as other modules have it (IEEE 1800-2023 3.14.2.3)
 7848 | module sky130_fd_sc_hd__sdfstp_1(Q, CLK, D, SCD, SCE, SET_B, VPWR, VGND, VPB, VNB);
      |        ^~~~~~~~~~~~~~~~~~~~~~~~~
                       /home/luxyxp/Documents/mainfiles/asic_rtl/patched/conv_accelerator_asic.v:86:8: ... Location of module with timescale
   86 | module conv_accelerator #(
      |        ^~~~~~~~~~~~~~~~
%Warning-TIMESCALEMOD: /home/luxyxp/Documents/mainfiles/asic/run/rtl2gds/tmp/1bc154933c864d5a9dc1f8cecbfff9fd.bb.v:7871:8: Timescale missing on this module as other modules have it (IEEE 1800-2023 3.14.2.3)
 7871 | module sky130_fd_sc_hd__sdfstp_2(Q, CLK, D, SCD, SCE, SET_B, VPWR, VGND, VPB, VNB);
      |        ^~~~~~~~~~~~~~~~~~~~~~~~~
                       /home/luxyxp/Documents/mainfiles/asic_rtl/patched/conv_accelerator_asic.v:86:8: ... Location of module with timescale
   86 | module conv_accelerator #(
      |        ^~~~~~~~~~~~~~~~
%Warning-TIMESCALEMOD: /home/luxyxp/Documents/mainfiles/asic/run/rtl2gds/tmp/1bc154933c864d5a9dc1f8cecbfff9fd.bb.v:7894:8: Timescale missing on this module as other modules have it (IEEE 1800-2023 3.14.2.3)
 7894 | module sky130_fd_sc_hd__sdfstp_4(Q, CLK, D, SCD, SCE, SET_B, VPWR, VGND, VPB, VNB);
      |        ^~~~~~~~~~~~~~~~~~~~~~~~~
                       /home/luxyxp/Documents/mainfiles/asic_rtl/patched/conv_accelerator_asic.v:86:8: ... Location of module with timescale
   86 | module conv_accelerator #(
      |        ^~~~~~~~~~~~~~~~
%Warning-TIMESCALEMOD: /home/luxyxp/Documents/mainfiles/asic/run/rtl2gds/tmp/1bc154933c864d5a9dc1f8cecbfff9fd.bb.v:7917:8: Timescale missing on this module as other modules have it (IEEE 1800-2023 3.14.2.3)
 7917 | module sky130_fd_sc_hd__sdfxbp_1(Q, Q_N, CLK, D, SCD, SCE, VPWR, VGND, VPB, VNB);
      |        ^~~~~~~~~~~~~~~~~~~~~~~~~
                       /home/luxyxp/Documents/mainfiles/asic_rtl/patched/conv_accelerator_asic.v:86:8: ... Location of module with timescale
   86 | module conv_accelerator #(
      |        ^~~~~~~~~~~~~~~~
%Warning-TIMESCALEMOD: /home/luxyxp/Documents/mainfiles/asic/run/rtl2gds/tmp/1bc154933c864d5a9dc1f8cecbfff9fd.bb.v:7940:8: Timescale missing on this module as other modules have it (IEEE 1800-2023 3.14.2.3)
 7940 | module sky130_fd_sc_hd__sdfxbp_2(Q, Q_N, CLK, D, SCD, SCE, VPWR, VGND, VPB, VNB);
      |        ^~~~~~~~~~~~~~~~~~~~~~~~~
                       /home/luxyxp/Documents/mainfiles/asic_rtl/patched/conv_accelerator_asic.v:86:8: ... Location of module with timescale
   86 | module conv_accelerator #(
      |        ^~~~~~~~~~~~~~~~
%Warning-TIMESCALEMOD: /home/luxyxp/Documents/mainfiles/asic/run/rtl2gds/tmp/1bc154933c864d5a9dc1f8cecbfff9fd.bb.v:7963:8: Timescale missing on this module as other modules have it (IEEE 1800-2023 3.14.2.3)
 7963 | module sky130_fd_sc_hd__sdfxtp_1(Q, CLK, D, SCD, SCE, VPWR, VGND, VPB, VNB);
      |        ^~~~~~~~~~~~~~~~~~~~~~~~~
                       /home/luxyxp/Documents/mainfiles/asic_rtl/patched/conv_accelerator_asic.v:86:8: ... Location of module with timescale
   86 | module conv_accelerator #(
      |        ^~~~~~~~~~~~~~~~
%Warning-TIMESCALEMOD: /home/luxyxp/Documents/mainfiles/asic/run/rtl2gds/tmp/1bc154933c864d5a9dc1f8cecbfff9fd.bb.v:7984:8: Timescale missing on this module as other modules have it (IEEE 1800-2023 3.14.2.3)
 7984 | module sky130_fd_sc_hd__sdfxtp_2(Q, CLK, D, SCD, SCE, VPWR, VGND, VPB, VNB);
      |        ^~~~~~~~~~~~~~~~~~~~~~~~~
                       /home/luxyxp/Documents/mainfiles/asic_rtl/patched/conv_accelerator_asic.v:86:8: ... Location of module with timescale
   86 | module conv_accelerator #(
      |        ^~~~~~~~~~~~~~~~
%Warning-TIMESCALEMOD: /home/luxyxp/Documents/mainfiles/asic/run/rtl2gds/tmp/1bc154933c864d5a9dc1f8cecbfff9fd.bb.v:8005:8: Timescale missing on this module as other modules have it (IEEE 1800-2023 3.14.2.3)
 8005 | module sky130_fd_sc_hd__sdfxtp_4(Q, CLK, D, SCD, SCE, VPWR, VGND, VPB, VNB);
      |        ^~~~~~~~~~~~~~~~~~~~~~~~~
                       /home/luxyxp/Documents/mainfiles/asic_rtl/patched/conv_accelerator_asic.v:86:8: ... Location of module with timescale
   86 | module conv_accelerator #(
      |        ^~~~~~~~~~~~~~~~
%Warning-TIMESCALEMOD: /home/luxyxp/Documents/mainfiles/asic/run/rtl2gds/tmp/1bc154933c864d5a9dc1f8cecbfff9fd.bb.v:8026:8: Timescale missing on this module as other modules have it (IEEE 1800-2023 3.14.2.3)
 8026 | module sky130_fd_sc_hd__sdlclkp_1(GCLK, SCE, GATE, CLK, VPWR, VGND, VPB, VNB);
      |        ^~~~~~~~~~~~~~~~~~~~~~~~~~
                       /home/luxyxp/Documents/mainfiles/asic_rtl/patched/conv_accelerator_asic.v:86:8: ... Location of module with timescale
   86 | module conv_accelerator #(
      |        ^~~~~~~~~~~~~~~~
%Warning-TIMESCALEMOD: /home/luxyxp/Documents/mainfiles/asic/run/rtl2gds/tmp/1bc154933c864d5a9dc1f8cecbfff9fd.bb.v:8045:8: Timescale missing on this module as other modules have it (IEEE 1800-2023 3.14.2.3)
 8045 | module sky130_fd_sc_hd__sdlclkp_2(GCLK, SCE, GATE, CLK, VPWR, VGND, VPB, VNB);
      |        ^~~~~~~~~~~~~~~~~~~~~~~~~~
                       /home/luxyxp/Documents/mainfiles/asic_rtl/patched/conv_accelerator_asic.v:86:8: ... Location of module with timescale
   86 | module conv_accelerator #(
      |        ^~~~~~~~~~~~~~~~
%Warning-TIMESCALEMOD: /home/luxyxp/Documents/mainfiles/asic/run/rtl2gds/tmp/1bc154933c864d5a9dc1f8cecbfff9fd.bb.v:8064:8: Timescale missing on this module as other modules have it (IEEE 1800-2023 3.14.2.3)
 8064 | module sky130_fd_sc_hd__sdlclkp_4(GCLK, SCE, GATE, CLK, VPWR, VGND, VPB, VNB);
      |        ^~~~~~~~~~~~~~~~~~~~~~~~~~
                       /home/luxyxp/Documents/mainfiles/asic_rtl/patched/conv_accelerator_asic.v:86:8: ... Location of module with timescale
   86 | module conv_accelerator #(
      |        ^~~~~~~~~~~~~~~~
%Warning-TIMESCALEMOD: /home/luxyxp/Documents/mainfiles/asic/run/rtl2gds/tmp/1bc154933c864d5a9dc1f8cecbfff9fd.bb.v:8083:8: Timescale missing on this module as other modules have it (IEEE 1800-2023 3.14.2.3)
 8083 | module sky130_fd_sc_hd__sedfxbp_1(Q, Q_N, CLK, D, DE, SCD, SCE, VPWR, VGND, VPB, VNB);
      |        ^~~~~~~~~~~~~~~~~~~~~~~~~~
                       /home/luxyxp/Documents/mainfiles/asic_rtl/patched/conv_accelerator_asic.v:86:8: ... Location of module with timescale
   86 | module conv_accelerator #(
      |        ^~~~~~~~~~~~~~~~
%Warning-TIMESCALEMOD: /home/luxyxp/Documents/mainfiles/asic/run/rtl2gds/tmp/1bc154933c864d5a9dc1f8cecbfff9fd.bb.v:8108:8: Timescale missing on this module as other modules have it (IEEE 1800-2023 3.14.2.3)
 8108 | module sky130_fd_sc_hd__sedfxbp_2(Q, Q_N, CLK, D, DE, SCD, SCE, VPWR, VGND, VPB, VNB);
      |        ^~~~~~~~~~~~~~~~~~~~~~~~~~
                       /home/luxyxp/Documents/mainfiles/asic_rtl/patched/conv_accelerator_asic.v:86:8: ... Location of module with timescale
   86 | module conv_accelerator #(
      |        ^~~~~~~~~~~~~~~~
%Warning-TIMESCALEMOD: /home/luxyxp/Documents/mainfiles/asic/run/rtl2gds/tmp/1bc154933c864d5a9dc1f8cecbfff9fd.bb.v:8133:8: Timescale missing on this module as other modules have it (IEEE 1800-2023 3.14.2.3)
 8133 | module sky130_fd_sc_hd__sedfxtp_1(Q, CLK, D, DE, SCD, SCE, VPWR, VGND, VPB, VNB);
      |        ^~~~~~~~~~~~~~~~~~~~~~~~~~
                       /home/luxyxp/Documents/mainfiles/asic_rtl/patched/conv_accelerator_asic.v:86:8: ... Location of module with timescale
   86 | module conv_accelerator #(
      |        ^~~~~~~~~~~~~~~~
%Warning-TIMESCALEMOD: /home/luxyxp/Documents/mainfiles/asic/run/rtl2gds/tmp/1bc154933c864d5a9dc1f8cecbfff9fd.bb.v:8156:8: Timescale missing on this module as other modules have it (IEEE 1800-2023 3.14.2.3)
 8156 | module sky130_fd_sc_hd__sedfxtp_2(Q, CLK, D, DE, SCD, SCE, VPWR, VGND, VPB, VNB);
      |        ^~~~~~~~~~~~~~~~~~~~~~~~~~
                       /home/luxyxp/Documents/mainfiles/asic_rtl/patched/conv_accelerator_asic.v:86:8: ... Location of module with timescale
   86 | module conv_accelerator #(
      |        ^~~~~~~~~~~~~~~~
%Warning-TIMESCALEMOD: /home/luxyxp/Documents/mainfiles/asic/run/rtl2gds/tmp/1bc154933c864d5a9dc1f8cecbfff9fd.bb.v:8179:8: Timescale missing on this module as other modules have it (IEEE 1800-2023 3.14.2.3)
 8179 | module sky130_fd_sc_hd__sedfxtp_4(Q, CLK, D, DE, SCD, SCE, VPWR, VGND, VPB, VNB);
      |        ^~~~~~~~~~~~~~~~~~~~~~~~~~
                       /home/luxyxp/Documents/mainfiles/asic_rtl/patched/conv_accelerator_asic.v:86:8: ... Location of module with timescale
   86 | module conv_accelerator #(
      |        ^~~~~~~~~~~~~~~~
%Warning-TIMESCALEMOD: /home/luxyxp/Documents/mainfiles/asic/run/rtl2gds/tmp/1bc154933c864d5a9dc1f8cecbfff9fd.bb.v:8202:8: Timescale missing on this module as other modules have it (IEEE 1800-2023 3.14.2.3)
 8202 | module sky130_fd_sc_hd__tap_1(VPWR, VGND, VPB, VNB);
      |        ^~~~~~~~~~~~~~~~~~~~~~
                       /home/luxyxp/Documents/mainfiles/asic_rtl/patched/conv_accelerator_asic.v:86:8: ... Location of module with timescale
   86 | module conv_accelerator #(
      |        ^~~~~~~~~~~~~~~~
%Warning-TIMESCALEMOD: /home/luxyxp/Documents/mainfiles/asic/run/rtl2gds/tmp/1bc154933c864d5a9dc1f8cecbfff9fd.bb.v:8213:8: Timescale missing on this module as other modules have it (IEEE 1800-2023 3.14.2.3)
 8213 | module sky130_fd_sc_hd__tap_2(VPWR, VGND, VPB, VNB);
      |        ^~~~~~~~~~~~~~~~~~~~~~
                       /home/luxyxp/Documents/mainfiles/asic_rtl/patched/conv_accelerator_asic.v:86:8: ... Location of module with timescale
   86 | module conv_accelerator #(
      |        ^~~~~~~~~~~~~~~~
%Warning-TIMESCALEMOD: /home/luxyxp/Documents/mainfiles/asic/run/rtl2gds/tmp/1bc154933c864d5a9dc1f8cecbfff9fd.bb.v:8224:8: Timescale missing on this module as other modules have it (IEEE 1800-2023 3.14.2.3)
 8224 | module sky130_fd_sc_hd__tapvgnd2_1(VPWR, VGND, VPB, VNB);
      |        ^~~~~~~~~~~~~~~~~~~~~~~~~~~
                       /home/luxyxp/Documents/mainfiles/asic_rtl/patched/conv_accelerator_asic.v:86:8: ... Location of module with timescale
   86 | module conv_accelerator #(
      |        ^~~~~~~~~~~~~~~~
%Warning-TIMESCALEMOD: /home/luxyxp/Documents/mainfiles/asic/run/rtl2gds/tmp/1bc154933c864d5a9dc1f8cecbfff9fd.bb.v:8235:8: Timescale missing on this module as other modules have it (IEEE 1800-2023 3.14.2.3)
 8235 | module sky130_fd_sc_hd__tapvgnd_1(VPWR, VGND, VPB, VNB);
      |        ^~~~~~~~~~~~~~~~~~~~~~~~~~
                       /home/luxyxp/Documents/mainfiles/asic_rtl/patched/conv_accelerator_asic.v:86:8: ... Location of module with timescale
   86 | module conv_accelerator #(
      |        ^~~~~~~~~~~~~~~~
%Warning-TIMESCALEMOD: /home/luxyxp/Documents/mainfiles/asic/run/rtl2gds/tmp/1bc154933c864d5a9dc1f8cecbfff9fd.bb.v:8246:8: Timescale missing on this module as other modules have it (IEEE 1800-2023 3.14.2.3)
 8246 | module sky130_fd_sc_hd__tapvpwrvgnd_1(VPWR, VGND, VPB, VNB);
      |        ^~~~~~~~~~~~~~~~~~~~~~~~~~~~~~
                       /home/luxyxp/Documents/mainfiles/asic_rtl/patched/conv_accelerator_asic.v:86:8: ... Location of module with timescale
   86 | module conv_accelerator #(
      |        ^~~~~~~~~~~~~~~~
%Warning-TIMESCALEMOD: /home/luxyxp/Documents/mainfiles/asic/run/rtl2gds/tmp/1bc154933c864d5a9dc1f8cecbfff9fd.bb.v:8257:8: Timescale missing on this module as other modules have it (IEEE 1800-2023 3.14.2.3)
 8257 | module sky130_fd_sc_hd__xnor2_1(Y, A, B, VPWR, VGND, VPB, VNB);
      |        ^~~~~~~~~~~~~~~~~~~~~~~~
                       /home/luxyxp/Documents/mainfiles/asic_rtl/patched/conv_accelerator_asic.v:86:8: ... Location of module with timescale
   86 | module conv_accelerator #(
      |        ^~~~~~~~~~~~~~~~
%Warning-TIMESCALEMOD: /home/luxyxp/Documents/mainfiles/asic/run/rtl2gds/tmp/1bc154933c864d5a9dc1f8cecbfff9fd.bb.v:8274:8: Timescale missing on this module as other modules have it (IEEE 1800-2023 3.14.2.3)
 8274 | module sky130_fd_sc_hd__xnor2_2(Y, A, B, VPWR, VGND, VPB, VNB);
      |        ^~~~~~~~~~~~~~~~~~~~~~~~
                       /home/luxyxp/Documents/mainfiles/asic_rtl/patched/conv_accelerator_asic.v:86:8: ... Location of module with timescale
   86 | module conv_accelerator #(
      |        ^~~~~~~~~~~~~~~~
%Warning-TIMESCALEMOD: /home/luxyxp/Documents/mainfiles/asic/run/rtl2gds/tmp/1bc154933c864d5a9dc1f8cecbfff9fd.bb.v:8291:8: Timescale missing on this module as other modules have it (IEEE 1800-2023 3.14.2.3)
 8291 | module sky130_fd_sc_hd__xnor2_4(Y, A, B, VPWR, VGND, VPB, VNB);
      |        ^~~~~~~~~~~~~~~~~~~~~~~~
                       /home/luxyxp/Documents/mainfiles/asic_rtl/patched/conv_accelerator_asic.v:86:8: ... Location of module with timescale
   86 | module conv_accelerator #(
      |        ^~~~~~~~~~~~~~~~
%Warning-TIMESCALEMOD: /home/luxyxp/Documents/mainfiles/asic/run/rtl2gds/tmp/1bc154933c864d5a9dc1f8cecbfff9fd.bb.v:8308:8: Timescale missing on this module as other modules have it (IEEE 1800-2023 3.14.2.3)
 8308 | module sky130_fd_sc_hd__xnor3_1(X, A, B, C, VPWR, VGND, VPB, VNB);
      |        ^~~~~~~~~~~~~~~~~~~~~~~~
                       /home/luxyxp/Documents/mainfiles/asic_rtl/patched/conv_accelerator_asic.v:86:8: ... Location of module with timescale
   86 | module conv_accelerator #(
      |        ^~~~~~~~~~~~~~~~
%Warning-TIMESCALEMOD: /home/luxyxp/Documents/mainfiles/asic/run/rtl2gds/tmp/1bc154933c864d5a9dc1f8cecbfff9fd.bb.v:8327:8: Timescale missing on this module as other modules have it (IEEE 1800-2023 3.14.2.3)
 8327 | module sky130_fd_sc_hd__xnor3_2(X, A, B, C, VPWR, VGND, VPB, VNB);
      |        ^~~~~~~~~~~~~~~~~~~~~~~~
                       /home/luxyxp/Documents/mainfiles/asic_rtl/patched/conv_accelerator_asic.v:86:8: ... Location of module with timescale
   86 | module conv_accelerator #(
      |        ^~~~~~~~~~~~~~~~
%Warning-TIMESCALEMOD: /home/luxyxp/Documents/mainfiles/asic/run/rtl2gds/tmp/1bc154933c864d5a9dc1f8cecbfff9fd.bb.v:8346:8: Timescale missing on this module as other modules have it (IEEE 1800-2023 3.14.2.3)
 8346 | module sky130_fd_sc_hd__xnor3_4(X, A, B, C, VPWR, VGND, VPB, VNB);
      |        ^~~~~~~~~~~~~~~~~~~~~~~~
                       /home/luxyxp/Documents/mainfiles/asic_rtl/patched/conv_accelerator_asic.v:86:8: ... Location of module with timescale
   86 | module conv_accelerator #(
      |        ^~~~~~~~~~~~~~~~
%Warning-TIMESCALEMOD: /home/luxyxp/Documents/mainfiles/asic/run/rtl2gds/tmp/1bc154933c864d5a9dc1f8cecbfff9fd.bb.v:8365:8: Timescale missing on this module as other modules have it (IEEE 1800-2023 3.14.2.3)
 8365 | module sky130_fd_sc_hd__xor2_1(X, A, B, VPWR, VGND, VPB, VNB);
      |        ^~~~~~~~~~~~~~~~~~~~~~~
                       /home/luxyxp/Documents/mainfiles/asic_rtl/patched/conv_accelerator_asic.v:86:8: ... Location of module with timescale
   86 | module conv_accelerator #(
      |        ^~~~~~~~~~~~~~~~
%Warning-TIMESCALEMOD: /home/luxyxp/Documents/mainfiles/asic/run/rtl2gds/tmp/1bc154933c864d5a9dc1f8cecbfff9fd.bb.v:8382:8: Timescale missing on this module as other modules have it (IEEE 1800-2023 3.14.2.3)
 8382 | module sky130_fd_sc_hd__xor2_2(X, A, B, VPWR, VGND, VPB, VNB);
      |        ^~~~~~~~~~~~~~~~~~~~~~~
                       /home/luxyxp/Documents/mainfiles/asic_rtl/patched/conv_accelerator_asic.v:86:8: ... Location of module with timescale
   86 | module conv_accelerator #(
      |        ^~~~~~~~~~~~~~~~
%Warning-TIMESCALEMOD: /home/luxyxp/Documents/mainfiles/asic/run/rtl2gds/tmp/1bc154933c864d5a9dc1f8cecbfff9fd.bb.v:8399:8: Timescale missing on this module as other modules have it (IEEE 1800-2023 3.14.2.3)
 8399 | module sky130_fd_sc_hd__xor2_4(X, A, B, VPWR, VGND, VPB, VNB);
      |        ^~~~~~~~~~~~~~~~~~~~~~~
                       /home/luxyxp/Documents/mainfiles/asic_rtl/patched/conv_accelerator_asic.v:86:8: ... Location of module with timescale
   86 | module conv_accelerator #(
      |        ^~~~~~~~~~~~~~~~
%Warning-TIMESCALEMOD: /home/luxyxp/Documents/mainfiles/asic/run/rtl2gds/tmp/1bc154933c864d5a9dc1f8cecbfff9fd.bb.v:8416:8: Timescale missing on this module as other modules have it (IEEE 1800-2023 3.14.2.3)
 8416 | module sky130_fd_sc_hd__xor3_1(X, A, B, C, VPWR, VGND, VPB, VNB);
      |        ^~~~~~~~~~~~~~~~~~~~~~~
                       /home/luxyxp/Documents/mainfiles/asic_rtl/patched/conv_accelerator_asic.v:86:8: ... Location of module with timescale
   86 | module conv_accelerator #(
      |        ^~~~~~~~~~~~~~~~
%Warning-TIMESCALEMOD: /home/luxyxp/Documents/mainfiles/asic/run/rtl2gds/tmp/1bc154933c864d5a9dc1f8cecbfff9fd.bb.v:8435:8: Timescale missing on this module as other modules have it (IEEE 1800-2023 3.14.2.3)
 8435 | module sky130_fd_sc_hd__xor3_2(X, A, B, C, VPWR, VGND, VPB, VNB);
      |        ^~~~~~~~~~~~~~~~~~~~~~~
                       /home/luxyxp/Documents/mainfiles/asic_rtl/patched/conv_accelerator_asic.v:86:8: ... Location of module with timescale
   86 | module conv_accelerator #(
      |        ^~~~~~~~~~~~~~~~
%Warning-TIMESCALEMOD: /home/luxyxp/Documents/mainfiles/asic/run/rtl2gds/tmp/1bc154933c864d5a9dc1f8cecbfff9fd.bb.v:8454:8: Timescale missing on this module as other modules have it (IEEE 1800-2023 3.14.2.3)
 8454 | module sky130_fd_sc_hd__xor3_4(X, A, B, C, VPWR, VGND, VPB, VNB);
      |        ^~~~~~~~~~~~~~~~~~~~~~~
                       /home/luxyxp/Documents/mainfiles/asic_rtl/patched/conv_accelerator_asic.v:86:8: ... Location of module with timescale
   86 | module conv_accelerator #(
      |        ^~~~~~~~~~~~~~~~
%Warning-TIMESCALEMOD: /home/luxyxp/Documents/mainfiles/asic/macros/sky130_sram_2kbyte_1rw1r_32x512_8/verilog/sky130_sram_2kbyte_1rw1r_32x512_8.bb.v:12:8: Timescale missing on this module as other modules have it (IEEE 1800-2023 3.14.2.3)
   12 | module sky130_sram_2kbyte_1rw1r_32x512_8 (
      |        ^~~~~~~~~~~~~~~~~~~~~~~~~~~~~~~~~
                       /home/luxyxp/Documents/mainfiles/asic_rtl/patched/conv_accelerator_asic.v:86:8: ... Location of module with timescale
   86 | module conv_accelerator #(
      |        ^~~~~~~~~~~~~~~~
%Warning-TIMESCALEMOD: /home/luxyxp/Documents/mainfiles/asic/macros/sky130_sram_1kbyte_1rw1r_32x256_8/verilog/sky130_sram_1kbyte_1rw1r_32x256_8.bb.v:12:8: Timescale missing on this module as other modules have it (IEEE 1800-2023 3.14.2.3)
   12 | module sky130_sram_1kbyte_1rw1r_32x256_8 (
      |        ^~~~~~~~~~~~~~~~~~~~~~~~~~~~~~~~~
                       /home/luxyxp/Documents/mainfiles/asic_rtl/patched/conv_accelerator_asic.v:86:8: ... Location of module with timescale
   86 | module conv_accelerator #(
      |        ^~~~~~~~~~~~~~~~
%Warning-TIMESCALEMOD: /home/luxyxp/Documents/mainfiles/FPGA/main_codes/rtl/desgin_sources/CPU/cv32e40p_rtl/include/cv32e40p_pkg.sv:26:9: Timescale missing on this module as other modules have it (IEEE 1800-2023 3.14.2.3)
   26 | package cv32e40p_pkg;
      |         ^~~~~~~~~~~~
                       /home/luxyxp/Documents/mainfiles/asic_rtl/patched/conv_accelerator_asic.v:86:8: ... Location of module with timescale
   86 | module conv_accelerator #(
      |        ^~~~~~~~~~~~~~~~
%Warning-TIMESCALEMOD: /home/luxyxp/Documents/mainfiles/FPGA/main_codes/rtl/desgin_sources/CPU/cv32e40p_rtl/include/cv32e40p_apu_core_pkg.sv:22:9: Timescale missing on this module as other modules have it (IEEE 1800-2023 3.14.2.3)
   22 | package cv32e40p_apu_core_pkg;
      |         ^~~~~~~~~~~~~~~~~~~~~
                       /home/luxyxp/Documents/mainfiles/asic_rtl/patched/conv_accelerator_asic.v:86:8: ... Location of module with timescale
   86 | module conv_accelerator #(
      |        ^~~~~~~~~~~~~~~~
%Warning-TIMESCALEMOD: /home/luxyxp/Documents/mainfiles/FPGA/main_codes/rtl/desgin_sources/CPU/cv32e40p_rtl/include/cv32e40p_fpu_pkg.sv:38:9: Timescale missing on this module as other modules have it (IEEE 1800-2023 3.14.2.3)
   38 | package cv32e40p_fpu_pkg;
      |         ^~~~~~~~~~~~~~~~
                       /home/luxyxp/Documents/mainfiles/asic_rtl/patched/conv_accelerator_asic.v:86:8: ... Location of module with timescale
   86 | module conv_accelerator #(
      |        ^~~~~~~~~~~~~~~~
%Warning-TIMESCALEMOD: /home/luxyxp/Documents/mainfiles/FPGA/main_codes/rtl/desgin_sources/CPU/cv32e40p_rtl/vendor/pulp_platform_common_cells/src/cf_math_pkg.sv:18:9: Timescale missing on this module as other modules have it (IEEE 1800-2023 3.14.2.3)
   18 | package cf_math_pkg;
      |         ^~~~~~~~~~~
                       /home/luxyxp/Documents/mainfiles/asic_rtl/patched/conv_accelerator_asic.v:86:8: ... Location of module with timescale
   86 | module conv_accelerator #(
      |        ^~~~~~~~~~~~~~~~
%Warning-TIMESCALEMOD: /home/luxyxp/Documents/mainfiles/FPGA/main_codes/rtl/desgin_sources/CPU/openhw_obi_to_axi/axi_pkg.sv:23:9: Timescale missing on this module as other modules have it (IEEE 1800-2023 3.14.2.3)
   23 | package axi_pkg;
      |         ^~~~~~~
                       /home/luxyxp/Documents/mainfiles/asic_rtl/patched/conv_accelerator_asic.v:86:8: ... Location of module with timescale
   86 | module conv_accelerator #(
      |        ^~~~~~~~~~~~~~~~
%Warning-TIMESCALEMOD: /home/luxyxp/Documents/mainfiles/FPGA/main_codes/rtl/desgin_sources/CPU/openhw_obi_to_axi/obi_pkg.sv:7:9: Timescale missing on this module as other modules have it (IEEE 1800-2023 3.14.2.3)
    7 | package obi_pkg;
      |         ^~~~~~~
                       /home/luxyxp/Documents/mainfiles/asic_rtl/patched/conv_accelerator_asic.v:86:8: ... Location of module with timescale
   86 | module conv_accelerator #(
      |        ^~~~~~~~~~~~~~~~
%Warning-TIMESCALEMOD: /home/luxyxp/Documents/mainfiles/FPGA/main_codes/rtl/desgin_sources/CPU/bizim_kodlar/axi_req_rsp_ports.sv:3:9: Timescale missing on this module as other modules have it (IEEE 1800-2023 3.14.2.3)
    3 | package axi_port_pkg;
      |         ^~~~~~~~~~~~
                       /home/luxyxp/Documents/mainfiles/asic_rtl/patched/conv_accelerator_asic.v:86:8: ... Location of module with timescale
   86 | module conv_accelerator #(
      |        ^~~~~~~~~~~~~~~~
%Warning-TIMESCALEMOD: /home/luxyxp/Documents/mainfiles/FPGA/main_codes/rtl/desgin_sources/CPU/bizim_kodlar/obi_req_rsp_ports.sv:3:9: Timescale missing on this module as other modules have it (IEEE 1800-2023 3.14.2.3)
    3 | package obi_port_pkg;
      |         ^~~~~~~~~~~~
                       /home/luxyxp/Documents/mainfiles/asic_rtl/patched/conv_accelerator_asic.v:86:8: ... Location of module with timescale
   86 | module conv_accelerator #(
      |        ^~~~~~~~~~~~~~~~
%Warning-TIMESCALEMOD: /home/luxyxp/Documents/mainfiles/asic_rtl/patched/obi_to_axi_asic.sv:37:8: Timescale missing on this module as other modules have it (IEEE 1800-2023 3.14.2.3)
   37 | module obi_to_axi #(
      |        ^~~~~~~~~~
                       /home/luxyxp/Documents/mainfiles/asic_rtl/patched/conv_accelerator_asic.v:86:8: ... Location of module with timescale
   86 | module conv_accelerator #(
      |        ^~~~~~~~~~~~~~~~
%Warning-TIMESCALEMOD: /home/luxyxp/Documents/mainfiles/asic_rtl/patched/cv32e40p_obi_to_axi_wrapper_asic.sv:24:8: Timescale missing on this module as other modules have it (IEEE 1800-2023 3.14.2.3)
   24 | module cv32e40p_obi_to_axi_wrapper#(
      |        ^~~~~~~~~~~~~~~~~~~~~~~~~~~
                       /home/luxyxp/Documents/mainfiles/asic_rtl/patched/conv_accelerator_asic.v:86:8: ... Location of module with timescale
   86 | module conv_accelerator #(
      |        ^~~~~~~~~~~~~~~~
%Warning-TIMESCALEMOD: /home/luxyxp/Documents/mainfiles/asic_rtl/patched/instr_bram_axi_ctrl_asic.sv:28:8: Timescale missing on this module as other modules have it (IEEE 1800-2023 3.14.2.3)
   28 | module instr_bram_axi_ctrl #(
      |        ^~~~~~~~~~~~~~~~~~~
                       /home/luxyxp/Documents/mainfiles/asic_rtl/patched/conv_accelerator_asic.v:86:8: ... Location of module with timescale
   86 | module conv_accelerator #(
      |        ^~~~~~~~~~~~~~~~
%Warning-TIMESCALEMOD: /home/luxyxp/Documents/mainfiles/asic_rtl/patched/data_bram_axi_ctrl_asic.sv:21:8: Timescale missing on this module as other modules have it (IEEE 1800-2023 3.14.2.3)
   21 | module data_bram_axi_ctrl #(
      |        ^~~~~~~~~~~~~~~~~~
                       /home/luxyxp/Documents/mainfiles/asic_rtl/patched/conv_accelerator_asic.v:86:8: ... Location of module with timescale
   86 | module conv_accelerator #(
      |        ^~~~~~~~~~~~~~~~
%Warning-TIMESCALEMOD: /home/luxyxp/Documents/mainfiles/asic_rtl/patched/GPIO_AXI4_Lite_asic.sv:18:8: Timescale missing on this module as other modules have it (IEEE 1800-2023 3.14.2.3)
   18 | module GPIO_AXI4_Lite(
      |        ^~~~~~~~~~~~~~
                       /home/luxyxp/Documents/mainfiles/asic_rtl/patched/conv_accelerator_asic.v:86:8: ... Location of module with timescale
   86 | module conv_accelerator #(
      |        ^~~~~~~~~~~~~~~~
%Warning-TIMESCALEMOD: /home/luxyxp/Documents/mainfiles/asic_rtl/patched/Timer_AXI4_Lite_asic.sv:18:8: Timescale missing on this module as other modules have it (IEEE 1800-2023 3.14.2.3)
   18 | module Timer_AXI4_Lite
      |        ^~~~~~~~~~~~~~~
                       /home/luxyxp/Documents/mainfiles/asic_rtl/patched/conv_accelerator_asic.v:86:8: ... Location of module with timescale
   86 | module conv_accelerator #(
      |        ^~~~~~~~~~~~~~~~
%Warning-TIMESCALEMOD: /home/luxyxp/Documents/mainfiles/asic_rtl/patched/QSPI_Master_AXI4_Lite_asic.sv:47:8: Timescale missing on this module as other modules have it (IEEE 1800-2023 3.14.2.3)
   47 | module QSPI_Master_AXI4_Lite(
      |        ^~~~~~~~~~~~~~~~~~~~~
                       /home/luxyxp/Documents/mainfiles/asic_rtl/patched/conv_accelerator_asic.v:86:8: ... Location of module with timescale
   86 | module conv_accelerator #(
      |        ^~~~~~~~~~~~~~~~
%Warning-TIMESCALEMOD: /home/luxyxp/Documents/mainfiles/asic_rtl/patched/UART_GU_AXI4_Lite_asic.sv:18:8: Timescale missing on this module as other modules have it (IEEE 1800-2023 3.14.2.3)
   18 | module UART_GU_AXI4_Lite (
      |        ^~~~~~~~~~~~~~~~~
                       /home/luxyxp/Documents/mainfiles/asic_rtl/patched/conv_accelerator_asic.v:86:8: ... Location of module with timescale
   86 | module conv_accelerator #(
      |        ^~~~~~~~~~~~~~~~
%Warning-TIMESCALEMOD: /home/luxyxp/Documents/mainfiles/asic_rtl/patched/UART_YZ_AXI4_Lite_asic.sv:18:8: Timescale missing on this module as other modules have it (IEEE 1800-2023 3.14.2.3)
   18 | module UART_YZ_AXI4_Lite (
      |        ^~~~~~~~~~~~~~~~~
                       /home/luxyxp/Documents/mainfiles/asic_rtl/patched/conv_accelerator_asic.v:86:8: ... Location of module with timescale
   86 | module conv_accelerator #(
      |        ^~~~~~~~~~~~~~~~
%Warning-GENUNNAMED: /home/luxyxp/Documents/mainfiles/FPGA/main_codes/rtl/desgin_sources/CPU/cv32e40p_rtl/cv32e40p_id_stage.sv:777:22: Unnamed generate block 'genblk1' (IEEE 1800-2023 27.6)
                                                                                                                                     : ... Suggest assign a label with 'begin : gen_<label_name>'
  777 |     if (!COREV_PULP) begin
      |                      ^~~~~
                     ... For warning description see https://verilator.org/warn/GENUNNAMED?v=5.044
                     ... Use "/* verilator lint_off GENUNNAMED */" and lint_on around source to disable this message.
%Warning-GENUNNAMED: /home/luxyxp/Documents/mainfiles/FPGA/main_codes/rtl/desgin_sources/CPU/cv32e40p_rtl/cv32e40p_id_stage.sv:779:14: Unnamed generate block 'genblk1' (IEEE 1800-2023 27.6)
                                                                                                                                     : ... Suggest assign a label with 'begin : gen_<label_name>'
  779 |     end else begin
      |              ^~~~~
%Warning-GENUNNAMED: /home/luxyxp/Documents/mainfiles/FPGA/main_codes/rtl/desgin_sources/CPU/cv32e40p_rtl/cv32e40p_id_stage.sv:798:54: Unnamed generate block 'genblk1' (IEEE 1800-2023 27.6)
                                                                                                                                     : ... Suggest assign a label with 'begin : gen_<label_name>'
  798 |       if (APU_NARGS_CPU >= 1) assign apu_operands[0] = alu_operand_a;
      |                                                      ^
%Warning-GENUNNAMED: /home/luxyxp/Documents/mainfiles/FPGA/main_codes/rtl/desgin_sources/CPU/cv32e40p_rtl/cv32e40p_id_stage.sv:799:54: Unnamed generate block 'genblk2' (IEEE 1800-2023 27.6)
                                                                                                                                     : ... Suggest assign a label with 'begin : gen_<label_name>'
  799 |       if (APU_NARGS_CPU >= 2) assign apu_operands[1] = alu_operand_b;
      |                                                      ^
%Warning-GENUNNAMED: /home/luxyxp/Documents/mainfiles/FPGA/main_codes/rtl/desgin_sources/CPU/cv32e40p_rtl/cv32e40p_id_stage.sv:800:54: Unnamed generate block 'genblk3' (IEEE 1800-2023 27.6)
                                                                                                                                     : ... Suggest assign a label with 'begin : gen_<label_name>'
  800 |       if (APU_NARGS_CPU >= 3) assign apu_operands[2] = alu_operand_c;
      |                                                      ^
%Warning-IMPORTSTAR: /home/luxyxp/Documents/mainfiles/asic_rtl/patched/cv32e40p_obi_to_axi_wrapper_asic.sv:20:8: 'import::*' in $unit scope may pollute global namespace
   20 | import obi_pkg::*;
      |        ^~~~~~~
                     ... For warning description see https://verilator.org/warn/IMPORTSTAR?v=5.044
                     ... Use "/* verilator lint_off IMPORTSTAR */" and lint_on around source to disable this message.
%Warning-IMPORTSTAR: /home/luxyxp/Documents/mainfiles/asic_rtl/patched/cv32e40p_obi_to_axi_wrapper_asic.sv:21:8: 'import::*' in $unit scope may pollute global namespace
   21 | import axi_port_pkg::*;
      |        ^~~~~~~~~~~~
%Warning-IMPORTSTAR: /home/luxyxp/Documents/mainfiles/asic_rtl/patched/cv32e40p_obi_to_axi_wrapper_asic.sv:22:8: 'import::*' in $unit scope may pollute global namespace
   22 | import obi_port_pkg::*;
      |        ^~~~~~~~~~~~
%Warning-VARHIDDEN: /home/luxyxp/Documents/mainfiles/FPGA/main_codes/rtl/desgin_sources/CPU/cv32e40p_rtl/cv32e40p_id_stage.sv:46:15: Declaration of signal hides declaration in upper scope: 'APU_NARGS_CPU'
   46 |     parameter APU_NARGS_CPU = 3,
      |               ^~~~~~~~~~~~~
                    /home/luxyxp/Documents/mainfiles/FPGA/main_codes/rtl/desgin_sources/CPU/cv32e40p_rtl/include/cv32e40p_apu_core_pkg.sv:25:14: ... Location of original declaration
   25 |   localparam APU_NARGS_CPU = 3;
      |              ^~~~~~~~~~~~~
                    ... For warning description see https://verilator.org/warn/VARHIDDEN?v=5.044
                    ... Use "/* verilator lint_off VARHIDDEN */" and lint_on around source to disable this message.
%Warning-VARHIDDEN: /home/luxyxp/Documents/mainfiles/FPGA/main_codes/rtl/desgin_sources/CPU/cv32e40p_rtl/cv32e40p_id_stage.sv:47:15: Declaration of signal hides declaration in upper scope: 'APU_WOP_CPU'
   47 |     parameter APU_WOP_CPU = 6,
      |               ^~~~~~~~~~~
                    /home/luxyxp/Documents/mainfiles/FPGA/main_codes/rtl/desgin_sources/CPU/cv32e40p_rtl/include/cv32e40p_apu_core_pkg.sv:26:14: ... Location of original declaration
   26 |   localparam APU_WOP_CPU = 6;
      |              ^~~~~~~~~~~
%Warning-VARHIDDEN: /home/luxyxp/Documents/mainfiles/FPGA/main_codes/rtl/desgin_sources/CPU/cv32e40p_rtl/cv32e40p_id_stage.sv:48:15: Declaration of signal hides declaration in upper scope: 'APU_NDSFLAGS_CPU'
   48 |     parameter APU_NDSFLAGS_CPU = 15,
      |               ^~~~~~~~~~~~~~~~
                    /home/luxyxp/Documents/mainfiles/FPGA/main_codes/rtl/desgin_sources/CPU/cv32e40p_rtl/include/cv32e40p_apu_core_pkg.sv:27:14: ... Location of original declaration
   27 |   localparam APU_NDSFLAGS_CPU = 15;
      |              ^~~~~~~~~~~~~~~~
%Warning-VARHIDDEN: /home/luxyxp/Documents/mainfiles/FPGA/main_codes/rtl/desgin_sources/CPU/cv32e40p_rtl/cv32e40p_id_stage.sv:49:15: Declaration of signal hides declaration in upper scope: 'APU_NUSFLAGS_CPU'
   49 |     parameter APU_NUSFLAGS_CPU = 5,
      |               ^~~~~~~~~~~~~~~~
                    /home/luxyxp/Documents/mainfiles/FPGA/main_codes/rtl/desgin_sources/CPU/cv32e40p_rtl/include/cv32e40p_apu_core_pkg.sv:28:14: ... Location of original declaration
   28 |   localparam APU_NUSFLAGS_CPU = 5;
      |              ^~~~~~~~~~~~~~~~
%Warning-VARHIDDEN: /home/luxyxp/Documents/mainfiles/FPGA/main_codes/rtl/desgin_sources/CPU/cv32e40p_rtl/cv32e40p_decoder.sv:42:13: Declaration of signal hides declaration in upper scope: 'APU_WOP_CPU'
   42 |   parameter APU_WOP_CPU       = 6,
      |             ^~~~~~~~~~~
                    /home/luxyxp/Documents/mainfiles/FPGA/main_codes/rtl/desgin_sources/CPU/cv32e40p_rtl/include/cv32e40p_apu_core_pkg.sv:26:14: ... Location of original declaration
   26 |   localparam APU_WOP_CPU = 6;
      |              ^~~~~~~~~~~
%Warning-VARHIDDEN: /home/luxyxp/Documents/mainfiles/FPGA/main_codes/rtl/desgin_sources/CPU/cv32e40p_rtl/cv32e40p_ex_stage.sv:38:15: Declaration of signal hides declaration in upper scope: 'APU_NARGS_CPU'
   38 |     parameter APU_NARGS_CPU    = 3,
      |               ^~~~~~~~~~~~~
                    /home/luxyxp/Documents/mainfiles/FPGA/main_codes/rtl/desgin_sources/CPU/cv32e40p_rtl/include/cv32e40p_apu_core_pkg.sv:25:14: ... Location of original declaration
   25 |   localparam APU_NARGS_CPU = 3;
      |              ^~~~~~~~~~~~~
%Warning-VARHIDDEN: /home/luxyxp/Documents/mainfiles/FPGA/main_codes/rtl/desgin_sources/CPU/cv32e40p_rtl/cv32e40p_ex_stage.sv:39:15: Declaration of signal hides declaration in upper scope: 'APU_WOP_CPU'
   39 |     parameter APU_WOP_CPU      = 6,
      |               ^~~~~~~~~~~
                    /home/luxyxp/Documents/mainfiles/FPGA/main_codes/rtl/desgin_sources/CPU/cv32e40p_rtl/include/cv32e40p_apu_core_pkg.sv:26:14: ... Location of original declaration
   26 |   localparam APU_WOP_CPU = 6;
      |              ^~~~~~~~~~~
%Warning-VARHIDDEN: /home/luxyxp/Documents/mainfiles/FPGA/main_codes/rtl/desgin_sources/CPU/cv32e40p_rtl/cv32e40p_ex_stage.sv:40:15: Declaration of signal hides declaration in upper scope: 'APU_NDSFLAGS_CPU'
   40 |     parameter APU_NDSFLAGS_CPU = 15,
      |               ^~~~~~~~~~~~~~~~
                    /home/luxyxp/Documents/mainfiles/FPGA/main_codes/rtl/desgin_sources/CPU/cv32e40p_rtl/include/cv32e40p_apu_core_pkg.sv:27:14: ... Location of original declaration
   27 |   localparam APU_NDSFLAGS_CPU = 15;
      |              ^~~~~~~~~~~~~~~~
%Warning-VARHIDDEN: /home/luxyxp/Documents/mainfiles/FPGA/main_codes/rtl/desgin_sources/CPU/cv32e40p_rtl/cv32e40p_ex_stage.sv:41:15: Declaration of signal hides declaration in upper scope: 'APU_NUSFLAGS_CPU'
   41 |     parameter APU_NUSFLAGS_CPU = 5
      |               ^~~~~~~~~~~~~~~~
                    /home/luxyxp/Documents/mainfiles/FPGA/main_codes/rtl/desgin_sources/CPU/cv32e40p_rtl/include/cv32e40p_apu_core_pkg.sv:28:14: ... Location of original declaration
   28 |   localparam APU_NUSFLAGS_CPU = 5;
      |              ^~~~~~~~~~~~~~~~
%Warning-VARHIDDEN: /home/luxyxp/Documents/mainfiles/asic_rtl/patched/obi_to_axi_asic.sv:78:24: Declaration of signal hides declaration in upper scope: 'DefaultProt'
   78 |   localparam bit [2:0] DefaultProt = 3'b100;  
      |                        ^~~~~~~~~~~
                    /home/luxyxp/Documents/mainfiles/FPGA/main_codes/rtl/desgin_sources/CPU/openhw_obi_to_axi/obi_pkg.sv:20:24: ... Location of original declaration
   20 |   localparam prot_t    DefaultProt    = 3'b111;
      |                        ^~~~~~~~~~~
%Warning-WIDTHEXPAND: /home/luxyxp/Documents/mainfiles/asic_rtl/patched/obi_to_axi_asic.sv:53:32: Operator VAR 'AxiBurstType' expects 32 bits on the Initial value, but Initial value's CONST '2'h1' generates 2 bits.
                                                                                                : ... note: In instance 'top_module.cpu_inst.data_bridge'
   53 |   parameter int unsigned       AxiBurstType = 2'b01,    
      |                                ^~~~~~~~~~~~
                      ... For warning description see https://verilator.org/warn/WIDTHEXPAND?v=5.044
                      ... Use "/* verilator lint_off WIDTHEXPAND */" and lint_on around source to disable this message.
%Warning-WIDTHTRUNC: /home/luxyxp/Documents/mainfiles/asic_rtl/patched/obi_to_axi_asic.sv:401:3: Logical operator GENIF expects 1 bit on the If, but If's SEL generates 32 bits.
                                                                                               : ... note: In instance 'top_module.cpu_inst.data_bridge'
  401 |   if (ObiCfg.OptionalCfg.RUserWidth) begin : gen_ruser
      |   ^~
                     ... For warning description see https://verilator.org/warn/WIDTHTRUNC?v=5.044
                     ... Use "/* verilator lint_off WIDTHTRUNC */" and lint_on around source to disable this message.
%Warning-WIDTHEXPAND: /home/luxyxp/Documents/mainfiles/FPGA/main_codes/rtl/desgin_sources/CPU/cv32e40p_rtl/cv32e40p_fifo.sv:128:49: Operator COND expects 2 bits on the Conditional True, but Conditional True's CONST '1'h1' generates 1 bits.
                                                                                                                                  : ... note: In instance 'top_module.cpu_inst.CORE.core_i.if_stage_i.prefetch_buffer_i.fifo_i'
  128 |           status_cnt_q    <= (status_cnt_q > 0) ? 1'b1 : '0;
      |                                                 ^
%Warning-WIDTHEXPAND: /home/luxyxp/Documents/mainfiles/FPGA/main_codes/rtl/desgin_sources/CPU/cv32e40p_rtl/cv32e40p_prefetch_controller.sv:114:26: Operator NEQ expects 3 bits on the LHS, but LHS's VARREF 'cnt_q' generates 2 bits.
                                                                                                                                                 : ... note: In instance 'top_module.cpu_inst.CORE.core_i.if_stage_i.prefetch_buffer_i.prefetch_controller_i'
  114 |   assign busy_o = (cnt_q != 3'b000) || trans_valid_o;
      |                          ^~
%Warning-WIDTHTRUNC: /home/luxyxp/Documents/mainfiles/FPGA/main_codes/rtl/desgin_sources/CPU/cv32e40p_rtl/cv32e40p_ff_one.sv:48:27: Operator ASSIGNW expects 5 bits on the Assign RHS, but Assign RHS's UNSIGNED generates 32 bits.
                                                                                                                                  : ... note: In instance 'top_module.cpu_inst.CORE.core_i.ex_stage_i.alu_i.ff_one_i'
   48 |       assign index_lut[j] = $unsigned(j);
      |                           ^
%Warning-WIDTHEXPAND: /home/luxyxp/Documents/mainfiles/FPGA/main_codes/rtl/desgin_sources/CPU/cv32e40p_rtl/cv32e40p_decoder.sv:422:35: Operator ASSIGN expects 2 bits on the Assign RHS, but Assign RHS's CONST '1'h1' generates 1 bits.
                                                                                                                                     : ... note: In instance 'top_module.cpu_inst.CORE.core_i.id_stage_i.decoder_i'
  422 |             data_sign_extension_o = 1'b1;
      |                                   ^
%Warning-WIDTHEXPAND: /home/luxyxp/Documents/mainfiles/FPGA/main_codes/rtl/desgin_sources/CPU/cv32e40p_rtl/cv32e40p_decoder.sv:893:79: Operator COND expects 32 bits on the Conditional False, but Conditional False's CONST '2'h3' generates 2 bits.
                                                                                                                                     : ... note: In instance 'top_module.cpu_inst.CORE.core_i.id_stage_i.decoder_i'
  893 |                     cv32e40p_fpu_pkg::FP16    : apu_lat_o = (C_LAT_FP16<2)    ? C_LAT_FP16+1    : 2'h3;
      |                                                                               ^
%Warning-WIDTHTRUNC: /home/luxyxp/Documents/mainfiles/FPGA/main_codes/rtl/desgin_sources/CPU/cv32e40p_rtl/cv32e40p_decoder.sv:893:59: Operator ASSIGN expects 2 bits on the Assign RHS, but Assign RHS's COND generates 32 bits.
                                                                                                                                    : ... note: In instance 'top_module.cpu_inst.CORE.core_i.id_stage_i.decoder_i'
  893 |                     cv32e40p_fpu_pkg::FP16    : apu_lat_o = (C_LAT_FP16<2)    ? C_LAT_FP16+1    : 2'h3;
      |                                                           ^
%Warning-WIDTHEXPAND: /home/luxyxp/Documents/mainfiles/FPGA/main_codes/rtl/desgin_sources/CPU/cv32e40p_rtl/cv32e40p_decoder.sv:894:79: Operator COND expects 32 bits on the Conditional False, but Conditional False's CONST '2'h3' generates 2 bits.
                                                                                                                                     : ... note: In instance 'top_module.cpu_inst.CORE.core_i.id_stage_i.decoder_i'
  894 |                     cv32e40p_fpu_pkg::FP16ALT : apu_lat_o = (C_LAT_FP16ALT<2) ? C_LAT_FP16ALT+1 : 2'h3;
      |                                                                               ^
%Warning-WIDTHTRUNC: /home/luxyxp/Documents/mainfiles/FPGA/main_codes/rtl/desgin_sources/CPU/cv32e40p_rtl/cv32e40p_decoder.sv:894:59: Operator ASSIGN expects 2 bits on the Assign RHS, but Assign RHS's COND generates 32 bits.
                                                                                                                                    : ... note: In instance 'top_module.cpu_inst.CORE.core_i.id_stage_i.decoder_i'
  894 |                     cv32e40p_fpu_pkg::FP16ALT : apu_lat_o = (C_LAT_FP16ALT<2) ? C_LAT_FP16ALT+1 : 2'h3;
      |                                                           ^
%Warning-WIDTHEXPAND: /home/luxyxp/Documents/mainfiles/FPGA/main_codes/rtl/desgin_sources/CPU/cv32e40p_rtl/cv32e40p_decoder.sv:895:79: Operator COND expects 32 bits on the Conditional False, but Conditional False's CONST '2'h3' generates 2 bits.
                                                                                                                                     : ... note: In instance 'top_module.cpu_inst.CORE.core_i.id_stage_i.decoder_i'
  895 |                     cv32e40p_fpu_pkg::FP8     : apu_lat_o = (C_LAT_FP8<2)     ? C_LAT_FP8+1     : 2'h3;
      |                                                                               ^
%Warning-WIDTHTRUNC: /home/luxyxp/Documents/mainfiles/FPGA/main_codes/rtl/desgin_sources/CPU/cv32e40p_rtl/cv32e40p_decoder.sv:895:59: Operator ASSIGN expects 2 bits on the Assign RHS, but Assign RHS's COND generates 32 bits.
                                                                                                                                    : ... note: In instance 'top_module.cpu_inst.CORE.core_i.id_stage_i.decoder_i'
  895 |                     cv32e40p_fpu_pkg::FP8     : apu_lat_o = (C_LAT_FP8<2)     ? C_LAT_FP8+1     : 2'h3;
      |                                                           ^
%Warning-WIDTHTRUNC: /home/luxyxp/Documents/mainfiles/FPGA/main_codes/rtl/desgin_sources/CPU/cv32e40p_rtl/cv32e40p_decoder.sv:1135:15: Logical operator IF expects 1 bit on the If, but If's SEL generates 2 bits.
                                                                                                                                     : ... note: In instance 'top_module.cpu_inst.CORE.core_i.id_stage_i.decoder_i'
 1135 |               if (instr_rdata_i[24:23]) illegal_insn_o = 1'b1;
      |               ^~
%Warning-WIDTHTRUNC: /home/luxyxp/Documents/mainfiles/FPGA/main_codes/rtl/desgin_sources/CPU/cv32e40p_rtl/cv32e40p_decoder.sv:1239:15: Logical operator IF expects 1 bit on the If, but If's SEL generates 4 bits.
                                                                                                                                     : ... note: In instance 'top_module.cpu_inst.CORE.core_i.id_stage_i.decoder_i'
 1239 |               if (instr_rdata_i[24:21]) illegal_insn_o = 1'b1;    
      |               ^~
%Warning-WIDTHTRUNC: /home/luxyxp/Documents/mainfiles/FPGA/main_codes/rtl/desgin_sources/CPU/cv32e40p_rtl/cv32e40p_decoder.sv:1249:15: Logical operator IF expects 1 bit on the If, but If's SEL generates 4 bits.
                                                                                                                                     : ... note: In instance 'top_module.cpu_inst.CORE.core_i.id_stage_i.decoder_i'
 1249 |               if (instr_rdata_i[24:21]) illegal_insn_o = 1'b1;    
      |               ^~
%Warning-WIDTHTRUNC: /home/luxyxp/Documents/mainfiles/FPGA/main_codes/rtl/desgin_sources/CPU/cv32e40p_rtl/cv32e40p_decoder.sv:1281:15: Logical operator IF expects 1 bit on the If, but If's SEL generates 5 bits.
                                                                                                                                     : ... note: In instance 'top_module.cpu_inst.CORE.core_i.id_stage_i.decoder_i'
 1281 |               if (instr_rdata_i[24:20]) illegal_insn_o = 1'b1;
      |               ^~
%Warning-WIDTHEXPAND: /home/luxyxp/Documents/mainfiles/FPGA/main_codes/rtl/desgin_sources/CPU/cv32e40p_rtl/cv32e40p_decoder.sv:1349:75: Operator COND expects 32 bits on the Conditional False, but Conditional False's CONST '2'h3' generates 2 bits.
                                                                                                                                      : ... note: In instance 'top_module.cpu_inst.CORE.core_i.id_stage_i.decoder_i'
 1349 |                 cv32e40p_fpu_pkg::FP64    : apu_lat_o = (C_LAT_FP64<2)    ? C_LAT_FP64+1    : 2'h3;
      |                                                                           ^
%Warning-WIDTHTRUNC: /home/luxyxp/Documents/mainfiles/FPGA/main_codes/rtl/desgin_sources/CPU/cv32e40p_rtl/cv32e40p_decoder.sv:1349:55: Operator ASSIGN expects 2 bits on the Assign RHS, but Assign RHS's COND generates 32 bits.
                                                                                                                                     : ... note: In instance 'top_module.cpu_inst.CORE.core_i.id_stage_i.decoder_i'
 1349 |                 cv32e40p_fpu_pkg::FP64    : apu_lat_o = (C_LAT_FP64<2)    ? C_LAT_FP64+1    : 2'h3;
      |                                                       ^
%Warning-WIDTHEXPAND: /home/luxyxp/Documents/mainfiles/FPGA/main_codes/rtl/desgin_sources/CPU/cv32e40p_rtl/cv32e40p_decoder.sv:1350:75: Operator COND expects 32 bits on the Conditional False, but Conditional False's CONST '2'h3' generates 2 bits.
                                                                                                                                      : ... note: In instance 'top_module.cpu_inst.CORE.core_i.id_stage_i.decoder_i'
 1350 |                 cv32e40p_fpu_pkg::FP16    : apu_lat_o = (C_LAT_FP16<2)    ? C_LAT_FP16+1    : 2'h3;
      |                                                                           ^
%Warning-WIDTHTRUNC: /home/luxyxp/Documents/mainfiles/FPGA/main_codes/rtl/desgin_sources/CPU/cv32e40p_rtl/cv32e40p_decoder.sv:1350:55: Operator ASSIGN expects 2 bits on the Assign RHS, but Assign RHS's COND generates 32 bits.
                                                                                                                                     : ... note: In instance 'top_module.cpu_inst.CORE.core_i.id_stage_i.decoder_i'
 1350 |                 cv32e40p_fpu_pkg::FP16    : apu_lat_o = (C_LAT_FP16<2)    ? C_LAT_FP16+1    : 2'h3;
      |                                                       ^
%Warning-WIDTHEXPAND: /home/luxyxp/Documents/mainfiles/FPGA/main_codes/rtl/desgin_sources/CPU/cv32e40p_rtl/cv32e40p_decoder.sv:1351:75: Operator COND expects 32 bits on the Conditional False, but Conditional False's CONST '2'h3' generates 2 bits.
                                                                                                                                      : ... note: In instance 'top_module.cpu_inst.CORE.core_i.id_stage_i.decoder_i'
 1351 |                 cv32e40p_fpu_pkg::FP16ALT : apu_lat_o = (C_LAT_FP16ALT<2) ? C_LAT_FP16ALT+1 : 2'h3;
      |                                                                           ^
%Warning-WIDTHTRUNC: /home/luxyxp/Documents/mainfiles/FPGA/main_codes/rtl/desgin_sources/CPU/cv32e40p_rtl/cv32e40p_decoder.sv:1351:55: Operator ASSIGN expects 2 bits on the Assign RHS, but Assign RHS's COND generates 32 bits.
                                                                                                                                     : ... note: In instance 'top_module.cpu_inst.CORE.core_i.id_stage_i.decoder_i'
 1351 |                 cv32e40p_fpu_pkg::FP16ALT : apu_lat_o = (C_LAT_FP16ALT<2) ? C_LAT_FP16ALT+1 : 2'h3;
      |                                                       ^
%Warning-WIDTHEXPAND: /home/luxyxp/Documents/mainfiles/FPGA/main_codes/rtl/desgin_sources/CPU/cv32e40p_rtl/cv32e40p_decoder.sv:1352:75: Operator COND expects 32 bits on the Conditional False, but Conditional False's CONST '2'h3' generates 2 bits.
                                                                                                                                      : ... note: In instance 'top_module.cpu_inst.CORE.core_i.id_stage_i.decoder_i'
 1352 |                 cv32e40p_fpu_pkg::FP8     : apu_lat_o = (C_LAT_FP8<2)     ? C_LAT_FP8+1     : 2'h3;
      |                                                                           ^
%Warning-WIDTHTRUNC: /home/luxyxp/Documents/mainfiles/FPGA/main_codes/rtl/desgin_sources/CPU/cv32e40p_rtl/cv32e40p_decoder.sv:1352:55: Operator ASSIGN expects 2 bits on the Assign RHS, but Assign RHS's COND generates 32 bits.
                                                                                                                                     : ... note: In instance 'top_module.cpu_inst.CORE.core_i.id_stage_i.decoder_i'
 1352 |                 cv32e40p_fpu_pkg::FP8     : apu_lat_o = (C_LAT_FP8<2)     ? C_LAT_FP8+1     : 2'h3;
      |                                                       ^
%Warning-WIDTHEXPAND: /home/luxyxp/Documents/mainfiles/FPGA/main_codes/rtl/desgin_sources/CPU/cv32e40p_rtl/cv32e40p_decoder.sv:1479:71: Operator COND expects 32 bits on the Conditional False, but Conditional False's CONST '2'h3' generates 2 bits.
                                                                                                                                      : ... note: In instance 'top_module.cpu_inst.CORE.core_i.id_stage_i.decoder_i'
 1479 |             cv32e40p_fpu_pkg::FP64    : apu_lat_o = (C_LAT_FP64<2)    ? C_LAT_FP64+1    : 2'h3;
      |                                                                       ^
%Warning-WIDTHTRUNC: /home/luxyxp/Documents/mainfiles/FPGA/main_codes/rtl/desgin_sources/CPU/cv32e40p_rtl/cv32e40p_decoder.sv:1479:51: Operator ASSIGN expects 2 bits on the Assign RHS, but Assign RHS's COND generates 32 bits.
                                                                                                                                     : ... note: In instance 'top_module.cpu_inst.CORE.core_i.id_stage_i.decoder_i'
 1479 |             cv32e40p_fpu_pkg::FP64    : apu_lat_o = (C_LAT_FP64<2)    ? C_LAT_FP64+1    : 2'h3;
      |                                                   ^
%Warning-WIDTHEXPAND: /home/luxyxp/Documents/mainfiles/FPGA/main_codes/rtl/desgin_sources/CPU/cv32e40p_rtl/cv32e40p_decoder.sv:1480:71: Operator COND expects 32 bits on the Conditional False, but Conditional False's CONST '2'h3' generates 2 bits.
                                                                                                                                      : ... note: In instance 'top_module.cpu_inst.CORE.core_i.id_stage_i.decoder_i'
 1480 |             cv32e40p_fpu_pkg::FP16    : apu_lat_o = (C_LAT_FP16<2)    ? C_LAT_FP16+1    : 2'h3;
      |                                                                       ^
%Warning-WIDTHTRUNC: /home/luxyxp/Documents/mainfiles/FPGA/main_codes/rtl/desgin_sources/CPU/cv32e40p_rtl/cv32e40p_decoder.sv:1480:51: Operator ASSIGN expects 2 bits on the Assign RHS, but Assign RHS's COND generates 32 bits.
                                                                                                                                     : ... note: In instance 'top_module.cpu_inst.CORE.core_i.id_stage_i.decoder_i'
 1480 |             cv32e40p_fpu_pkg::FP16    : apu_lat_o = (C_LAT_FP16<2)    ? C_LAT_FP16+1    : 2'h3;
      |                                                   ^
%Warning-WIDTHEXPAND: /home/luxyxp/Documents/mainfiles/FPGA/main_codes/rtl/desgin_sources/CPU/cv32e40p_rtl/cv32e40p_decoder.sv:1481:71: Operator COND expects 32 bits on the Conditional False, but Conditional False's CONST '2'h3' generates 2 bits.
                                                                                                                                      : ... note: In instance 'top_module.cpu_inst.CORE.core_i.id_stage_i.decoder_i'
 1481 |             cv32e40p_fpu_pkg::FP16ALT : apu_lat_o = (C_LAT_FP16ALT<2) ? C_LAT_FP16ALT+1 : 2'h3;
      |                                                                       ^
%Warning-WIDTHTRUNC: /home/luxyxp/Documents/mainfiles/FPGA/main_codes/rtl/desgin_sources/CPU/cv32e40p_rtl/cv32e40p_decoder.sv:1481:51: Operator ASSIGN expects 2 bits on the Assign RHS, but Assign RHS's COND generates 32 bits.
                                                                                                                                     : ... note: In instance 'top_module.cpu_inst.CORE.core_i.id_stage_i.decoder_i'
 1481 |             cv32e40p_fpu_pkg::FP16ALT : apu_lat_o = (C_LAT_FP16ALT<2) ? C_LAT_FP16ALT+1 : 2'h3;
      |                                                   ^
%Warning-WIDTHEXPAND: /home/luxyxp/Documents/mainfiles/FPGA/main_codes/rtl/desgin_sources/CPU/cv32e40p_rtl/cv32e40p_decoder.sv:1482:71: Operator COND expects 32 bits on the Conditional False, but Conditional False's CONST '2'h3' generates 2 bits.
                                                                                                                                      : ... note: In instance 'top_module.cpu_inst.CORE.core_i.id_stage_i.decoder_i'
 1482 |             cv32e40p_fpu_pkg::FP8     : apu_lat_o = (C_LAT_FP8<2)     ? C_LAT_FP8+1     : 2'h3;
      |                                                                       ^
%Warning-WIDTHTRUNC: /home/luxyxp/Documents/mainfiles/FPGA/main_codes/rtl/desgin_sources/CPU/cv32e40p_rtl/cv32e40p_decoder.sv:1482:51: Operator ASSIGN expects 2 bits on the Assign RHS, but Assign RHS's COND generates 32 bits.
                                                                                                                                     : ... note: In instance 'top_module.cpu_inst.CORE.core_i.id_stage_i.decoder_i'
 1482 |             cv32e40p_fpu_pkg::FP8     : apu_lat_o = (C_LAT_FP8<2)     ? C_LAT_FP8+1     : 2'h3;
      |                                                   ^
%Warning-WIDTHEXPAND: /home/luxyxp/Documents/mainfiles/FPGA/main_codes/rtl/desgin_sources/CPU/cv32e40p_rtl/cv32e40p_mult.sv:108:37: Operator COND expects 33 bits on the Conditional False, but Conditional False's SIGNED generates 32 bits.
                                                                                                                                  : ... note: In instance 'top_module.cpu_inst.CORE.core_i.ex_stage_i.mult_i'
  108 |   assign short_op_c = mulh_active_o ? $signed({mulh_carry_q, op_c_i}) : $signed(op_c_i);
      |                                     ^
%Warning-WIDTHEXPAND: /home/luxyxp/Documents/mainfiles/FPGA/main_codes/rtl/desgin_sources/CPU/cv32e40p_rtl/cv32e40p_mult.sv:111:63: Operator ADD expects 34 bits on the RHS, but RHS's SIGNED generates 32 bits.
                                                                                                                                  : ... note: In instance 'top_module.cpu_inst.CORE.core_i.ex_stage_i.mult_i'
  111 |   assign short_mac = $signed(short_op_c) + $signed(short_mul) + $signed(short_round);
      |                                                               ^
%Warning-WIDTHEXPAND: /home/luxyxp/Documents/mainfiles/FPGA/main_codes/rtl/desgin_sources/CPU/cv32e40p_rtl/cv32e40p_mult.sv:273:5: Operator ADD expects 32 bits on the LHS, but LHS's SIGNED generates 18 bits.
                                                                                                                                 : ... note: In instance 'top_module.cpu_inst.CORE.core_i.ex_stage_i.mult_i'
  273 |   ) + $signed(
      |     ^
%Warning-WIDTHEXPAND: /home/luxyxp/Documents/mainfiles/FPGA/main_codes/rtl/desgin_sources/CPU/cv32e40p_rtl/cv32e40p_mult.sv:273:5: Operator ADD expects 32 bits on the RHS, but RHS's SIGNED generates 18 bits.
                                                                                                                                 : ... note: In instance 'top_module.cpu_inst.CORE.core_i.ex_stage_i.mult_i'
  273 |   ) + $signed(
      |     ^
%Warning-WIDTHEXPAND: /home/luxyxp/Documents/mainfiles/FPGA/main_codes/rtl/desgin_sources/CPU/cv32e40p_rtl/cv32e40p_mult.sv:275:5: Operator ADD expects 32 bits on the RHS, but RHS's SIGNED generates 18 bits.
                                                                                                                                 : ... note: In instance 'top_module.cpu_inst.CORE.core_i.ex_stage_i.mult_i'
  275 |   ) + $signed(
      |     ^
%Warning-WIDTHEXPAND: /home/luxyxp/Documents/mainfiles/FPGA/main_codes/rtl/desgin_sources/CPU/cv32e40p_rtl/cv32e40p_mult.sv:277:5: Operator ADD expects 32 bits on the RHS, but RHS's SIGNED generates 18 bits.
                                                                                                                                 : ... note: In instance 'top_module.cpu_inst.CORE.core_i.ex_stage_i.mult_i'
  277 |   ) + $signed(
      |     ^
%Warning-WIDTHEXPAND: /home/luxyxp/Documents/mainfiles/FPGA/main_codes/rtl/desgin_sources/CPU/cv32e40p_rtl/cv32e40p_mult.sv:302:29: Operator ASSIGNW expects 32 bits on the Assign RHS, but Assign RHS's SIGNED generates 17 bits.
                                                                                                                                  : ... note: In instance 'top_module.cpu_inst.CORE.core_i.ex_stage_i.mult_i'
  302 |   assign dot_short_op_b_ext = $signed(dot_short_op_b[1]);
      |                             ^
%Warning-WIDTHTRUNC: /home/luxyxp/Documents/mainfiles/FPGA/main_codes/rtl/desgin_sources/CPU/cv32e40p_rtl/cv32e40p_mult.sv:312:28: Operator ASSIGNW expects 16 bits on the Assign RHS, but Assign RHS's SHIFTRS generates 17 bits.
                                                                                                                                 : ... note: In instance 'top_module.cpu_inst.CORE.core_i.ex_stage_i.mult_i'
  312 |   assign clpx_shift_result = $signed(dot_short_result[31:15]) >>> clpx_shift_i;
      |                            ^
%Warning-WIDTHTRUNC: /home/luxyxp/Documents/mainfiles/FPGA/main_codes/rtl/desgin_sources/CPU/cv32e40p_rtl/cv32e40p_int_controller.sv:122:58: Operator ASSIGN expects 5 bits on the Assign RHS, but Assign RHS's VARREF 'CSR_MEIX_BIT' generates 32 bits.
                                                                                                                                           : ... note: In instance 'top_module.cpu_inst.CORE.core_i.id_stage_i.int_controller_i'
  122 |     else if (irq_local_qual[CSR_MEIX_BIT]) irq_id_ctrl_o = CSR_MEIX_BIT;   
      |                                                          ^
%Warning-WIDTHTRUNC: /home/luxyxp/Documents/mainfiles/FPGA/main_codes/rtl/desgin_sources/CPU/cv32e40p_rtl/cv32e40p_int_controller.sv:123:58: Operator ASSIGN expects 5 bits on the Assign RHS, but Assign RHS's VARREF 'CSR_MSIX_BIT' generates 32 bits.
                                                                                                                                           : ... note: In instance 'top_module.cpu_inst.CORE.core_i.id_stage_i.int_controller_i'
  123 |     else if (irq_local_qual[CSR_MSIX_BIT]) irq_id_ctrl_o = CSR_MSIX_BIT;   
      |                                                          ^
%Warning-WIDTHTRUNC: /home/luxyxp/Documents/mainfiles/FPGA/main_codes/rtl/desgin_sources/CPU/cv32e40p_rtl/cv32e40p_int_controller.sv:124:58: Operator ASSIGN expects 5 bits on the Assign RHS, but Assign RHS's VARREF 'CSR_MTIX_BIT' generates 32 bits.
                                                                                                                                           : ... note: In instance 'top_module.cpu_inst.CORE.core_i.id_stage_i.int_controller_i'
  124 |     else if (irq_local_qual[CSR_MTIX_BIT]) irq_id_ctrl_o = CSR_MTIX_BIT;   
      |                                                          ^
%Warning-WIDTHTRUNC: /home/luxyxp/Documents/mainfiles/FPGA/main_codes/rtl/desgin_sources/CPU/cv32e40p_rtl/cv32e40p_int_controller.sv:147:24: Operator ASSIGN expects 5 bits on the Assign RHS, but Assign RHS's VARREF 'CSR_MTIX_BIT' generates 32 bits.
                                                                                                                                           : ... note: In instance 'top_module.cpu_inst.CORE.core_i.id_stage_i.int_controller_i'
  147 |     else irq_id_ctrl_o = CSR_MTIX_BIT;   
      |                        ^
%Warning-WIDTHEXPAND: /home/luxyxp/Documents/mainfiles/FPGA/main_codes/rtl/desgin_sources/CPU/cv32e40p_rtl/cv32e40p_alu.sv:213:32: Operator COND expects 32 bits on the Conditional True, but Conditional True's VARREF 'div_shift' generates 6 bits.
                                                                                                                                 : ... note: In instance 'top_module.cpu_inst.CORE.core_i.ex_stage_i.alu_i'
  213 |   assign shift_amt = div_valid ? div_shift : operand_b_i;
      |                                ^
%Warning-WIDTHEXPAND: /home/luxyxp/Documents/mainfiles/FPGA/main_codes/rtl/desgin_sources/CPU/cv32e40p_rtl/cv32e40p_alu.sv:261:24: Operator ASSIGNW expects 16 bits on the Assign RHS, but Assign RHS's UNSIGNED generates 2 bits.
                                                                                                                                 : ... note: In instance 'top_module.cpu_inst.CORE.core_i.ex_stage_i.alu_i'
  261 |   assign clpx_shift_ex = $unsigned(clpx_shift_i);
      |                        ^
%Warning-WIDTHTRUNC: /home/luxyxp/Documents/mainfiles/FPGA/main_codes/rtl/desgin_sources/CPU/cv32e40p_rtl/cv32e40p_alu.sv:275:35: Operator ASSIGN expects 16 bits on the Assign RHS, but Assign RHS's SHIFTRS generates 17 bits.
                                                                                                                                : ... note: In instance 'top_module.cpu_inst.CORE.core_i.ex_stage_i.alu_i'
  275 |         shift_right_result[31:16] = $signed(
      |                                   ^
%Warning-WIDTHTRUNC: /home/luxyxp/Documents/mainfiles/FPGA/main_codes/rtl/desgin_sources/CPU/cv32e40p_rtl/cv32e40p_alu.sv:278:34: Operator ASSIGN expects 16 bits on the Assign RHS, but Assign RHS's SHIFTRS generates 17 bits.
                                                                                                                                : ... note: In instance 'top_module.cpu_inst.CORE.core_i.ex_stage_i.alu_i'
  278 |         shift_right_result[15:0] = $signed(
      |                                  ^
%Warning-WIDTHTRUNC: /home/luxyxp/Documents/mainfiles/FPGA/main_codes/rtl/desgin_sources/CPU/cv32e40p_rtl/cv32e40p_alu.sv:284:35: Operator ASSIGN expects 8 bits on the Assign RHS, but Assign RHS's SHIFTRS generates 9 bits.
                                                                                                                                : ... note: In instance 'top_module.cpu_inst.CORE.core_i.ex_stage_i.alu_i'
  284 |         shift_right_result[31:24] = $signed(
      |                                   ^
%Warning-WIDTHTRUNC: /home/luxyxp/Documents/mainfiles/FPGA/main_codes/rtl/desgin_sources/CPU/cv32e40p_rtl/cv32e40p_alu.sv:287:35: Operator ASSIGN expects 8 bits on the Assign RHS, but Assign RHS's SHIFTRS generates 9 bits.
                                                                                                                                : ... note: In instance 'top_module.cpu_inst.CORE.core_i.ex_stage_i.alu_i'
  287 |         shift_right_result[23:16] = $signed(
      |                                   ^
%Warning-WIDTHTRUNC: /home/luxyxp/Documents/mainfiles/FPGA/main_codes/rtl/desgin_sources/CPU/cv32e40p_rtl/cv32e40p_alu.sv:290:34: Operator ASSIGN expects 8 bits on the Assign RHS, but Assign RHS's SHIFTRS generates 9 bits.
                                                                                                                                : ... note: In instance 'top_module.cpu_inst.CORE.core_i.ex_stage_i.alu_i'
  290 |         shift_right_result[15:8] = $signed(
      |                                  ^
%Warning-WIDTHTRUNC: /home/luxyxp/Documents/mainfiles/FPGA/main_codes/rtl/desgin_sources/CPU/cv32e40p_rtl/cv32e40p_alu.sv:293:33: Operator ASSIGN expects 8 bits on the Assign RHS, but Assign RHS's SHIFTRS generates 9 bits.
                                                                                                                                : ... note: In instance 'top_module.cpu_inst.CORE.core_i.ex_stage_i.alu_i'
  293 |         shift_right_result[7:0] = $signed(
      |                                 ^
%Warning-WIDTHTRUNC: /home/luxyxp/Documents/mainfiles/FPGA/main_codes/rtl/desgin_sources/CPU/cv32e40p_rtl/cv32e40p_alu.sv:300:28: Operator ASSIGN expects 32 bits on the Assign RHS, but Assign RHS's SHIFTR generates 64 bits.
                                                                                                                                : ... note: In instance 'top_module.cpu_inst.CORE.core_i.ex_stage_i.alu_i'
  300 |         shift_right_result = shift_op_a_32 >> shift_amt_int[4:0];
      |                            ^
%Warning-WIDTHEXPAND: /home/luxyxp/Documents/mainfiles/FPGA/main_codes/rtl/desgin_sources/CPU/cv32e40p_rtl/cv32e40p_id_stage.sv:661:35: Operator ASSIGN expects 32 bits on the Assign RHS, but Assign RHS's UNSIGNED generates 5 bits.
                                                                                                                                      : ... note: In instance 'top_module.cpu_inst.CORE.core_i.id_stage_i'
  661 |       OP_B_BMASK:       operand_b = $unsigned(operand_b_fw_id[4:0]);
      |                                   ^
%Warning-WIDTHEXPAND: /home/luxyxp/Documents/mainfiles/FPGA/main_codes/rtl/desgin_sources/CPU/cv32e40p_rtl/cv32e40p_id_stage.sv:1484:30: Operator ASSIGNDLY expects 6 bits on the Assign RHS, but Assign RHS's CONST '5'h0' generates 5 bits.
                                                                                                                                       : ... note: In instance 'top_module.cpu_inst.CORE.core_i.id_stage_i'
 1484 |       atop_ex_o              <= 5'b0;
      |                              ^~
%Warning-WIDTHEXPAND: /home/luxyxp/Documents/mainfiles/FPGA/main_codes/rtl/desgin_sources/CPU/cv32e40p_rtl/cv32e40p_cs_registers.sv:521:34: Operator ASSIGN expects 32 bits on the Assign RHS, but Assign RHS's VARREF 'tinfo_types' generates 16 bits.
                                                                                                                                          : ... note: In instance 'top_module.cpu_inst.CORE.core_i.cs_registers_i'
  521 |         CSR_TINFO: csr_rdata_int = tinfo_types;
      |                                  ^
%Warning-WIDTHTRUNC: /home/luxyxp/Documents/mainfiles/FPGA/main_codes/rtl/desgin_sources/Peripherals/I2C/I2C_Master_AXI4_Lite.sv:118:27: Operator ASSIGNDLY expects 7 bits on the Assign RHS, but Assign RHS's VARREF 'HALF_BASE' generates 32 bits.
                                                                                                                                       : ... note: In instance 'top_module.i2c_master_inst'
  118 |             half_cycles_q <= HALF_BASE;
      |                           ^~
%Warning-WIDTHTRUNC: /home/luxyxp/Documents/mainfiles/FPGA/main_codes/rtl/desgin_sources/Peripherals/I2C/I2C_Master_AXI4_Lite.sv:127:39: Operator ASSIGNDLY expects 7 bits on the Assign RHS, but Assign RHS's ADD generates 32 bits.
                                                                                                                                       : ... note: In instance 'top_module.i2c_master_inst'
  127 |                         half_cycles_q <= HALF_BASE + 1;
      |                                       ^~
%Warning-WIDTHTRUNC: /home/luxyxp/Documents/mainfiles/FPGA/main_codes/rtl/desgin_sources/Peripherals/I2C/I2C_Master_AXI4_Lite.sv:130:39: Operator ASSIGNDLY expects 7 bits on the Assign RHS, but Assign RHS's VARREF 'HALF_BASE' generates 32 bits.
                                                                                                                                       : ... note: In instance 'top_module.i2c_master_inst'
  130 |                         half_cycles_q <= HALF_BASE;
      |                                       ^~
%Warning-WIDTHTRUNC: /home/luxyxp/Documents/mainfiles/FPGA/main_codes/rtl/desgin_sources/Peripherals/I2C/I2C_Master_AXI4_Lite.sv:139:31: Operator ASSIGNDLY expects 7 bits on the Assign RHS, but Assign RHS's VARREF 'HALF_BASE' generates 32 bits.
                                                                                                                                       : ... note: In instance 'top_module.i2c_master_inst'
  139 |                 half_cycles_q <= HALF_BASE;
      |                               ^~
%Warning-WIDTHTRUNC: /home/luxyxp/Documents/mainfiles/FPGA/main_codes/rtl/desgin_sources/Peripherals/I2C/I2C_Master_AXI4_Lite.sv:188:36: Logical operator LOGNOT expects 1 bit on the LHS, but LHS's VARREF 'wdata' generates 32 bits.
                                                                                                                                       : ... note: In instance 'top_module.i2c_master_inst'
  188 |                           else if (!wdata) I2C_NBY <= 1;
      |                                    ^
%Warning-WIDTHTRUNC: /home/luxyxp/Documents/mainfiles/asic_rtl/patched/cv32e40p_obi_to_axi_wrapper_asic.sv:284:42: Operator ASSIGNW expects 1 bits on the Assign RHS, but Assign RHS's CONST '4'h0' generates 4 bits.
                                                                                                                 : ... note: In instance 'top_module.cpu_inst'
  284 |     assign instr_obi_istegi.a.aid        = 4'd0;
      |                                          ^
%Warning-WIDTHTRUNC: /home/luxyxp/Documents/mainfiles/asic_rtl/patched/cv32e40p_obi_to_axi_wrapper_asic.sv:331:41: Operator ASSIGNW expects 1 bits on the Assign RHS, but Assign RHS's CONST '4'h0' generates 4 bits.
                                                                                                                 : ... note: In instance 'top_module.cpu_inst'
  331 |     assign data_obi_istegi.a.aid        = 4'd0;
      |                                         ^
%Warning-WIDTHEXPAND: /home/luxyxp/Documents/mainfiles/FPGA/main_codes/rtl/desgin_sources/Memory/YZ_RAM_AXI4-Lite/yz_bram_axi_ctrl.sv:62:31: Operator NEQ expects 32 bits on the LHS, but LHS's VARREF 'idle_cnt' generates 17 bits.
                                                                                                                                           : ... note: In instance 'top_module.yz_bram_ctrl_inst'
   62 |             else if (idle_cnt != IDLE_LIMIT) idle_cnt <= idle_cnt + 1'b1;
      |                               ^~
%Warning-WIDTHEXPAND: /home/luxyxp/Documents/mainfiles/FPGA/main_codes/rtl/desgin_sources/Memory/YZ_RAM_AXI4-Lite/yz_bram_axi_ctrl.sv:76:31: Operator EQ expects 32 bits on the LHS, but LHS's VARREF 'idle_cnt' generates 17 bits.
                                                                                                                                           : ... note: In instance 'top_module.yz_bram_ctrl_inst'
   76 |             else if (idle_cnt == IDLE_LIMIT) begin
      |                               ^~
%Warning-WIDTHEXPAND: /home/luxyxp/Documents/mainfiles/asic_rtl/patched/conv_accelerator_asic.v:290:68: Operator ADD expects 32 or 11 bits on the RHS, but RHS's SIGNED generates 5 bits.
                                                                                                      : ... note: In instance 'top_module.conv_accelerator_inst'
  290 |     wire signed [10:0] cur_row = ($signed({1'b0, out_y}) * STRIDE) + $signed({1'b0, k_y}) - PAD_TOP;
      |                                                                    ^
%Warning-WIDTHEXPAND: /home/luxyxp/Documents/mainfiles/asic_rtl/patched/conv_accelerator_asic.v:291:68: Operator ADD expects 32 or 11 bits on the RHS, but RHS's SIGNED generates 4 bits.
                                                                                                      : ... note: In instance 'top_module.conv_accelerator_inst'
  291 |     wire signed [10:0] cur_col = ($signed({1'b0, out_x}) * STRIDE) + $signed({1'b0, k_x}) - PAD_LEFT;
      |                                                                    ^
%Warning-WIDTHEXPAND: /home/luxyxp/Documents/mainfiles/asic_rtl/patched/conv_accelerator_asic.v:297:57: Operator ADD expects 32 or 14 bits on the RHS, but RHS's VARREF 'cur_col' generates 11 bits.
                                                                                                      : ... note: In instance 'top_module.conv_accelerator_inst'
  297 |     wire [RAM_ADDR_W-1:0] flat_addr = cur_row * INPUT_W + cur_col;
      |                                                         ^
%Warning-WIDTHEXPAND: /home/luxyxp/Documents/mainfiles/asic_rtl/patched/conv_accelerator_asic.v:401:48: Operator SUB expects 32 bits on the LHS, but LHS's SIGNED generates 9 bits.
                                                                                                      : ... note: In instance 'top_module.conv_accelerator_inst'
  401 |                         ($signed({1'b0, rd_q}) - INPUT_ZP) * $signed(wd_q[8*ci +: 8]);
      |                                                ^
%Warning-WIDTHEXPAND: /home/luxyxp/Documents/mainfiles/asic_rtl/patched/conv_accelerator_asic.v:425:40: Operator SUB expects 32 bits on the LHS, but LHS's SIGNED generates 8 bits.
                                                                                                      : ... note: In instance 'top_module.conv_accelerator_inst'
  425 |                         ($signed(cb_q) - C_OUT_ZP) * $signed(fcw_q[8*ci +: 8]);
      |                                        ^
%Warning-WIDTHEXPAND: /home/luxyxp/Documents/mainfiles/asic_rtl/patched/conv_accelerator_asic.v:477:29: Operator NEQ expects 32 or 4 bits on the LHS, but LHS's VARREF 'k_x' generates 3 bits.
                                                                                                      : ... note: In instance 'top_module.conv_accelerator_inst'
  477 |                     if (k_x != FILTER_W - 1) begin
      |                             ^~
%Warning-WIDTHEXPAND: /home/luxyxp/Documents/mainfiles/asic_rtl/patched/UART_YZ_AXI4_Lite_asic.sv:105:49: Operator EQ expects 32 bits on the LHS, but LHS's VARREF 'tx_tick_cnt' generates 16 bits.
                                                                                                        : ... note: In instance 'top_module.uart_yz_inst'
  105 |                 tx_middle_alert <= (tx_tick_cnt == (UART_CPB >> 1));  
      |                                                 ^~
%Warning-WIDTHEXPAND: /home/luxyxp/Documents/mainfiles/asic_rtl/patched/UART_YZ_AXI4_Lite_asic.sv:97:29: Operator GTE expects 32 bits on the LHS, but LHS's VARREF 'tx_tick_cnt' generates 16 bits.
                                                                                                       : ... note: In instance 'top_module.uart_yz_inst'
   97 |             if (tx_tick_cnt >= UART_CPB - 1) begin
      |                             ^~
%Warning-WIDTHTRUNC: /home/luxyxp/Documents/mainfiles/asic_rtl/patched/UART_YZ_AXI4_Lite_asic.sv:196:37: Operator ASSIGNDLY expects 8 bits on the Assign RHS, but Assign RHS's VARREF 'wdata' generates 32 bits.
                                                                                                       : ... note: In instance 'top_module.uart_yz_inst'
  196 |                     8'h0C: UART_TDR <= wdata;
      |                                     ^~
%Warning-WIDTHTRUNC: /home/luxyxp/Documents/mainfiles/asic_rtl/patched/UART_YZ_AXI4_Lite_asic.sv:197:37: Operator ASSIGNDLY expects 3 bits on the Assign RHS, but Assign RHS's VARREF 'wdata' generates 32 bits.
                                                                                                       : ... note: In instance 'top_module.uart_yz_inst'
  197 |                     8'h10: UART_CFG <= wdata;
      |                                     ^~
%Warning-WIDTHEXPAND: /home/luxyxp/Documents/mainfiles/asic_rtl/patched/UART_YZ_AXI4_Lite_asic.sv:214:34: Operator ASSIGNDLY expects 32 bits on the Assign RHS, but Assign RHS's REPLICATE generates 31 bits.
                                                                                                        : ... note: In instance 'top_module.uart_yz_inst'
  214 |                     8'h04: rdata <= {29'h0, UART_STP};   
      |                                  ^~
%Warning-WIDTHEXPAND: /home/luxyxp/Documents/mainfiles/asic_rtl/patched/UART_YZ_AXI4_Lite_asic.sv:215:34: Operator ASSIGNDLY expects 32 bits on the Assign RHS, but Assign RHS's VARREF 'UART_RDR' generates 8 bits.
                                                                                                        : ... note: In instance 'top_module.uart_yz_inst'
  215 |                     8'h08: rdata <= UART_RDR; 
      |                                  ^~
%Warning-WIDTHEXPAND: /home/luxyxp/Documents/mainfiles/asic_rtl/patched/UART_YZ_AXI4_Lite_asic.sv:216:34: Operator ASSIGNDLY expects 32 bits on the Assign RHS, but Assign RHS's VARREF 'UART_TDR' generates 8 bits.
                                                                                                        : ... note: In instance 'top_module.uart_yz_inst'
  216 |                     8'h0C: rdata <= UART_TDR;
      |                                  ^~
%Warning-WIDTHEXPAND: /home/luxyxp/Documents/mainfiles/asic_rtl/patched/UART_YZ_AXI4_Lite_asic.sv:217:34: Operator ASSIGNDLY expects 32 bits on the Assign RHS, but Assign RHS's VARREF 'UART_CFG' generates 3 bits.
                                                                                                        : ... note: In instance 'top_module.uart_yz_inst'
  217 |                     8'h10: rdata <= UART_CFG;
      |                                  ^~
%Warning-WIDTHTRUNC: /home/luxyxp/Documents/mainfiles/asic_rtl/patched/UART_YZ_AXI4_Lite_asic.sv:244:39: Bit extraction of var[7:0] requires 3 bit index, not 4 bits.
                                                                                                       : ... note: In instance 'top_module.uart_yz_inst'
  244 |                         tx <= UART_TDR[tx_shift_cnt];
      |                                       ^
%Warning-WIDTHTRUNC: /home/luxyxp/Documents/mainfiles/asic_rtl/patched/UART_YZ_AXI4_Lite_asic.sv:231:12: Logical operator LOGNOT expects 1 bit on the LHS, but LHS's VARREF 'stop_bit' generates 2 bits.
                                                                                                       : ... note: In instance 'top_module.uart_yz_inst'
  231 |         if(!stop_bit) begin
      |            ^
%Warning-WIDTHTRUNC: /home/luxyxp/Documents/mainfiles/asic_rtl/patched/UART_YZ_AXI4_Lite_asic.sv:282:33: Bit extraction of var[7:0] requires 3 bit index, not 4 bits.
                                                                                                       : ... note: In instance 'top_module.uart_yz_inst'
  282 |                         UART_RDR[rx_shift_cnt] <= rx_sync;
      |                                 ^
%Warning-WIDTHEXPAND: /home/luxyxp/Documents/mainfiles/asic_rtl/patched/UART_GU_AXI4_Lite_asic.sv:101:49: Operator EQ expects 32 bits on the LHS, but LHS's VARREF 'tx_tick_cnt' generates 16 bits.
                                                                                                        : ... note: In instance 'top_module.uart_gu_inst'
  101 |                 tx_middle_alert <= (tx_tick_cnt == (UART_CPB >> 1));  
      |                                                 ^~
%Warning-WIDTHEXPAND: /home/luxyxp/Documents/mainfiles/asic_rtl/patched/UART_GU_AXI4_Lite_asic.sv:93:29: Operator GTE expects 32 bits on the LHS, but LHS's VARREF 'tx_tick_cnt' generates 16 bits.
                                                                                                       : ... note: In instance 'top_module.uart_gu_inst'
   93 |             if (tx_tick_cnt >= UART_CPB - 1) begin
      |                             ^~
%Warning-WIDTHTRUNC: /home/luxyxp/Documents/mainfiles/asic_rtl/patched/UART_GU_AXI4_Lite_asic.sv:189:37: Operator ASSIGNDLY expects 8 bits on the Assign RHS, but Assign RHS's VARREF 'wdata' generates 32 bits.
                                                                                                       : ... note: In instance 'top_module.uart_gu_inst'
  189 |                     8'h0C: UART_TDR <= wdata;
      |                                     ^~
%Warning-WIDTHTRUNC: /home/luxyxp/Documents/mainfiles/asic_rtl/patched/UART_GU_AXI4_Lite_asic.sv:190:37: Operator ASSIGNDLY expects 3 bits on the Assign RHS, but Assign RHS's VARREF 'wdata' generates 32 bits.
                                                                                                       : ... note: In instance 'top_module.uart_gu_inst'
  190 |                     8'h10: UART_CFG <= wdata;
      |                                     ^~
%Warning-WIDTHEXPAND: /home/luxyxp/Documents/mainfiles/asic_rtl/patched/UART_GU_AXI4_Lite_asic.sv:207:34: Operator ASSIGNDLY expects 32 bits on the Assign RHS, but Assign RHS's REPLICATE generates 31 bits.
                                                                                                        : ... note: In instance 'top_module.uart_gu_inst'
  207 |                     8'h04: rdata <= {29'h0, UART_STP};   
      |                                  ^~
%Warning-WIDTHEXPAND: /home/luxyxp/Documents/mainfiles/asic_rtl/patched/UART_GU_AXI4_Lite_asic.sv:208:34: Operator ASSIGNDLY expects 32 bits on the Assign RHS, but Assign RHS's VARREF 'UART_RDR' generates 8 bits.
                                                                                                        : ... note: In instance 'top_module.uart_gu_inst'
  208 |                     8'h08: rdata <= UART_RDR; 
      |                                  ^~
%Warning-WIDTHEXPAND: /home/luxyxp/Documents/mainfiles/asic_rtl/patched/UART_GU_AXI4_Lite_asic.sv:209:34: Operator ASSIGNDLY expects 32 bits on the Assign RHS, but Assign RHS's VARREF 'UART_TDR' generates 8 bits.
                                                                                                        : ... note: In instance 'top_module.uart_gu_inst'
  209 |                     8'h0C: rdata <= UART_TDR;
      |                                  ^~
%Warning-WIDTHEXPAND: /home/luxyxp/Documents/mainfiles/asic_rtl/patched/UART_GU_AXI4_Lite_asic.sv:210:34: Operator ASSIGNDLY expects 32 bits on the Assign RHS, but Assign RHS's VARREF 'UART_CFG' generates 3 bits.
                                                                                                        : ... note: In instance 'top_module.uart_gu_inst'
  210 |                     8'h10: rdata <= UART_CFG;
      |                                  ^~
%Warning-WIDTHTRUNC: /home/luxyxp/Documents/mainfiles/asic_rtl/patched/UART_GU_AXI4_Lite_asic.sv:237:39: Bit extraction of var[7:0] requires 3 bit index, not 4 bits.
                                                                                                       : ... note: In instance 'top_module.uart_gu_inst'
  237 |                         tx <= UART_TDR[tx_shift_cnt];
      |                                       ^
%Warning-WIDTHTRUNC: /home/luxyxp/Documents/mainfiles/asic_rtl/patched/UART_GU_AXI4_Lite_asic.sv:224:12: Logical operator LOGNOT expects 1 bit on the LHS, but LHS's VARREF 'stop_bit' generates 2 bits.
                                                                                                       : ... note: In instance 'top_module.uart_gu_inst'
  224 |         if(!stop_bit) begin
      |            ^
%Warning-WIDTHTRUNC: /home/luxyxp/Documents/mainfiles/asic_rtl/patched/UART_GU_AXI4_Lite_asic.sv:274:33: Bit extraction of var[7:0] requires 3 bit index, not 4 bits.
                                                                                                       : ... note: In instance 'top_module.uart_gu_inst'
  274 |                         UART_RDR[rx_shift_cnt] <= rx_sync;
      |                                 ^
%Warning-WIDTHTRUNC: /home/luxyxp/Documents/mainfiles/asic_rtl/patched/QSPI_Master_AXI4_Lite_asic.sv:263:39: Logical operator COND expects 1 bit on the Conditional Test, but Conditional Test's VARREF 'fifo_rx_cnt' generates 7 bits.
                                                                                                           : ... note: In instance 'top_module.qspi_master_inst'
  263 |         QSPI_STA[5]    <= fifo_rx_cnt ? 0 : 1;    
      |                                       ^
%Warning-WIDTHTRUNC: /home/luxyxp/Documents/mainfiles/asic_rtl/patched/QSPI_Master_AXI4_Lite_asic.sv:265:39: Logical operator COND expects 1 bit on the Conditional Test, but Conditional Test's VARREF 'fifo_tx_cnt' generates 7 bits.
                                                                                                           : ... note: In instance 'top_module.qspi_master_inst'
  265 |         QSPI_STA[7]    <= fifo_tx_cnt ? 0 : 1;    
      |                                       ^
%Warning-WIDTHEXPAND: /home/luxyxp/Documents/mainfiles/asic_rtl/patched/QSPI_Master_AXI4_Lite_asic.sv:476:52: Operator ASSIGNDLY expects 3 bits on the Assign RHS, but Assign RHS's SEL generates 2 bits.
                                                                                                            : ... note: In instance 'top_module.qspi_master_inst'
  476 |                                     else data_mode <= QSPI_CCR[9:8];
      |                                                    ^~
%Warning-WIDTHEXPAND: /home/luxyxp/Documents/mainfiles/asic_rtl/patched/QSPI_Master_AXI4_Lite_asic.sv:486:61: Operator SUB expects 6 bits on the RHS, but RHS's VARREF 'data_mode' generates 3 bits.
                                                                                                            : ... note: In instance 'top_module.qspi_master_inst'
  486 |                                 else shift_cnt <= shift_cnt - data_mode;
      |                                                             ^
%Warning-WIDTHEXPAND: /home/luxyxp/Documents/mainfiles/asic_rtl/patched/QSPI_Master_AXI4_Lite_asic.sv:470:43: Operator EQ expects 6 bits on the RHS, but RHS's VARREF 'data_mode' generates 3 bits.
                                                                                                            : ... note: In instance 'top_module.qspi_master_inst'
  470 |                             if (shift_cnt == data_mode)begin
      |                                           ^~
%Warning-WIDTHEXPAND: /home/luxyxp/Documents/mainfiles/asic_rtl/patched/QSPI_Master_AXI4_Lite_asic.sv:531:48: Operator ASSIGNDLY expects 3 bits on the Assign RHS, but Assign RHS's SEL generates 2 bits.
                                                                                                            : ... note: In instance 'top_module.qspi_master_inst'
  531 |                                 else data_mode <= QSPI_CCR[9:8];
      |                                                ^~
%Warning-WIDTHTRUNC: /home/luxyxp/Documents/mainfiles/asic_rtl/patched/QSPI_Master_AXI4_Lite_asic.sv:511:29: Logical operator IF expects 1 bit on the If, but If's VARREF 'dummy_cycle' generates 5 bits.
                                                                                                           : ... note: In instance 'top_module.qspi_master_inst'
  511 |                             if (dummy_cycle)begin
      |                             ^~
%Warning-WIDTHTRUNC: /home/luxyxp/Documents/mainfiles/asic_rtl/patched/QSPI_Master_AXI4_Lite_asic.sv:555:29: Logical operator IF expects 1 bit on the If, but If's VARREF 'fifo_tx_cnt' generates 7 bits.
                                                                                                           : ... note: In instance 'top_module.qspi_master_inst'
  555 |                             if(fifo_tx_cnt) begin
      |                             ^~
%Warning-WIDTHTRUNC: /home/luxyxp/Documents/mainfiles/asic_rtl/patched/QSPI_Master_AXI4_Lite_asic.sv:627:13: Logical operator IF expects 1 bit on the If, but If's VARREF 'QSPI_FCR' generates 32 bits.
                                                                                                           : ... note: In instance 'top_module.qspi_master_inst'
  627 |             if(QSPI_FCR) QSPI_FCR <= 0;
      |             ^~
%Warning-WIDTHTRUNC: /home/luxyxp/Documents/mainfiles/asic_rtl/patched/GPIO_AXI4_Lite_asic.sv:152:31: Logical operator LOGAND expects 1 bit on the RHS, but RHS's SEL generates 3 bits.
                                                                                                    : ... note: In instance 'top_module.gpio_inst'
  152 |             if((GPIO_IDR == 1 && GPIO_ODR[2:0]) || GPIO_IDR == 2)begin
      |                               ^~
%Warning-WIDTHEXPAND: /home/luxyxp/Documents/mainfiles/FPGA/main_codes/rtl/desgin_sources/CPU/openhw_obi_to_axi/axi_pkg.sv:203:77: Operator DIV expects 144 bits on the LHS, but LHS's VARREF '_addr' generates 128 bits.
                                                                                                                                 : ... note: In instance 'top_module'
  203 |     return shortint'(($bits(_addr)  + $bits(strobe_width))'(_addr) - (_addr / largest_addr_t'(strobe_width)) * strobe_width);
      |                                                                             ^
%Warning-WIDTHEXPAND: /home/luxyxp/Documents/mainfiles/FPGA/main_codes/rtl/desgin_sources/CPU/openhw_obi_to_axi/axi_pkg.sv:203:77: Operator DIV expects 144 bits on the RHS, but RHS's CASTWRAP generates 128 bits.
                                                                                                                                 : ... note: In instance 'top_module'
  203 |     return shortint'(($bits(_addr)  + $bits(strobe_width))'(_addr) - (_addr / largest_addr_t'(strobe_width)) * strobe_width);
      |                                                                             ^
%Warning-BLKSEQ: /home/luxyxp/Documents/mainfiles/asic_rtl/patched/conv_accelerator_asic.v:563:29: Blocking assignment '=' in sequential logic process
                                                                                                 : ... note: In instance 'top_module.conv_accelerator_inst'
                                                                                                 : ... Suggest using delayed assignment '<='
  563 |                     max_val = fc_scores[0]; best_class = 8'd0;
      |                             ^
                 ... For warning description see https://verilator.org/warn/BLKSEQ?v=5.044
                 ... Use "/* verilator lint_off BLKSEQ */" and lint_on around source to disable this message.
%Warning-BLKSEQ: /home/luxyxp/Documents/mainfiles/asic_rtl/patched/conv_accelerator_asic.v:563:56: Blocking assignment '=' in sequential logic process
                                                                                                 : ... note: In instance 'top_module.conv_accelerator_inst'
                                                                                                 : ... Suggest using delayed assignment '<='
  563 |                     max_val = fc_scores[0]; best_class = 8'd0;
      |                                                        ^
%Warning-BLKSEQ: /home/luxyxp/Documents/mainfiles/asic_rtl/patched/conv_accelerator_asic.v:564:63: Blocking assignment '=' in sequential logic process
                                                                                                 : ... note: In instance 'top_module.conv_accelerator_inst'
                                                                                                 : ... Suggest using delayed assignment '<='
  564 |                     if (fc_scores[1] > max_val) begin max_val = fc_scores[1]; best_class = 8'd1; end
      |                                                               ^
%Warning-BLKSEQ: /home/luxyxp/Documents/mainfiles/asic_rtl/patched/conv_accelerator_asic.v:564:90: Blocking assignment '=' in sequential logic process
                                                                                                 : ... note: In instance 'top_module.conv_accelerator_inst'
                                                                                                 : ... Suggest using delayed assignment '<='
  564 |                     if (fc_scores[1] > max_val) begin max_val = fc_scores[1]; best_class = 8'd1; end
      |                                                                                          ^
%Warning-BLKSEQ: /home/luxyxp/Documents/mainfiles/asic_rtl/patched/conv_accelerator_asic.v:565:63: Blocking assignment '=' in sequential logic process
                                                                                                 : ... note: In instance 'top_module.conv_accelerator_inst'
                                                                                                 : ... Suggest using delayed assignment '<='
  565 |                     if (fc_scores[2] > max_val) begin max_val = fc_scores[2]; best_class = 8'd2; end
      |                                                               ^
%Warning-BLKSEQ: /home/luxyxp/Documents/mainfiles/asic_rtl/patched/conv_accelerator_asic.v:565:90: Blocking assignment '=' in sequential logic process
                                                                                                 : ... note: In instance 'top_module.conv_accelerator_inst'
                                                                                                 : ... Suggest using delayed assignment '<='
  565 |                     if (fc_scores[2] > max_val) begin max_val = fc_scores[2]; best_class = 8'd2; end
      |                                                                                          ^
%Warning-BLKSEQ: /home/luxyxp/Documents/mainfiles/asic_rtl/patched/conv_accelerator_asic.v:566:63: Blocking assignment '=' in sequential logic process
                                                                                                 : ... note: In instance 'top_module.conv_accelerator_inst'
                                                                                                 : ... Suggest using delayed assignment '<='
  566 |                     if (fc_scores[3] > max_val) begin max_val = fc_scores[3]; best_class = 8'd3; end
      |                                                               ^
%Warning-BLKSEQ: /home/luxyxp/Documents/mainfiles/asic_rtl/patched/conv_accelerator_asic.v:566:90: Blocking assignment '=' in sequential logic process
                                                                                                 : ... note: In instance 'top_module.conv_accelerator_inst'
                                                                                                 : ... Suggest using delayed assignment '<='
  566 |                     if (fc_scores[3] > max_val) begin max_val = fc_scores[3]; best_class = 8'd3; end
      |                                                                                          ^
%Warning-UNUSEDSIGNAL: /home/luxyxp/Documents/mainfiles/asic_rtl/patched/Top_module_asic.sv:117:18: Signal is not used: 'cpu_instr_awaddr'
                                                                                                  : ... note: In instance 'top_module'
  117 |     logic [31:0] cpu_instr_awaddr;
      |                  ^~~~~~~~~~~~~~~~
                       ... For warning description see https://verilator.org/warn/UNUSEDSIGNAL?v=5.044
                       ... Use "/* verilator lint_off UNUSEDSIGNAL */" and lint_on around source to disable this message.
%Warning-UNUSEDSIGNAL: /home/luxyxp/Documents/mainfiles/asic_rtl/patched/Top_module_asic.sv:118:18: Signal is not used: 'cpu_instr_awvalid'
                                                                                                  : ... note: In instance 'top_module'
  118 |     logic        cpu_instr_awvalid;
      |                  ^~~~~~~~~~~~~~~~~
%Warning-UNUSEDSIGNAL: /home/luxyxp/Documents/mainfiles/asic_rtl/patched/Top_module_asic.sv:121:18: Signal is not used: 'cpu_instr_wdata'
                                                                                                  : ... note: In instance 'top_module'
  121 |     logic [31:0] cpu_instr_wdata;
      |                  ^~~~~~~~~~~~~~~
%Warning-UNUSEDSIGNAL: /home/luxyxp/Documents/mainfiles/asic_rtl/patched/Top_module_asic.sv:122:18: Signal is not used: 'cpu_instr_wvalid'
                                                                                                  : ... note: In instance 'top_module'
  122 |     logic        cpu_instr_wvalid;
      |                  ^~~~~~~~~~~~~~~~
%Warning-UNUSEDSIGNAL: /home/luxyxp/Documents/mainfiles/asic_rtl/patched/Top_module_asic.sv:125:18: Signal is not used: 'cpu_instr_bready'
                                                                                                  : ... note: In instance 'top_module'
  125 |     logic        cpu_instr_bready;
      |                  ^~~~~~~~~~~~~~~~
%Warning-UNUSEDPARAM: /home/luxyxp/Documents/mainfiles/FPGA/main_codes/rtl/desgin_sources/CPU/openhw_obi_to_axi/axi_pkg.sv:45:27: Parameter is not used: 'NsaidWidth'
                                                                                                                                : ... note: In instance 'top_module'
   45 |   localparam int unsigned NsaidWidth  = 32'd4;
      |                           ^~~~~~~~~~
                      ... For warning description see https://verilator.org/warn/UNUSEDPARAM?v=5.044
                      ... Use "/* verilator lint_off UNUSEDPARAM */" and lint_on around source to disable this message.
%Warning-UNUSEDPARAM: /home/luxyxp/Documents/mainfiles/FPGA/main_codes/rtl/desgin_sources/CPU/openhw_obi_to_axi/axi_pkg.sv:81:14: Parameter is not used: 'BURST_INCR'
                                                                                                                                : ... note: In instance 'top_module'
   81 |   localparam BURST_INCR  = 2'b01;
      |              ^~~~~~~~~~
%Warning-UNUSEDPARAM: /home/luxyxp/Documents/mainfiles/FPGA/main_codes/rtl/desgin_sources/CPU/openhw_obi_to_axi/axi_pkg.sv:110:14: Parameter is not used: 'CACHE_RD_ALLOC'
                                                                                                                                 : ... note: In instance 'top_module'
  110 |   localparam CACHE_RD_ALLOC   = 4'b0100;
      |              ^~~~~~~~~~~~~~
%Warning-UNUSEDPARAM: /home/luxyxp/Documents/mainfiles/FPGA/main_codes/rtl/desgin_sources/CPU/openhw_obi_to_axi/axi_pkg.sv:113:14: Parameter is not used: 'CACHE_WR_ALLOC'
                                                                                                                                 : ... note: In instance 'top_module'
  113 |   localparam CACHE_WR_ALLOC   = 4'b1000;
      |              ^~~~~~~~~~~~~~
%Warning-UNUSEDPARAM: /home/luxyxp/Documents/mainfiles/FPGA/main_codes/rtl/desgin_sources/CPU/openhw_obi_to_axi/axi_pkg.sv:397:14: Parameter is not used: 'ATOP_ATOMICCMP'
                                                                                                                                 : ... note: In instance 'top_module'
  397 |   localparam ATOP_ATOMICCMP   = 6'b110001;
      |              ^~~~~~~~~~~~~~
%Warning-UNUSEDPARAM: /home/luxyxp/Documents/mainfiles/FPGA/main_codes/rtl/desgin_sources/CPU/openhw_obi_to_axi/axi_pkg.sv:400:14: Parameter is not used: 'ATOP_NONE'
                                                                                                                                 : ... note: In instance 'top_module'
  400 |   localparam ATOP_NONE        = 2'b00;
      |              ^~~~~~~~~
%Warning-UNUSEDPARAM: /home/luxyxp/Documents/mainfiles/FPGA/main_codes/rtl/desgin_sources/CPU/openhw_obi_to_axi/axi_pkg.sv:407:14: Parameter is not used: 'ATOP_ATOMICSTORE'
                                                                                                                                 : ... note: In instance 'top_module'
  407 |   localparam ATOP_ATOMICSTORE = 2'b01;
      |              ^~~~~~~~~~~~~~~~
%Warning-UNUSEDPARAM: /home/luxyxp/Documents/mainfiles/FPGA/main_codes/rtl/desgin_sources/CPU/openhw_obi_to_axi/axi_pkg.sv:423:14: Parameter is not used: 'ATOP_BIG_END'
                                                                                                                                 : ... note: In instance 'top_module'
  423 |   localparam ATOP_BIG_END     = 1'b1;
      |              ^~~~~~~~~~~~
%Warning-UNUSEDPARAM: /home/luxyxp/Documents/mainfiles/FPGA/main_codes/rtl/desgin_sources/CPU/openhw_obi_to_axi/axi_pkg.sv:447:14: Parameter is not used: 'ATOP_R_RESP'
                                                                                                                                 : ... note: In instance 'top_module'
  447 |   localparam ATOP_R_RESP = 32'd5;
      |              ^~~~~~~~~~~
%Warning-UNUSEDSIGNAL: /home/luxyxp/Documents/mainfiles/asic_rtl/patched/data_bram_axi_ctrl_asic.sv:29:35: Bits of signal are not used: 'axi_data_bram_awaddr'[31:13,1:0]
                                                                                                         : ... note: In instance 'top_module.data_bram_ctrl_inst'
   29 |     input  logic [31:0]           axi_data_bram_awaddr,
      |                                   ^~~~~~~~~~~~~~~~~~~~
%Warning-UNUSEDSIGNAL: /home/luxyxp/Documents/mainfiles/asic_rtl/patched/data_bram_axi_ctrl_asic.sv:42:35: Bits of signal are not used: 'axi_data_bram_araddr'[31:13,1:0]
                                                                                                         : ... note: In instance 'top_module.data_bram_ctrl_inst'
   42 |     input  logic [31:0]           axi_data_bram_araddr,
      |                                   ^~~~~~~~~~~~~~~~~~~~
%Warning-UNUSEDSIGNAL: /home/luxyxp/Documents/mainfiles/asic_rtl/patched/GPIO_AXI4_Lite_asic.sv:29:25: Bits of signal are not used: 'awaddr'[31:4]
                                                                                                     : ... note: In instance 'top_module.gpio_inst'
   29 |     input  logic [31:0] awaddr,
      |                         ^~~~~~
%Warning-UNUSEDSIGNAL: /home/luxyxp/Documents/mainfiles/asic_rtl/patched/GPIO_AXI4_Lite_asic.sv:34:25: Bits of signal are not used: 'wdata'[31:16]
                                                                                                     : ... note: In instance 'top_module.gpio_inst'
   34 |     input  logic [31:0] wdata,
      |                         ^~~~~
%Warning-UNUSEDSIGNAL: /home/luxyxp/Documents/mainfiles/asic_rtl/patched/GPIO_AXI4_Lite_asic.sv:44:25: Bits of signal are not used: 'araddr'[31:4]
                                                                                                     : ... note: In instance 'top_module.gpio_inst'
   44 |     input  logic [31:0] araddr,
      |                         ^~~~~~
%Warning-UNUSEDSIGNAL: /home/luxyxp/Documents/mainfiles/asic_rtl/patched/Timer_AXI4_Lite_asic.sv:25:25: Bits of signal are not used: 'awaddr'[31:8]
                                                                                                      : ... note: In instance 'top_module.timer_inst'
   25 |     input  logic [31:0] awaddr,
      |                         ^~~~~~
%Warning-UNUSEDSIGNAL: /home/luxyxp/Documents/mainfiles/asic_rtl/patched/Timer_AXI4_Lite_asic.sv:40:25: Bits of signal are not used: 'araddr'[31:8]
                                                                                                      : ... note: In instance 'top_module.timer_inst'
   40 |     input  logic [31:0] araddr,
      |                         ^~~~~~
%Warning-UNUSEDSIGNAL: /home/luxyxp/Documents/mainfiles/asic_rtl/patched/QSPI_Master_AXI4_Lite_asic.sv:54:25: Bits of signal are not used: 'awaddr'[31:8]
                                                                                                            : ... note: In instance 'top_module.qspi_master_inst'
   54 |     input  logic [31:0] awaddr,
      |                         ^~~~~~
%Warning-UNUSEDSIGNAL: /home/luxyxp/Documents/mainfiles/asic_rtl/patched/QSPI_Master_AXI4_Lite_asic.sv:69:25: Bits of signal are not used: 'araddr'[31:8]
                                                                                                            : ... note: In instance 'top_module.qspi_master_inst'
   69 |     input  logic [31:0] araddr,
      |                         ^~~~~~
%Warning-UNUSEDSIGNAL: /home/luxyxp/Documents/mainfiles/asic_rtl/patched/UART_GU_AXI4_Lite_asic.sv:24:25: Bits of signal are not used: 'awaddr'[31:8]
                                                                                                        : ... note: In instance 'top_module.uart_gu_inst'
   24 |     input  logic [31:0] awaddr,
      |                         ^~~~~~
%Warning-UNUSEDSIGNAL: /home/luxyxp/Documents/mainfiles/asic_rtl/patched/UART_GU_AXI4_Lite_asic.sv:39:25: Bits of signal are not used: 'araddr'[31:8]
                                                                                                        : ... note: In instance 'top_module.uart_gu_inst'
   39 |     input  logic [31:0] araddr,
      |                         ^~~~~~
%Warning-UNUSEDSIGNAL: /home/luxyxp/Documents/mainfiles/asic_rtl/patched/UART_GU_AXI4_Lite_asic.sv:74:18: Signal is not driven, nor used: 'tx_tick_cnt_limit'
                                                                                                        : ... note: In instance 'top_module.uart_gu_inst'
   74 |     logic [15:0] tx_tick_cnt_limit;   
      |                  ^~~~~~~~~~~~~~~~~
%Warning-UNUSEDSIGNAL: /home/luxyxp/Documents/mainfiles/asic_rtl/patched/UART_YZ_AXI4_Lite_asic.sv:24:25: Bits of signal are not used: 'awaddr'[31:8]
                                                                                                        : ... note: In instance 'top_module.uart_yz_inst'
   24 |     input  logic [31:0] awaddr,
      |                         ^~~~~~
%Warning-UNUSEDSIGNAL: /home/luxyxp/Documents/mainfiles/asic_rtl/patched/UART_YZ_AXI4_Lite_asic.sv:39:25: Bits of signal are not used: 'araddr'[31:8]
                                                                                                        : ... note: In instance 'top_module.uart_yz_inst'
   39 |     input  logic [31:0] araddr,
      |                         ^~~~~~
%Warning-UNUSEDSIGNAL: /home/luxyxp/Documents/mainfiles/asic_rtl/patched/UART_YZ_AXI4_Lite_asic.sv:78:18: Signal is not driven, nor used: 'tx_tick_cnt_limit'
                                                                                                        : ... note: In instance 'top_module.uart_yz_inst'
   78 |     logic [15:0] tx_tick_cnt_limit;   
      |                  ^~~~~~~~~~~~~~~~~
%Warning-UNUSEDSIGNAL: /home/luxyxp/Documents/mainfiles/asic_rtl/patched/conv_accelerator_asic.v:323:36: Bits of signal are not used: 'rq_shifted'[55:32]
                                                                                                       : ... note: In instance 'top_module.conv_accelerator_inst'
  323 |             wire signed [RQ_W-1:0] rq_shifted = rq_round >>> SHR_C;
      |                                    ^~~~~~~~~~
%Warning-UNUSEDPARAM: /home/luxyxp/Documents/mainfiles/FPGA/main_codes/rtl/desgin_sources/Interconnect/Interconnect/AXI4_Interconnect.sv:2:15: Parameter is not used: 'DATA_WIDTH_data'
                                                                                                                                             : ... note: In instance 'top_module.interconnect_inst'
    2 |     parameter DATA_WIDTH_data = 32,
      |               ^~~~~~~~~~~~~~~
%Warning-UNUSEDPARAM: /home/luxyxp/Documents/mainfiles/FPGA/main_codes/rtl/desgin_sources/Interconnect/Interconnect/AXI4_Interconnect.sv:3:15: Parameter is not used: 'ADDR_WIDTH_data'
                                                                                                                                             : ... note: In instance 'top_module.interconnect_inst'
    3 |     parameter ADDR_WIDTH_data = 10,
      |               ^~~~~~~~~~~~~~~
%Warning-UNUSEDPARAM: /home/luxyxp/Documents/mainfiles/FPGA/main_codes/rtl/desgin_sources/Interconnect/Interconnect/AXI4_Interconnect.sv:4:15: Parameter is not used: 'DATA_WIDTH_instr'
                                                                                                                                             : ... note: In instance 'top_module.interconnect_inst'
    4 |     parameter DATA_WIDTH_instr = 32,
      |               ^~~~~~~~~~~~~~~~
%Warning-UNUSEDPARAM: /home/luxyxp/Documents/mainfiles/FPGA/main_codes/rtl/desgin_sources/Interconnect/Interconnect/AXI4_Interconnect.sv:5:15: Parameter is not used: 'ADDR_WIDTH_instr'
                                                                                                                                             : ... note: In instance 'top_module.interconnect_inst'
    5 |     parameter ADDR_WIDTH_instr = 10
      |               ^~~~~~~~~~~~~~~~
%Warning-UNUSEDSIGNAL: /home/luxyxp/Documents/mainfiles/FPGA/main_codes/rtl/desgin_sources/AI_Accelerator/yz_csr_wrapper.sv:5:25: Bits of signal are not used: 'YZ_awaddr'[31:8]
                                                                                                                                : ... note: In instance 'top_module.yz_csr_wrapper_inst'
    5 |     input  logic [31:0] YZ_awaddr,  input  logic YZ_awvalid, output logic YZ_awready,
      |                         ^~~~~~~~~
%Warning-UNUSEDSIGNAL: /home/luxyxp/Documents/mainfiles/FPGA/main_codes/rtl/desgin_sources/AI_Accelerator/yz_csr_wrapper.sv:6:25: Bits of signal are not used: 'YZ_wdata'[31:3]
                                                                                                                                : ... note: In instance 'top_module.yz_csr_wrapper_inst'
    6 |     input  logic [31:0] YZ_wdata,   input  logic YZ_wvalid,  output logic YZ_wready,
      |                         ^~~~~~~~
%Warning-UNUSEDSIGNAL: /home/luxyxp/Documents/mainfiles/FPGA/main_codes/rtl/desgin_sources/AI_Accelerator/yz_csr_wrapper.sv:8:25: Bits of signal are not used: 'YZ_araddr'[31:8]
                                                                                                                                : ... note: In instance 'top_module.yz_csr_wrapper_inst'
    8 |     input  logic [31:0] YZ_araddr,  input  logic YZ_arvalid, output logic YZ_arready,
      |                         ^~~~~~~~~
%Warning-UNUSEDSIGNAL: /home/luxyxp/Documents/mainfiles/FPGA/main_codes/rtl/desgin_sources/AI_Accelerator/yz_csr_wrapper.sv:16:24: Bits of signal are not used: 'acc_out_wdata'[7:2]
                                                                                                                                 : ... note: In instance 'top_module.yz_csr_wrapper_inst'
   16 |     input  logic [7:0] acc_out_wdata,    
      |                        ^~~~~~~~~~~~~
%Warning-UNUSEDSIGNAL: /home/luxyxp/Documents/mainfiles/FPGA/main_codes/rtl/desgin_sources/Memory/Boot_ROM_AXI4-Lite_Wrapper/boot_bram_axi_ctrl.sv:9:35: Bits of signal are not used: 'axi_boot_rom_araddr'[31:10,1:0]
                                                                                                                                                       : ... note: In instance 'top_module.boot_rom_ctrl_inst'
    9 |     input  logic [31:0]           axi_boot_rom_araddr,
      |                                   ^~~~~~~~~~~~~~~~~~~
%Warning-UNUSEDSIGNAL: /home/luxyxp/Documents/mainfiles/FPGA/main_codes/rtl/desgin_sources/Memory/Boot_ROM_AXI4-Lite_Wrapper/boot_bram_axi_ctrl.sv:17:35: Bits of signal are not used: 'axi_boot_rom_interconnect_araddr'[31:10,1:0]
                                                                                                                                                        : ... note: In instance 'top_module.boot_rom_ctrl_inst'
   17 |     input  logic [31:0]           axi_boot_rom_interconnect_araddr,
      |                                   ^~~~~~~~~~~~~~~~~~~~~~~~~~~~~~~~
%Warning-UNUSEDSIGNAL: /home/luxyxp/Documents/mainfiles/asic_rtl/patched/instr_bram_axi_ctrl_asic.sv:38:35: Bits of signal are not used: 'axi_instr_bram_awaddr'[31:13,1:0]
                                                                                                          : ... note: In instance 'top_module.instr_bram_ctrl_inst'
   38 |     input  logic [31:0]           axi_instr_bram_awaddr,
      |                                   ^~~~~~~~~~~~~~~~~~~~~
%Warning-UNUSEDSIGNAL: /home/luxyxp/Documents/mainfiles/asic_rtl/patched/instr_bram_axi_ctrl_asic.sv:54:35: Bits of signal are not used: 'axi_instr_bram_araddr'[31:13,1:0]
                                                                                                          : ... note: In instance 'top_module.instr_bram_ctrl_inst'
   54 |     input  logic [31:0]           axi_instr_bram_araddr,
      |                                   ^~~~~~~~~~~~~~~~~~~~~
%Warning-UNUSEDSIGNAL: /home/luxyxp/Documents/mainfiles/asic_rtl/patched/cv32e40p_obi_to_axi_wrapper_asic.sv:59:25: Signal is not used: 'axi_instr_awready'
                                                                                                                  : ... note: In instance 'top_module.cpu_inst'
   59 |     input  logic        axi_instr_awready,
      |                         ^~~~~~~~~~~~~~~~~
%Warning-UNUSEDSIGNAL: /home/luxyxp/Documents/mainfiles/asic_rtl/patched/cv32e40p_obi_to_axi_wrapper_asic.sv:65:25: Signal is not used: 'axi_instr_wready'
                                                                                                                  : ... note: In instance 'top_module.cpu_inst'
   65 |     input  logic        axi_instr_wready,
      |                         ^~~~~~~~~~~~~~~~
%Warning-UNUSEDSIGNAL: /home/luxyxp/Documents/mainfiles/asic_rtl/patched/cv32e40p_obi_to_axi_wrapper_asic.sv:69:25: Signal is not used: 'axi_instr_bresp'
                                                                                                                  : ... note: In instance 'top_module.cpu_inst'
   69 |     input  logic [ 1:0] axi_instr_bresp,
      |                         ^~~~~~~~~~~~~~~
%Warning-UNUSEDSIGNAL: /home/luxyxp/Documents/mainfiles/asic_rtl/patched/cv32e40p_obi_to_axi_wrapper_asic.sv:70:25: Signal is not used: 'axi_instr_bvalid'
                                                                                                                  : ... note: In instance 'top_module.cpu_inst'
   70 |     input  logic        axi_instr_bvalid,
      |                         ^~~~~~~~~~~~~~~~
%Warning-UNUSEDSIGNAL: /home/luxyxp/Documents/mainfiles/asic_rtl/patched/cv32e40p_obi_to_axi_wrapper_asic.sv:126:11: Signal is not used: 'debug_havereset'
                                                                                                                   : ... note: In instance 'top_module.cpu_inst'
  126 |     logic debug_havereset;
      |           ^~~~~~~~~~~~~~~
%Warning-UNUSEDSIGNAL: /home/luxyxp/Documents/mainfiles/asic_rtl/patched/cv32e40p_obi_to_axi_wrapper_asic.sv:127:11: Signal is not used: 'debug_running'
                                                                                                                   : ... note: In instance 'top_module.cpu_inst'
  127 |     logic debug_running;
      |           ^~~~~~~~~~~~~
%Warning-UNUSEDSIGNAL: /home/luxyxp/Documents/mainfiles/asic_rtl/patched/cv32e40p_obi_to_axi_wrapper_asic.sv:128:11: Signal is not used: 'debug_halted'
                                                                                                                   : ... note: In instance 'top_module.cpu_inst'
  128 |     logic debug_halted;
      |           ^~~~~~~~~~~~
%Warning-UNUSEDSIGNAL: /home/luxyxp/Documents/mainfiles/asic_rtl/patched/cv32e40p_obi_to_axi_wrapper_asic.sv:132:11: Signal is not used: 'core_sleep'
                                                                                                                   : ... note: In instance 'top_module.cpu_inst'
  132 |     logic core_sleep;
      |           ^~~~~~~~~~
%Warning-UNUSEDSIGNAL: /home/luxyxp/Documents/mainfiles/asic_rtl/patched/cv32e40p_obi_to_axi_wrapper_asic.sv:194:22: Bits of signal are not used: 'instr_axi_istegi'[110:37]
                                                                                                                   : ... note: In instance 'top_module.cpu_inst'
  194 |     kyber_axi_req_t  instr_axi_istegi;
      |                      ^~~~~~~~~~~~~~~~
%Warning-UNUSEDSIGNAL: /home/luxyxp/Documents/mainfiles/FPGA/main_codes/rtl/desgin_sources/Peripherals/I2C/I2C_Master_AXI4_Lite.sv:19:25: Bits of signal are not used: 'awaddr'[31:8]
                                                                                                                                        : ... note: In instance 'top_module.i2c_master_inst'
   19 |     input  logic [31:0] awaddr,
      |                         ^~~~~~
%Warning-UNUSEDSIGNAL: /home/luxyxp/Documents/mainfiles/FPGA/main_codes/rtl/desgin_sources/Peripherals/I2C/I2C_Master_AXI4_Lite.sv:34:25: Bits of signal are not used: 'araddr'[31:8]
                                                                                                                                        : ... note: In instance 'top_module.i2c_master_inst'
   34 |     input  logic [31:0] araddr,
      |                         ^~~~~~
%Warning-UNUSEDSIGNAL: /home/luxyxp/Documents/mainfiles/FPGA/main_codes/rtl/desgin_sources/Peripherals/I2C/I2C_Master_AXI4_Lite.sv:83:19: Signal is not used: 'r_w'
                                                                                                                                        : ... note: In instance 'top_module.i2c_master_inst'
   83 |     logic         r_w;             
      |                   ^~~
%Warning-UNUSEDPARAM: /home/luxyxp/Documents/mainfiles/asic_rtl/mem/bram_yz_asic.sv:33:15: Parameter is not used: 'DEPTH'
                                                                                         : ... note: In instance 'top_module.yz_bram_ctrl_inst.yz_ram'
   33 |     parameter DEPTH      = 9904,
      |               ^~~~~
%Warning-UNUSEDSIGNAL: /home/luxyxp/Documents/mainfiles/asic_rtl/gen/weights_rom_p8_asic.v:28:13: Signal is not driven, nor used: 'i'
                                                                                                : ... note: In instance 'top_module.conv_accelerator_inst.u_weights_rom'
   28 |     integer i;
      |             ^
%Warning-UNUSEDSIGNAL: /home/luxyxp/Documents/mainfiles/asic_rtl/gen/fc_weights_rom_p4_asic.v:28:13: Signal is not driven, nor used: 'i'
                                                                                                   : ... note: In instance 'top_module.conv_accelerator_inst.u_fc_weights_rom'
   28 |     integer i;
      |             ^
%Warning-UNUSEDSIGNAL: /home/luxyxp/Documents/mainfiles/FPGA/main_codes/rtl/desgin_sources/CPU/cv32e40p_rtl/cv32e40p_top.sv:85:38: Signal is not used: 'apu_busy'
                                                                                                                                 : ... note: In instance 'top_module.cpu_inst.CORE'
   85 |   logic                              apu_busy;
      |                                      ^~~~~~~~
%Warning-UNUSEDSIGNAL: /home/luxyxp/Documents/mainfiles/FPGA/main_codes/rtl/desgin_sources/CPU/cv32e40p_rtl/cv32e40p_top.sv:86:38: Signal is not used: 'apu_req'
                                                                                                                                 : ... note: In instance 'top_module.cpu_inst.CORE'
   86 |   logic                              apu_req;
      |                                      ^~~~~~~
%Warning-UNUSEDSIGNAL: /home/luxyxp/Documents/mainfiles/FPGA/main_codes/rtl/desgin_sources/CPU/cv32e40p_rtl/cv32e40p_top.sv:87:38: Signal is not used: 'apu_operands'
                                                                                                                                 : ... note: In instance 'top_module.cpu_inst.CORE'
   87 |   logic [   APU_NARGS_CPU-1:0][31:0] apu_operands;
      |                                      ^~~~~~~~~~~~
%Warning-UNUSEDSIGNAL: /home/luxyxp/Documents/mainfiles/FPGA/main_codes/rtl/desgin_sources/CPU/cv32e40p_rtl/cv32e40p_top.sv:88:38: Signal is not used: 'apu_op'
                                                                                                                                 : ... note: In instance 'top_module.cpu_inst.CORE'
   88 |   logic [     APU_WOP_CPU-1:0]       apu_op;
      |                                      ^~~~~~
%Warning-UNUSEDSIGNAL: /home/luxyxp/Documents/mainfiles/FPGA/main_codes/rtl/desgin_sources/CPU/cv32e40p_rtl/cv32e40p_top.sv:89:38: Signal is not used: 'apu_flags'
                                                                                                                                 : ... note: In instance 'top_module.cpu_inst.CORE'
   89 |   logic [APU_NDSFLAGS_CPU-1:0]       apu_flags;
      |                                      ^~~~~~~~~
%Warning-UNUSEDSIGNAL: /home/luxyxp/Documents/mainfiles/FPGA/main_codes/rtl/desgin_sources/CPU/cv32e40p_rtl/cv32e40p_top.sv:97:9: Signal is not driven, nor used: 'apu_clk_en'
                                                                                                                                : ... note: In instance 'top_module.cpu_inst.CORE'
   97 |   logic apu_clk_en, apu_clk;
      |         ^~~~~~~~~~
%Warning-UNUSEDSIGNAL: /home/luxyxp/Documents/mainfiles/FPGA/main_codes/rtl/desgin_sources/CPU/cv32e40p_rtl/cv32e40p_top.sv:97:21: Signal is not driven, nor used: 'apu_clk'
                                                                                                                                 : ... note: In instance 'top_module.cpu_inst.CORE'
   97 |   logic apu_clk_en, apu_clk;
      |                     ^~~~~~~
%Warning-UNUSEDPARAM: /home/luxyxp/Documents/mainfiles/asic_rtl/gen/boot_rom_asic.sv:24:15: Parameter is not used: 'INIT_FILE'
                                                                                          : ... note: In instance 'top_module.boot_rom_ctrl_inst.boot_rom'
   24 |     parameter INIT_FILE  = "boot_code.mem"    
      |               ^~~~~~~~~
%Warning-UNUSEDSIGNAL: /home/luxyxp/Documents/mainfiles/asic_rtl/patched/obi_to_axi_asic.sv:64:62: Signal is not used: 'user_i'
                                                                                                 : ... note: In instance 'top_module.cpu_inst.data_bridge'
   64 |   input  logic [((AxiUserWidth > 0) ? AxiUserWidth : 1)-1:0] user_i,
      |                                                              ^~~~~~
%Warning-UNUSEDSIGNAL: /home/luxyxp/Documents/mainfiles/asic_rtl/patched/obi_to_axi_asic.sv:74:60: Signal is not used: 'obi_rsp_user_i'
                                                                                                 : ... note: In instance 'top_module.cpu_inst.data_bridge'
   74 |                  ? ObiCfg.OptionalCfg.RUserWidth : 1)-1:0] obi_rsp_user_i  
      |                                                            ^~~~~~~~~~~~~~
%Warning-UNUSEDSIGNAL: /home/luxyxp/Documents/mainfiles/asic_rtl/patched/obi_to_axi_asic.sv:93:15: Signal is not used: 'axi_obi_lock'
                                                                                                 : ... note: In instance 'top_module.cpu_inst.data_bridge'
   93 |   logic       axi_obi_lock;
      |               ^~~~~~~~~~~~
%Warning-UNUSEDSIGNAL: /home/luxyxp/Documents/mainfiles/asic_rtl/patched/obi_to_axi_asic.sv:96:15: Signal is not used: 'axi_obi_cache'
                                                                                                 : ... note: In instance 'top_module.cpu_inst.data_bridge'
   96 |   logic [3:0] axi_obi_cache;
      |               ^~~~~~~~~~~~~
%Warning-UNUSEDPARAM: /home/luxyxp/Documents/mainfiles/FPGA/main_codes/rtl/desgin_sources/CPU/openhw_obi_to_axi/obi_pkg.sv:18:24: Parameter is not used: 'DefaultAtop'
                                                                                                                                : ... note: In instance 'top_module.cpu_inst.data_bridge'
   18 |   localparam atop_t    DefaultAtop    = 6'b000000;
      |                        ^~~~~~~~~~~
%Warning-UNUSEDPARAM: /home/luxyxp/Documents/mainfiles/FPGA/main_codes/rtl/desgin_sources/CPU/openhw_obi_to_axi/obi_pkg.sv:19:24: Parameter is not used: 'DefaultMemtype'
                                                                                                                                : ... note: In instance 'top_module.cpu_inst.data_bridge'
   19 |   localparam memtype_t DefaultMemtype = 2'b00;
      |                        ^~~~~~~~~~~~~~
%Warning-UNUSEDPARAM: /home/luxyxp/Documents/mainfiles/FPGA/main_codes/rtl/desgin_sources/CPU/openhw_obi_to_axi/obi_pkg.sv:20:24: Parameter is not used: 'DefaultProt'
                                                                                                                                : ... note: In instance 'top_module.cpu_inst.data_bridge'
   20 |   localparam prot_t    DefaultProt    = 3'b111;
      |                        ^~~~~~~~~~~
%Warning-UNUSEDPARAM: /home/luxyxp/Documents/mainfiles/FPGA/main_codes/rtl/desgin_sources/CPU/openhw_obi_to_axi/obi_pkg.sv:49:33: Parameter is not used: 'ObiAtopOptionalConfig'
                                                                                                                                : ... note: In instance 'top_module.cpu_inst.data_bridge'
   49 |   localparam obi_optional_cfg_t ObiAtopOptionalConfig = '{
      |                                 ^~~~~~~~~~~~~~~~~~~~~
%Warning-UNUSEDSIGNAL: /home/luxyxp/Documents/mainfiles/FPGA/main_codes/rtl/desgin_sources/CPU/cv32e40p_rtl/cv32e40p_core.sv:122:15: Signal is not used: 'data_atop_o'
                                                                                                                                   : ... note: In instance 'top_module.cpu_inst.CORE.core_i'
  122 |   logic [5:0] data_atop_o;   
      |               ^~~~~~~~~~~
%Warning-UNUSEDSIGNAL: /home/luxyxp/Documents/mainfiles/FPGA/main_codes/rtl/desgin_sources/CPU/cv32e40p_rtl/cv32e40p_core.sv:124:15: Signal is not used: 'sec_lvl_o'
                                                                                                                                   : ... note: In instance 'top_module.cpu_inst.CORE.core_i'
  124 |   logic       sec_lvl_o;
      |               ^~~~~~~~~
%Warning-UNUSEDSIGNAL: /home/luxyxp/Documents/mainfiles/FPGA/main_codes/rtl/desgin_sources/CPU/cv32e40p_rtl/cv32e40p_core.sv:278:23: Signal is not used: 'id_valid'
                                                                                                                                   : ... note: In instance 'top_module.cpu_inst.CORE.core_i'
  278 |   logic               id_valid;
      |                       ^~~~~~~~
%Warning-UNUSEDSIGNAL: /home/luxyxp/Documents/mainfiles/FPGA/main_codes/rtl/desgin_sources/CPU/cv32e40p_rtl/cv32e40p_core.sv:280:23: Signal is not used: 'wb_valid'
                                                                                                                                   : ... note: In instance 'top_module.cpu_inst.CORE.core_i'
  280 |   logic               wb_valid;
      |                       ^~~~~~~~
%Warning-UNUSEDSIGNAL: /home/luxyxp/Documents/mainfiles/FPGA/main_codes/rtl/desgin_sources/CPU/cv32e40p_rtl/cv32e40p_core.sv:285:23: Signal is not used: 'apu_ready_wb'
                                                                                                                                   : ... note: In instance 'top_module.cpu_inst.CORE.core_i'
  285 |   logic               apu_ready_wb;
      |                       ^~~~~~~~~~~~
%Warning-UNUSEDSIGNAL: /home/luxyxp/Documents/mainfiles/FPGA/main_codes/rtl/desgin_sources/CPU/cv32e40p_rtl/cv32e40p_core.sv:347:35: Signal is not used: 'pmp_addr'
                                                                                                                                   : ... note: In instance 'top_module.cpu_inst.CORE.core_i'
  347 |   logic [N_PMP_ENTRIES-1:0][31:0] pmp_addr;
      |                                   ^~~~~~~~
%Warning-UNUSEDSIGNAL: /home/luxyxp/Documents/mainfiles/FPGA/main_codes/rtl/desgin_sources/CPU/cv32e40p_rtl/cv32e40p_core.sv:348:35: Signal is not used: 'pmp_cfg'
                                                                                                                                   : ... note: In instance 'top_module.cpu_inst.CORE.core_i'
  348 |   logic [N_PMP_ENTRIES-1:0][ 7:0] pmp_cfg;
      |                                   ^~~~~~~
%Warning-UNUSEDSIGNAL: /home/luxyxp/Documents/mainfiles/FPGA/main_codes/rtl/desgin_sources/CPU/cv32e40p_rtl/cv32e40p_core.sv:354:35: Signal is not used: 'data_err_ack'
                                                                                                                                   : ... note: In instance 'top_module.cpu_inst.CORE.core_i'
  354 |   logic                           data_err_ack;
      |                                   ^~~~~~~~~~~~
%Warning-UNUSEDSIGNAL: /home/luxyxp/Documents/mainfiles/FPGA/main_codes/rtl/desgin_sources/CPU/cv32e40p_rtl/vendor/pulp_platform_common_cells/include/common_cells/src/fifo_v3.sv:24:19: Signal is not used: 'testmode_i'
                                                                                                                                                                                       : ... note: In instance 'top_module.cpu_inst.data_bridge.i_fifo_rsp_mux'
   24 |     input  logic  testmode_i,        
      |                   ^~~~~~~~~~
%Warning-UNUSEDSIGNAL: /home/luxyxp/Documents/mainfiles/asic_rtl/mem/sram32_bank.sv:75:44: Signal is not used: 're_eff_q'
                                                                                         : ... note: In instance 'top_module.yz_bram_ctrl_inst.yz_ram.u_mem.u_mem'
   75 |     logic                 rd_coll, re_eff, re_eff_q;
      |                                            ^~~~~~~~
%Warning-UNUSEDSIGNAL: /home/luxyxp/Documents/mainfiles/FPGA/main_codes/rtl/desgin_sources/CPU/cv32e40p_rtl/cv32e40p_cs_registers.sv:58:24: Bits of signal are not used: 'mtvec_addr_i'[7:0]
                                                                                                                                          : ... note: In instance 'top_module.cpu_inst.CORE.core_i.cs_registers_i'
   58 |     input logic [31:0] mtvec_addr_i,
      |                        ^~~~~~~~~~~~
%Warning-UNUSEDSIGNAL: /home/luxyxp/Documents/mainfiles/FPGA/main_codes/rtl/desgin_sources/CPU/cv32e40p_rtl/cv32e40p_cs_registers.sv:80:25: Signal is not used: 'csr_irq_sec_i'
                                                                                                                                          : ... note: In instance 'top_module.cpu_inst.CORE.core_i.cs_registers_i'
   80 |     input  logic        csr_irq_sec_i,
      |                         ^~~~~~~~~~~~~
%Warning-UNUSEDSIGNAL: /home/luxyxp/Documents/mainfiles/FPGA/main_codes/rtl/desgin_sources/CPU/cv32e40p_rtl/cv32e40p_cs_registers.sv:112:17: Signal is not used: 'csr_restore_uret_i'
                                                                                                                                           : ... note: In instance 'top_module.cpu_inst.CORE.core_i.cs_registers_i'
  112 |     input logic csr_restore_uret_i,
      |                 ^~~~~~~~~~~~~~~~~~
%Warning-UNUSEDPARAM: /home/luxyxp/Documents/mainfiles/FPGA/main_codes/rtl/desgin_sources/CPU/cv32e40p_rtl/cv32e40p_cs_registers.sv:148:14: Parameter is not used: 'N_PMP_CFG'
                                                                                                                                          : ... note: In instance 'top_module.cpu_inst.CORE.core_i.cs_registers_i'
  148 |   localparam N_PMP_CFG = N_PMP_ENTRIES % 4 == 0 ? N_PMP_ENTRIES / 4 : N_PMP_ENTRIES / 4 + 1;
      |              ^~~~~~~~~
%Warning-UNUSEDPARAM: /home/luxyxp/Documents/mainfiles/FPGA/main_codes/rtl/desgin_sources/CPU/cv32e40p_rtl/cv32e40p_cs_registers.sv:151:14: Parameter is not used: 'MSTATUS_SIE_BIT'
                                                                                                                                          : ... note: In instance 'top_module.cpu_inst.CORE.core_i.cs_registers_i'
  151 |   localparam MSTATUS_SIE_BIT = 1;
      |              ^~~~~~~~~~~~~~~
%Warning-UNUSEDPARAM: /home/luxyxp/Documents/mainfiles/FPGA/main_codes/rtl/desgin_sources/CPU/cv32e40p_rtl/cv32e40p_cs_registers.sv:154:14: Parameter is not used: 'MSTATUS_SPIE_BIT'
                                                                                                                                          : ... note: In instance 'top_module.cpu_inst.CORE.core_i.cs_registers_i'
  154 |   localparam MSTATUS_SPIE_BIT = 5;
      |              ^~~~~~~~~~~~~~~~
%Warning-UNUSEDPARAM: /home/luxyxp/Documents/mainfiles/FPGA/main_codes/rtl/desgin_sources/CPU/cv32e40p_rtl/cv32e40p_cs_registers.sv:156:14: Parameter is not used: 'MSTATUS_SPP_BIT'
                                                                                                                                          : ... note: In instance 'top_module.cpu_inst.CORE.core_i.cs_registers_i'
  156 |   localparam MSTATUS_SPP_BIT = 8;
      |              ^~~~~~~~~~~~~~~
%Warning-UNUSEDPARAM: /home/luxyxp/Documents/mainfiles/FPGA/main_codes/rtl/desgin_sources/CPU/cv32e40p_rtl/cv32e40p_cs_registers.sv:162:14: Parameter is not used: 'MSTATUS_SD_BIT'
                                                                                                                                          : ... note: In instance 'top_module.cpu_inst.CORE.core_i.cs_registers_i'
  162 |   localparam MSTATUS_SD_BIT = 31;
      |              ^~~~~~~~~~~~~~
%Warning-UNUSEDSIGNAL: /home/luxyxp/Documents/mainfiles/FPGA/main_codes/rtl/desgin_sources/CPU/cv32e40p_rtl/cv32e40p_cs_registers.sv:202:24: Signal is not used: 'uepc_n'
                                                                                                                                           : ... note: In instance 'top_module.cpu_inst.CORE.core_i.cs_registers_i'
  202 |   logic [31:0] uepc_q, uepc_n;
      |                        ^~~~~~
%Warning-UNUSEDSIGNAL: /home/luxyxp/Documents/mainfiles/FPGA/main_codes/rtl/desgin_sources/CPU/cv32e40p_rtl/cv32e40p_cs_registers.sv:219:15: Signal is not used: 'ucause_q'
                                                                                                                                           : ... note: In instance 'top_module.cpu_inst.CORE.core_i.cs_registers_i'
  219 |   logic [5:0] ucause_q, ucause_n;
      |               ^~~~~~~~
%Warning-UNUSEDSIGNAL: /home/luxyxp/Documents/mainfiles/FPGA/main_codes/rtl/desgin_sources/CPU/cv32e40p_rtl/cv32e40p_cs_registers.sv:219:25: Signal is not used: 'ucause_n'
                                                                                                                                           : ... note: In instance 'top_module.cpu_inst.CORE.core_i.cs_registers_i'
  219 |   logic [5:0] ucause_q, ucause_n;
      |                         ^~~~~~~~
%Warning-UNUSEDSIGNAL: /home/luxyxp/Documents/mainfiles/FPGA/main_codes/rtl/desgin_sources/CPU/cv32e40p_rtl/cv32e40p_cs_registers.sv:221:16: Signal is not used: 'utvec_n'
                                                                                                                                           : ... note: In instance 'top_module.cpu_inst.CORE.core_i.cs_registers_i'
  221 |   logic [23:0] utvec_n, utvec_q;
      |                ^~~~~~~
%Warning-UNUSEDSIGNAL: /home/luxyxp/Documents/mainfiles/FPGA/main_codes/rtl/desgin_sources/CPU/cv32e40p_rtl/cv32e40p_cs_registers.sv:223:15: Signal is not used: 'utvec_mode_n'
                                                                                                                                           : ... note: In instance 'top_module.cpu_inst.CORE.core_i.cs_registers_i'
  223 |   logic [1:0] utvec_mode_n, utvec_mode_q;
      |               ^~~~~~~~~~~~
%Warning-UNUSEDSIGNAL: /home/luxyxp/Documents/mainfiles/FPGA/main_codes/rtl/desgin_sources/CPU/cv32e40p_rtl/cv32e40p_cs_registers.sv:231:16: Signal is not used: 'is_irq'
                                                                                                                                           : ... note: In instance 'top_module.cpu_inst.CORE.core_i.cs_registers_i'
  231 |   logic        is_irq;
      |                ^~~~~~
%Warning-UNUSEDSIGNAL: /home/luxyxp/Documents/mainfiles/FPGA/main_codes/rtl/desgin_sources/CPU/cv32e40p_rtl/cv32e40p_cs_registers.sv:232:13: Signal is not used: 'priv_lvl_n'
                                                                                                                                           : ... note: In instance 'top_module.cpu_inst.CORE.core_i.cs_registers_i'
  232 |   PrivLvl_t priv_lvl_n, priv_lvl_q;
      |             ^~~~~~~~~~
%Warning-UNUSEDSIGNAL: /home/luxyxp/Documents/mainfiles/FPGA/main_codes/rtl/desgin_sources/CPU/cv32e40p_rtl/cv32e40p_cs_registers.sv:233:9: Bits of signal are not used: 'pmp_reg_q'[255:128]
                                                                                                                                          : ... note: In instance 'top_module.cpu_inst.CORE.core_i.cs_registers_i'
  233 |   Pmp_t pmp_reg_q, pmp_reg_n;
      |         ^~~~~~~~~
%Warning-UNUSEDSIGNAL: /home/luxyxp/Documents/mainfiles/FPGA/main_codes/rtl/desgin_sources/CPU/cv32e40p_rtl/cv32e40p_cs_registers.sv:233:20: Signal is not used: 'pmp_reg_n'
                                                                                                                                           : ... note: In instance 'top_module.cpu_inst.CORE.core_i.cs_registers_i'
  233 |   Pmp_t pmp_reg_q, pmp_reg_n;
      |                    ^~~~~~~~~
%Warning-UNUSEDSIGNAL: /home/luxyxp/Documents/mainfiles/FPGA/main_codes/rtl/desgin_sources/CPU/cv32e40p_rtl/cv32e40p_cs_registers.sv:235:56: Signal is not used: 'pmpaddr_we'
                                                                                                                                           : ... note: In instance 'top_module.cpu_inst.CORE.core_i.cs_registers_i'
  235 |   logic [MAX_N_PMP_ENTRIES-1:0]                        pmpaddr_we;
      |                                                        ^~~~~~~~~~
%Warning-UNUSEDSIGNAL: /home/luxyxp/Documents/mainfiles/FPGA/main_codes/rtl/desgin_sources/CPU/cv32e40p_rtl/cv32e40p_cs_registers.sv:236:56: Signal is not used: 'pmpcfg_we'
                                                                                                                                           : ... note: In instance 'top_module.cpu_inst.CORE.core_i.cs_registers_i'
  236 |   logic [MAX_N_PMP_ENTRIES-1:0]                        pmpcfg_we;
      |                                                        ^~~~~~~~~
%Warning-UNUSEDSIGNAL: /home/luxyxp/Documents/mainfiles/FPGA/main_codes/rtl/desgin_sources/CPU/cv32e40p_rtl/cv32e40p_cs_registers.sv:240:35: Bits of signal are not used: 'mhpmevent_n'[1023:128,95:0]
                                                                                                                                           : ... note: In instance 'top_module.cpu_inst.CORE.core_i.cs_registers_i'
  240 |   logic [31:0][31:0] mhpmevent_q, mhpmevent_n;   
      |                                   ^~~~~~~~~~~
%Warning-UNUSEDSIGNAL: /home/luxyxp/Documents/mainfiles/FPGA/main_codes/rtl/desgin_sources/CPU/cv32e40p_rtl/cv32e40p_cs_registers.sv:241:30: Signal is not used: 'mcounteren_n'
                                                                                                                                           : ... note: In instance 'top_module.cpu_inst.CORE.core_i.cs_registers_i'
  241 |   logic [31:0] mcounteren_q, mcounteren_n;   
      |                              ^~~~~~~~~~~~
%Warning-UNUSEDSIGNAL: /home/luxyxp/Documents/mainfiles/FPGA/main_codes/rtl/desgin_sources/CPU/cv32e40p_rtl/cv32e40p_cs_registers.sv:242:33: Bits of signal are not used: 'mcountinhibit_n'[31:4,1]
                                                                                                                                           : ... note: In instance 'top_module.cpu_inst.CORE.core_i.cs_registers_i'
  242 |   logic [31:0] mcountinhibit_q, mcountinhibit_n;   
      |                                 ^~~~~~~~~~~~~~~
%Warning-UNUSEDSIGNAL: /home/luxyxp/Documents/mainfiles/FPGA/main_codes/rtl/desgin_sources/CPU/cv32e40p_rtl/cv32e40p_cs_registers.sv:244:39: Bits of signal are not used: 'mhpmcounter_increment'[2047:256,127:64]
                                                                                                                                           : ... note: In instance 'top_module.cpu_inst.CORE.core_i.cs_registers_i'
  244 |   logic [31:0][MHPMCOUNTER_WIDTH-1:0] mhpmcounter_increment;   
      |                                       ^~~~~~~~~~~~~~~~~~~~~
%Warning-UNUSEDSIGNAL: /home/luxyxp/Documents/mainfiles/FPGA/main_codes/rtl/desgin_sources/CPU/cv32e40p_rtl/cv32e40p_cs_registers.sv:246:16: Bits of signal are not used: 'mhpmcounter_write_upper'[31:4,1]
                                                                                                                                           : ... note: In instance 'top_module.cpu_inst.CORE.core_i.cs_registers_i'
  246 |   logic [31:0] mhpmcounter_write_upper;   
      |                ^~~~~~~~~~~~~~~~~~~~~~~
%Warning-UNUSEDSIGNAL: /home/luxyxp/Documents/mainfiles/FPGA/main_codes/rtl/desgin_sources/CPU/cv32e40p_rtl/cv32e40p_cs_registers.sv:247:16: Bits of signal are not used: 'mhpmcounter_write_increment'[31:4,1]
                                                                                                                                           : ... note: In instance 'top_module.cpu_inst.CORE.core_i.cs_registers_i'
  247 |   logic [31:0] mhpmcounter_write_increment;   
      |                ^~~~~~~~~~~~~~~~~~~~~~~~~~~
%Warning-UNUSEDPARAM: /home/luxyxp/Documents/mainfiles/FPGA/main_codes/rtl/desgin_sources/CPU/cv32e40p_rtl/cv32e40p_ex_stage.sv:40:15: Parameter is not used: 'APU_NDSFLAGS_CPU'
                                                                                                                                     : ... note: In instance 'top_module.cpu_inst.CORE.core_i.ex_stage_i'
   40 |     parameter APU_NDSFLAGS_CPU = 15,
      |               ^~~~~~~~~~~~~~~~
%Warning-UNUSEDSIGNAL: /home/luxyxp/Documents/mainfiles/FPGA/main_codes/rtl/desgin_sources/CPU/cv32e40p_rtl/cv32e40p_ex_stage.sv:80:17: Signal is not used: 'data_req_i'
                                                                                                                                      : ... note: In instance 'top_module.cpu_inst.CORE.core_i.ex_stage_i'
   80 |     input logic data_req_i,
      |                 ^~~~~~~~~~
%Warning-UNUSEDSIGNAL: /home/luxyxp/Documents/mainfiles/FPGA/main_codes/rtl/desgin_sources/CPU/cv32e40p_rtl/cv32e40p_ex_stage.sv:81:17: Signal is not used: 'data_rvalid_i'
                                                                                                                                      : ... note: In instance 'top_module.cpu_inst.CORE.core_i.ex_stage_i'
   81 |     input logic data_rvalid_i,
      |                 ^~~~~~~~~~~~~
%Warning-UNUSEDSIGNAL: /home/luxyxp/Documents/mainfiles/FPGA/main_codes/rtl/desgin_sources/CPU/cv32e40p_rtl/cv32e40p_ex_stage.sv:83:17: Signal is not used: 'data_misaligned_i'
                                                                                                                                      : ... note: In instance 'top_module.cpu_inst.CORE.core_i.ex_stage_i'
   83 |     input logic data_misaligned_i,
      |                 ^~~~~~~~~~~~~~~~~
%Warning-UNUSEDSIGNAL: /home/luxyxp/Documents/mainfiles/FPGA/main_codes/rtl/desgin_sources/CPU/cv32e40p_rtl/cv32e40p_ex_stage.sv:85:23: Signal is not used: 'ctrl_transfer_insn_in_dec_i'
                                                                                                                                      : ... note: In instance 'top_module.cpu_inst.CORE.core_i.ex_stage_i'
   85 |     input logic [1:0] ctrl_transfer_insn_in_dec_i,
      |                       ^~~~~~~~~~~~~~~~~~~~~~~~~~~
%Warning-UNUSEDSIGNAL: /home/luxyxp/Documents/mainfiles/FPGA/main_codes/rtl/desgin_sources/CPU/cv32e40p_rtl/cv32e40p_ex_stage.sv:93:46: Signal is not used: 'apu_op_i'
                                                                                                                                      : ... note: In instance 'top_module.cpu_inst.CORE.core_i.ex_stage_i'
   93 |     input logic [     APU_WOP_CPU-1:0]       apu_op_i,
      |                                              ^~~~~~~~
%Warning-UNUSEDSIGNAL: /home/luxyxp/Documents/mainfiles/FPGA/main_codes/rtl/desgin_sources/CPU/cv32e40p_rtl/cv32e40p_ex_stage.sv:94:46: Signal is not used: 'apu_lat_i'
                                                                                                                                      : ... note: In instance 'top_module.cpu_inst.CORE.core_i.ex_stage_i'
   94 |     input logic [                 1:0]       apu_lat_i,
      |                                              ^~~~~~~~~
%Warning-UNUSEDSIGNAL: /home/luxyxp/Documents/mainfiles/FPGA/main_codes/rtl/desgin_sources/CPU/cv32e40p_rtl/cv32e40p_ex_stage.sv:95:46: Signal is not used: 'apu_operands_i'
                                                                                                                                      : ... note: In instance 'top_module.cpu_inst.CORE.core_i.ex_stage_i'
   95 |     input logic [   APU_NARGS_CPU-1:0][31:0] apu_operands_i,
      |                                              ^~~~~~~~~~~~~~
%Warning-UNUSEDSIGNAL: /home/luxyxp/Documents/mainfiles/FPGA/main_codes/rtl/desgin_sources/CPU/cv32e40p_rtl/cv32e40p_ex_stage.sv:96:46: Signal is not used: 'apu_waddr_i'
                                                                                                                                      : ... note: In instance 'top_module.cpu_inst.CORE.core_i.ex_stage_i'
   96 |     input logic [                 5:0]       apu_waddr_i,
      |                                              ^~~~~~~~~~~
%Warning-UNUSEDSIGNAL: /home/luxyxp/Documents/mainfiles/FPGA/main_codes/rtl/desgin_sources/CPU/cv32e40p_rtl/cv32e40p_ex_stage.sv:97:46: Signal is not used: 'apu_flags_i'
                                                                                                                                      : ... note: In instance 'top_module.cpu_inst.CORE.core_i.ex_stage_i'
   97 |     input logic [APU_NUSFLAGS_CPU-1:0]       apu_flags_i,
      |                                              ^~~~~~~~~~~
%Warning-UNUSEDSIGNAL: /home/luxyxp/Documents/mainfiles/FPGA/main_codes/rtl/desgin_sources/CPU/cv32e40p_rtl/cv32e40p_ex_stage.sv:99:29: Signal is not used: 'apu_read_regs_i'
                                                                                                                                      : ... note: In instance 'top_module.cpu_inst.CORE.core_i.ex_stage_i'
   99 |     input  logic [2:0][5:0] apu_read_regs_i,
      |                             ^~~~~~~~~~~~~~~
%Warning-UNUSEDSIGNAL: /home/luxyxp/Documents/mainfiles/FPGA/main_codes/rtl/desgin_sources/CPU/cv32e40p_rtl/cv32e40p_ex_stage.sv:100:29: Signal is not used: 'apu_read_regs_valid_i'
                                                                                                                                       : ... note: In instance 'top_module.cpu_inst.CORE.core_i.ex_stage_i'
  100 |     input  logic [2:0]      apu_read_regs_valid_i,
      |                             ^~~~~~~~~~~~~~~~~~~~~
%Warning-UNUSEDSIGNAL: /home/luxyxp/Documents/mainfiles/FPGA/main_codes/rtl/desgin_sources/CPU/cv32e40p_rtl/cv32e40p_ex_stage.sv:103:29: Signal is not used: 'apu_write_regs_i'
                                                                                                                                       : ... note: In instance 'top_module.cpu_inst.CORE.core_i.ex_stage_i'
  103 |     input  logic [1:0][5:0] apu_write_regs_i,
      |                             ^~~~~~~~~~~~~~~~
%Warning-UNUSEDSIGNAL: /home/luxyxp/Documents/mainfiles/FPGA/main_codes/rtl/desgin_sources/CPU/cv32e40p_rtl/cv32e40p_ex_stage.sv:104:29: Signal is not used: 'apu_write_regs_valid_i'
                                                                                                                                       : ... note: In instance 'top_module.cpu_inst.CORE.core_i.ex_stage_i'
  104 |     input  logic [1:0]      apu_write_regs_valid_i,
      |                             ^~~~~~~~~~~~~~~~~~~~~~
%Warning-UNUSEDSIGNAL: /home/luxyxp/Documents/mainfiles/FPGA/main_codes/rtl/desgin_sources/CPU/cv32e40p_rtl/cv32e40p_ex_stage.sv:117:44: Signal is not used: 'apu_gnt_i'
                                                                                                                                       : ... note: In instance 'top_module.cpu_inst.CORE.core_i.ex_stage_i'
  117 |     input  logic                           apu_gnt_i,
      |                                            ^~~~~~~~~
%Warning-UNUSEDSIGNAL: /home/luxyxp/Documents/mainfiles/FPGA/main_codes/rtl/desgin_sources/CPU/cv32e40p_rtl/cv32e40p_ex_stage.sv:122:44: Signal is not used: 'apu_rvalid_i'
                                                                                                                                       : ... note: In instance 'top_module.cpu_inst.CORE.core_i.ex_stage_i'
  122 |     input  logic                           apu_rvalid_i,
      |                                            ^~~~~~~~~~~~
%Warning-UNUSEDSIGNAL: /home/luxyxp/Documents/mainfiles/FPGA/main_codes/rtl/desgin_sources/CPU/cv32e40p_rtl/cv32e40p_ex_stage.sv:123:44: Signal is not used: 'apu_result_i'
                                                                                                                                       : ... note: In instance 'top_module.cpu_inst.CORE.core_i.ex_stage_i'
  123 |     input  logic [             31:0]       apu_result_i,
      |                                            ^~~~~~~~~~~~
%Warning-UNUSEDSIGNAL: /home/luxyxp/Documents/mainfiles/FPGA/main_codes/rtl/desgin_sources/CPU/cv32e40p_rtl/cv32e40p_ex_stage.sv:158:17: Signal is not used: 'is_decoding_i'
                                                                                                                                       : ... note: In instance 'top_module.cpu_inst.CORE.core_i.ex_stage_i'
  158 |     input logic is_decoding_i,  
      |                 ^~~~~~~~~~~~~
%Warning-UNUSEDSIGNAL: /home/luxyxp/Documents/mainfiles/FPGA/main_codes/rtl/desgin_sources/CPU/cv32e40p_rtl/cv32e40p_ex_stage.sv:175:32: Signal is not used: 'wb_contention_lsu'
                                                                                                                                       : ... note: In instance 'top_module.cpu_inst.CORE.core_i.ex_stage_i'
  175 |   logic                        wb_contention_lsu;
      |                                ^~~~~~~~~~~~~~~~~
%Warning-UNUSEDSIGNAL: /home/luxyxp/Documents/mainfiles/FPGA/main_codes/rtl/desgin_sources/CPU/cv32e40p_rtl/cv32e40p_ex_stage.sv:178:32: Signal is not used: 'mulh_active'
                                                                                                                                       : ... note: In instance 'top_module.cpu_inst.CORE.core_i.ex_stage_i'
  178 |   logic                        mulh_active;
      |                                ^~~~~~~~~~~
%Warning-UNUSEDSIGNAL: /home/luxyxp/Documents/mainfiles/FPGA/main_codes/rtl/desgin_sources/CPU/cv32e40p_rtl/cv32e40p_ex_stage.sv:189:32: Signal is not used: 'apu_req'
                                                                                                                                       : ... note: In instance 'top_module.cpu_inst.CORE.core_i.ex_stage_i'
  189 |   logic                        apu_req;
      |                                ^~~~~~~
%Warning-UNUSEDSIGNAL: /home/luxyxp/Documents/mainfiles/FPGA/main_codes/rtl/desgin_sources/CPU/cv32e40p_rtl/cv32e40p_ex_stage.sv:190:32: Signal is not used: 'apu_gnt'
                                                                                                                                       : ... note: In instance 'top_module.cpu_inst.CORE.core_i.ex_stage_i'
  190 |   logic                        apu_gnt;
      |                                ^~~~~~~
%Warning-UNUSEDSIGNAL: /home/luxyxp/Documents/mainfiles/FPGA/main_codes/rtl/desgin_sources/CPU/cv32e40p_rtl/cv32e40p_ex_stage.sv:192:32: Signal is not driven, nor used: 'apu_rvalid_q'
                                                                                                                                       : ... note: In instance 'top_module.cpu_inst.CORE.core_i.ex_stage_i'
  192 |   logic                        apu_rvalid_q;
      |                                ^~~~~~~~~~~~
%Warning-UNUSEDSIGNAL: /home/luxyxp/Documents/mainfiles/FPGA/main_codes/rtl/desgin_sources/CPU/cv32e40p_rtl/cv32e40p_ex_stage.sv:193:32: Signal is not driven, nor used: 'apu_result_q'
                                                                                                                                       : ... note: In instance 'top_module.cpu_inst.CORE.core_i.ex_stage_i'
  193 |   logic [                31:0] apu_result_q;
      |                                ^~~~~~~~~~~~
%Warning-UNUSEDSIGNAL: /home/luxyxp/Documents/mainfiles/FPGA/main_codes/rtl/desgin_sources/CPU/cv32e40p_rtl/cv32e40p_ex_stage.sv:194:32: Signal is not driven, nor used: 'apu_flags_q'
                                                                                                                                       : ... note: In instance 'top_module.cpu_inst.CORE.core_i.ex_stage_i'
  194 |   logic [APU_NUSFLAGS_CPU-1:0] apu_flags_q;
      |                                ^~~~~~~~~~~
%Warning-UNUSEDPARAM: /home/luxyxp/Documents/mainfiles/FPGA/main_codes/rtl/desgin_sources/CPU/cv32e40p_rtl/cv32e40p_if_stage.sv:31:15: Parameter is not used: 'PULP_SECURE'
                                                                                                                                     : ... note: In instance 'top_module.cpu_inst.CORE.core_i.if_stage_i'
   31 |     parameter PULP_SECURE = 0,
      |               ^~~~~~~~~~~
%Warning-UNUSEDSIGNAL: /home/luxyxp/Documents/mainfiles/FPGA/main_codes/rtl/desgin_sources/CPU/cv32e40p_rtl/cv32e40p_if_stage.sv:43:24: Bits of signal are not used: 'boot_addr_i'[1:0]
                                                                                                                                      : ... note: In instance 'top_module.cpu_inst.CORE.core_i.if_stage_i'
   43 |     input logic [31:0] boot_addr_i,
      |                        ^~~~~~~~~~~
%Warning-UNUSEDSIGNAL: /home/luxyxp/Documents/mainfiles/FPGA/main_codes/rtl/desgin_sources/CPU/cv32e40p_rtl/cv32e40p_if_stage.sv:44:24: Bits of signal are not used: 'dm_exception_addr_i'[1:0]
                                                                                                                                      : ... note: In instance 'top_module.cpu_inst.CORE.core_i.if_stage_i'
   44 |     input logic [31:0] dm_exception_addr_i,
      |                        ^~~~~~~~~~~~~~~~~~~
%Warning-UNUSEDSIGNAL: /home/luxyxp/Documents/mainfiles/FPGA/main_codes/rtl/desgin_sources/CPU/cv32e40p_rtl/cv32e40p_if_stage.sv:47:24: Bits of signal are not used: 'dm_halt_addr_i'[1:0]
                                                                                                                                      : ... note: In instance 'top_module.cpu_inst.CORE.core_i.if_stage_i'
   47 |     input logic [31:0] dm_halt_addr_i,
      |                        ^~~~~~~~~~~~~~
%Warning-UNUSEDSIGNAL: /home/luxyxp/Documents/mainfiles/FPGA/main_codes/rtl/desgin_sources/CPU/cv32e40p_rtl/cv32e40p_if_stage.sv:109:16: Bits of signal are not used: 'branch_addr_n'[0]
                                                                                                                                       : ... note: In instance 'top_module.cpu_inst.CORE.core_i.if_stage_i'
  109 |   logic [31:0] branch_addr_n;
      |                ^~~~~~~~~~~~~
%Warning-UNUSEDSIGNAL: /home/luxyxp/Documents/mainfiles/FPGA/main_codes/rtl/desgin_sources/CPU/cv32e40p_rtl/cv32e40p_load_store_unit.sv:89:9: Signal is not used: 'resp_err'
                                                                                                                                            : ... note: In instance 'top_module.cpu_inst.CORE.core_i.load_store_unit_i'
   89 |   logic resp_err;   
      |         ^~~~~~~~
%Warning-UNUSEDSIGNAL: /home/luxyxp/Documents/mainfiles/FPGA/main_codes/rtl/desgin_sources/CPU/cv32e40p_rtl/cv32e40p_load_store_unit.sv:114:9: Signal is not used: 'load_err_o'
                                                                                                                                             : ... note: In instance 'top_module.cpu_inst.CORE.core_i.load_store_unit_i'
  114 |   logic load_err_o, store_err_o;
      |         ^~~~~~~~~~
%Warning-UNUSEDSIGNAL: /home/luxyxp/Documents/mainfiles/FPGA/main_codes/rtl/desgin_sources/CPU/cv32e40p_rtl/cv32e40p_load_store_unit.sv:114:21: Signal is not used: 'store_err_o'
                                                                                                                                              : ... note: In instance 'top_module.cpu_inst.CORE.core_i.load_store_unit_i'
  114 |   logic load_err_o, store_err_o;
      |                     ^~~~~~~~~~~
%Warning-UNUSEDSIGNAL: /home/luxyxp/Documents/mainfiles/FPGA/main_codes/rtl/desgin_sources/CPU/cv32e40p_rtl/cv32e40p_sleep_unit.sv:79:17: Signal is not used: 'pulp_clock_en_i'
                                                                                                                                        : ... note: In instance 'top_module.cpu_inst.CORE.core_i.sleep_unit_i'
   79 |     input logic pulp_clock_en_i,   
      |                 ^~~~~~~~~~~~~~~
%Warning-UNUSEDSIGNAL: /home/luxyxp/Documents/mainfiles/FPGA/main_codes/rtl/desgin_sources/CPU/cv32e40p_rtl/cv32e40p_sleep_unit.sv:80:17: Signal is not used: 'p_elw_start_i'
                                                                                                                                        : ... note: In instance 'top_module.cpu_inst.CORE.core_i.sleep_unit_i'
   80 |     input logic p_elw_start_i,
      |                 ^~~~~~~~~~~~~
%Warning-UNUSEDSIGNAL: /home/luxyxp/Documents/mainfiles/FPGA/main_codes/rtl/desgin_sources/CPU/cv32e40p_rtl/cv32e40p_sleep_unit.sv:81:17: Signal is not used: 'p_elw_finish_i'
                                                                                                                                        : ... note: In instance 'top_module.cpu_inst.CORE.core_i.sleep_unit_i'
   81 |     input logic p_elw_finish_i,
      |                 ^~~~~~~~~~~~~~
%Warning-UNUSEDSIGNAL: /home/luxyxp/Documents/mainfiles/FPGA/main_codes/rtl/desgin_sources/CPU/cv32e40p_rtl/cv32e40p_sleep_unit.sv:82:17: Signal is not used: 'debug_p_elw_no_sleep_i'
                                                                                                                                        : ... note: In instance 'top_module.cpu_inst.CORE.core_i.sleep_unit_i'
   82 |     input logic debug_p_elw_no_sleep_i,
      |                 ^~~~~~~~~~~~~~~~~~~~~~
%Warning-UNUSEDSIGNAL: /home/luxyxp/Documents/mainfiles/FPGA/main_codes/rtl/desgin_sources/CPU/cv32e40p_rtl/cv32e40p_sleep_unit.sv:94:9: Signal is not used: 'p_elw_busy_q'
                                                                                                                                       : ... note: In instance 'top_module.cpu_inst.CORE.core_i.sleep_unit_i'
   94 |   logic p_elw_busy_q;   
      |         ^~~~~~~~~~~~
%Warning-UNUSEDPARAM: /home/luxyxp/Documents/mainfiles/FPGA/main_codes/rtl/desgin_sources/CPU/cv32e40p_rtl/cv32e40p_id_stage.sv:49:15: Parameter is not used: 'APU_NUSFLAGS_CPU'
                                                                                                                                     : ... note: In instance 'top_module.cpu_inst.CORE.core_i.id_stage_i'
   49 |     parameter APU_NUSFLAGS_CPU = 5,
      |               ^~~~~~~~~~~~~~~~
%Warning-UNUSEDSIGNAL: /home/luxyxp/Documents/mainfiles/FPGA/main_codes/rtl/desgin_sources/CPU/cv32e40p_rtl/cv32e40p_id_stage.sv:294:16: Signal is not driven, nor used: 'ctrl_transfer_insn_in_dec'
                                                                                                                                       : ... note: In instance 'top_module.cpu_inst.CORE.core_i.id_stage_i'
  294 |   logic [ 1:0] ctrl_transfer_insn_in_dec;
      |                ^~~~~~~~~~~~~~~~~~~~~~~~~
%Warning-UNUSEDSIGNAL: /home/luxyxp/Documents/mainfiles/FPGA/main_codes/rtl/desgin_sources/CPU/cv32e40p_rtl/cv32e40p_id_stage.sv:300:16: Signal is not used: 'hwlp_mask'
                                                                                                                                       : ... note: In instance 'top_module.cpu_inst.CORE.core_i.id_stage_i'
  300 |   logic        hwlp_mask;
      |                ^~~~~~~~~
%Warning-UNUSEDSIGNAL: /home/luxyxp/Documents/mainfiles/FPGA/main_codes/rtl/desgin_sources/CPU/cv32e40p_rtl/cv32e40p_id_stage.sv:308:16: Signal is not used: 'imm_iz_type'
                                                                                                                                       : ... note: In instance 'top_module.cpu_inst.CORE.core_i.id_stage_i'
  308 |   logic [31:0] imm_iz_type;
      |                ^~~~~~~~~~~
%Warning-UNUSEDSIGNAL: /home/luxyxp/Documents/mainfiles/FPGA/main_codes/rtl/desgin_sources/CPU/cv32e40p_rtl/cv32e40p_id_stage.sv:322:16: Bits of signal are not used: 'imm_clip_type'[0]
                                                                                                                                       : ... note: In instance 'top_module.cpu_inst.CORE.core_i.id_stage_i'
  322 |   logic [31:0] imm_clip_type;
      |                ^~~~~~~~~~~~~
%Warning-UNUSEDSIGNAL: /home/luxyxp/Documents/mainfiles/FPGA/main_codes/rtl/desgin_sources/CPU/cv32e40p_rtl/cv32e40p_id_stage.sv:375:48: Signal is not used: 'fpu_src_fmt'
                                                                                                                                       : ... note: In instance 'top_module.cpu_inst.CORE.core_i.id_stage_i'
  375 |   logic [cv32e40p_fpu_pkg::FP_FORMAT_BITS-1:0] fpu_src_fmt;
      |                                                ^~~~~~~~~~~
%Warning-UNUSEDSIGNAL: /home/luxyxp/Documents/mainfiles/FPGA/main_codes/rtl/desgin_sources/CPU/cv32e40p_rtl/cv32e40p_id_stage.sv:376:48: Signal is not used: 'fpu_dst_fmt'
                                                                                                                                       : ... note: In instance 'top_module.cpu_inst.CORE.core_i.id_stage_i'
  376 |   logic [cv32e40p_fpu_pkg::FP_FORMAT_BITS-1:0] fpu_dst_fmt;
      |                                                ^~~~~~~~~~~
%Warning-UNUSEDSIGNAL: /home/luxyxp/Documents/mainfiles/FPGA/main_codes/rtl/desgin_sources/CPU/cv32e40p_rtl/cv32e40p_id_stage.sv:377:49: Signal is not used: 'fpu_int_fmt'
                                                                                                                                       : ... note: In instance 'top_module.cpu_inst.CORE.core_i.id_stage_i'
  377 |   logic [cv32e40p_fpu_pkg::INT_FORMAT_BITS-1:0] fpu_int_fmt;
      |                                                 ^~~~~~~~~~~
%Warning-UNUSEDSIGNAL: /home/luxyxp/Documents/mainfiles/FPGA/main_codes/rtl/desgin_sources/CPU/cv32e40p_rtl/cv32e40p_id_stage.sv:387:20: Signal is not used: 'apu_read_regs'
                                                                                                                                       : ... note: In instance 'top_module.cpu_inst.CORE.core_i.id_stage_i'
  387 |   logic [2:0][5:0] apu_read_regs;
      |                    ^~~~~~~~~~~~~
%Warning-UNUSEDSIGNAL: /home/luxyxp/Documents/mainfiles/FPGA/main_codes/rtl/desgin_sources/CPU/cv32e40p_rtl/cv32e40p_id_stage.sv:388:15: Signal is not used: 'apu_read_regs_valid'
                                                                                                                                       : ... note: In instance 'top_module.cpu_inst.CORE.core_i.id_stage_i'
  388 |   logic [2:0] apu_read_regs_valid;
      |               ^~~~~~~~~~~~~~~~~~~
%Warning-UNUSEDSIGNAL: /home/luxyxp/Documents/mainfiles/FPGA/main_codes/rtl/desgin_sources/CPU/cv32e40p_rtl/cv32e40p_id_stage.sv:389:20: Signal is not used: 'apu_write_regs'
                                                                                                                                       : ... note: In instance 'top_module.cpu_inst.CORE.core_i.id_stage_i'
  389 |   logic [1:0][5:0] apu_write_regs;
      |                    ^~~~~~~~~~~~~~
%Warning-UNUSEDSIGNAL: /home/luxyxp/Documents/mainfiles/FPGA/main_codes/rtl/desgin_sources/CPU/cv32e40p_rtl/cv32e40p_id_stage.sv:390:15: Signal is not used: 'apu_write_regs_valid'
                                                                                                                                       : ... note: In instance 'top_module.cpu_inst.CORE.core_i.id_stage_i'
  390 |   logic [1:0] apu_write_regs_valid;
      |               ^~~~~~~~~~~~~~~~~~~~
%Warning-UNUSEDSIGNAL: /home/luxyxp/Documents/mainfiles/FPGA/main_codes/rtl/desgin_sources/CPU/cv32e40p_rtl/cv32e40p_id_stage.sv:393:15: Signal is not used: 'fp_rnd_mode'
                                                                                                                                       : ... note: In instance 'top_module.cpu_inst.CORE.core_i.id_stage_i'
  393 |   logic [2:0] fp_rnd_mode;
      |               ^~~~~~~~~~~
%Warning-UNUSEDSIGNAL: /home/luxyxp/Documents/mainfiles/FPGA/main_codes/rtl/desgin_sources/CPU/cv32e40p_rtl/cv32e40p_id_stage.sv:411:27: Signal is not used: 'hwlp_regid'
                                                                                                                                       : ... note: In instance 'top_module.cpu_inst.CORE.core_i.id_stage_i'
  411 |   logic [N_HWLP_BITS-1:0] hwlp_regid;
      |                           ^~~~~~~~~~
%Warning-UNUSEDSIGNAL: /home/luxyxp/Documents/mainfiles/FPGA/main_codes/rtl/desgin_sources/CPU/cv32e40p_rtl/cv32e40p_id_stage.sv:412:15: Signal is not used: 'hwlp_we'
                                                                                                                                       : ... note: In instance 'top_module.cpu_inst.CORE.core_i.id_stage_i'
  412 |   logic [2:0] hwlp_we, hwlp_we_masked;
      |               ^~~~~~~
%Warning-UNUSEDSIGNAL: /home/luxyxp/Documents/mainfiles/FPGA/main_codes/rtl/desgin_sources/CPU/cv32e40p_rtl/cv32e40p_id_stage.sv:412:24: Signal is not used: 'hwlp_we_masked'
                                                                                                                                       : ... note: In instance 'top_module.cpu_inst.CORE.core_i.id_stage_i'
  412 |   logic [2:0] hwlp_we, hwlp_we_masked;
      |                        ^~~~~~~~~~~~~~
%Warning-UNUSEDSIGNAL: /home/luxyxp/Documents/mainfiles/FPGA/main_codes/rtl/desgin_sources/CPU/cv32e40p_rtl/cv32e40p_id_stage.sv:413:29: Signal is not used: 'hwlp_target_mux_sel'
                                                                                                                                       : ... note: In instance 'top_module.cpu_inst.CORE.core_i.id_stage_i'
  413 |   logic        [       1:0] hwlp_target_mux_sel;
      |                             ^~~~~~~~~~~~~~~~~~~
%Warning-UNUSEDSIGNAL: /home/luxyxp/Documents/mainfiles/FPGA/main_codes/rtl/desgin_sources/CPU/cv32e40p_rtl/cv32e40p_id_stage.sv:414:29: Signal is not used: 'hwlp_start_mux_sel'
                                                                                                                                       : ... note: In instance 'top_module.cpu_inst.CORE.core_i.id_stage_i'
  414 |   logic        [       1:0] hwlp_start_mux_sel;
      |                             ^~~~~~~~~~~~~~~~~~
%Warning-UNUSEDSIGNAL: /home/luxyxp/Documents/mainfiles/FPGA/main_codes/rtl/desgin_sources/CPU/cv32e40p_rtl/cv32e40p_id_stage.sv:415:29: Signal is not used: 'hwlp_cnt_mux_sel'
                                                                                                                                       : ... note: In instance 'top_module.cpu_inst.CORE.core_i.id_stage_i'
  415 |   logic                     hwlp_cnt_mux_sel;
      |                             ^~~~~~~~~~~~~~~~
%Warning-UNUSEDSIGNAL: /home/luxyxp/Documents/mainfiles/FPGA/main_codes/rtl/desgin_sources/CPU/cv32e40p_rtl/cv32e40p_id_stage.sv:417:29: Signal is not used: 'hwlp_start'
                                                                                                                                       : ... note: In instance 'top_module.cpu_inst.CORE.core_i.id_stage_i'
  417 |   logic        [      31:0] hwlp_start;
      |                             ^~~~~~~~~~
%Warning-UNUSEDSIGNAL: /home/luxyxp/Documents/mainfiles/FPGA/main_codes/rtl/desgin_sources/CPU/cv32e40p_rtl/cv32e40p_id_stage.sv:418:29: Signal is not used: 'hwlp_end'
                                                                                                                                       : ... note: In instance 'top_module.cpu_inst.CORE.core_i.id_stage_i'
  418 |   logic        [      31:0] hwlp_end;
      |                             ^~~~~~~~
%Warning-UNUSEDSIGNAL: /home/luxyxp/Documents/mainfiles/FPGA/main_codes/rtl/desgin_sources/CPU/cv32e40p_rtl/cv32e40p_id_stage.sv:419:29: Signal is not used: 'hwlp_cnt'
                                                                                                                                       : ... note: In instance 'top_module.cpu_inst.CORE.core_i.id_stage_i'
  419 |   logic        [      31:0] hwlp_cnt;
      |                             ^~~~~~~~
%Warning-UNUSEDSIGNAL: /home/luxyxp/Documents/mainfiles/FPGA/main_codes/rtl/desgin_sources/CPU/cv32e40p_rtl/cv32e40p_id_stage.sv:420:29: Signal is not used: 'hwlp_dec_cnt'
                                                                                                                                       : ... note: In instance 'top_module.cpu_inst.CORE.core_i.id_stage_i'
  420 |   logic        [N_HWLP-1:0] hwlp_dec_cnt;
      |                             ^~~~~~~~~~~~
%Warning-UNUSEDSIGNAL: /home/luxyxp/Documents/mainfiles/FPGA/main_codes/rtl/desgin_sources/CPU/cv32e40p_rtl/cv32e40p_id_stage.sv:421:29: Signal is not used: 'hwlp_valid'
                                                                                                                                       : ... note: In instance 'top_module.cpu_inst.CORE.core_i.id_stage_i'
  421 |   logic                     hwlp_valid;
      |                             ^~~~~~~~~~
%Warning-UNUSEDSIGNAL: /home/luxyxp/Documents/mainfiles/FPGA/main_codes/rtl/desgin_sources/CPU/cv32e40p_rtl/cv32e40p_id_stage.sv:459:16: Signal is not used: 'alu_vec'
                                                                                                                                       : ... note: In instance 'top_module.cpu_inst.CORE.core_i.id_stage_i'
  459 |   logic        alu_vec;
      |                ^~~~~~~
%Warning-UNUSEDPARAM: /home/luxyxp/Documents/mainfiles/asic_rtl/mem/sram32_cell.sv:16:19: Parameter is not used: 'INIT_ZERO'
                                                                                        : ... note: In instance 'top_module.yz_bram_ctrl_inst.yz_ram.u_mem.u_mem.g_2k[3].u_cell'
   16 |     parameter bit INIT_ZERO = 1'b0    
      |                   ^~~~~~~~~
%Warning-UNUSEDPARAM: /home/luxyxp/Documents/mainfiles/asic_rtl/mem/sram32_cell_1k.sv:8:19: Parameter is not used: 'INIT_ZERO'
                                                                                          : ... note: In instance 'top_module.yz_bram_ctrl_inst.yz_ram.u_mem.u_mem.g_1k.u_cell'
    8 |     parameter bit INIT_ZERO = 1'b0
      |                   ^~~~~~~~~
%Warning-UNUSEDSIGNAL: /home/luxyxp/Documents/mainfiles/FPGA/main_codes/rtl/desgin_sources/CPU/cv32e40p_rtl/cv32e40p_alu.sv:99:16: Bits of signal are not used: 'adder_result_expanded'[27,18,9,0]
                                                                                                                                 : ... note: In instance 'top_module.cpu_inst.CORE.core_i.ex_stage_i.alu_i'
   99 |   logic [36:0] adder_result_expanded;
      |                ^~~~~~~~~~~~~~~~~~~~~
%Warning-UNUSEDSIGNAL: /home/luxyxp/Documents/mainfiles/FPGA/main_codes/rtl/desgin_sources/CPU/cv32e40p_rtl/cv32e40p_alu.sv:204:16: Bits of signal are not used: 'shift_amt_int'[31:27,23:20,15:11,7:5]
                                                                                                                                  : ... note: In instance 'top_module.cpu_inst.CORE.core_i.ex_stage_i.alu_i'
  204 |   logic [31:0] shift_amt_int;   
      |                ^~~~~~~~~~~~~
%Warning-UNUSEDSIGNAL: /home/luxyxp/Documents/mainfiles/FPGA/main_codes/rtl/desgin_sources/CPU/cv32e40p_rtl/cv32e40p_clock_gate.sv:2:25: Signal is not used: 'en_i'
                                                                                                                                       : ... note: In instance 'top_module.cpu_inst.CORE.core_i.sleep_unit_i.core_clock_gate_i'
    2 |     input  logic clk_i, en_i, scan_cg_en_i,
      |                         ^~~~
%Warning-UNUSEDSIGNAL: /home/luxyxp/Documents/mainfiles/FPGA/main_codes/rtl/desgin_sources/CPU/cv32e40p_rtl/cv32e40p_clock_gate.sv:2:31: Signal is not used: 'scan_cg_en_i'
                                                                                                                                       : ... note: In instance 'top_module.cpu_inst.CORE.core_i.sleep_unit_i.core_clock_gate_i'
    2 |     input  logic clk_i, en_i, scan_cg_en_i,
      |                               ^~~~~~~~~~~~
%Warning-UNUSEDSIGNAL: /home/luxyxp/Documents/mainfiles/FPGA/main_codes/rtl/desgin_sources/CPU/cv32e40p_rtl/cv32e40p_controller.sv:81:29: Signal is not used: 'pc_id_i'
                                                                                                                                        : ... note: In instance 'top_module.cpu_inst.CORE.core_i.id_stage_i.controller_i'
   81 |   input  logic [31:0]       pc_id_i,
      |                             ^~~~~~~
%Warning-UNUSEDSIGNAL: /home/luxyxp/Documents/mainfiles/FPGA/main_codes/rtl/desgin_sources/CPU/cv32e40p_rtl/cv32e40p_controller.sv:85:29: Signal is not used: 'hwlp_end_addr_i'
                                                                                                                                        : ... note: In instance 'top_module.cpu_inst.CORE.core_i.id_stage_i.controller_i'
   85 |   input  logic [1:0] [31:0] hwlp_end_addr_i,
      |                             ^~~~~~~~~~~~~~~
%Warning-UNUSEDSIGNAL: /home/luxyxp/Documents/mainfiles/FPGA/main_codes/rtl/desgin_sources/CPU/cv32e40p_rtl/cv32e40p_controller.sv:86:29: Signal is not used: 'hwlp_counter_i'
                                                                                                                                        : ... note: In instance 'top_module.cpu_inst.CORE.core_i.id_stage_i.controller_i'
   86 |   input  logic [1:0] [31:0] hwlp_counter_i,
      |                             ^~~~~~~~~~~~~~
%Warning-UNUSEDSIGNAL: /home/luxyxp/Documents/mainfiles/FPGA/main_codes/rtl/desgin_sources/CPU/cv32e40p_rtl/cv32e40p_controller.sv:196:23: Signal is not used: 'id_valid_i'
                                                                                                                                         : ... note: In instance 'top_module.cpu_inst.CORE.core_i.id_stage_i.controller_i'
  196 |   input  logic        id_valid_i,                  
      |                       ^~~~~~~~~~
%Warning-UNUSEDSIGNAL: /home/luxyxp/Documents/mainfiles/FPGA/main_codes/rtl/desgin_sources/CPU/cv32e40p_rtl/cv32e40p_controller.sv:238:9: Signal is not used: 'hwlp_end_4_id_d'
                                                                                                                                        : ... note: In instance 'top_module.cpu_inst.CORE.core_i.id_stage_i.controller_i'
  238 |   logic hwlp_end_4_id_d, hwlp_end_4_id_q;
      |         ^~~~~~~~~~~~~~~
%Warning-UNUSEDSIGNAL: /home/luxyxp/Documents/mainfiles/FPGA/main_codes/rtl/desgin_sources/CPU/cv32e40p_rtl/cv32e40p_controller.sv:238:26: Signal is not used: 'hwlp_end_4_id_q'
                                                                                                                                         : ... note: In instance 'top_module.cpu_inst.CORE.core_i.id_stage_i.controller_i'
  238 |   logic hwlp_end_4_id_d, hwlp_end_4_id_q;
      |                          ^~~~~~~~~~~~~~~
%Warning-UNUSEDSIGNAL: /home/luxyxp/Documents/mainfiles/FPGA/main_codes/rtl/desgin_sources/CPU/cv32e40p_rtl/cv32e40p_int_controller.sv:46:29: Signal is not used: 'u_ie_i'
                                                                                                                                            : ... note: In instance 'top_module.cpu_inst.CORE.core_i.id_stage_i.int_controller_i'
   46 |     input  logic            u_ie_i,   
      |                             ^~~~~~
%Warning-UNUSEDSIGNAL: /home/luxyxp/Documents/mainfiles/FPGA/main_codes/rtl/desgin_sources/CPU/cv32e40p_rtl/cv32e40p_int_controller.sv:47:29: Signal is not used: 'current_priv_lvl_i'
                                                                                                                                            : ... note: In instance 'top_module.cpu_inst.CORE.core_i.id_stage_i.int_controller_i'
   47 |     input  PrivLvl_t        current_priv_lvl_i
      |                             ^~~~~~~~~~~~~~~~~~
%Warning-UNUSEDSIGNAL: /home/luxyxp/Documents/mainfiles/FPGA/main_codes/rtl/desgin_sources/CPU/cv32e40p_rtl/cv32e40p_mult.sv:76:29: Bits of signal are not used: 'short_round_tmp'[0]
                                                                                                                                  : ... note: In instance 'top_module.cpu_inst.CORE.core_i.ex_stage_i.mult_i'
   76 |   logic [31:0] short_round, short_round_tmp;
      |                             ^~~~~~~~~~~~~~~
%Warning-UNUSEDSIGNAL: /home/luxyxp/Documents/mainfiles/FPGA/main_codes/rtl/desgin_sources/CPU/cv32e40p_rtl/cv32e40p_mult.sv:77:16: Bits of signal are not used: 'short_result'[33:32]
                                                                                                                                  : ... note: In instance 'top_module.cpu_inst.CORE.core_i.ex_stage_i.mult_i'
   77 |   logic [33:0] short_result;
      |                ^~~~~~~~~~~~
%Warning-UNUSEDSIGNAL: /home/luxyxp/Documents/mainfiles/FPGA/main_codes/rtl/desgin_sources/CPU/cv32e40p_rtl/cv32e40p_mult.sv:243:16: Bits of signal are not used: 'dot_short_result'[32]
                                                                                                                                   : ... note: In instance 'top_module.cpu_inst.CORE.core_i.ex_stage_i.mult_i'
  243 |   logic [32:0] dot_short_result;
      |                ^~~~~~~~~~~~~~~~
%Warning-UNUSEDSIGNAL: /home/luxyxp/Documents/mainfiles/FPGA/main_codes/rtl/desgin_sources/CPU/cv32e40p_rtl/cv32e40p_prefetch_buffer.sv:52:25: Signal is not used: 'instr_err_pmp_i'
                                                                                                                                             : ... note: In instance 'top_module.cpu_inst.CORE.core_i.if_stage_i.prefetch_buffer_i'
   52 |     input  logic        instr_err_pmp_i,   
      |                         ^~~~~~~~~~~~~~~
%Warning-UNUSEDSIGNAL: /home/luxyxp/Documents/mainfiles/FPGA/main_codes/rtl/desgin_sources/CPU/cv32e40p_rtl/cv32e40p_prefetch_buffer.sv:66:29: Bits of signal are not used: 'trans_addr'[1:0]
                                                                                                                                             : ... note: In instance 'top_module.cpu_inst.CORE.core_i.if_stage_i.prefetch_buffer_i'
   66 |   logic [             31:0] trans_addr;
      |                             ^~~~~~~~~~
%Warning-UNUSEDSIGNAL: /home/luxyxp/Documents/mainfiles/FPGA/main_codes/rtl/desgin_sources/CPU/cv32e40p_rtl/cv32e40p_prefetch_buffer.sv:80:29: Signal is not used: 'resp_err'
                                                                                                                                             : ... note: In instance 'top_module.cpu_inst.CORE.core_i.if_stage_i.prefetch_buffer_i'
   80 |   logic                     resp_err;   
      |                             ^~~~~~~~
%Warning-UNUSEDSIGNAL: /home/luxyxp/Documents/mainfiles/FPGA/main_codes/rtl/desgin_sources/CPU/cv32e40p_rtl/cv32e40p_register_file_ff.sv:40:17: Signal is not used: 'scan_cg_en_i'
                                                                                                                                              : ... note: In instance 'top_module.cpu_inst.CORE.core_i.id_stage_i.register_file_i'
   40 |     input logic scan_cg_en_i,
      |                 ^~~~~~~~~~~~
%Warning-UNUSEDSIGNAL: /home/luxyxp/Documents/mainfiles/FPGA/main_codes/rtl/desgin_sources/CPU/cv32e40p_rtl/cv32e40p_register_file_ff.sv:82:45: Bits of signal are not used: 'we_a_dec'[0]
                                                                                                                                              : ... note: In instance 'top_module.cpu_inst.CORE.core_i.id_stage_i.register_file_i'
   82 |   logic [NUM_TOT_WORDS-1:0]                 we_a_dec;
      |                                             ^~~~~~~~
%Warning-UNUSEDSIGNAL: /home/luxyxp/Documents/mainfiles/FPGA/main_codes/rtl/desgin_sources/CPU/cv32e40p_rtl/cv32e40p_register_file_ff.sv:83:45: Bits of signal are not used: 'we_b_dec'[0]
                                                                                                                                              : ... note: In instance 'top_module.cpu_inst.CORE.core_i.id_stage_i.register_file_i'
   83 |   logic [NUM_TOT_WORDS-1:0]                 we_b_dec;
      |                                             ^~~~~~~~
%Warning-UNUSEDSIGNAL: /home/luxyxp/Documents/mainfiles/FPGA/main_codes/rtl/desgin_sources/CPU/cv32e40p_rtl/cv32e40p_ff_one.sv:37:45: Bits of signal are not used: 'sel_nodes'[31]
                                                                                                                                    : ... note: In instance 'top_module.cpu_inst.CORE.core_i.ex_stage_i.alu_i.ff_one_i'
   37 |   logic [2**NUM_LEVELS-1:0]                 sel_nodes;
      |                                             ^~~~~~~~~
%Warning-UNUSEDSIGNAL: /home/luxyxp/Documents/mainfiles/FPGA/main_codes/rtl/desgin_sources/CPU/cv32e40p_rtl/cv32e40p_ff_one.sv:38:45: Bits of signal are not driven, nor used: 'index_nodes'[159:155]
                                                                                                                                    : ... note: In instance 'top_module.cpu_inst.CORE.core_i.ex_stage_i.alu_i.ff_one_i'
   38 |   logic [2**NUM_LEVELS-1:0][NUM_LEVELS-1:0] index_nodes;
      |                                             ^~~~~~~~~~~
%Warning-UNUSEDSIGNAL: /home/luxyxp/Documents/mainfiles/FPGA/main_codes/rtl/desgin_sources/CPU/cv32e40p_rtl/cv32e40p_obi_interface.sv:41:17: Signal is not used: 'clk'
                                                                                                                                           : ... note: In instance 'top_module.cpu_inst.CORE.core_i.load_store_unit_i.data_obi_i'
   41 |     input logic clk,
      |                 ^~~
%Warning-UNUSEDSIGNAL: /home/luxyxp/Documents/mainfiles/FPGA/main_codes/rtl/desgin_sources/CPU/cv32e40p_rtl/cv32e40p_obi_interface.sv:42:17: Signal is not used: 'rst_n'
                                                                                                                                           : ... note: In instance 'top_module.cpu_inst.CORE.core_i.load_store_unit_i.data_obi_i'
   42 |     input logic rst_n,
      |                 ^~~~~
%Warning-UNUSEDSIGNAL: /home/luxyxp/Documents/mainfiles/FPGA/main_codes/rtl/desgin_sources/CPU/cv32e40p_rtl/cv32e40p_obi_interface.sv:75:7: Signal is not used: 'state_q'
                                                                                                                                          : ... note: In instance 'top_module.cpu_inst.CORE.core_i.load_store_unit_i.data_obi_i'
   75 |       state_q, next_state;
      |       ^~~~~~~
%Warning-UNUSEDSIGNAL: /home/luxyxp/Documents/mainfiles/FPGA/main_codes/rtl/desgin_sources/CPU/cv32e40p_rtl/cv32e40p_obi_interface.sv:75:16: Signal is not used: 'next_state'
                                                                                                                                           : ... note: In instance 'top_module.cpu_inst.CORE.core_i.load_store_unit_i.data_obi_i'
   75 |       state_q, next_state;
      |                ^~~~~~~~~~
%Warning-UNUSEDSIGNAL: /home/luxyxp/Documents/mainfiles/FPGA/main_codes/rtl/desgin_sources/CPU/cv32e40p_rtl/cv32e40p_prefetch_controller.sv:52:25: Bits of signal are not used: 'branch_addr_i'[1:0]
                                                                                                                                                 : ... note: In instance 'top_module.cpu_inst.CORE.core_i.if_stage_i.prefetch_buffer_i.prefetch_controller_i'
   52 |     input  logic [31:0] branch_addr_i,   
      |                         ^~~~~~~~~~~~~
%Warning-UNUSEDSIGNAL: /home/luxyxp/Documents/mainfiles/FPGA/main_codes/rtl/desgin_sources/CPU/cv32e40p_rtl/cv32e40p_prefetch_controller.sv:103:9: Signal is not used: 'hwlp_wait_resp_flush'
                                                                                                                                                 : ... note: In instance 'top_module.cpu_inst.CORE.core_i.if_stage_i.prefetch_buffer_i.prefetch_controller_i'
  103 |   logic hwlp_wait_resp_flush;   
      |         ^~~~~~~~~~~~~~~~~~~~
%Warning-UNUSEDSIGNAL: /home/luxyxp/Documents/mainfiles/FPGA/main_codes/rtl/desgin_sources/CPU/cv32e40p_rtl/cv32e40p_prefetch_controller.sv:104:9: Signal is not used: 'hwlp_flush_after_resp'
                                                                                                                                                 : ... note: In instance 'top_module.cpu_inst.CORE.core_i.if_stage_i.prefetch_buffer_i.prefetch_controller_i'
  104 |   logic hwlp_flush_after_resp;   
      |         ^~~~~~~~~~~~~~~~~~~~~
%Warning-UNUSEDSIGNAL: /home/luxyxp/Documents/mainfiles/FPGA/main_codes/rtl/desgin_sources/CPU/cv32e40p_rtl/cv32e40p_fifo.sv:26:17: Signal is not used: 'testmode_i'
                                                                                                                                  : ... note: In instance 'top_module.cpu_inst.CORE.core_i.if_stage_i.prefetch_buffer_i.fifo_i'
   26 |     input logic testmode_i,   
      |                 ^~~~~~~~~~
%Warning-UNUSEDPARAM: /home/luxyxp/Documents/mainfiles/FPGA/main_codes/rtl/desgin_sources/CPU/cv32e40p_rtl/include/cv32e40p_pkg.sv:523:27: Parameter is not used: 'CSR_MFIX_BIT_LOW'
                                                                                                                                         : ... note: In instance 'top_module.cpu_inst.CORE.core_i.if_stage_i.prefetch_buffer_i.fifo_i'
  523 |   localparam int unsigned CSR_MFIX_BIT_LOW = 16;
      |                           ^~~~~~~~~~~~~~~~
%Warning-UNUSEDPARAM: /home/luxyxp/Documents/mainfiles/FPGA/main_codes/rtl/desgin_sources/CPU/cv32e40p_rtl/include/cv32e40p_pkg.sv:524:27: Parameter is not used: 'CSR_MFIX_BIT_HIGH'
                                                                                                                                         : ... note: In instance 'top_module.cpu_inst.CORE.core_i.if_stage_i.prefetch_buffer_i.fifo_i'
  524 |   localparam int unsigned CSR_MFIX_BIT_HIGH = 31;
      |                           ^~~~~~~~~~~~~~~~~
%Warning-UNUSEDPARAM: /home/luxyxp/Documents/mainfiles/FPGA/main_codes/rtl/desgin_sources/CPU/cv32e40p_rtl/include/cv32e40p_pkg.sv:527:14: Parameter is not used: 'SP_DVR0'
                                                                                                                                         : ... note: In instance 'top_module.cpu_inst.CORE.core_i.if_stage_i.prefetch_buffer_i.fifo_i'
  527 |   localparam SP_DVR0 = 16'h3000;
      |              ^~~~~~~
%Warning-UNUSEDPARAM: /home/luxyxp/Documents/mainfiles/FPGA/main_codes/rtl/desgin_sources/CPU/cv32e40p_rtl/include/cv32e40p_pkg.sv:528:14: Parameter is not used: 'SP_DCR0'
                                                                                                                                         : ... note: In instance 'top_module.cpu_inst.CORE.core_i.if_stage_i.prefetch_buffer_i.fifo_i'
  528 |   localparam SP_DCR0 = 16'h3008;
      |              ^~~~~~~
%Warning-UNUSEDPARAM: /home/luxyxp/Documents/mainfiles/FPGA/main_codes/rtl/desgin_sources/CPU/cv32e40p_rtl/include/cv32e40p_pkg.sv:529:14: Parameter is not used: 'SP_DMR1'
                                                                                                                                         : ... note: In instance 'top_module.cpu_inst.CORE.core_i.if_stage_i.prefetch_buffer_i.fifo_i'
  529 |   localparam SP_DMR1 = 16'h3010;
      |              ^~~~~~~
%Warning-UNUSEDPARAM: /home/luxyxp/Documents/mainfiles/FPGA/main_codes/rtl/desgin_sources/CPU/cv32e40p_rtl/include/cv32e40p_pkg.sv:530:14: Parameter is not used: 'SP_DMR2'
                                                                                                                                         : ... note: In instance 'top_module.cpu_inst.CORE.core_i.if_stage_i.prefetch_buffer_i.fifo_i'
  530 |   localparam SP_DMR2 = 16'h3011;
      |              ^~~~~~~
%Warning-UNUSEDPARAM: /home/luxyxp/Documents/mainfiles/FPGA/main_codes/rtl/desgin_sources/CPU/cv32e40p_rtl/include/cv32e40p_pkg.sv:532:14: Parameter is not used: 'SP_DVR_MSB'
                                                                                                                                         : ... note: In instance 'top_module.cpu_inst.CORE.core_i.if_stage_i.prefetch_buffer_i.fifo_i'
  532 |   localparam SP_DVR_MSB = 8'h00;
      |              ^~~~~~~~~~
%Warning-UNUSEDPARAM: /home/luxyxp/Documents/mainfiles/FPGA/main_codes/rtl/desgin_sources/CPU/cv32e40p_rtl/include/cv32e40p_pkg.sv:533:14: Parameter is not used: 'SP_DCR_MSB'
                                                                                                                                         : ... note: In instance 'top_module.cpu_inst.CORE.core_i.if_stage_i.prefetch_buffer_i.fifo_i'
  533 |   localparam SP_DCR_MSB = 8'h01;
      |              ^~~~~~~~~~
%Warning-UNUSEDPARAM: /home/luxyxp/Documents/mainfiles/FPGA/main_codes/rtl/desgin_sources/CPU/cv32e40p_rtl/include/cv32e40p_pkg.sv:534:14: Parameter is not used: 'SP_DMR_MSB'
                                                                                                                                         : ... note: In instance 'top_module.cpu_inst.CORE.core_i.if_stage_i.prefetch_buffer_i.fifo_i'
  534 |   localparam SP_DMR_MSB = 8'h02;
      |              ^~~~~~~~~~
%Warning-UNUSEDPARAM: /home/luxyxp/Documents/mainfiles/FPGA/main_codes/rtl/desgin_sources/CPU/cv32e40p_rtl/include/cv32e40p_pkg.sv:535:14: Parameter is not used: 'SP_DSR_MSB'
                                                                                                                                         : ... note: In instance 'top_module.cpu_inst.CORE.core_i.if_stage_i.prefetch_buffer_i.fifo_i'
  535 |   localparam SP_DSR_MSB = 8'h04;
      |              ^~~~~~~~~~
%Warning-UNUSEDPARAM: /home/luxyxp/Documents/mainfiles/FPGA/main_codes/rtl/desgin_sources/CPU/cv32e40p_rtl/include/cv32e40p_pkg.sv:737:14: Parameter is not used: 'DBG_CAUSE_RSTHALTREQ'
                                                                                                                                         : ... note: In instance 'top_module.cpu_inst.CORE.core_i.if_stage_i.prefetch_buffer_i.fifo_i'
  737 |   localparam DBG_CAUSE_RSTHALTREQ = 3'h5;
      |              ^~~~~~~~~~~~~~~~~~~~
%Warning-UNUSEDPARAM: /home/luxyxp/Documents/mainfiles/FPGA/main_codes/rtl/desgin_sources/CPU/cv32e40p_rtl/include/cv32e40p_pkg.sv:740:14: Parameter is not used: 'DBG_SETS_W'
                                                                                                                                         : ... note: In instance 'top_module.cpu_inst.CORE.core_i.if_stage_i.prefetch_buffer_i.fifo_i'
  740 |   localparam DBG_SETS_W = 6;
      |              ^~~~~~~~~~
%Warning-UNUSEDPARAM: /home/luxyxp/Documents/mainfiles/FPGA/main_codes/rtl/desgin_sources/CPU/cv32e40p_rtl/include/cv32e40p_pkg.sv:742:14: Parameter is not used: 'DBG_SETS_IRQ'
                                                                                                                                         : ... note: In instance 'top_module.cpu_inst.CORE.core_i.if_stage_i.prefetch_buffer_i.fifo_i'
  742 |   localparam DBG_SETS_IRQ = 5;
      |              ^~~~~~~~~~~~
%Warning-UNUSEDPARAM: /home/luxyxp/Documents/mainfiles/FPGA/main_codes/rtl/desgin_sources/CPU/cv32e40p_rtl/include/cv32e40p_pkg.sv:743:14: Parameter is not used: 'DBG_SETS_ECALL'
                                                                                                                                         : ... note: In instance 'top_module.cpu_inst.CORE.core_i.if_stage_i.prefetch_buffer_i.fifo_i'
  743 |   localparam DBG_SETS_ECALL = 4;
      |              ^~~~~~~~~~~~~~
%Warning-UNUSEDPARAM: /home/luxyxp/Documents/mainfiles/FPGA/main_codes/rtl/desgin_sources/CPU/cv32e40p_rtl/include/cv32e40p_pkg.sv:744:14: Parameter is not used: 'DBG_SETS_EILL'
                                                                                                                                         : ... note: In instance 'top_module.cpu_inst.CORE.core_i.if_stage_i.prefetch_buffer_i.fifo_i'
  744 |   localparam DBG_SETS_EILL = 3;
      |              ^~~~~~~~~~~~~
%Warning-UNUSEDPARAM: /home/luxyxp/Documents/mainfiles/FPGA/main_codes/rtl/desgin_sources/CPU/cv32e40p_rtl/include/cv32e40p_pkg.sv:745:14: Parameter is not used: 'DBG_SETS_ELSU'
                                                                                                                                         : ... note: In instance 'top_module.cpu_inst.CORE.core_i.if_stage_i.prefetch_buffer_i.fifo_i'
  745 |   localparam DBG_SETS_ELSU = 2;
      |              ^~~~~~~~~~~~~
%Warning-UNUSEDPARAM: /home/luxyxp/Documents/mainfiles/FPGA/main_codes/rtl/desgin_sources/CPU/cv32e40p_rtl/include/cv32e40p_pkg.sv:746:14: Parameter is not used: 'DBG_SETS_EBRK'
                                                                                                                                         : ... note: In instance 'top_module.cpu_inst.CORE.core_i.if_stage_i.prefetch_buffer_i.fifo_i'
  746 |   localparam DBG_SETS_EBRK = 1;
      |              ^~~~~~~~~~~~~
%Warning-UNUSEDPARAM: /home/luxyxp/Documents/mainfiles/FPGA/main_codes/rtl/desgin_sources/CPU/cv32e40p_rtl/include/cv32e40p_pkg.sv:747:14: Parameter is not used: 'DBG_SETS_SSTE'
                                                                                                                                         : ... note: In instance 'top_module.cpu_inst.CORE.core_i.if_stage_i.prefetch_buffer_i.fifo_i'
  747 |   localparam DBG_SETS_SSTE = 0;
      |              ^~~~~~~~~~~~~
%Warning-UNUSEDPARAM: /home/luxyxp/Documents/mainfiles/FPGA/main_codes/rtl/desgin_sources/CPU/cv32e40p_rtl/include/cv32e40p_pkg.sv:749:14: Parameter is not used: 'DBG_CAUSE_HALT'
                                                                                                                                         : ... note: In instance 'top_module.cpu_inst.CORE.core_i.if_stage_i.prefetch_buffer_i.fifo_i'
  749 |   localparam DBG_CAUSE_HALT = 6'h1F;
      |              ^~~~~~~~~~~~~~
%Warning-UNUSEDPARAM: /home/luxyxp/Documents/mainfiles/FPGA/main_codes/rtl/desgin_sources/CPU/cv32e40p_rtl/include/cv32e40p_pkg.sv:782:27: Parameter is not used: 'C_LAT_DIVSQRT'
                                                                                                                                         : ... note: In instance 'top_module.cpu_inst.CORE.core_i.if_stage_i.prefetch_buffer_i.fifo_i'
  782 |   localparam int unsigned C_LAT_DIVSQRT = 'd1;   
      |                           ^~~~~~~~~~~~~
%Warning-UNUSEDPARAM: /home/luxyxp/Documents/mainfiles/FPGA/main_codes/rtl/desgin_sources/CPU/cv32e40p_rtl/include/cv32e40p_pkg.sv:789:14: Parameter is not used: 'C_FLEN'
                                                                                                                                         : ... note: In instance 'top_module.cpu_inst.CORE.core_i.if_stage_i.prefetch_buffer_i.fifo_i'
  789 |   localparam C_FLEN = C_RVD ? 64 :   
      |              ^~~~~~
%Warning-UNSIGNED: /home/luxyxp/Documents/mainfiles/FPGA/main_codes/rtl/desgin_sources/Interconnect/Interconnect/AXI4_Interconnect.sv:266:45: Comparison is constant due to unsigned arithmetic
                                                                                                                                            : ... note: In instance 'top_module.interconnect_inst'
  266 |     assign sel_bootram_ar  = (axi_s0_araddr >= 32'h0000_0000) && (axi_s0_araddr < 32'h0001_0000);
      |                                             ^~
                   ... For warning description see https://verilator.org/warn/UNSIGNED?v=5.044
                   ... Use "/* verilator lint_off UNSIGNED */" and lint_on around source to disable this message.
%Warning-UNSIGNED: /home/luxyxp/Documents/mainfiles/FPGA/main_codes/rtl/desgin_sources/Interconnect/Instruction_Splitter/Instruction_Splitter.sv:44:47: Comparison is constant due to unsigned arithmetic
                                                                                                                                                      : ... note: In instance 'top_module.instr_splitter_inst'
   44 |     assign boot_ram_read        = (axi_araddr >= 32'h0000_0000) && (axi_araddr < 32'h0001_0000);
      |                                               ^~
%Warning-CASEINCOMPLETE: /home/luxyxp/Documents/mainfiles/FPGA/main_codes/rtl/desgin_sources/AI_Accelerator/yz_csr_wrapper.sv:55:17: Case values incompletely covered (example pattern 0x1)
   55 |                 case (YZ_awaddr[7:0])
      |                 ^~~~
                         ... For warning description see https://verilator.org/warn/CASEINCOMPLETE?v=5.044
                         ... Use "/* verilator lint_off CASEINCOMPLETE */" and lint_on around source to disable this message.
%Warning-CASEINCOMPLETE: /home/luxyxp/Documents/mainfiles/FPGA/main_codes/rtl/desgin_sources/CPU/cv32e40p_rtl/cv32e40p_aligner.sv:102:5: Case values incompletely covered (example pattern 0x4)
  102 |     case (state)
      |     ^~~~
%Warning-CASEINCOMPLETE: /home/luxyxp/Documents/mainfiles/FPGA/main_codes/rtl/desgin_sources/CPU/cv32e40p_rtl/cv32e40p_alu.sv:139:7: Case values incompletely covered (example pattern 0x0)
  139 |       case (vector_mode_i)
      |       ^~~~
%Warning-CASEINCOMPLETE: /home/luxyxp/Documents/mainfiles/FPGA/main_codes/rtl/desgin_sources/CPU/cv32e40p_rtl/cv32e40p_alu.sv:153:7: Case values incompletely covered (example pattern 0x0)
  153 |       case (vector_mode_i)
      |       ^~~~
%Warning-CASEINCOMPLETE: /home/luxyxp/Documents/mainfiles/FPGA/main_codes/rtl/desgin_sources/CPU/cv32e40p_rtl/cv32e40p_alu.sv:752:5: Case values incompletely covered (example pattern 0x0)
  752 |     case (operator_i)
      |     ^~~~
%Warning-CASEINCOMPLETE: /home/luxyxp/Documents/mainfiles/FPGA/main_codes/rtl/desgin_sources/CPU/cv32e40p_rtl/cv32e40p_mult.sv:140:5: Case values incompletely covered (example pattern 0x5)
  140 |     case (mulh_CS)
      |     ^~~~
%Warning-CASEINCOMPLETE: /home/luxyxp/Documents/mainfiles/FPGA/main_codes/rtl/desgin_sources/CPU/cv32e40p_rtl/cv32e40p_load_store_unit.sv:332:7: Case values incompletely covered (example pattern 0x2)
  332 |       case (data_type_ex_i)
      |       ^~~~
%Warning-CASEINCOMPLETE: /home/luxyxp/Documents/mainfiles/FPGA/main_codes/rtl/desgin_sources/CPU/cv32e40p_rtl/cv32e40p_cs_registers.sv:920:7: Case values incompletely covered (example pattern 0x0)
  920 |       case (csr_addr_i)
      |       ^~~~
%Warning-CASEINCOMPLETE: /home/luxyxp/Documents/mainfiles/asic_rtl/patched/UART_GU_AXI4_Lite_asic.sv:186:17: Case values incompletely covered (example pattern 0x1)
  186 |                 case (awaddr[7:0])
      |                 ^~~~
%Warning-CASEINCOMPLETE: /home/luxyxp/Documents/mainfiles/asic_rtl/patched/UART_GU_AXI4_Lite_asic.sv:205:17: Case values incompletely covered (example pattern 0x1)
  205 |                 case (araddr[7:0])
      |                 ^~~~
%Warning-CASEINCOMPLETE: /home/luxyxp/Documents/mainfiles/asic_rtl/patched/UART_GU_AXI4_Lite_asic.sv:226:17: Case values incompletely covered (example pattern 0x1)
  226 |                 case (tx_state)
      |                 ^~~~
%Warning-CASEINCOMPLETE: /home/luxyxp/Documents/mainfiles/asic_rtl/patched/UART_YZ_AXI4_Lite_asic.sv:193:17: Case values incompletely covered (example pattern 0x1)
  193 |                 case (awaddr[7:0])
      |                 ^~~~
%Warning-CASEINCOMPLETE: /home/luxyxp/Documents/mainfiles/asic_rtl/patched/UART_YZ_AXI4_Lite_asic.sv:212:17: Case values incompletely covered (example pattern 0x1)
  212 |                 case (araddr[7:0])
      |                 ^~~~
%Warning-CASEINCOMPLETE: /home/luxyxp/Documents/mainfiles/asic_rtl/patched/UART_YZ_AXI4_Lite_asic.sv:233:17: Case values incompletely covered (example pattern 0x1)
  233 |                 case (tx_state)
      |                 ^~~~
%Warning-CASEINCOMPLETE: /home/luxyxp/Documents/mainfiles/FPGA/main_codes/rtl/desgin_sources/Peripherals/I2C/I2C_Master_AXI4_Lite.sv:186:17: Case values incompletely covered (example pattern 0x1)
  186 |                 case (awaddr[7:0])
      |                 ^~~~
%Warning-CASEINCOMPLETE: /home/luxyxp/Documents/mainfiles/asic_rtl/patched/GPIO_AXI4_Lite_asic.sv:108:17: Case values incompletely covered (example pattern 0x1)
  108 |                 case (araddr[3:0])
      |                 ^~~~
%Warning-CASEINCOMPLETE: /home/luxyxp/Documents/mainfiles/asic_rtl/patched/QSPI_Master_AXI4_Lite_asic.sv:637:17: Case values incompletely covered (example pattern 0x1)
  637 |                 case (awaddr[7:0])
      |                 ^~~~
%Warning-UNOPTFLAT: /home/luxyxp/Documents/mainfiles/FPGA/main_codes/rtl/desgin_sources/CPU/cv32e40p_rtl/cv32e40p_id_stage.sv:293:16: Signal unoptimizable: Circular combinational logic: 'top_module.cpu_inst.CORE.core_i.id_stage_i.ctrl_transfer_insn_in_id'
  293 |   logic [ 1:0] ctrl_transfer_insn_in_id;
      |                ^~~~~~~~~~~~~~~~~~~~~~~~
                    ... For warning description see https://verilator.org/warn/UNOPTFLAT?v=5.044
                    ... Use "/* verilator lint_off UNOPTFLAT */" and lint_on around source to disable this message.
                    /home/luxyxp/Documents/mainfiles/FPGA/main_codes/rtl/desgin_sources/CPU/cv32e40p_rtl/cv32e40p_id_stage.sv:293:16:      Example path: top_module.cpu_inst.CORE.core_i.id_stage_i.ctrl_transfer_insn_in_id
                    /home/luxyxp/Documents/mainfiles/FPGA/main_codes/rtl/desgin_sources/CPU/cv32e40p_rtl/cv32e40p_controller.sv:256:3:      Example path: ALWAYS
                    /home/luxyxp/Documents/mainfiles/FPGA/main_codes/rtl/desgin_sources/CPU/cv32e40p_rtl/cv32e40p_core.sv:288:23:      Example path: top_module.cpu_inst.CORE.core_i.instr_req_int
                    /home/luxyxp/Documents/mainfiles/FPGA/main_codes/rtl/desgin_sources/CPU/cv32e40p_rtl/cv32e40p_prefetch_controller.sv:146:28:      Example path: ASSIGNW
                    /home/luxyxp/Documents/mainfiles/FPGA/main_codes/rtl/desgin_sources/CPU/cv32e40p_rtl/cv32e40p_prefetch_buffer.sv:64:29:      Example path: top_module.cpu_inst.CORE.core_i.if_stage_i.prefetch_buffer_i.trans_valid
                    /home/luxyxp/Documents/mainfiles/FPGA/main_codes/rtl/desgin_sources/CPU/cv32e40p_rtl/cv32e40p_core.sv:1108:28:      Example path: ASSIGNW
                    /home/luxyxp/Documents/mainfiles/asic_rtl/patched/cv32e40p_obi_to_axi_wrapper_asic.sv:107:17:      Example path: top_module.cpu_inst.instr_req
                    /home/luxyxp/Documents/mainfiles/asic_rtl/patched/cv32e40p_obi_to_axi_wrapper_asic.sv:107:17:      Example path: ASSIGNW
                    /home/luxyxp/Documents/mainfiles/asic_rtl/patched/cv32e40p_obi_to_axi_wrapper_asic.sv:191:21:      Example path: top_module.cpu_inst.instr_obi_istegi
                    /home/luxyxp/Documents/mainfiles/asic_rtl/patched/obi_to_axi_asic.sv:169:5:      Example path: ALWAYS
                    /home/luxyxp/Documents/mainfiles/asic_rtl/patched/cv32e40p_obi_to_axi_wrapper_asic.sv:194:22:      Example path: top_module.cpu_inst.instr_axi_istegi
                    /home/luxyxp/Documents/mainfiles/FPGA/main_codes/rtl/desgin_sources/Interconnect/Instruction_Splitter/Instruction_Splitter.sv:51:22:      Example path: ASSIGNW
                    /home/luxyxp/Documents/mainfiles/asic_rtl/patched/Top_module_asic.sv:328:18:      Example path: top_module.axi_instr_bram_arvalid
                    /home/luxyxp/Documents/mainfiles/asic_rtl/tech/axi_read_arbiter2.sv:69:22:      Example path: ASSIGNW
                    /home/luxyxp/Documents/mainfiles/asic_rtl/tech/axi_read_arbiter2.sv:55:11:      Example path: top_module.instr_read_arbiter_inst.select_m1
                    /home/luxyxp/Documents/mainfiles/asic_rtl/patched/Top_module_asic.sv:115:18:      Example path: ASSIGNW
                    /home/luxyxp/Documents/mainfiles/asic_rtl/patched/cv32e40p_obi_to_axi_wrapper_asic.sv:195:22:      Example path: top_module.cpu_inst.instr_axi_cevabi
                    /home/luxyxp/Documents/mainfiles/asic_rtl/patched/obi_to_axi_asic.sv:228:3:      Example path: ALWAYS
                    /home/luxyxp/Documents/mainfiles/asic_rtl/patched/cv32e40p_obi_to_axi_wrapper_asic.sv:194:22:      Example path: top_module.cpu_inst.instr_axi_istegi
%Warning-UNOPTFLAT: /home/luxyxp/Documents/mainfiles/asic_rtl/patched/cv32e40p_obi_to_axi_wrapper_asic.sv:195:22: Signal unoptimizable: Circular combinational logic: 'top_module.cpu_inst.instr_axi_cevabi'
  195 |     kyber_axi_resp_t instr_axi_cevabi;
      |                      ^~~~~~~~~~~~~~~~
                    /home/luxyxp/Documents/mainfiles/asic_rtl/patched/cv32e40p_obi_to_axi_wrapper_asic.sv:195:22:      Example path: top_module.cpu_inst.instr_axi_cevabi
                    /home/luxyxp/Documents/mainfiles/asic_rtl/patched/obi_to_axi_asic.sv:228:3:      Example path: ALWAYS
                    /home/luxyxp/Documents/mainfiles/asic_rtl/patched/cv32e40p_obi_to_axi_wrapper_asic.sv:194:22:      Example path: top_module.cpu_inst.instr_axi_istegi
                    /home/luxyxp/Documents/mainfiles/FPGA/main_codes/rtl/desgin_sources/Interconnect/Instruction_Splitter/Instruction_Splitter.sv:51:22:      Example path: ASSIGNW
                    /home/luxyxp/Documents/mainfiles/asic_rtl/patched/Top_module_asic.sv:328:18:      Example path: top_module.axi_instr_bram_arvalid
                    /home/luxyxp/Documents/mainfiles/asic_rtl/tech/axi_read_arbiter2.sv:69:22:      Example path: ASSIGNW
                    /home/luxyxp/Documents/mainfiles/asic_rtl/tech/axi_read_arbiter2.sv:55:11:      Example path: top_module.instr_read_arbiter_inst.select_m1
                    /home/luxyxp/Documents/mainfiles/asic_rtl/patched/Top_module_asic.sv:115:18:      Example path: ASSIGNW
                    /home/luxyxp/Documents/mainfiles/asic_rtl/patched/cv32e40p_obi_to_axi_wrapper_asic.sv:195:22:      Example path: top_module.cpu_inst.instr_axi_cevabi
%Warning-UNOPTFLAT: /home/luxyxp/Documents/mainfiles/asic_rtl/patched/cv32e40p_obi_to_axi_wrapper_asic.sv:202:22: Signal unoptimizable: Circular combinational logic: 'top_module.cpu_inst.data_axi_cevabi'
  202 |     kyber_axi_resp_t data_axi_cevabi;
      |                      ^~~~~~~~~~~~~~~
                    /home/luxyxp/Documents/mainfiles/asic_rtl/patched/cv32e40p_obi_to_axi_wrapper_asic.sv:202:22:      Example path: top_module.cpu_inst.data_axi_cevabi
                    /home/luxyxp/Documents/mainfiles/asic_rtl/patched/obi_to_axi_asic.sv:228:3:      Example path: ALWAYS
                    /home/luxyxp/Documents/mainfiles/asic_rtl/patched/cv32e40p_obi_to_axi_wrapper_asic.sv:201:22:      Example path: top_module.cpu_inst.data_axi_istegi
                    /home/luxyxp/Documents/mainfiles/asic_rtl/patched/obi_to_axi_asic.sv:407:27:      Example path: ASSIGNW
                    /home/luxyxp/Documents/mainfiles/asic_rtl/patched/cv32e40p_obi_to_axi_wrapper_asic.sv:199:21:      Example path: top_module.cpu_inst.data_obi_cevabi
                    /home/luxyxp/Documents/mainfiles/FPGA/main_codes/rtl/desgin_sources/CPU/cv32e40p_rtl/cv32e40p_load_store_unit.sv:384:25:      Example path: ASSIGNW
                    /home/luxyxp/Documents/mainfiles/FPGA/main_codes/rtl/desgin_sources/CPU/cv32e40p_rtl/cv32e40p_core.sv:283:23:      Example path: top_module.cpu_inst.CORE.core_i.lsu_ready_wb
                    /home/luxyxp/Documents/mainfiles/FPGA/main_codes/rtl/desgin_sources/CPU/cv32e40p_rtl/cv32e40p_controller.sv:1361:23:      Example path: ASSIGNW
                    /home/luxyxp/Documents/mainfiles/FPGA/main_codes/rtl/desgin_sources/CPU/cv32e40p_rtl/cv32e40p_id_stage.sv:298:16:      Example path: top_module.cpu_inst.CORE.core_i.id_stage_i.load_stall
                    /home/luxyxp/Documents/mainfiles/FPGA/main_codes/rtl/desgin_sources/CPU/cv32e40p_rtl/cv32e40p_id_stage.sv:1679:21:      Example path: ASSIGNW
                    /home/luxyxp/Documents/mainfiles/FPGA/main_codes/rtl/desgin_sources/CPU/cv32e40p_rtl/cv32e40p_core.sv:275:23:      Example path: top_module.cpu_inst.CORE.core_i.id_ready
                    /home/luxyxp/Documents/mainfiles/FPGA/main_codes/rtl/desgin_sources/CPU/cv32e40p_rtl/cv32e40p_controller.sv:256:3:      Example path: ALWAYS
                    /home/luxyxp/Documents/mainfiles/FPGA/main_codes/rtl/desgin_sources/CPU/cv32e40p_rtl/cv32e40p_core.sv:288:23:      Example path: top_module.cpu_inst.CORE.core_i.instr_req_int
                    /home/luxyxp/Documents/mainfiles/FPGA/main_codes/rtl/desgin_sources/CPU/cv32e40p_rtl/cv32e40p_prefetch_controller.sv:146:28:      Example path: ASSIGNW
                    /home/luxyxp/Documents/mainfiles/FPGA/main_codes/rtl/desgin_sources/CPU/cv32e40p_rtl/cv32e40p_prefetch_buffer.sv:64:29:      Example path: top_module.cpu_inst.CORE.core_i.if_stage_i.prefetch_buffer_i.trans_valid
                    /home/luxyxp/Documents/mainfiles/FPGA/main_codes/rtl/desgin_sources/CPU/cv32e40p_rtl/cv32e40p_core.sv:1108:28:      Example path: ASSIGNW
                    /home/luxyxp/Documents/mainfiles/asic_rtl/patched/cv32e40p_obi_to_axi_wrapper_asic.sv:107:17:      Example path: top_module.cpu_inst.instr_req
                    /home/luxyxp/Documents/mainfiles/asic_rtl/patched/cv32e40p_obi_to_axi_wrapper_asic.sv:107:17:      Example path: ASSIGNW
                    /home/luxyxp/Documents/mainfiles/asic_rtl/patched/cv32e40p_obi_to_axi_wrapper_asic.sv:191:21:      Example path: top_module.cpu_inst.instr_obi_istegi
                    /home/luxyxp/Documents/mainfiles/asic_rtl/patched/obi_to_axi_asic.sv:169:5:      Example path: ALWAYS
                    /home/luxyxp/Documents/mainfiles/asic_rtl/patched/cv32e40p_obi_to_axi_wrapper_asic.sv:194:22:      Example path: top_module.cpu_inst.instr_axi_istegi
                    /home/luxyxp/Documents/mainfiles/FPGA/main_codes/rtl/desgin_sources/Interconnect/Instruction_Splitter/Instruction_Splitter.sv:51:22:      Example path: ASSIGNW
                    /home/luxyxp/Documents/mainfiles/asic_rtl/patched/Top_module_asic.sv:328:18:      Example path: top_module.axi_instr_bram_arvalid
                    /home/luxyxp/Documents/mainfiles/asic_rtl/tech/axi_read_arbiter2.sv:69:22:      Example path: ASSIGNW
                    /home/luxyxp/Documents/mainfiles/asic_rtl/tech/axi_read_arbiter2.sv:55:11:      Example path: top_module.instr_read_arbiter_inst.select_m1
                    /home/luxyxp/Documents/mainfiles/asic_rtl/patched/Top_module_asic.sv:115:18:      Example path: ASSIGNW
                    /home/luxyxp/Documents/mainfiles/asic_rtl/patched/cv32e40p_obi_to_axi_wrapper_asic.sv:195:22:      Example path: top_module.cpu_inst.instr_axi_cevabi
                    /home/luxyxp/Documents/mainfiles/asic_rtl/patched/obi_to_axi_asic.sv:228:3:      Example path: ALWAYS
                    /home/luxyxp/Documents/mainfiles/asic_rtl/patched/cv32e40p_obi_to_axi_wrapper_asic.sv:194:22:      Example path: top_module.cpu_inst.instr_axi_istegi
%Warning-UNOPTFLAT: /home/luxyxp/Documents/mainfiles/FPGA/main_codes/rtl/desgin_sources/CPU/cv32e40p_rtl/cv32e40p_id_stage.sv:298:16: Signal unoptimizable: Circular combinational logic: 'top_module.cpu_inst.CORE.core_i.id_stage_i.load_stall'
  298 |   logic        load_stall;
      |                ^~~~~~~~~~
                    /home/luxyxp/Documents/mainfiles/FPGA/main_codes/rtl/desgin_sources/CPU/cv32e40p_rtl/cv32e40p_id_stage.sv:298:16:      Example path: top_module.cpu_inst.CORE.core_i.id_stage_i.load_stall
                    /home/luxyxp/Documents/mainfiles/FPGA/main_codes/rtl/desgin_sources/CPU/cv32e40p_rtl/cv32e40p_id_stage.sv:1679:21:      Example path: ASSIGNW
                    /home/luxyxp/Documents/mainfiles/FPGA/main_codes/rtl/desgin_sources/CPU/cv32e40p_rtl/cv32e40p_core.sv:275:23:      Example path: top_module.cpu_inst.CORE.core_i.id_ready
                    /home/luxyxp/Documents/mainfiles/FPGA/main_codes/rtl/desgin_sources/CPU/cv32e40p_rtl/cv32e40p_controller.sv:256:3:      Example path: ALWAYS
                    /home/luxyxp/Documents/mainfiles/FPGA/main_codes/rtl/desgin_sources/CPU/cv32e40p_rtl/cv32e40p_core.sv:288:23:      Example path: top_module.cpu_inst.CORE.core_i.instr_req_int
                    /home/luxyxp/Documents/mainfiles/FPGA/main_codes/rtl/desgin_sources/CPU/cv32e40p_rtl/cv32e40p_prefetch_controller.sv:146:28:      Example path: ASSIGNW
                    /home/luxyxp/Documents/mainfiles/FPGA/main_codes/rtl/desgin_sources/CPU/cv32e40p_rtl/cv32e40p_prefetch_buffer.sv:64:29:      Example path: top_module.cpu_inst.CORE.core_i.if_stage_i.prefetch_buffer_i.trans_valid
                    /home/luxyxp/Documents/mainfiles/FPGA/main_codes/rtl/desgin_sources/CPU/cv32e40p_rtl/cv32e40p_core.sv:1108:28:      Example path: ASSIGNW
                    /home/luxyxp/Documents/mainfiles/asic_rtl/patched/cv32e40p_obi_to_axi_wrapper_asic.sv:107:17:      Example path: top_module.cpu_inst.instr_req
                    /home/luxyxp/Documents/mainfiles/asic_rtl/patched/cv32e40p_obi_to_axi_wrapper_asic.sv:107:17:      Example path: ASSIGNW
                    /home/luxyxp/Documents/mainfiles/asic_rtl/patched/cv32e40p_obi_to_axi_wrapper_asic.sv:191:21:      Example path: top_module.cpu_inst.instr_obi_istegi
                    /home/luxyxp/Documents/mainfiles/asic_rtl/patched/obi_to_axi_asic.sv:169:5:      Example path: ALWAYS
                    /home/luxyxp/Documents/mainfiles/asic_rtl/patched/cv32e40p_obi_to_axi_wrapper_asic.sv:194:22:      Example path: top_module.cpu_inst.instr_axi_istegi
                    /home/luxyxp/Documents/mainfiles/FPGA/main_codes/rtl/desgin_sources/Interconnect/Instruction_Splitter/Instruction_Splitter.sv:51:22:      Example path: ASSIGNW
                    /home/luxyxp/Documents/mainfiles/asic_rtl/patched/Top_module_asic.sv:328:18:      Example path: top_module.axi_instr_bram_arvalid
                    /home/luxyxp/Documents/mainfiles/asic_rtl/tech/axi_read_arbiter2.sv:69:22:      Example path: ASSIGNW
                    /home/luxyxp/Documents/mainfiles/asic_rtl/tech/axi_read_arbiter2.sv:55:11:      Example path: top_module.instr_read_arbiter_inst.select_m1
                    /home/luxyxp/Documents/mainfiles/asic_rtl/patched/Top_module_asic.sv:115:18:      Example path: ASSIGNW
                    /home/luxyxp/Documents/mainfiles/asic_rtl/patched/cv32e40p_obi_to_axi_wrapper_asic.sv:195:22:      Example path: top_module.cpu_inst.instr_axi_cevabi
                    /home/luxyxp/Documents/mainfiles/asic_rtl/patched/obi_to_axi_asic.sv:228:3:      Example path: ALWAYS
                    /home/luxyxp/Documents/mainfiles/asic_rtl/patched/cv32e40p_obi_to_axi_wrapper_asic.sv:194:22:      Example path: top_module.cpu_inst.instr_axi_istegi
- V e r i l a t i o n   R e p o r t: Verilator 5.044 2026-01-01 rev v5.040
- Verilator: Built from 47.320 MB sources in 519 modules, into 2.245 MB in 6 C++ files needing 0.000 MB
- Verilator: Walltime 0.752 s (elab=0.144, cvt=0.462, bld=0.000); cpu 0.725 s on 1 threads; alloced 70.887 MB
