┏━━━━━━━┳━━━━━━━━━┳━━━━━━━━━━┳━━━━━━━━━━━━━━━━━━━━━━━━━━━━━━━━━━━━━━━━━━━━━━━━━━━━━━━━━━━━━━━━━━━━━━━━━━━━━┳━━━━━━━━━━━━━━━━━━━━━━━━━━━━┳━━━━━━━┓
┃ P / R ┃ Partial ┃ Required ┃ Net                                                                         ┃ Pin                        ┃ Layer ┃
┡━━━━━━━╇━━━━━━━━━╇━━━━━━━━━━╇━━━━━━━━━━━━━━━━━━━━━━━━━━━━━━━━━━━━━━━━━━━━━━━━━━━━━━━━━━━━━━━━━━━━━━━━━━━━━╇━━━━━━━━━━━━━━━━━━━━━━━━━━━━╇━━━━━━━┩
│ 6.42  │ 2567.30 │ 400.00   │ net47294                                                                    │ _063835_/A1                │ met3  │
│ 6.09  │ 2436.00 │ 400.00   │ net39549                                                                    │ _071816_/A                 │ met3  │
│ 5.94  │ 2377.59 │ 400.00   │ net48196                                                                    │ _103218_/A1                │ met3  │
│ 5.80  │ 2319.17 │ 400.00   │ net48201                                                                    │ _103259_/A1                │ met3  │
│ 5.72  │ 2289.97 │ 400.00   │ net47255                                                                    │ _112242_/A1                │ met3  │
│ 5.72  │ 2288.25 │ 400.00   │ yz_bram_ctrl_inst.yz_ram.u_mem.u_mem.g_2k[3\].u_cell.rdata[3\]              │ wire20289/A                │ met3  │
│ 5.69  │ 2275.37 │ 400.00   │ _013819_                                                                    │ _065051_/C                 │ met3  │
│ 5.64  │ 2254.92 │ 400.00   │ net45345                                                                    │ _085864_/A0                │ met3  │
│ 5.59  │ 2234.48 │ 400.00   │ net35954                                                                    │ _077440_/B                 │ met3  │
│ 5.38  │ 2152.57 │ 400.00   │ net35749                                                                    │ _079711_/B                 │ met3  │
│ 5.33  │ 2132.00 │ 400.00   │ net31965                                                                    │ _077463_/C                 │ met3  │
│ 5.28  │ 2111.68 │ 400.00   │ net34506                                                                    │ _076411_/D                 │ met3  │
│ 5.28  │ 2110.94 │ 400.00   │ net48492                                                                    │ wire22888/A                │ met3  │
│ 5.02  │ 2006.54 │ 400.00   │ _000075_                                                                    │ _130148_/D                 │ met3  │
│ 4.96  │ 1985.97 │ 400.00   │ _022713_                                                                    │ _077516_/B                 │ met3  │
│ 4.83  │ 1930.42 │ 400.00   │ clknet_6_36_0_clk_i_regs                                                    │ _130164_/CLK               │ met3  │
│ 4.51  │ 1805.43 │ 400.00   │ net49028                                                                    │ wire24247/A                │ met3  │
│ 4.51  │ 1802.82 │ 400.00   │ net36368                                                                    │ _078672_/B2                │ met3  │
│ 4.31  │ 1722.11 │ 400.00   │ net48710                                                                    │ wire24291/A                │ met3  │
│ 4.20  │ 1679.56 │ 400.00   │ net32720                                                                    │ _071583_/C                 │ met3  │
│ 4.18  │ 1673.71 │ 400.00   │ net38940                                                                    │ _075063_/B                 │ met3  │
│ 4.13  │ 1650.10 │ 400.00   │ net39918                                                                    │ _072540_/B                 │ met3  │
│ 4.12  │ 1647.43 │ 400.00   │ net37532                                                                    │ _077309_/B                 │ met3  │
│ 4.11  │ 1644.51 │ 400.00   │ net46298                                                                    │ _073323_/C                 │ met3  │
│ 4.09  │ 1634.16 │ 400.00   │ net48391                                                                    │ wire24335/A                │ met3  │
│ 4.02  │ 1606.54 │ 400.00   │ net43143                                                                    │ _115158_/A1                │ met3  │
│ 4.00  │ 1601.76 │ 400.00   │ net23214                                                                    │ wire23213/A                │ met3  │
│ 4.00  │ 1600.70 │ 400.00   │ net43980                                                                    │ _111491_/C                 │ met3  │
│ 3.89  │ 1556.51 │ 400.00   │ net33604                                                                    │ _075274_/C                 │ met3  │
│ 3.82  │ 1527.56 │ 400.00   │ _025769_                                                                    │ _077841_/B                 │ met3  │
│ 3.72  │ 1489.71 │ 400.00   │ net45275                                                                    │ _107948_/A0                │ met3  │
│ 3.65  │ 1459.57 │ 400.00   │ yz_bram_ctrl_inst.yz_ram.u_mem.u_mem.g_2k[1\].u_cell.rdata[30\]             │ wire47627/A                │ met3  │
│ 3.57  │ 1428.98 │ 400.00   │ net45341                                                                    │ wire45340/A                │ met3  │
│ 3.54  │ 1415.10 │ 400.00   │ net16133                                                                    │ wire33517/A                │ met3  │
│ 3.52  │ 1406.67 │ 400.00   │ net37592                                                                    │ wire37591/A                │ met3  │
│ 3.50  │ 1400.53 │ 400.00   │ net11466                                                                    │ _079702_/B2                │ met3  │
│ 3.46  │ 1382.88 │ 400.00   │ net37264                                                                    │ _075733_/A2                │ met3  │
│ 3.44  │ 1376.81 │ 400.00   │ net40749                                                                    │ _079289_/B1                │ met3  │
│ 3.43  │ 1372.89 │ 400.00   │ net46459                                                                    │ _072978_/C                 │ met3  │
│ 3.41  │ 1365.04 │ 400.00   │ net14727                                                                    │ _072984_/A                 │ met3  │
│ 3.41  │ 1365.04 │ 400.00   │ net45994                                                                    │ wire45993/A                │ met3  │
│ 3.40  │ 1360.58 │ 400.00   │ net42272                                                                    │ _076535_/B1                │ met3  │
│ 3.40  │ 1360.58 │ 400.00   │ net42953                                                                    │ _077363_/A2                │ met3  │
│ 3.39  │ 1356.12 │ 400.00   │ net44316                                                                    │ wire44315/A                │ met3  │
│ 3.38  │ 1353.08 │ 400.00   │ net46356                                                                    │ _080019_/A1                │ met3  │
│ 3.33  │ 1330.78 │ 400.00   │ net42039                                                                    │ _073828_/A2                │ met3  │
│ 3.30  │ 1320.32 │ 400.00   │ net13545                                                                    │ _075467_/A                 │ met3  │
│ 3.27  │ 1308.76 │ 400.00   │ net11030                                                                    │ _074174_/B                 │ met3  │
│ 3.26  │ 1303.76 │ 400.00   │ net37383                                                                    │ _074081_/A1                │ met3  │
│ 3.16  │ 1263.94 │ 400.00   │ net41958                                                                    │ _079637_/A2                │ met3  │
│ 3.16  │ 1262.45 │ 400.00   │ net36123                                                                    │ _076043_/A1                │ met3  │
│ 3.13  │ 1253.53 │ 400.00   │ net42463                                                                    │ wire42462/A                │ met3  │
│ 3.12  │ 1247.52 │ 400.00   │ net39700                                                                    │ _073568_/A1                │ met3  │
│ 3.12  │ 1246.09 │ 400.00   │ net46572                                                                    │ wire46571/A                │ met3  │
│ 3.10  │ 1240.54 │ 400.00   │ clknet_0_clk_i_regs                                                         │ clkbuf_1_0_0_clk_i_regs/A  │ met3  │
│ 3.09  │ 1237.17 │ 400.00   │ net31706                                                                    │ wire31705/A                │ met3  │
│ 3.09  │ 1235.68 │ 400.00   │ net39795                                                                    │ _075366_/B1                │ met3  │
│ 3.08  │ 1232.65 │ 400.00   │ net36758                                                                    │ _074766_/A2                │ met3  │
│ 3.07  │ 1229.65 │ 400.00   │ _000048_                                                                    │ _130030_/D                 │ met3  │
│ 3.05  │ 1219.87 │ 400.00   │ net48961                                                                    │ wire48960/A                │ met3  │
│ 3.04  │ 1214.73 │ 400.00   │ net32770                                                                    │ _074783_/B                 │ met3  │
│ 3.03  │ 1213.25 │ 400.00   │ net37235                                                                    │ _115132_/B1_N              │ met1  │
│ 3.03  │ 1210.54 │ 400.00   │ net33222                                                                    │ _077115_/A2                │ met3  │
│ 3.03  │ 1210.52 │ 400.00   │ net6114                                                                     │ _077874_/B2                │ met3  │
│ 3.01  │ 1205.75 │ 400.00   │ net38248                                                                    │ wire38247/A                │ met3  │
│ 2.99  │ 1197.74 │ 400.00   │ conv_accelerator_inst.u_conv_buf_ram.u_mem.u_mem.g_2k[0\].u_cell.rdata[4\]  │ wire24344/A                │ met4  │
│ 2.98  │ 1191.08 │ 400.00   │ net39473                                                                    │ _080060_/A3                │ met3  │
│ 2.97  │ 1188.04 │ 400.00   │ net8987                                                                     │ _075424_/A3                │ met3  │
│ 2.97  │ 1186.47 │ 400.00   │ conv_accelerator_inst.u_conv_buf_ram.u_mem.u_mem.g_2k[0\].u_cell.rdata[14\] │ wire24365/A                │ met4  │
│ 2.96  │ 1185.13 │ 400.00   │ net46677                                                                    │ wire46676/A                │ met3  │
│ 2.96  │ 1183.65 │ 400.00   │ conv_accelerator_inst.u_conv_buf_ram.u_mem.u_mem.g_2k[0\].u_cell.rdata[20\] │ wire24358/A                │ met4  │
│ 2.96  │ 1182.64 │ 400.00   │ conv_accelerator_inst.u_conv_buf_ram.u_mem.u_mem.g_2k[0\].u_cell.rdata[30\] │ wire24347/A                │ met4  │
│ 2.96  │ 1182.19 │ 400.00   │ net36408                                                                    │ _077893_/A2                │ met3  │
│ 2.95  │ 1180.83 │ 400.00   │ conv_accelerator_inst.u_conv_buf_ram.u_mem.u_mem.g_2k[0\].u_cell.rdata[16\] │ wire24363/A                │ met4  │
│ 2.95  │ 1180.83 │ 400.00   │ conv_accelerator_inst.u_conv_buf_ram.u_mem.u_mem.g_2k[0\].u_cell.rdata[1\]  │ wire24359/A                │ met4  │
│ 2.95  │ 1180.83 │ 400.00   │ conv_accelerator_inst.u_conv_buf_ram.u_mem.u_mem.g_2k[0\].u_cell.rdata[21\] │ wire24357/A                │ met4  │
│ 2.95  │ 1180.67 │ 400.00   │ net49112                                                                    │ wire49111/A                │ met3  │
│ 2.94  │ 1176.60 │ 400.00   │ conv_accelerator_inst.u_conv_buf_ram.u_mem.u_mem.g_2k[0\].u_cell.rdata[12\] │ wire24367/A                │ met4  │
│ 2.94  │ 1176.53 │ 400.00   │ net43872                                                                    │ wire43871/A                │ met3  │
│ 2.93  │ 1173.99 │ 400.00   │ conv_accelerator_inst.u_conv_buf_ram.u_mem.u_mem.g_2k[0\].u_cell.rdata[6\]  │ wire24342/A                │ met4  │
│ 2.93  │ 1173.18 │ 400.00   │ conv_accelerator_inst.u_conv_buf_ram.u_mem.u_mem.g_2k[0\].u_cell.rdata[18\] │ wire24361/A                │ met4  │
│ 2.93  │ 1173.18 │ 400.00   │ conv_accelerator_inst.u_conv_buf_ram.u_mem.u_mem.g_2k[0\].u_cell.rdata[8\]  │ wire24340/A                │ met4  │
│ 2.93  │ 1172.78 │ 400.00   │ conv_accelerator_inst.u_conv_buf_ram.u_mem.u_mem.g_2k[0\].u_cell.rdata[9\]  │ wire24339/A                │ met4  │
│ 2.93  │ 1170.97 │ 400.00   │ conv_accelerator_inst.u_conv_buf_ram.u_mem.u_mem.g_2k[0\].u_cell.rdata[0\]  │ wire24370/A                │ met4  │
│ 2.92  │ 1169.76 │ 400.00   │ conv_accelerator_inst.u_conv_buf_ram.u_mem.u_mem.g_2k[0\].u_cell.rdata[22\] │ wire24356/A                │ met4  │
│ 2.92  │ 1169.76 │ 400.00   │ conv_accelerator_inst.u_conv_buf_ram.u_mem.u_mem.g_2k[0\].u_cell.rdata[2\]  │ wire24348/A                │ met4  │
│ 2.92  │ 1168.71 │ 400.00   │ net38513                                                                    │ _077266_/A1                │ met3  │
│ 2.92  │ 1167.95 │ 400.00   │ conv_accelerator_inst.u_conv_buf_ram.u_mem.u_mem.g_2k[0\].u_cell.rdata[24\] │ wire24354/A                │ met4  │
│ 2.90  │ 1159.85 │ 400.00   │ net48971                                                                    │ wire48970/A                │ met3  │
│ 2.89  │ 1155.14 │ 400.00   │ net42627                                                                    │ _077539_/A1                │ met3  │
│ 2.88  │ 1153.84 │ 400.00   │ net40614                                                                    │ _073311_/B                 │ met3  │
│ 2.86  │ 1143.31 │ 400.00   │ net46027                                                                    │ _091060_/A1                │ met1  │
│ 2.86  │ 1142.16 │ 400.00   │ net38488                                                                    │ _074418_/C                 │ met3  │
│ 2.85  │ 1141.88 │ 400.00   │ net34645                                                                    │ _077710_/B2                │ met3  │
│ 2.85  │ 1138.72 │ 400.00   │ net6290                                                                     │ _076432_/A2                │ met3  │
│ 2.81  │ 1124.11 │ 400.00   │ net37642                                                                    │ _078786_/B1                │ met3  │
│ 2.81  │ 1122.77 │ 400.00   │ net11360                                                                    │ _076076_/B2                │ met3  │
│ 2.81  │ 1122.57 │ 400.00   │ net43438                                                                    │ _080108_/B2                │ met3  │
│ 2.79  │ 1115.18 │ 400.00   │ net33746                                                                    │ _077284_/A2                │ met3  │
│ 2.78  │ 1112.95 │ 400.00   │ net40929                                                                    │ _073861_/C                 │ met3  │
│ 2.78  │ 1112.95 │ 400.00   │ net41341                                                                    │ _075105_/B                 │ met3  │
│ 2.78  │ 1112.15 │ 400.00   │ net40657                                                                    │ _076045_/B1                │ met3  │
│ 2.77  │ 1107.81 │ 400.00   │ net12948                                                                    │ wire34789/A                │ met3  │
│ 2.77  │ 1106.33 │ 400.00   │ net45760                                                                    │ wire45759/A                │ met3  │
│ 2.76  │ 1103.35 │ 400.00   │ net3380                                                                     │ _077579_/A3                │ met3  │
│ 2.76  │ 1103.35 │ 400.00   │ net28861                                                                    │ wire47958/A                │ met3  │
│ 2.76  │ 1103.25 │ 400.00   │ net48197                                                                    │ _103240_/A1                │ met1  │
│ 2.75  │ 1100.38 │ 400.00   │ net43016                                                                    │ _077489_/A1                │ met3  │
│ 2.74  │ 1097.41 │ 400.00   │ net36876                                                                    │ _080087_/B1                │ met3  │
│ 2.74  │ 1094.43 │ 400.00   │ net38363                                                                    │ wire38362/A                │ met3  │
│ 2.72  │ 1089.91 │ 400.00   │ net42994                                                                    │ _077451_/B1                │ met3  │
│ 2.72  │ 1089.84 │ 400.00   │ net2480                                                                     │ wire31458/A                │ met3  │
│ 2.72  │ 1087.65 │ 400.00   │ conv_accelerator_inst.u_conv_buf_ram.u_mem.u_mem.g_2k[0\].u_cell.rdata[27\] │ wire24351/A                │ met4  │
│ 2.71  │ 1085.03 │ 400.00   │ conv_accelerator_inst.u_conv_buf_ram.u_mem.u_mem.g_2k[0\].u_cell.rdata[26\] │ wire24352/A                │ met4  │
│ 2.71  │ 1082.47 │ 400.00   │ net32368                                                                    │ _074550_/A3                │ met3  │
│ 2.70  │ 1079.43 │ 400.00   │ net7358                                                                     │ wire43485/A                │ met3  │
│ 2.70  │ 1078.20 │ 400.00   │ net42617                                                                    │ wire42616/A                │ met3  │
│ 2.69  │ 1076.53 │ 400.00   │ net42010                                                                    │ _075488_/A2                │ met3  │
│ 2.69  │ 1074.69 │ 400.00   │ clknet_3_5_0_clk_i_regs                                                     │ clkbuf_4_10_0_clk_i_regs/A │ met3  │
│ 2.68  │ 1073.75 │ 400.00   │ net44919                                                                    │ wire44918/A                │ met3  │
│ 2.68  │ 1073.62 │ 400.00   │ net35237                                                                    │ wire35236/A                │ met3  │
│ 2.68  │ 1071.21 │ 400.00   │ net33360                                                                    │ wire33359/A                │ met3  │
│ 2.64  │ 1057.46 │ 400.00   │ net45826                                                                    │ wire45825/A                │ met3  │
│ 2.64  │ 1055.52 │ 400.00   │ net35766                                                                    │ _071992_/A2                │ met3  │
│ 2.64  │ 1054.16 │ 400.00   │ net44247                                                                    │ _077489_/C1                │ met3  │
│ 2.63  │ 1050.55 │ 400.00   │ net963                                                                      │ wire33188/A                │ met3  │
│ 2.62  │ 1049.83 │ 400.00   │ net46587                                                                    │ wire46586/A                │ met3  │
│ 2.62  │ 1048.34 │ 400.00   │ net33165                                                                    │ _072701_/A1                │ met3  │
│ 2.62  │ 1046.72 │ 400.00   │ net31771                                                                    │ _073968_/A1                │ met3  │
│ 2.60  │ 1038.38 │ 400.00   │ net49056                                                                    │ wire49055/A                │ met3  │
│ 2.59  │ 1034.76 │ 400.00   │ net2888                                                                     │ wire31766/A                │ met3  │
│ 2.58  │ 1033.28 │ 400.00   │ net44521                                                                    │ wire44520/A                │ met3  │
│ 2.58  │ 1033.28 │ 400.00   │ net49148                                                                    │ wire49147/A                │ met3  │
│ 2.58  │ 1031.85 │ 400.00   │ net7128                                                                     │ _080030_/A1                │ met3  │
│ 2.58  │ 1030.99 │ 400.00   │ yz_bram_ctrl_inst.yz_ram.u_mem.u_mem.g_2k[0\].u_cell.rdata[31\]             │ wire20862/A                │ met3  │
│ 2.57  │ 1028.25 │ 400.00   │ net36097                                                                    │ _120461_/A1                │ met3  │
│ 2.57  │ 1027.52 │ 400.00   │ net33833                                                                    │ wire33832/A                │ met3  │
│ 2.55  │ 1021.58 │ 400.00   │ net41077                                                                    │ _075542_/A1                │ met3  │
│ 2.55  │ 1021.13 │ 400.00   │ yz_bram_ctrl_inst.yz_ram.u_mem.u_mem.g_2k[2\].u_cell.rdata[4\]              │ _065930_/A2                │ met3  │
│ 2.54  │ 1017.73 │ 400.00   │ net34948                                                                    │ wire34947/A                │ met3  │
│ 2.54  │ 1014.14 │ 400.00   │ net34196                                                                    │ _076018_/A2                │ met3  │
│ 2.54  │ 1014.14 │ 400.00   │ net38811                                                                    │ _079667_/A3                │ met3  │
│ 2.53  │ 1012.65 │ 400.00   │ net33697                                                                    │ _078660_/B2                │ met3  │
│ 2.53  │ 1010.16 │ 400.00   │ conv_accelerator_inst.u_conv_buf_ram.u_mem.u_mem.g_2k[0\].u_cell.rdata[25\] │ wire24353/A                │ met4  │
│ 2.51  │ 1003.67 │ 400.00   │ _020582_                                                                    │ _077943_/A3                │ met3  │
│ 2.51  │ 1002.25 │ 400.00   │ net35860                                                                    │ _080025_/B1                │ met3  │
│ 2.50  │ 1001.23 │ 400.00   │ clknet_6_36_0_clk_i_regs                                                    │ _130153_/CLK               │ met3  │
│ 2.50  │ 1001.23 │ 400.00   │ clknet_6_36_0_clk_i_regs                                                    │ _130154_/CLK               │ met3  │
│ 2.49  │ 997.72  │ 400.00   │ net32381                                                                    │ _073568_/B1                │ met3  │
│ 2.48  │ 993.33  │ 400.00   │ net31852                                                                    │ wire31851/A                │ met3  │
│ 2.48  │ 993.33  │ 400.00   │ net36463                                                                    │ _075740_/A2                │ met3  │
│ 2.48  │ 991.81  │ 400.00   │ net42452                                                                    │ wire42451/A                │ met3  │
│ 2.48  │ 991.81  │ 400.00   │ net43559                                                                    │ wire43558/A                │ met3  │
│ 2.48  │ 990.06  │ 400.00   │ net44673                                                                    │ _120046_/A0                │ met1  │
│ 2.47  │ 987.38  │ 400.00   │ net31434                                                                    │ wire31433/A                │ met3  │
│ 2.47  │ 986.63  │ 400.00   │ net39158                                                                    │ wire39157/A                │ met3  │
│ 2.47  │ 986.11  │ 400.00   │ yz_bram_ctrl_inst.yz_ram.u_mem.u_mem.g_2k[3\].u_cell.rdata[0\]              │ wire48937/A                │ met3  │
│ 2.45  │ 979.81  │ 400.00   │ net36362                                                                    │ _077283_/B1                │ met3  │
│ 2.45  │ 978.33  │ 400.00   │ net35789                                                                    │ _073287_/A2                │ met3  │
│ 2.43  │ 972.51  │ 400.00   │ net48956                                                                    │ wire48955/A                │ met3  │
│ 2.42  │ 968.36  │ 400.00   │ conv_accelerator_inst.wb_bytes[40\]                                         │ _091098_/A1                │ met1  │
│ 2.42  │ 968.05  │ 400.00   │ net10051                                                                    │ wire38887/A                │ met3  │
│ 2.42  │ 966.79  │ 400.00   │ net32551                                                                    │ _080194_/B                 │ met3  │
│ 2.42  │ 966.56  │ 400.00   │ net46383                                                                    │ wire46382/A                │ met3  │
│ 2.41  │ 964.85  │ 400.00   │ net41143                                                                    │ wire41142/A                │ met3  │
│ 2.39  │ 957.64  │ 400.00   │ net44061                                                                    │ _074056_/B2                │ met3  │
│ 2.39  │ 957.58  │ 400.00   │ net32454                                                                    │ wire32453/A                │ met3  │
│ 2.39  │ 956.09  │ 400.00   │ net39960                                                                    │ _074446_/B1                │ met3  │
│ 2.39  │ 954.80  │ 400.00   │ net40112                                                                    │ _076236_/A2                │ met3  │
│ 2.39  │ 954.67  │ 400.00   │ net44648                                                                    │ _077549_/A1                │ met3  │
│ 2.38  │ 951.56  │ 400.00   │ net10395                                                                    │ _073696_/A2                │ met3  │
│ 2.38  │ 951.32  │ 400.00   │ yz_bram_ctrl_inst.yz_ram.u_mem.u_mem.g_2k[1\].u_cell.rdata[31\]             │ wire47625/A                │ met3  │
│ 2.37  │ 949.89  │ 400.00   │ net40917                                                                    │ _079930_/C                 │ met1  │
│ 2.36  │ 944.26  │ 400.00   │ net3145                                                                     │ wire3144/A                 │ met3  │
│ 2.36  │ 943.62  │ 400.00   │ net39775                                                                    │ _078870_/B                 │ met3  │
│ 2.35  │ 938.31  │ 400.00   │ net42407                                                                    │ _074247_/B2                │ met3  │
│ 2.33  │ 933.72  │ 400.00   │ net33809                                                                    │ wire33808/A                │ met3  │
│ 2.33  │ 932.36  │ 400.00   │ net41405                                                                    │ wire41404/A                │ met3  │
│ 2.33  │ 930.75  │ 400.00   │ net39183                                                                    │ _075622_/A2                │ met3  │
│ 2.32  │ 929.62  │ 400.00   │ net49052                                                                    │ wire49051/A                │ met3  │
│ 2.31  │ 923.38  │ 400.00   │ net12353                                                                    │ _072884_/A2                │ met3  │
│ 2.30  │ 921.96  │ 400.00   │ net36061                                                                    │ wire36060/A                │ met3  │
│ 2.30  │ 920.40  │ 400.00   │ net40109                                                                    │ _080199_/B1                │ met3  │
│ 2.30  │ 920.27  │ 400.00   │ net36579                                                                    │ wire36578/A                │ met3  │
│ 2.30  │ 920.21  │ 400.00   │ net33057                                                                    │ _074193_/A2                │ met3  │
│ 2.30  │ 919.75  │ 400.00   │ conv_accelerator_inst.u_conv_buf_ram.u_mem.rlane_q[0\]                      │ hold61663/A                │ met1  │
│ 2.29  │ 917.49  │ 400.00   │ net8955                                                                     │ _076950_/C1                │ met3  │
│ 2.29  │ 915.81  │ 400.00   │ net37807                                                                    │ _077954_/A1                │ met3  │
│ 2.29  │ 914.52  │ 400.00   │ net37072                                                                    │ _073858_/B1                │ met3  │
│ 2.29  │ 914.39  │ 400.00   │ net7003                                                                     │ wire34699/A                │ met3  │
│ 2.28  │ 913.03  │ 400.00   │ _020840_                                                                    │ _072893_/B1                │ met3  │
│ 2.28  │ 910.06  │ 400.00   │ net14976                                                                    │ wire35720/A                │ met3  │
│ 2.26  │ 905.59  │ 400.00   │ _024506_                                                                    │ _079211_/A                 │ met3  │
│ 2.26  │ 904.31  │ 400.00   │ net32005                                                                    │ _075312_/C_N               │ met2  │
│ 2.26  │ 904.11  │ 400.00   │ net43140                                                                    │ wire43139/A                │ met3  │
│ 2.25  │ 901.14  │ 400.00   │ net37034                                                                    │ wire37033/A                │ met3  │
│ 2.25  │ 901.07  │ 400.00   │ net43027                                                                    │ wire43026/A                │ met3  │
│ 2.24  │ 895.00  │ 400.00   │ net38087                                                                    │ _078196_/B2                │ met3  │
│ 2.23  │ 893.90  │ 400.00   │ net30366                                                                    │ _071247_/A_N               │ met3  │
│ 2.22  │ 889.24  │ 400.00   │ net35894                                                                    │ wire35893/A                │ met3  │
│ 2.22  │ 887.76  │ 400.00   │ net49096                                                                    │ wire49095/A                │ met3  │
│ 2.22  │ 887.69  │ 400.00   │ net45888                                                                    │ _077585_/A3                │ met3  │
│ 2.20  │ 881.81  │ 400.00   │ net40488                                                                    │ _080206_/A3                │ met3  │
│ 2.20  │ 881.68  │ 400.00   │ net40342                                                                    │ wire40341/A                │ met3  │
│ 2.19  │ 877.35  │ 400.00   │ net48257                                                                    │ wire48256/A                │ met3  │
│ 2.19  │ 877.22  │ 400.00   │ net10990                                                                    │ wire36216/A                │ met3  │
│ 2.19  │ 877.22  │ 400.00   │ net32033                                                                    │ _075955_/B1                │ met3  │
│ 2.19  │ 875.41  │ 400.00   │ net3389                                                                     │ wire33498/A                │ met3  │
│ 2.17  │ 869.85  │ 400.00   │ net41706                                                                    │ _078995_/B2                │ met3  │
│ 2.17  │ 868.43  │ 400.00   │ net32972                                                                    │ _079421_/A1                │ met3  │
│ 2.16  │ 865.39  │ 400.00   │ net39373                                                                    │ _076636_/A3                │ met3  │
│ 2.16  │ 863.90  │ 400.00   │ net36470                                                                    │ _075790_/B2                │ met3  │
│ 2.16  │ 863.90  │ 400.00   │ net44042                                                                    │ _077135_/A1                │ met3  │
│ 2.16  │ 862.48  │ 400.00   │ net13509                                                                    │ _077045_/A1                │ met3  │
│ 2.16  │ 862.31  │ 400.00   │ net47314                                                                    │ wire47313/A                │ met3  │
│ 2.15  │ 861.78  │ 400.00   │ net40382                                                                    │ _074752_/B1_N              │ met3  │
│ 2.15  │ 860.75  │ 400.00   │ net48132                                                                    │ _091116_/A_N               │ met1  │
│ 2.15  │ 859.51  │ 400.00   │ _022686_                                                                    │ _074744_/B1                │ met3  │
│ 2.15  │ 859.51  │ 400.00   │ net33181                                                                    │ _072857_/B                 │ met3  │
│ 2.15  │ 858.08  │ 400.00   │ net32674                                                                    │ _077341_/D                 │ met1  │
│ 2.14  │ 854.98  │ 400.00   │ _024048_                                                                    │ _076112_/B1                │ met3  │
│ 2.13  │ 853.02  │ 400.00   │ net38442                                                                    │ _075718_/B                 │ met3  │
│ 2.13  │ 850.52  │ 400.00   │ net40629                                                                    │ _073493_/A2                │ met3  │
│ 2.13  │ 850.01  │ 400.00   │ net30916                                                                    │ clkbuf_leaf_7_clk_i/A      │ met3  │
│ 2.12  │ 846.13  │ 400.00   │ net37038                                                                    │ _079855_/A1                │ met3  │
│ 2.11  │ 842.62  │ 400.00   │ yz_bram_ctrl_inst.yz_ram.u_mem.u_mem.g_1k.u_cell.rdata[27\]                 │ wire21359/A                │ met3  │
│ 2.10  │ 841.08  │ 400.00   │ net33778                                                                    │ _077721_/A                 │ met3  │
│ 2.10  │ 840.11  │ 400.00   │ _022390_                                                                    │ _074447_/A3                │ met3  │
│ 2.10  │ 838.69  │ 400.00   │ net35639                                                                    │ _079096_/A1                │ met3  │
│ 2.09  │ 837.31  │ 400.00   │ _034348_                                                                    │ _091130_/B                 │ met1  │
│ 2.09  │ 837.20  │ 400.00   │ net43219                                                                    │ wire43218/A                │ met3  │
│ 2.09  │ 836.14  │ 400.00   │ net31443                                                                    │ _077376_/B                 │ met1  │
│ 2.09  │ 835.65  │ 400.00   │ net32665                                                                    │ _075603_/C1                │ met3  │
│ 2.08  │ 831.19  │ 400.00   │ net33835                                                                    │ wire33834/A                │ met3  │
│ 2.07  │ 826.80  │ 400.00   │ net41478                                                                    │ _074163_/A1                │ met3  │
│ 2.06  │ 825.24  │ 400.00   │ _020395_                                                                    │ _074570_/A2                │ met3  │
│ 2.06  │ 824.53  │ 400.00   │ net41014                                                                    │ _063372_/B                 │ met1  │
│ 2.06  │ 824.08  │ 400.00   │ net38396                                                                    │ _077412_/A1                │ met3  │
│ 2.06  │ 823.82  │ 400.00   │ net41128                                                                    │ wire41127/A                │ met3  │
│ 2.06  │ 822.34  │ 400.00   │ net40603                                                                    │ _072345_/A3                │ met3  │
│ 2.05  │ 820.72  │ 400.00   │ _027550_                                                                    │ _079629_/B1                │ met3  │
│ 2.04  │ 816.39  │ 400.00   │ net5585                                                                     │ wire40649/A                │ met3  │
│ 2.04  │ 814.90  │ 400.00   │ net5535                                                                     │ wire33741/A                │ met3  │
│ 2.03  │ 810.21  │ 400.00   │ yz_bram_ctrl_inst.yz_ram.u_mem.u_mem.g_2k[0\].u_cell.rdata[30\]             │ wire20879/A                │ met3  │
│ 2.02  │ 806.11  │ 400.00   │ net33726                                                                    │ _080547_/B1                │ met3  │
│ 2.01  │ 803.42  │ 400.00   │ net5491                                                                     │ wire36896/A                │ met3  │
│ 2.00  │ 800.06  │ 400.00   │ net34614                                                                    │ _073339_/D_N               │ met3  │
│ 2.00  │ 799.98  │ 400.00   │ net34063                                                                    │ wire34062/A                │ met3  │
│ 2.00  │ 798.25  │ 400.00   │ net35429                                                                    │ wire35428/A                │ met3  │
│ 1.99  │ 797.06  │ 400.00   │ net45165                                                                    │ _072407_/B1                │ met3  │
│ 1.98  │ 792.60  │ 400.00   │ net10592                                                                    │ wire37818/A                │ met3  │
│ 1.98  │ 791.70  │ 400.00   │ yz_bram_ctrl_inst.yz_ram.u_mem.u_mem.g_2k[0\].u_cell.rdata[8\]              │ wire20772/A                │ met3  │
│ 1.98  │ 791.00  │ 400.00   │ _046063_                                                                    │ _104198_/A1                │ met1  │
│ 1.98  │ 790.43  │ 400.00   │ net6860                                                                     │ fanout6832/A               │ met3  │
│ 1.97  │ 789.53  │ 400.00   │ net48620                                                                    │ _102797_/A                 │ met1  │
│ 1.97  │ 788.01  │ 400.00   │ net37119                                                                    │ _077029_/A1                │ met3  │
│ 1.96  │ 785.10  │ 400.00   │ net38630                                                                    │ _077812_/A1                │ met3  │
│ 1.96  │ 784.81  │ 400.00   │ net20108                                                                    │ fanout20078/A              │ met3  │
│ 1.96  │ 783.61  │ 400.00   │ net9231                                                                     │ _078156_/A2                │ met3  │
│ 1.96  │ 783.61  │ 400.00   │ net43346                                                                    │ _078330_/A1                │ met3  │
│ 1.96  │ 782.06  │ 400.00   │ net33344                                                                    │ _076055_/B1                │ met3  │
│ 1.95  │ 780.98  │ 400.00   │ net34535                                                                    │ wire34534/A                │ met3  │
│ 1.94  │ 777.81  │ 400.00   │ yz_bram_ctrl_inst.yz_ram.u_mem.u_mem.g_2k[0\].u_cell.rdata[3\]              │ wire20846/A                │ met3  │
│ 1.94  │ 777.73  │ 400.00   │ net2464                                                                     │ wire2463/A                 │ met3  │
│ 1.93  │ 772.98  │ 400.00   │ net20742                                                                    │ wire20741/A                │ met3  │
│ 1.93  │ 770.23  │ 400.00   │ net11350                                                                    │ _079988_/A1                │ met3  │
│ 1.93  │ 770.19  │ 400.00   │ net45968                                                                    │ _091048_/A1                │ met1  │
│ 1.92  │ 768.81  │ 400.00   │ net33313                                                                    │ wire33312/A                │ met3  │
│ 1.92  │ 768.74  │ 400.00   │ net43262                                                                    │ wire43261/A                │ met3  │
│ 1.92  │ 767.32  │ 400.00   │ net7137                                                                     │ _077404_/B2                │ met3  │
│ 1.91  │ 765.40  │ 400.00   │ net35094                                                                    │ _120520_/A1                │ met3  │
│ 1.91  │ 6338.41 │ 3312.80  │ I2C_SDA                                                                     │ hold31031/A                │ met4  │
│ 1.91  │ 764.53  │ 400.00   │ net43256                                                                    │ _079879_/B                 │ met2  │
│ 1.91  │ 764.33  │ 400.00   │ net38820                                                                    │ _072582_/A1                │ met3  │
│ 1.91  │ 764.33  │ 400.00   │ net38820                                                                    │ _073890_/A2                │ met3  │
│ 1.91  │ 764.28  │ 400.00   │ net42676                                                                    │ _074569_/A1                │ met3  │
│ 1.90  │ 761.61  │ 400.00   │ yz_bram_ctrl_inst.yz_ram.u_mem.u_mem.g_2k[0\].u_cell.rdata[20\]             │ wire21059/A                │ met3  │
│ 1.90  │ 760.24  │ 400.00   │ clknet_2_0_0_clk_i_regs                                                     │ clkbuf_2_0_1_clk_i_regs/A  │ met3  │
│ 1.89  │ 756.98  │ 400.00   │ net33542                                                                    │ _077871_/A2                │ met3  │
│ 1.89  │ 756.64  │ 400.00   │ net42321                                                                    │ _116125_/A1                │ met2  │
│ 1.89  │ 756.08  │ 400.00   │ conv_accelerator_inst.wb_bytes[47\]                                         │ hold62951/A                │ met1  │
│ 1.89  │ 754.67  │ 400.00   │ yz_bram_ctrl_inst.yz_ram.u_mem.u_mem.g_2k[0\].u_cell.rdata[7\]              │ wire20787/A                │ met3  │
│ 1.88  │ 753.79  │ 400.00   │ net36904                                                                    │ wire36903/A                │ met3  │
│ 1.88  │ 750.77  │ 400.00   │ net33230                                                                    │ _077028_/A2                │ met3  │
│ 1.87  │ 749.48  │ 400.00   │ net17463                                                                    │ wire17462/A                │ met3  │
│ 1.87  │ 749.48  │ 400.00   │ net37477                                                                    │ _075258_/A2                │ met3  │
│ 1.87  │ 746.51  │ 400.00   │ net37709                                                                    │ _079097_/A2                │ met3  │
│ 1.86  │ 745.02  │ 400.00   │ net36393                                                                    │ wire36392/A                │ met3  │
│ 1.86  │ 744.95  │ 400.00   │ net35695                                                                    │ _077754_/A2                │ met3  │
│ 1.86  │ 743.53  │ 400.00   │ net44739                                                                    │ wire44738/A                │ met3  │
│ 1.86  │ 742.39  │ 400.00   │ yz_bram_ctrl_inst.yz_ram.u_mem.u_mem.g_2k[3\].u_cell.rdata[13\]             │ wire20443/A                │ met3  │
│ 1.86  │ 742.03  │ 400.00   │ net35231                                                                    │ _120536_/A1                │ met3  │
│ 1.85  │ 740.78  │ 400.00   │ instr_bram_ctrl_inst.instr_ram.u_mem.g_2k[1\].u_cell.rdata[4\]              │ wire22096/A                │ met3  │
│ 1.85  │ 738.86  │ 400.00   │ net37098                                                                    │ _077037_/B                 │ met3  │
│ 1.84  │ 737.99  │ 400.00   │ net47682                                                                    │ fanout29194/A              │ met3  │
│ 1.84  │ 737.08  │ 400.00   │ net4505                                                                     │ _073436_/B                 │ met1  │
│ 1.84  │ 736.15  │ 400.00   │ instr_bram_ctrl_inst.instr_ram.u_mem.g_2k[0\].u_cell.rdata[16\]             │ wire22429/A                │ met3  │
│ 1.84  │ 735.28  │ 400.00   │ net43195                                                                    │ wire2050/A                 │ met1  │
│ 1.83  │ 731.46  │ 400.00   │ net48133                                                                    │ _091122_/A3                │ met1  │
│ 1.82  │ 728.73  │ 400.00   │ net9017                                                                     │ _080163_/B1                │ met3  │
│ 1.82  │ 726.25  │ 400.00   │ _038769_                                                                    │ _095886_/B                 │ met1  │
│ 1.81  │ 725.69  │ 400.00   │ net39105                                                                    │ wire39104/A                │ met3  │
│ 1.81  │ 725.62  │ 400.00   │ _022632_                                                                    │ _076065_/B1                │ met3  │
│ 1.81  │ 724.20  │ 400.00   │ net43311                                                                    │ _077678_/A2                │ met3  │
│ 1.81  │ 722.72  │ 400.00   │ net37552                                                                    │ _080265_/A2                │ met3  │
│ 1.81  │ 722.65  │ 400.00   │ net41048                                                                    │ _076760_/A2                │ met3  │
│ 1.80  │ 720.42  │ 400.00   │ _025245_                                                                    │ _077315_/C                 │ met1  │
│ 1.80  │ 718.19  │ 400.00   │ net39822                                                                    │ wire39821/A                │ met3  │
│ 1.79  │ 717.64  │ 400.00   │ instr_bram_ctrl_inst.instr_ram.u_mem.g_2k[3\].u_cell.rdata[30\]             │ wire21649/A                │ met3  │
│ 1.79  │ 715.09  │ 400.00   │ net14840                                                                    │ wire14839/A                │ met3  │
│ 1.78  │ 713.42  │ 400.00   │ net64476                                                                    │ _070996_/A0                │ met1  │
│ 1.78  │ 711.53  │ 400.00   │ _023192_                                                                    │ _075253_/B                 │ met1  │
│ 1.77  │ 708.38  │ 400.00   │ instr_bram_ctrl_inst.instr_ram.u_mem.g_2k[3\].u_cell.rdata[14\]             │ wire21881/A                │ met3  │
│ 1.77  │ 707.85  │ 400.00   │ net9043                                                                     │ _074803_/A2                │ met3  │
│ 1.77  │ 707.85  │ 400.00   │ net9980                                                                     │ _079786_/A3                │ met3  │
│ 1.77  │ 707.85  │ 400.00   │ net41834                                                                    │ wire41833/A                │ met3  │
│ 1.76  │ 704.97  │ 400.00   │ net34007                                                                    │ _078989_/A1                │ met3  │
│ 1.76  │ 704.60  │ 400.00   │ net47836                                                                    │ wire22797/A                │ met1  │
│ 1.76  │ 703.75  │ 400.00   │ yz_bram_ctrl_inst.yz_ram.u_mem.u_mem.g_1k.u_cell.rdata[17\]                 │ wire21469/A                │ met3  │
│ 1.76  │ 703.28  │ 400.00   │ net1328                                                                     │ _069392_/B                 │ met1  │
│ 1.75  │ 701.90  │ 400.00   │ net46746                                                                    │ _062408_/C1                │ met3  │
│ 1.75  │ 701.31  │ 400.00   │ _018197_                                                                    │ _070093_/B                 │ met1  │
│ 1.75  │ 699.12  │ 400.00   │ instr_bram_ctrl_inst.instr_ram.u_mem.g_2k[3\].u_cell.rdata[17\]             │ wire21845/A                │ met3  │
│ 1.75  │ 698.93  │ 400.00   │ net4321                                                                     │ wire35374/A                │ met3  │
│ 1.75  │ 698.93  │ 400.00   │ net42060                                                                    │ wire42059/A                │ met3  │
│ 1.75  │ 698.10  │ 400.00   │ net12441                                                                    │ wire43665/A                │ met3  │
│ 1.74  │ 696.30  │ 400.00   │ net4455                                                                     │ wire32267/A                │ met3  │
│ 1.74  │ 695.95  │ 400.00   │ net32270                                                                    │ _074538_/B1                │ met3  │
│ 1.74  │ 695.95  │ 400.00   │ net32587                                                                    │ wire32586/A                │ met3  │
│ 1.74  │ 695.82  │ 400.00   │ net14250                                                                    │ wire14249/A                │ met3  │
│ 1.74  │ 695.39  │ 400.00   │ _010416_                                                                    │ _063320_/A                 │ met1  │
│ 1.74  │ 694.53  │ 400.00   │ net34486                                                                    │ _077156_/A1                │ met3  │
│ 1.74  │ 694.34  │ 400.00   │ net33554                                                                    │ _079236_/A3                │ met3  │
│ 1.74  │ 694.27  │ 400.00   │ net41161                                                                    │ wire41160/A                │ met3  │
│ 1.72  │ 689.33  │ 400.00   │ net11703                                                                    │ _105930_/C                 │ met1  │
│ 1.72  │ 689.30  │ 400.00   │ net48345                                                                    │ output56/A                 │ met3  │
│ 1.72  │ 688.52  │ 400.00   │ net34263                                                                    │ _075009_/B1                │ met3  │
│ 1.72  │ 688.52  │ 400.00   │ net40034                                                                    │ _077338_/A1                │ met3  │
│ 1.72  │ 686.55  │ 400.00   │ net43544                                                                    │ wire3455/A                 │ met1  │
│ 1.71  │ 685.49  │ 400.00   │ net43929                                                                    │ wire43928/A                │ met3  │
│ 1.71  │ 685.23  │ 400.00   │ instr_bram_ctrl_inst.instr_ram.u_mem.g_2k[2\].u_cell.rdata[26\]             │ wire21992/A                │ met3  │
│ 1.71  │ 684.17  │ 400.00   │ net34426                                                                    │ _079255_/B                 │ met1  │
│ 1.71  │ 684.06  │ 400.00   │ net39530                                                                    │ _075695_/A2                │ met3  │
│ 1.71  │ 682.38  │ 400.00   │ net19000                                                                    │ wire18999/A                │ met3  │
│ 1.70  │ 681.08  │ 400.00   │ net46212                                                                    │ _080268_/A1                │ met3  │
│ 1.70  │ 680.95  │ 400.00   │ net10733                                                                    │ wire10732/A                │ met3  │
│ 1.70  │ 679.60  │ 400.00   │ net39924                                                                    │ _073760_/A3                │ met3  │
│ 1.69  │ 677.04  │ 400.00   │ net46786                                                                    │ fanout15856/A              │ met1  │
│ 1.69  │ 676.14  │ 400.00   │ net44019                                                                    │ _076182_/A                 │ met1  │
│ 1.69  │ 675.20  │ 400.00   │ net14729                                                                    │ _073152_/A                 │ met3  │
│ 1.69  │ 675.14  │ 400.00   │ net10927                                                                    │ wire38254/A                │ met3  │
│ 1.69  │ 675.02  │ 400.00   │ net10184                                                                    │ wire39016/A                │ met3  │
│ 1.69  │ 675.02  │ 400.00   │ net35691                                                                    │ wire35690/A                │ met3  │
│ 1.68  │ 673.89  │ 400.00   │ net44023                                                                    │ wire44022/A                │ met2  │
│ 1.68  │ 673.08  │ 400.00   │ net14991                                                                    │ _080541_/A                 │ met1  │
│ 1.68  │ 671.35  │ 400.00   │ instr_bram_ctrl_inst.instr_ram.u_mem.g_2k[3\].u_cell.rdata[12\]             │ wire21906/A                │ met3  │
│ 1.68  │ 671.31  │ 400.00   │ net35400                                                                    │ _073299_/A                 │ met1  │
│ 1.68  │ 670.67  │ 400.00   │ net33786                                                                    │ _079436_/B2                │ met3  │
│ 1.68  │ 670.64  │ 400.00   │ net2993                                                                     │ _102661_/A0                │ met1  │
│ 1.68  │ 670.61  │ 400.00   │ net11072                                                                    │ wire37121/A                │ met3  │
│ 1.68  │ 670.48  │ 400.00   │ _019759_                                                                    │ _071828_/A2                │ met3  │
│ 1.67  │ 669.19  │ 400.00   │ _020889_                                                                    │ _072942_/B1                │ met3  │
│ 1.67  │ 669.19  │ 400.00   │ net36358                                                                    │ _077826_/B2                │ met3  │
│ 1.67  │ 668.93  │ 400.00   │ net41988                                                                    │ _079157_/A3                │ met3  │
│ 1.67  │ 668.58  │ 400.00   │ net2488                                                                     │ _102533_/A0                │ met1  │
│ 1.67  │ 667.81  │ 400.00   │ net48259                                                                    │ wire48258/A                │ met3  │
│ 1.67  │ 666.21  │ 400.00   │ net32213                                                                    │ _080039_/A2                │ met3  │
│ 1.66  │ 665.11  │ 400.00   │ net26842                                                                    │ _082320_/A0                │ met1  │
│ 1.66  │ 664.73  │ 400.00   │ net40023                                                                    │ wire40022/A                │ met3  │
│ 1.66  │ 664.60  │ 400.00   │ net16398                                                                    │ wire46768/A                │ met3  │
│ 1.66  │ 664.40  │ 400.00   │ net6558                                                                     │ _075805_/A2                │ met3  │
│ 1.66  │ 663.24  │ 400.00   │ net37402                                                                    │ _075862_/A1                │ met3  │
│ 1.66  │ 663.19  │ 400.00   │ _023541_                                                                    │ wire32947/A                │ met3  │
│ 1.66  │ 662.45  │ 400.00   │ net37268                                                                    │ wire37267/A                │ met3  │
│ 1.66  │ 662.42  │ 400.00   │ net40985                                                                    │ wire40984/A                │ met3  │
│ 1.65  │ 660.53  │ 400.00   │ net30670                                                                    │ wire48085/A                │ met1  │
│ 1.65  │ 660.33  │ 400.00   │ net40110                                                                    │ _072574_/B1                │ met3  │
│ 1.65  │ 660.19  │ 400.00   │ net31295                                                                    │ wire31294/A                │ met3  │
│ 1.65  │ 660.14  │ 400.00   │ net48291                                                                    │ wire48290/A                │ met3  │
│ 1.65  │ 659.47  │ 400.00   │ net6380                                                                     │ wire36652/A                │ met3  │
│ 1.65  │ 658.35  │ 400.00   │ net43006                                                                    │ _072845_/B1                │ met3  │
│ 1.65  │ 658.35  │ 400.00   │ net43006                                                                    │ wire43005/A                │ met3  │
│ 1.64  │ 657.84  │ 400.00   │ net46817                                                                    │ fanout19958/A              │ met1  │
│ 1.64  │ 657.26  │ 400.00   │ net38926                                                                    │ _074008_/A1                │ met3  │
│ 1.64  │ 655.81  │ 400.00   │ net9945                                                                     │ _078629_/B2                │ met3  │
│ 1.64  │ 655.81  │ 400.00   │ net38012                                                                    │ _073659_/B2                │ met3  │
│ 1.64  │ 654.85  │ 400.00   │ net43726                                                                    │ wire43725/A                │ met3  │
│ 1.64  │ 654.25  │ 400.00   │ net33236                                                                    │ _078113_/B1                │ met3  │
│ 1.63  │ 652.83  │ 400.00   │ instr_bram_ctrl_inst.instr_ram.u_mem.g_2k[3\].u_cell.rdata[1\]              │ wire21803/A                │ met3  │
│ 1.63  │ 652.77  │ 400.00   │ net7058                                                                     │ _073193_/A1                │ met3  │
│ 1.62  │ 649.79  │ 400.00   │ net6196                                                                     │ wire6195/A                 │ met3  │
│ 1.62  │ 648.40  │ 400.00   │ net39198                                                                    │ _077653_/B1                │ met3  │
│ 1.62  │ 648.40  │ 400.00   │ net39198                                                                    │ _078357_/C                 │ met3  │
│ 1.62  │ 648.37  │ 400.00   │ _026663_                                                                    │ _078737_/A2                │ met3  │
│ 1.62  │ 648.37  │ 400.00   │ net32753                                                                    │ _073060_/B2                │ met3  │
│ 1.62  │ 648.19  │ 400.00   │ _013500_                                                                    │ _064992_/B                 │ met1  │
│ 1.62  │ 646.80  │ 400.00   │ net36443                                                                    │ wire36442/A                │ met3  │
│ 1.61  │ 643.57  │ 400.00   │ instr_bram_ctrl_inst.instr_ram.u_mem.g_2k[2\].u_cell.rdata[23\]             │ wire22008/A                │ met3  │
│ 1.61  │ 642.42  │ 400.00   │ net33370                                                                    │ _076250_/A1                │ met3  │
│ 1.60  │ 640.94  │ 400.00   │ net17745                                                                    │ wire17744/A                │ met3  │
│ 1.60  │ 640.08  │ 400.00   │ net14206                                                                    │ _073576_/B                 │ met2  │
│ 1.60  │ 640.06  │ 400.00   │ net45899                                                                    │ _111240_/A                 │ met1  │
│ 1.60  │ 639.45  │ 400.00   │ net33895                                                                    │ _077356_/B1                │ met3  │
│ 1.60  │ 639.36  │ 400.00   │ net25811                                                                    │ wire25810/A                │ met3  │
│ 1.59  │ 637.20  │ 400.00   │ net48996                                                                    │ wire24288/A                │ met1  │
│ 1.59  │ 636.71  │ 400.00   │ net49108                                                                    │ wire49107/A                │ met3  │
│ 1.59  │ 636.30  │ 400.00   │ net9667                                                                     │ _075257_/A1                │ met3  │
│ 1.59  │ 636.30  │ 400.00   │ net9667                                                                     │ _078669_/A2                │ met3  │
│ 1.59  │ 636.22  │ 400.00   │ net17314                                                                    │ wire17313/A                │ met3  │
│ 1.59  │ 635.39  │ 400.00   │ _046051_                                                                    │ _104182_/A1                │ met1  │
│ 1.59  │ 634.14  │ 400.00   │ net818                                                                      │ wire31789/A                │ met1  │
│ 1.58  │ 633.50  │ 400.00   │ net8954                                                                     │ wire39199/A                │ met3  │
│ 1.58  │ 632.15  │ 400.00   │ net44587                                                                    │ _079905_/A1                │ met3  │
│ 1.58  │ 630.88  │ 400.00   │ net32074                                                                    │ _077302_/B1                │ met3  │
│ 1.58  │ 630.72  │ 400.00   │ qspi_master_inst.QSPI_ADR[21\]                                              │ hold64708/A                │ met1  │
│ 1.57  │ 629.69  │ 400.00   │ yz_bram_ctrl_inst.yz_ram.u_mem.u_mem.g_1k.u_cell.rdata[5\]                  │ wire21279/A                │ met3  │
│ 1.57  │ 626.02  │ 400.00   │ net47423                                                                    │ wire47422/A                │ met3  │
│ 1.56  │ 622.90  │ 400.00   │ net33351                                                                    │ _077194_/A2                │ met3  │
│ 1.56  │ 622.90  │ 400.00   │ net33763                                                                    │ _074743_/A3                │ met3  │
│ 1.56  │ 622.86  │ 400.00   │ net3528                                                                     │ _115815_/A1                │ met2  │
│ 1.55  │ 621.61  │ 400.00   │ net31384                                                                    │ _073222_/A3                │ met3  │
│ 1.55  │ 621.61  │ 400.00   │ net37662                                                                    │ _072736_/B1                │ met3  │
│ 1.55  │ 619.37  │ 400.00   │ _027655_                                                                    │ _079734_/D                 │ met3  │
│ 1.55  │ 619.15  │ 400.00   │ net39145                                                                    │ _079626_/A2                │ met1  │
│ 1.54  │ 616.19  │ 400.00   │ net16946                                                                    │ _074727_/A                 │ met2  │
│ 1.54  │ 615.80  │ 400.00   │ instr_bram_ctrl_inst.instr_ram.u_mem.g_2k[2\].u_cell.rdata[0\]              │ _115665_/A2                │ met3  │
│ 1.54  │ 615.66  │ 400.00   │ net32212                                                                    │ _077966_/B2                │ met3  │
│ 1.54  │ 614.11  │ 400.00   │ net40154                                                                    │ _073604_/B                 │ met3  │
│ 1.54  │ 614.09  │ 400.00   │ net32063                                                                    │ _077210_/A2                │ met3  │
│ 1.54  │ 614.09  │ 400.00   │ net32063                                                                    │ _077797_/B1                │ met3  │
│ 1.53  │ 613.83  │ 400.00   │ net46818                                                                    │ _094267_/A                 │ met1  │
│ 1.53  │ 612.64  │ 400.00   │ net3043                                                                     │ _109979_/B                 │ met3  │
│ 1.53  │ 612.44  │ 400.00   │ net39300                                                                    │ _078403_/B1                │ met3  │
│ 1.53  │ 610.78  │ 400.00   │ _017041_                                                                    │ _068804_/A                 │ met1  │
│ 1.52  │ 609.99  │ 400.00   │ net32080                                                                    │ wire32079/A                │ met3  │
│ 1.52  │ 609.71  │ 400.00   │ net40964                                                                    │ _075512_/A2                │ met3  │
│ 1.52  │ 609.65  │ 400.00   │ _023677_                                                                    │ wire37517/A                │ met3  │
│ 1.52  │ 608.19  │ 400.00   │ net10750                                                                    │ wire36993/A                │ met3  │
│ 1.52  │ 608.16  │ 400.00   │ _024779_                                                                    │ wire3145/A                 │ met3  │
│ 1.52  │ 606.54  │ 400.00   │ instr_bram_ctrl_inst.instr_ram.u_mem.g_2k[1\].u_cell.rdata[9\]              │ wire22072/A                │ met3  │
│ 1.52  │ 606.54  │ 400.00   │ instr_bram_ctrl_inst.instr_ram.u_mem.g_2k[2\].u_cell.rdata[13\]             │ wire22061/A                │ met3  │
│ 1.51  │ 605.42  │ 400.00   │ _035301_                                                                    │ _092135_/A1                │ met1  │
│ 1.51  │ 603.77  │ 400.00   │ net44200                                                                    │ wire44199/A                │ met3  │
│ 1.51  │ 603.51  │ 400.00   │ net39875                                                                    │ _072892_/A1                │ met3  │
│ 1.50  │ 601.91  │ 400.00   │ instr_bram_ctrl_inst.instr_ram.u_mem.g_2k[2\].u_cell.rdata[4\]              │ wire21951/A                │ met3  │
│ 1.50  │ 601.62  │ 400.00   │ net15136                                                                    │ wire46695/A                │ met1  │
│ 1.50  │ 601.52  │ 400.00   │ net45606                                                                    │ fanout18672/A              │ met1  │
│ 1.50  │ 600.79  │ 400.00   │ net45938                                                                    │ _073393_/B1                │ met3  │
│ 1.50  │ 600.71  │ 400.00   │ net32171                                                                    │ wire32170/A                │ met3  │
│ 1.50  │ 600.60  │ 400.00   │ net42849                                                                    │ _071728_/B1                │ met3  │
│ 1.50  │ 599.38  │ 400.00   │ net41185                                                                    │ _070978_/A0                │ met1  │
│ 1.50  │ 599.38  │ 400.00   │ net41185                                                                    │ _101836_/A0                │ met1  │
│ 1.50  │ 599.17  │ 400.00   │ net47026                                                                    │ _076182_/C                 │ met3  │
│ 1.49  │ 597.72  │ 400.00   │ net773                                                                      │ wire35005/A                │ met1  │
│ 1.49  │ 597.28  │ 400.00   │ instr_bram_ctrl_inst.instr_ram.u_mem.g_2k[0\].u_cell.rdata[31\]             │ wire22262/A                │ met3  │
│ 1.49  │ 596.33  │ 400.00   │ net33608                                                                    │ _074171_/A2                │ met3  │
│ 1.49  │ 596.27  │ 400.00   │ net39678                                                                    │ _073438_/A2                │ met3  │
│ 1.49  │ 595.49  │ 400.00   │ net42636                                                                    │ _072647_/A2                │ met3  │
│ 1.49  │ 595.49  │ 400.00   │ net42636                                                                    │ _074713_/A2                │ met3  │
│ 1.48  │ 593.88  │ 400.00   │ net12604                                                                    │ wire44592/A                │ met2  │
│ 1.48  │ 593.36  │ 400.00   │ net9945                                                                     │ _078659_/A3                │ met3  │
│ 1.48  │ 593.29  │ 400.00   │ net41229                                                                    │ _076474_/A1                │ met3  │
│ 1.48  │ 592.66  │ 400.00   │ net33966                                                                    │ _075533_/A2                │ met3  │
│ 1.48  │ 592.66  │ 400.00   │ net33966                                                                    │ _080259_/B2                │ met3  │
│ 1.48  │ 592.65  │ 400.00   │ instr_bram_ctrl_inst.instr_ram.u_mem.g_2k[1\].u_cell.rdata[11\]             │ wire22152/A                │ met3  │
│ 1.48  │ 592.26  │ 400.00   │ net22959                                                                    │ wire48454/A                │ met1  │
│ 1.48  │ 591.76  │ 400.00   │ _024578_                                                                    │ _076646_/A1                │ met3  │
│ 1.48  │ 591.76  │ 400.00   │ _024578_                                                                    │ _076895_/A1                │ met3  │
│ 1.48  │ 591.61  │ 400.00   │ net38718                                                                    │ _078899_/B1                │ met3  │
│ 1.48  │ 590.38  │ 400.00   │ net38857                                                                    │ wire38856/A                │ met3  │
│ 1.47  │ 588.77  │ 400.00   │ net18025                                                                    │ wire18024/A                │ met3  │
│ 1.47  │ 588.03  │ 400.00   │ instr_bram_ctrl_inst.instr_ram.u_mem.g_2k[0\].u_cell.rdata[25\]             │ wire22327/A                │ met3  │
│ 1.47  │ 588.03  │ 400.00   │ instr_bram_ctrl_inst.instr_ram.u_mem.g_2k[2\].u_cell.rdata[28\]             │ wire21978/A                │ met3  │
│ 1.47  │ 587.00  │ 400.00   │ net35812                                                                    │ _080396_/B1                │ met1  │
│ 1.47  │ 586.86  │ 400.00   │ net12031                                                                    │ _074525_/C                 │ met2  │
│ 1.46  │ 584.18  │ 400.00   │ net12629                                                                    │ _077966_/A2                │ met1  │
│ 1.46  │ 583.40  │ 400.00   │ instr_bram_ctrl_inst.instr_ram.u_mem.g_2k[3\].u_cell.rdata[9\]              │ wire21558/A                │ met3  │
│ 1.46  │ 583.22  │ 400.00   │ net42022                                                                    │ _072443_/A2                │ met1  │
│ 1.46  │ 582.95  │ 400.00   │ net32607                                                                    │ _072680_/B1                │ met3  │
│ 1.45  │ 581.87  │ 400.00   │ net45976                                                                    │ wire45975/A                │ met1  │
│ 1.45  │ 581.38  │ 400.00   │ net11995                                                                    │ wire46462/A                │ met3  │
│ 1.45  │ 581.27  │ 400.00   │ net31677                                                                    │ _078887_/B1                │ met3  │
│ 1.45  │ 580.61  │ 400.00   │ net43654                                                                    │ wire43653/A                │ met3  │
│ 1.45  │ 580.44  │ 400.00   │ net4732                                                                     │ wire36207/A                │ met3  │
│ 1.45  │ 579.64  │ 400.00   │ net18134                                                                    │ wire43210/A                │ met1  │
│ 1.45  │ 578.91  │ 400.00   │ clknet_4_1_0_clk_i_regs                                                     │ clkbuf_6_5_0_clk_i_regs/A  │ met3  │
│ 1.44  │ 577.00  │ 400.00   │ net37217                                                                    │ wire37216/A                │ met3  │
│ 1.44  │ 576.86  │ 400.00   │ net34086                                                                    │ _115068_/A1                │ met2  │
│ 1.44  │ 576.36  │ 400.00   │ net38904                                                                    │ _075881_/A1_N              │ met2  │
│ 1.44  │ 575.47  │ 400.00   │ net49092                                                                    │ wire49091/A                │ met3  │
│ 1.44  │ 574.03  │ 400.00   │ net9790                                                                     │ _075983_/B2                │ met3  │
│ 1.43  │ 572.48  │ 400.00   │ net11440                                                                    │ _080087_/B2                │ met3  │
│ 1.43  │ 571.68  │ 400.00   │ net41409                                                                    │ wire41408/A                │ met3  │
│ 1.43  │ 570.46  │ 400.00   │ net26091                                                                    │ _091030_/A1_N              │ met1  │
│ 1.42  │ 569.61  │ 400.00   │ _049979_                                                                    │ _110386_/B                 │ met1  │
│ 1.42  │ 567.95  │ 400.00   │ net41547                                                                    │ _073111_/B2                │ met3  │
│ 1.42  │ 566.79  │ 400.00   │ net32178                                                                    │ _072292_/C                 │ met3  │
│ 1.41  │ 565.19  │ 400.00   │ net35055                                                                    │ _071427_/C                 │ met1  │
│ 1.41  │ 565.06  │ 400.00   │ net364                                                                      │ wire363/A                  │ met3  │
│ 1.41  │ 563.56  │ 400.00   │ net27085                                                                    │ _117321_/A1                │ met1  │
│ 1.41  │ 563.19  │ 400.00   │ net45181                                                                    │ _119831_/A0                │ met1  │
│ 1.40  │ 561.46  │ 400.00   │ yz_bram_ctrl_inst.yz_ram.u_mem.u_mem.g_2k[2\].u_cell.rdata[15\]             │ _065951_/A2                │ met4  │
│ 1.40  │ 560.65  │ 400.00   │ net41698                                                                    │ _077929_/A1                │ met3  │
│ 1.40  │ 560.25  │ 400.00   │ yz_bram_ctrl_inst.yz_ram.u_mem.u_mem.g_2k[3\].u_cell.rdata[22\]             │ wire20363/A                │ met3  │
│ 1.40  │ 559.55  │ 400.00   │ yz_bram_ctrl_inst.yz_ram.u_mem.u_mem.g_2k[2\].u_cell.rdata[7\]              │ _065948_/A2                │ met4  │
│ 1.40  │ 559.31  │ 400.00   │ net42300                                                                    │ wire42299/A                │ met1  │
│ 1.40  │ 559.03  │ 400.00   │ net40541                                                                    │ _080010_/B2                │ met3  │
│ 1.40  │ 558.27  │ 400.00   │ net38045                                                                    │ wire38044/A                │ met3  │
│ 1.39  │ 557.56  │ 400.00   │ net32675                                                                    │ wire2908/A                 │ met3  │
│ 1.39  │ 556.19  │ 400.00   │ net38651                                                                    │ _077521_/A2                │ met3  │
│ 1.39  │ 555.62  │ 400.00   │ instr_bram_ctrl_inst.instr_ram.u_mem.g_2k[1\].u_cell.rdata[28\]             │ wire22111/A                │ met3  │
│ 1.39  │ 555.11  │ 400.00   │ cpu_inst.CORE.core_i.ex_stage_i.mult_i.op_c_i[2\]                           │ _106861_/A                 │ met1  │
│ 1.38  │ 553.16  │ 400.00   │ net36465                                                                    │ wire36464/A                │ met3  │
│ 1.38  │ 553.15  │ 400.00   │ _025196_                                                                    │ _077267_/B1                │ met3  │
│ 1.38  │ 551.76  │ 400.00   │ net31440                                                                    │ _079373_/B2                │ met3  │
│ 1.38  │ 550.99  │ 400.00   │ instr_bram_ctrl_inst.instr_ram.u_mem.g_2k[1\].u_cell.rdata[15\]             │ wire22141/A                │ met3  │
│ 1.38  │ 550.99  │ 400.00   │ instr_bram_ctrl_inst.instr_ram.u_mem.g_2k[3\].u_cell.rdata[15\]             │ wire21867/A                │ met3  │
│ 1.38  │ 550.99  │ 400.00   │ yz_bram_ctrl_inst.yz_ram.u_mem.u_mem.g_2k[3\].u_cell.rdata[26\]             │ wire20336/A                │ met3  │
│ 1.37  │ 548.68  │ 400.00   │ instr_bram_ctrl_inst.instr_ram.u_mem.g_2k[3\].u_cell.rdata[0\]              │ wire21934/A                │ met3  │
│ 1.37  │ 548.56  │ 400.00   │ net5471                                                                     │ wire33031/A                │ met3  │
│ 1.37  │ 547.39  │ 400.00   │ net16398                                                                    │ _074565_/B2                │ met3  │
│ 1.37  │ 547.26  │ 400.00   │ net49139                                                                    │ wire49138/A                │ met3  │
│ 1.36  │ 544.30  │ 400.00   │ net45879                                                                    │ _078067_/A1                │ met1  │
│ 1.36  │ 544.29  │ 400.00   │ net44130                                                                    │ _075073_/B1                │ met3  │
│ 1.36  │ 544.03  │ 400.00   │ net42920                                                                    │ _072126_/A2                │ met1  │
│ 1.36  │ 543.52  │ 400.00   │ net38529                                                                    │ _075529_/A2                │ met3  │
│ 1.36  │ 543.52  │ 400.00   │ net38529                                                                    │ wire38528/A                │ met3  │
│ 1.36  │ 542.92  │ 400.00   │ net21370                                                                    │ _065964_/A1                │ met1  │
│ 1.36  │ 542.61  │ 400.00   │ net10454                                                                    │ wire36152/A                │ met3  │
│ 1.35  │ 541.74  │ 400.00   │ instr_bram_ctrl_inst.instr_ram.u_mem.g_2k[0\].u_cell.rdata[9\]              │ wire22176/A                │ met3  │
│ 1.35  │ 541.65  │ 400.00   │ net5605                                                                     │ wire32927/A                │ met3  │
│ 1.35  │ 541.32  │ 400.00   │ net37283                                                                    │ _074077_/A3                │ met3  │
│ 1.35  │ 541.19  │ 400.00   │ net40827                                                                    │ _079984_/A2                │ met3  │
│ 1.35  │ 540.22  │ 400.00   │ net37961                                                                    │ _076558_/B                 │ met1  │
│ 1.35  │ 538.44  │ 400.00   │ axi_data_bram_rdata[24\]                                                    │ hold63539/A                │ met1  │
│ 1.35  │ 538.34  │ 400.00   │ net49133                                                                    │ wire49132/A                │ met3  │
│ 1.35  │ 538.29  │ 400.00   │ net46734                                                                    │ wire46733/A                │ met3  │
│ 1.34  │ 537.71  │ 400.00   │ conv_accelerator_inst.u_conv_buf_ram.u_mem.u_mem.g_2k[0\].u_cell.rdata[31\] │ wire24346/A                │ met4  │
│ 1.34  │ 537.53  │ 400.00   │ net13487                                                                    │ fanout13415/A              │ met3  │
│ 1.34  │ 536.87  │ 400.00   │ net41652                                                                    │ _074883_/A1                │ met3  │
│ 1.34  │ 536.87  │ 400.00   │ net41652                                                                    │ _079637_/A1                │ met3  │
│ 1.34  │ 536.86  │ 400.00   │ net38243                                                                    │ _076467_/A2                │ met3  │
│ 1.34  │ 536.84  │ 400.00   │ net38569                                                                    │ wire38568/A                │ met3  │
│ 1.34  │ 536.23  │ 400.00   │ net42279                                                                    │ max_length42278/A          │ met1  │
│ 1.34  │ 536.06  │ 400.00   │ net42070                                                                    │ _078296_/B1                │ met3  │
│ 1.34  │ 536.06  │ 400.00   │ net42070                                                                    │ _080537_/A1                │ met3  │
│ 1.34  │ 535.62  │ 400.00   │ net38348                                                                    │ _073922_/A2                │ met1  │
│ 1.34  │ 535.50  │ 400.00   │ net36388                                                                    │ _080059_/A2                │ met3  │
│ 1.34  │ 535.47  │ 400.00   │ net40970                                                                    │ _073527_/A1                │ met3  │
│ 1.34  │ 535.36  │ 400.00   │ net11282                                                                    │ _074643_/B                 │ met1  │
│ 1.34  │ 535.22  │ 400.00   │ net39159                                                                    │ _077274_/B                 │ met1  │
│ 1.34  │ 534.46  │ 400.00   │ net40911                                                                    │ _079435_/A3                │ met3  │
│ 1.34  │ 534.46  │ 400.00   │ net40911                                                                    │ load_slew9755/A            │ met3  │
│ 1.33  │ 533.75  │ 400.00   │ net10632                                                                    │ wire41100/A                │ met3  │
│ 1.33  │ 533.03  │ 400.00   │ net41790                                                                    │ _074368_/B1                │ met3  │
│ 1.33  │ 532.48  │ 400.00   │ instr_bram_ctrl_inst.instr_ram.u_mem.g_2k[1\].u_cell.rdata[25\]             │ wire22113/A                │ met3  │
│ 1.33  │ 532.40  │ 400.00   │ net44222                                                                    │ _080512_/A1                │ met3  │
│ 1.33  │ 532.33  │ 400.00   │ _022239_                                                                    │ _074361_/A2                │ met3  │
│ 1.33  │ 531.36  │ 400.00   │ net21329                                                                    │ _065988_/A1                │ met1  │
│ 1.33  │ 531.31  │ 400.00   │ cpu_inst.CORE.core_i.ex_stage_i.mult_i.op_c_i[14\]                          │ _105662_/A                 │ met1  │
│ 1.33  │ 530.12  │ 400.00   │ net40385                                                                    │ wire40384/A                │ met3  │
│ 1.32  │ 529.58  │ 400.00   │ net41560                                                                    │ _077363_/A3                │ met3  │
│ 1.32  │ 529.56  │ 400.00   │ net48629                                                                    │ _109499_/C                 │ met1  │
│ 1.32  │ 529.42  │ 400.00   │ net11395                                                                    │ _073890_/A1                │ met3  │
│ 1.32  │ 529.42  │ 400.00   │ net21500                                                                    │ _065940_/A1                │ met1  │
│ 1.32  │ 529.42  │ 400.00   │ net42703                                                                    │ _077812_/B1                │ met3  │
│ 1.32  │ 529.33  │ 400.00   │ net39874                                                                    │ _073494_/A1                │ met3  │
│ 1.32  │ 529.33  │ 400.00   │ net39874                                                                    │ _077001_/A1                │ met3  │
│ 1.32  │ 528.83  │ 400.00   │ net34267                                                                    │ _073535_/B                 │ met3  │
│ 1.32  │ 527.55  │ 400.00   │ conv_accelerator_inst.u_conv_buf_ram.u_mem.u_mem.g_2k[0\].u_cell.rdata[28\] │ wire24350/A                │ met4  │
│ 1.32  │ 526.67  │ 400.00   │ net40636                                                                    │ _076023_/A2                │ met3  │
│ 1.32  │ 526.55  │ 400.00   │ net32715                                                                    │ _072917_/A2                │ met3  │
│ 1.31  │ 525.26  │ 400.00   │ net2460                                                                     │ wire31459/A                │ met3  │
│ 1.31  │ 524.96  │ 400.00   │ net33297                                                                    │ _080437_/A1                │ met3  │
│ 1.31  │ 524.55  │ 400.00   │ net47224                                                                    │ wire47223/A                │ met1  │
│ 1.31  │ 524.07  │ 400.00   │ net41719                                                                    │ _073587_/A2                │ met3  │
│ 1.31  │ 524.07  │ 400.00   │ net41719                                                                    │ _077194_/A1                │ met3  │
│ 1.31  │ 523.87  │ 400.00   │ net6134                                                                     │ _076571_/A2                │ met3  │
│ 1.31  │ 523.87  │ 400.00   │ net6134                                                                     │ _076734_/A4                │ met3  │
│ 1.31  │ 523.64  │ 400.00   │ net21413                                                                    │ _065985_/A1                │ met1  │
│ 1.31  │ 523.47  │ 400.00   │ net16741                                                                    │ wire16740/A                │ met3  │
│ 1.31  │ 523.41  │ 400.00   │ _024775_                                                                    │ _076841_/A4                │ met3  │
│ 1.31  │ 523.35  │ 400.00   │ net39081                                                                    │ _080142_/B1                │ met3  │
│ 1.31  │ 522.98  │ 400.00   │ net32667                                                                    │ _075787_/C                 │ met3  │
│ 1.30  │ 521.99  │ 400.00   │ net33007                                                                    │ _071640_/B2                │ met3  │
│ 1.30  │ 521.92  │ 400.00   │ net10271                                                                    │ _074890_/B1                │ met3  │
│ 1.30  │ 521.69  │ 400.00   │ net2491                                                                     │ _101783_/A0                │ met1  │
│ 1.30  │ 521.08  │ 400.00   │ net42798                                                                    │ _071835_/B                 │ met1  │
│ 1.30  │ 520.09  │ 400.00   │ clknet_4_11_0_clk_i_regs                                                    │ clkbuf_6_45_0_clk_i_regs/A │ met3  │
│ 1.30  │ 520.00  │ 400.00   │ conv_accelerator_inst.u_conv_buf_ram.u_mem.u_mem.g_2k[0\].u_cell.rdata[15\] │ wire24364/A                │ met4  │
│ 1.30  │ 519.92  │ 400.00   │ net35840                                                                    │ wire35839/A                │ met3  │
│ 1.30  │ 519.45  │ 400.00   │ clknet_4_1_0_clk_i_regs                                                     │ clkbuf_6_6_0_clk_i_regs/A  │ met3  │
│ 1.30  │ 519.45  │ 400.00   │ clknet_4_1_0_clk_i_regs                                                     │ clkbuf_6_7_0_clk_i_regs/A  │ met3  │
│ 1.30  │ 519.36  │ 400.00   │ net16312                                                                    │ _079325_/A                 │ met1  │
│ 1.30  │ 519.03  │ 400.00   │ net9646                                                                     │ _076467_/B1                │ met3  │
│ 1.30  │ 519.03  │ 400.00   │ net9646                                                                     │ _076573_/A1                │ met3  │
│ 1.30  │ 518.59  │ 400.00   │ instr_bram_ctrl_inst.instr_ram.u_mem.g_2k[1\].u_cell.rdata[14\]             │ wire22142/A                │ met3  │
│ 1.29  │ 517.67  │ 400.00   │ net30928                                                                    │ clkbuf_leaf_4_clk_i/A      │ met3  │
│ 1.29  │ 517.67  │ 400.00   │ net30928                                                                    │ max_length30927/A          │ met3  │
│ 1.29  │ 517.53  │ 400.00   │ net33645                                                                    │ _077513_/A3                │ met3  │
│ 1.29  │ 517.53  │ 400.00   │ net39312                                                                    │ _078254_/A1                │ met3  │
│ 1.29  │ 517.31  │ 400.00   │ cpu_inst.CORE.core_i.alu_operand_a_ex[21\]                                  │ hold64140/A                │ met1  │
│ 1.29  │ 516.72  │ 400.00   │ _018817_                                                                    │ _101856_/A0                │ met1  │
│ 1.29  │ 514.78  │ 400.00   │ net2447                                                                     │ _104231_/A0                │ met1  │
│ 1.29  │ 514.75  │ 400.00   │ net690                                                                      │ _064007_/B                 │ met1  │
│ 1.29  │ 514.57  │ 400.00   │ net35334                                                                    │ wire35333/A                │ met2  │
│ 1.29  │ 514.51  │ 400.00   │ _021993_                                                                    │ wire33157/A                │ met3  │
│ 1.28  │ 513.78  │ 400.00   │ net40095                                                                    │ _076410_/B2                │ met3  │
│ 1.28  │ 513.78  │ 400.00   │ net40095                                                                    │ _080425_/A2                │ met3  │
│ 1.28  │ 513.73  │ 400.00   │ _023485_                                                                    │ wire2911/A                 │ met3  │
│ 1.28  │ 513.67  │ 400.00   │ net14454                                                                    │ _076184_/A                 │ met1  │
│ 1.28  │ 513.38  │ 400.00   │ _012012_                                                                    │ _062972_/B1                │ met2  │
│ 1.28  │ 512.99  │ 400.00   │ net40344                                                                    │ _073840_/B2                │ met3  │
│ 1.28  │ 512.99  │ 400.00   │ net40344                                                                    │ wire40343/A                │ met3  │
│ 1.28  │ 511.85  │ 400.00   │ net2588                                                                     │ wire45499/A                │ met1  │
│ 1.27  │ 509.37  │ 400.00   │ net32959                                                                    │ _076518_/B2                │ met3  │
│ 1.27  │ 509.37  │ 400.00   │ net32959                                                                    │ wire32958/A                │ met3  │
│ 1.27  │ 509.33  │ 400.00   │ net31344                                                                    │ _075552_/A0                │ met3  │
│ 1.27  │ 506.99  │ 400.00   │ net40905                                                                    │ _074019_/A1                │ met3  │
│ 1.27  │ 506.98  │ 400.00   │ net37990                                                                    │ _074507_/B2                │ met1  │
│ 1.27  │ 506.35  │ 400.00   │ net45043                                                                    │ _069178_/B                 │ met1  │
│ 1.26  │ 505.08  │ 400.00   │ net27932                                                                    │ _105752_/A                 │ met1  │
│ 1.26  │ 504.95  │ 400.00   │ clknet_4_4_0_clk_i_regs                                                     │ clkbuf_6_18_0_clk_i_regs/A │ met3  │
│ 1.26  │ 504.95  │ 400.00   │ clknet_4_4_0_clk_i_regs                                                     │ clkbuf_6_19_0_clk_i_regs/A │ met3  │
│ 1.26  │ 504.70  │ 400.00   │ yz_bram_ctrl_inst.yz_ram.u_mem.u_mem.g_2k[2\].u_cell.rdata[26\]             │ _065969_/A2                │ met3  │
│ 1.26  │ 503.39  │ 400.00   │ net3665                                                                     │ wire45445/A                │ met1  │
│ 1.26  │ 503.34  │ 400.00   │ net46690                                                                    │ fanout16106/A              │ met1  │
│ 1.26  │ 502.96  │ 400.00   │ net2204                                                                     │ wire31252/A                │ met1  │
│ 1.26  │ 502.61  │ 400.00   │ net44628                                                                    │ wire44627/A                │ met3  │
│ 1.26  │ 502.44  │ 400.00   │ _021254_                                                                    │ _073429_/A3                │ met1  │
│ 1.25  │ 501.12  │ 400.00   │ net36570                                                                    │ wire36569/A                │ met3  │
│ 1.25  │ 500.08  │ 400.00   │ net42531                                                                    │ _078034_/A1                │ met1  │
│ 1.25  │ 499.97  │ 400.00   │ net3680                                                                     │ _065425_/A                 │ met1  │
│ 1.25  │ 499.88  │ 400.00   │ net28802                                                                    │ wire48117/A                │ met1  │
│ 1.25  │ 499.68  │ 400.00   │ net17332                                                                    │ wire17331/A                │ met3  │
│ 1.25  │ 499.51  │ 400.00   │ net10935                                                                    │ _080377_/A1                │ met3  │
│ 1.25  │ 499.51  │ 400.00   │ net10935                                                                    │ wire38249/A                │ met3  │
│ 1.25  │ 498.15  │ 400.00   │ net4790                                                                     │ wire4789/A                 │ met3  │
│ 1.24  │ 496.89  │ 400.00   │ net28321                                                                    │ fanout28303/A              │ met1  │
│ 1.24  │ 496.70  │ 400.00   │ _000138_                                                                    │ _121137_/D                 │ met3  │
│ 1.24  │ 496.36  │ 400.00   │ _016578_                                                                    │ _068257_/A1                │ met1  │
│ 1.24  │ 495.92  │ 400.00   │ net33372                                                                    │ _079192_/B1                │ met3  │
│ 1.24  │ 495.61  │ 400.00   │ net41055                                                                    │ _074256_/B2                │ met3  │
│ 1.24  │ 495.61  │ 400.00   │ net41055                                                                    │ _080023_/B                 │ met3  │
│ 1.24  │ 495.45  │ 400.00   │ instr_bram_ctrl_inst.instr_ram.u_mem.g_2k[3\].u_cell.rdata[23\]             │ wire21755/A                │ met3  │
│ 1.24  │ 494.00  │ 400.00   │ net45256                                                                    │ wire45255/A                │ met1  │
│ 1.23  │ 493.06  │ 400.00   │ net44893                                                                    │ _120067_/A0                │ met1  │
│ 1.23  │ 493.03  │ 400.00   │ net38987                                                                    │ wire38985/A                │ met3  │
│ 1.23  │ 493.03  │ 400.00   │ net38987                                                                    │ max_length38986/A          │ met3  │
│ 1.23  │ 492.51  │ 400.00   │ net14108                                                                    │ wire34115/A                │ met3  │
│ 1.23  │ 492.50  │ 400.00   │ net47560                                                                    │ _094241_/A                 │ met1  │
│ 1.23  │ 490.82  │ 400.00   │ yz_bram_ctrl_inst.yz_ram.u_mem.u_mem.g_2k[3\].u_cell.rdata[23\]             │ wire20356/A                │ met3  │
│ 1.23  │ 490.70  │ 400.00   │ net17547                                                                    │ _074002_/B2                │ met3  │
│ 1.22  │ 489.97  │ 400.00   │ net6425                                                                     │ wire35984/A                │ met3  │
│ 1.22  │ 489.18  │ 400.00   │ net32423                                                                    │ _073798_/B2                │ met1  │
│ 1.22  │ 487.72  │ 400.00   │ cpu_inst.CORE.core_i.alu_operand_a_ex[0\]                                   │ _070657_/A                 │ met3  │
│ 1.22  │ 487.72  │ 400.00   │ cpu_inst.CORE.core_i.alu_operand_a_ex[0\]                                   │ _070669_/B2                │ met3  │
│ 1.22  │ 487.47  │ 400.00   │ net47831                                                                    │ wire22808/A                │ met1  │
│ 1.22  │ 486.25  │ 400.00   │ net5574                                                                     │ wire5573/A                 │ met3  │
│ 1.21  │ 485.67  │ 400.00   │ _000077_                                                                    │ _130168_/D                 │ met1  │
│ 1.21  │ 485.23  │ 400.00   │ _019307_                                                                    │ _072332_/A                 │ met1  │
│ 1.21  │ 484.77  │ 400.00   │ net42914                                                                    │ wire42913/A                │ met3  │
│ 1.21  │ 483.81  │ 400.00   │ net40406                                                                    │ wire40405/A                │ met3  │
│ 1.21  │ 483.77  │ 400.00   │ net21926                                                                    │ wire21925/A                │ met3  │
│ 1.21  │ 483.33  │ 400.00   │ net37888                                                                    │ _073776_/B1                │ met3  │
│ 1.21  │ 483.28  │ 400.00   │ net36622                                                                    │ wire36621/A                │ met3  │
│ 1.21  │ 482.63  │ 400.00   │ net28852                                                                    │ wire48104/A                │ met1  │
│ 1.21  │ 482.23  │ 400.00   │ net38311                                                                    │ wire10108/A                │ met3  │
│ 1.21  │ 482.17  │ 400.00   │ net37332                                                                    │ _078078_/A                 │ met1  │
│ 1.20  │ 481.84  │ 400.00   │ net13834                                                                    │ wire13833/A                │ met3  │
│ 1.20  │ 481.84  │ 400.00   │ net33703                                                                    │ _074813_/A2                │ met3  │
│ 1.20  │ 481.84  │ 400.00   │ net41637                                                                    │ _072440_/A2                │ met3  │
│ 1.20  │ 481.81  │ 400.00   │ net37357                                                                    │ _078588_/A1                │ met3  │
│ 1.20  │ 481.81  │ 400.00   │ net37357                                                                    │ _078805_/A1                │ met3  │
│ 1.20  │ 481.56  │ 400.00   │ instr_bram_ctrl_inst.instr_ram.u_mem.g_2k[0\].u_cell.rdata[14\]             │ wire22450/A                │ met3  │
│ 1.20  │ 481.56  │ 400.00   │ instr_bram_ctrl_inst.instr_ram.u_mem.g_2k[1\].u_cell.rdata[31\]             │ wire22103/A                │ met3  │
│ 1.20  │ 481.56  │ 400.00   │ instr_bram_ctrl_inst.instr_ram.u_mem.g_2k[2\].u_cell.rdata[2\]              │ wire21969/A                │ met3  │
│ 1.20  │ 481.56  │ 400.00   │ yz_bram_ctrl_inst.yz_ram.u_mem.u_mem.g_2k[1\].u_cell.rdata[6\]              │ wire20533/A                │ met3  │
│ 1.20  │ 481.53  │ 400.00   │ net28527                                                                    │ wire48122/A                │ met1  │
│ 1.20  │ 481.05  │ 400.00   │ net45109                                                                    │ wire45108/A                │ met3  │
│ 1.20  │ 480.91  │ 400.00   │ net7430                                                                     │ wire46389/A                │ met1  │
│ 1.20  │ 479.80  │ 400.00   │ net43277                                                                    │ wire12522/A                │ met3  │
│ 1.20  │ 479.66  │ 400.00   │ net35909                                                                    │ wire35908/A                │ met3  │
│ 1.20  │ 479.56  │ 400.00   │ net10105                                                                    │ wire38874/A                │ met3  │
│ 1.20  │ 479.44  │ 400.00   │ net42254                                                                    │ _078447_/A1                │ met1  │
│ 1.19  │ 477.78  │ 400.00   │ net27686                                                                    │ _107851_/A                 │ met1  │
│ 1.19  │ 477.33  │ 400.00   │ net4310                                                                     │ wire33760/A                │ met3  │
│ 1.19  │ 477.32  │ 400.00   │ net42062                                                                    │ _076952_/A2                │ met3  │
│ 1.19  │ 477.30  │ 400.00   │ _024316_                                                                    │ wire32000/A                │ met3  │
│ 1.19  │ 477.14  │ 400.00   │ net1958                                                                     │ _109752_/B                 │ met1  │
│ 1.19  │ 476.93  │ 400.00   │ yz_bram_ctrl_inst.yz_ram.u_mem.u_mem.g_1k.u_cell.rdata[14\]                 │ wire21499/A                │ met3  │
│ 1.19  │ 476.53  │ 400.00   │ net5589                                                                     │ wire38708/A                │ met3  │
│ 1.19  │ 476.47  │ 400.00   │ net48177                                                                    │ _103113_/A1                │ met1  │
│ 1.19  │ 476.42  │ 400.00   │ _016572_                                                                    │ _068245_/A1                │ met1  │
│ 1.19  │ 475.89  │ 400.00   │ net36007                                                                    │ _074087_/A3                │ met3  │
│ 1.19  │ 475.48  │ 400.00   │ net43255                                                                    │ _079253_/A1                │ met2  │
│ 1.19  │ 475.25  │ 400.00   │ _020209_                                                                    │ _076081_/B1                │ met1  │
│ 1.19  │ 474.84  │ 400.00   │ net39298                                                                    │ wire5488/A                 │ met3  │
│ 1.19  │ 474.50  │ 400.00   │ cpu_inst.CORE.core_i.load_store_unit_i.rdata_offset_q[0\]                   │ hold65596/A                │ met1  │
│ 1.19  │ 474.08  │ 400.00   │ net39241                                                                    │ _074266_/A2                │ met3  │
│ 1.18  │ 473.86  │ 400.00   │ net33148                                                                    │ _078219_/B                 │ met1  │
│ 1.18  │ 473.76  │ 400.00   │ net34663                                                                    │ wire9960/A                 │ met3  │
│ 1.18  │ 473.52  │ 400.00   │ net41906                                                                    │ wire41905/A                │ met3  │
│ 1.18  │ 473.44  │ 400.00   │ _046432_                                                                    │ _108553_/A0                │ met1  │
│ 1.18  │ 472.75  │ 400.00   │ net48213                                                                    │ _107078_/A1                │ met2  │
│ 1.18  │ 472.53  │ 400.00   │ net21253                                                                    │ _065949_/A1                │ met1  │
│ 1.18  │ 472.30  │ 400.00   │ instr_bram_ctrl_inst.instr_ram.u_mem.g_2k[0\].u_cell.rdata[23\]             │ wire22347/A                │ met3  │
│ 1.18  │ 472.06  │ 400.00   │ net5474                                                                     │ _076713_/A2_N              │ met1  │
│ 1.18  │ 471.56  │ 400.00   │ net44352                                                                    │ _065445_/A                 │ met1  │
│ 1.18  │ 471.43  │ 400.00   │ net14190                                                                    │ wire14189/A                │ met3  │
│ 1.18  │ 471.37  │ 400.00   │ net33538                                                                    │ _076192_/A2                │ met3  │
│ 1.18  │ 471.24  │ 400.00   │ net45862                                                                    │ _079466_/A1                │ met3  │
│ 1.17  │ 469.95  │ 400.00   │ net39321                                                                    │ _078218_/A1                │ met3  │
│ 1.17  │ 467.67  │ 400.00   │ instr_bram_ctrl_inst.instr_ram.u_mem.g_2k[0\].u_cell.rdata[15\]             │ wire22441/A                │ met3  │
│ 1.17  │ 467.67  │ 400.00   │ net42208                                                                    │ wire42207/A                │ met3  │
│ 1.17  │ 467.02  │ 400.00   │ net41822                                                                    │ _075996_/A2                │ met3  │
│ 1.17  │ 467.02  │ 400.00   │ net41822                                                                    │ _076435_/B2                │ met3  │
│ 1.17  │ 467.00  │ 400.00   │ net26397                                                                    │ _118340_/A                 │ met1  │
│ 1.17  │ 466.97  │ 400.00   │ net42035                                                                    │ _072894_/A3                │ met3  │
│ 1.16  │ 465.67  │ 400.00   │ _013271_                                                                    │ _064469_/B                 │ met1  │
│ 1.16  │ 465.03  │ 400.00   │ cpu_inst.CORE.core_i.cs_registers_i.gen_trigger_regs.tmatch_value_q[30\]    │ hold62476/A                │ met1  │
│ 1.16  │ 464.70  │ 400.00   │ net31613                                                                    │ _073522_/A2                │ met1  │
│ 1.16  │ 464.36  │ 400.00   │ clknet_4_0_0_clk_i_regs                                                     │ clkbuf_6_0_0_clk_i_regs/A  │ met3  │
│ 1.16  │ 464.36  │ 400.00   │ clknet_4_0_0_clk_i_regs                                                     │ clkbuf_6_1_0_clk_i_regs/A  │ met3  │
│ 1.16  │ 464.08  │ 400.00   │ net32018                                                                    │ _072094_/A2                │ met1  │
│ 1.16  │ 464.00  │ 400.00   │ net35074                                                                    │ _073871_/B1                │ met3  │
│ 1.16  │ 463.95  │ 400.00   │ net38547                                                                    │ _074139_/B1                │ met3  │
│ 1.16  │ 463.95  │ 400.00   │ net38547                                                                    │ wire38546/A                │ met3  │
│ 1.16  │ 463.94  │ 400.00   │ net40395                                                                    │ _077760_/B2                │ met3  │
│ 1.16  │ 462.80  │ 400.00   │ net35760                                                                    │ _076187_/A1                │ met3  │
│ 1.16  │ 462.67  │ 400.00   │ net31252                                                                    │ _130151_/D                 │ met1  │
│ 1.16  │ 462.28  │ 400.00   │ net36355                                                                    │ _075654_/A1                │ met1  │
│ 1.15  │ 461.69  │ 400.00   │ net40970                                                                    │ wire40969/A                │ met3  │
│ 1.15  │ 461.28  │ 400.00   │ _013151_                                                                    │ _064309_/A1                │ met1  │
│ 1.15  │ 459.85  │ 400.00   │ net42829                                                                    │ _074370_/A3                │ met1  │
│ 1.15  │ 459.49  │ 400.00   │ net40327                                                                    │ wire40326/A                │ met3  │
│ 1.15  │ 459.47  │ 400.00   │ net34996                                                                    │ _074824_/B2                │ met3  │
│ 1.15  │ 458.98  │ 400.00   │ _027190_                                                                    │ _079329_/B1                │ met1  │
│ 1.15  │ 458.42  │ 400.00   │ yz_bram_ctrl_inst.yz_ram.u_mem.u_mem.g_2k[3\].u_cell.rdata[28\]             │ wire20323/A                │ met3  │
│ 1.15  │ 458.17  │ 400.00   │ net37951                                                                    │ _076160_/A2                │ met1  │
│ 1.15  │ 458.05  │ 400.00   │ net35734                                                                    │ _077053_/A2                │ met3  │
│ 1.14  │ 457.99  │ 400.00   │ net33726                                                                    │ _076086_/A2                │ met3  │
│ 1.14  │ 457.49  │ 400.00   │ net14657                                                                    │ fanout14630/A              │ met1  │
│ 1.14  │ 457.08  │ 400.00   │ net38699                                                                    │ _074802_/B                 │ met1  │
│ 1.14  │ 456.61  │ 400.00   │ net35868                                                                    │ _077415_/A2                │ met1  │
│ 1.14  │ 455.81  │ 400.00   │ net34112                                                                    │ _115120_/A1                │ met3  │
│ 1.14  │ 455.66  │ 400.00   │ net37106                                                                    │ max_length37105/A          │ met1  │
│ 1.14  │ 455.66  │ 400.00   │ net48728                                                                    │ wire26224/A                │ met1  │
│ 1.14  │ 455.51  │ 400.00   │ net37940                                                                    │ wire6817/A                 │ met3  │
│ 1.14  │ 455.08  │ 400.00   │ net35533                                                                    │ _078317_/B1                │ met3  │
│ 1.14  │ 455.08  │ 400.00   │ net37145                                                                    │ _077286_/B2                │ met3  │
│ 1.14  │ 455.00  │ 400.00   │ net14011                                                                    │ wire42387/A                │ met3  │
│ 1.13  │ 453.53  │ 400.00   │ net17233                                                                    │ wire17232/A                │ met3  │
│ 1.13  │ 453.19  │ 400.00   │ net43188                                                                    │ _106920_/B1                │ met1  │
│ 1.13  │ 452.98  │ 400.00   │ net7044                                                                     │ _078001_/A2                │ met1  │
│ 1.13  │ 452.96  │ 400.00   │ net983                                                                      │ wire31646/A                │ met1  │
│ 1.13  │ 452.80  │ 400.00   │ net35490                                                                    │ _075162_/B                 │ met3  │
│ 1.13  │ 452.37  │ 400.00   │ net986                                                                      │ wire32897/A                │ met1  │
│ 1.13  │ 452.11  │ 400.00   │ net38384                                                                    │ _079602_/A3                │ met3  │
│ 1.13  │ 451.97  │ 400.00   │ net27547                                                                    │ _084494_/A1                │ met1  │
│ 1.13  │ 451.47  │ 400.00   │ net10818                                                                    │ wire35764/A                │ met2  │
│ 1.13  │ 451.31  │ 400.00   │ net36444                                                                    │ wire36443/A                │ met3  │
│ 1.13  │ 450.11  │ 400.00   │ net674                                                                      │ wire34706/A                │ met1  │
│ 1.12  │ 449.34  │ 400.00   │ net26288                                                                    │ wire46986/A                │ met1  │
│ 1.12  │ 449.16  │ 400.00   │ instr_bram_ctrl_inst.instr_ram.u_mem.g_2k[2\].u_cell.rdata[31\]             │ wire21958/A                │ met3  │
│ 1.12  │ 449.16  │ 400.00   │ yz_bram_ctrl_inst.yz_ram.u_mem.u_mem.g_1k.u_cell.rdata[2\]                  │ wire21328/A                │ met3  │
│ 1.12  │ 448.31  │ 400.00   │ net6641                                                                     │ _080207_/A                 │ met1  │
│ 1.12  │ 447.94  │ 400.00   │ net34746                                                                    │ _078789_/A2                │ met1  │
│ 1.12  │ 447.89  │ 400.00   │ net39915                                                                    │ _078081_/A1                │ met1  │
│ 1.12  │ 447.64  │ 400.00   │ net36836                                                                    │ _077674_/B2                │ met3  │
│ 1.12  │ 447.58  │ 400.00   │ net44016                                                                    │ _072275_/A1                │ met3  │
│ 1.12  │ 446.96  │ 400.00   │ _027781_                                                                    │ wire31979/A                │ met1  │
│ 1.12  │ 446.52  │ 400.00   │ net38661                                                                    │ _076845_/B                 │ met3  │
│ 1.12  │ 446.52  │ 400.00   │ net38661                                                                    │ _077747_/A2                │ met3  │
│ 1.12  │ 446.09  │ 400.00   │ net16327                                                                    │ wire16326/A                │ met3  │
│ 1.11  │ 445.45  │ 400.00   │ net38545                                                                    │ _072860_/B1                │ met1  │
│ 1.11  │ 445.44  │ 400.00   │ net995                                                                      │ wire33090/A                │ met1  │
│ 1.11  │ 445.22  │ 400.00   │ net45650                                                                    │ _065447_/A                 │ met1  │
│ 1.11  │ 444.61  │ 400.00   │ net35716                                                                    │ wire35715/A                │ met3  │
│ 1.11  │ 444.59  │ 400.00   │ net38647                                                                    │ wire38646/A                │ met3  │
│ 1.11  │ 444.53  │ 400.00   │ instr_bram_ctrl_inst.instr_ram.u_mem.g_2k[2\].u_cell.rdata[20\]             │ wire22021/A                │ met3  │
│ 1.11  │ 444.53  │ 400.00   │ yz_bram_ctrl_inst.yz_ram.u_mem.u_mem.g_2k[2\].u_cell.rdata[28\]             │ wire20491/A                │ met3  │
│ 1.11  │ 444.45  │ 400.00   │ net5642                                                                     │ wire36037/A                │ met1  │
│ 1.11  │ 443.18  │ 400.00   │ net33851                                                                    │ _077842_/A2                │ met3  │
│ 1.11  │ 443.12  │ 400.00   │ net42099                                                                    │ _072969_/A2_N              │ met3  │
│ 1.11  │ 443.12  │ 400.00   │ net42099                                                                    │ _078915_/B1                │ met3  │
│ 1.11  │ 442.78  │ 400.00   │ net688                                                                      │ _064037_/B                 │ met1  │
│ 1.10  │ 441.91  │ 400.00   │ net22006                                                                    │ wire22005/A                │ met3  │
│ 1.10  │ 440.91  │ 400.00   │ net48777                                                                    │ _080764_/A1                │ met3  │
│ 1.10  │ 440.91  │ 400.00   │ net48777                                                                    │ _106640_/A1                │ met3  │
│ 1.10  │ 440.87  │ 400.00   │ net3039                                                                     │ wire3038/A                 │ met3  │
│ 1.10  │ 3065.52 │ 2781.50  │ _048716_                                                                    │ _106677_/A0                │ met4  │
│ 1.10  │ 440.72  │ 400.00   │ net28488                                                                    │ _095140_/A                 │ met1  │
│ 1.10  │ 440.21  │ 400.00   │ _019280_                                                                    │ _078399_/B2                │ met3  │
│ 1.10  │ 440.21  │ 400.00   │ net18050                                                                    │ _075499_/A1                │ met3  │
│ 1.10  │ 440.13  │ 400.00   │ net43703                                                                    │ _078967_/A4                │ met3  │
│ 1.10  │ 440.13  │ 400.00   │ net43703                                                                    │ _079340_/A2                │ met3  │
│ 1.10  │ 439.97  │ 400.00   │ _051208_                                                                    │ _109166_/C                 │ met1  │
│ 1.10  │ 439.90  │ 400.00   │ instr_bram_ctrl_inst.instr_ram.u_mem.g_2k[0\].u_cell.rdata[28\]             │ wire22302/A                │ met3  │
│ 1.10  │ 439.53  │ 400.00   │ _054116_                                                                    │ _112169_/A1                │ met2  │
│ 1.10  │ 439.48  │ 400.00   │ net39825                                                                    │ _074891_/B1                │ met3  │
│ 1.10  │ 439.48  │ 400.00   │ net39825                                                                    │ wire39824/A                │ met3  │
│ 1.10  │ 438.98  │ 400.00   │ net37448                                                                    │ wire37447/A                │ met1  │
│ 1.10  │ 438.67  │ 400.00   │ net39138                                                                    │ _078966_/A2                │ met3  │
│ 1.10  │ 438.66  │ 400.00   │ net10302                                                                    │ _077447_/B2                │ met3  │
│ 1.10  │ 438.66  │ 400.00   │ net10302                                                                    │ wire40597/A                │ met3  │
│ 1.10  │ 438.40  │ 400.00   │ axi_data_bram_rdata[22\]                                                    │ wire48793/A                │ met1  │
│ 1.10  │ 438.35  │ 400.00   │ net13670                                                                    │ fanout13640/A              │ met3  │
│ 1.10  │ 438.26  │ 400.00   │ _022522_                                                                    │ wire32951/A                │ met1  │
│ 1.10  │ 438.12  │ 400.00   │ net37426                                                                    │ _074186_/B1                │ met1  │
│ 1.09  │ 437.48  │ 400.00   │ net34707                                                                    │ _072052_/B2                │ met3  │
│ 1.09  │ 437.24  │ 400.00   │ net39781                                                                    │ _078407_/B2                │ met3  │
│ 1.09  │ 435.74  │ 400.00   │ _034336_                                                                    │ _091118_/A2                │ met1  │
│ 1.09  │ 435.63  │ 400.00   │ net38482                                                                    │ wire38481/A                │ met2  │
│ 1.09  │ 435.41  │ 400.00   │ net44074                                                                    │ _076052_/A2                │ met1  │
│ 1.09  │ 435.27  │ 400.00   │ instr_bram_ctrl_inst.instr_ram.u_mem.g_2k[0\].u_cell.rdata[26\]             │ wire22318/A                │ met3  │
│ 1.09  │ 435.27  │ 400.00   │ yz_bram_ctrl_inst.yz_ram.u_mem.u_mem.g_2k[0\].u_cell.rdata[22\]             │ wire21027/A                │ met3  │
│ 1.09  │ 434.70  │ 400.00   │ net38677                                                                    │ _077884_/B1                │ met3  │
│ 1.09  │ 434.70  │ 400.00   │ net38677                                                                    │ _078929_/B                 │ met3  │
│ 1.09  │ 434.26  │ 400.00   │ net38989                                                                    │ wire38988/A                │ met3  │
│ 1.09  │ 434.09  │ 400.00   │ net27912                                                                    │ rebuffer30995/A            │ met1  │
│ 1.08  │ 433.64  │ 400.00   │ conv_accelerator_inst.u_conv_buf_ram.u_mem.rdata32[11\]                     │ hold59932/A                │ met1  │
│ 1.08  │ 432.85  │ 400.00   │ net9041                                                                     │ wire32997/A                │ met1  │
│ 1.08  │ 3046.10 │ 2817.80  │ _027201_                                                                    │ _079280_/B                 │ met3  │
│ 1.08  │ 431.76  │ 400.00   │ net44553                                                                    │ fanout16842/A              │ met1  │
│ 1.08  │ 431.22  │ 400.00   │ net37371                                                                    │ wire37370/A                │ met3  │
│ 1.08  │ 431.19  │ 400.00   │ net41159                                                                    │ wire41158/A                │ met2  │
│ 1.08  │ 431.16  │ 400.00   │ net21725                                                                    │ wire21724/A                │ met1  │
│ 1.08  │ 430.86  │ 400.00   │ net17030                                                                    │ _079313_/A                 │ met1  │
│ 1.08  │ 430.81  │ 400.00   │ cpu_inst.CORE.core_i.ex_stage_i.mult_i.int_op_a_msu[15\]                    │ fanout28152/A              │ met1  │
│ 1.08  │ 430.64  │ 400.00   │ net1661                                                                     │ _065363_/B1                │ met3  │
│ 1.08  │ 430.59  │ 400.00   │ net45704                                                                    │ _076686_/A1                │ met1  │
│ 1.08  │ 430.50  │ 400.00   │ net48141                                                                    │ _108699_/A1                │ met1  │
│ 1.08  │ 430.13  │ 400.00   │ net16488                                                                    │ fanout16470/A              │ met1  │
│ 1.07  │ 429.77  │ 400.00   │ net40878                                                                    │ wire40877/A                │ met1  │
│ 1.07  │ 429.67  │ 400.00   │ net32723                                                                    │ _077005_/B1                │ met1  │
│ 1.07  │ 429.14  │ 400.00   │ net12291                                                                    │ wire41060/A                │ met2  │
│ 1.07  │ 428.95  │ 400.00   │ net40940                                                                    │ _077806_/B1                │ met3  │
│ 1.07  │ 428.95  │ 400.00   │ net40940                                                                    │ _078362_/B1                │ met3  │
│ 1.07  │ 2979.17 │ 2778.20  │ _024757_                                                                    │ _076823_/C                 │ met4  │
│ 1.07  │ 428.80  │ 400.00   │ net5972                                                                     │ _073684_/B1                │ met1  │
│ 1.07  │ 3034.54 │ 2831.00  │ _021676_                                                                    │ _073732_/B                 │ met3  │
│ 1.07  │ 428.73  │ 400.00   │ net33234                                                                    │ _076051_/A2_N              │ met3  │
│ 1.07  │ 428.60  │ 400.00   │ clknet_4_5_0_clk_i_regs                                                     │ clkbuf_6_22_0_clk_i_regs/A │ met3  │
│ 1.07  │ 428.32  │ 400.00   │ net11184                                                                    │ wire11183/A                │ met3  │
│ 1.07  │ 428.32  │ 400.00   │ net36987                                                                    │ _079012_/A2                │ met3  │
│ 1.07  │ 428.19  │ 400.00   │ net33724                                                                    │ _076232_/B1                │ met1  │
│ 1.07  │ 427.93  │ 400.00   │ net14498                                                                    │ wire14497/A                │ met1  │
│ 1.07  │ 427.86  │ 400.00   │ cpu_inst.CORE.core_i.ex_stage_i.mult_i.int_op_a_msu[10\]                    │ hold65140/A                │ met1  │
│ 1.07  │ 426.48  │ 400.00   │ net42117                                                                    │ _077369_/C                 │ met3  │
│ 1.07  │ 426.16  │ 400.00   │ net993                                                                      │ wire33401/A                │ met1  │
│ 1.07  │ 426.14  │ 400.00   │ net22429                                                                    │ wire22428/A                │ met1  │
│ 1.07  │ 426.01  │ 400.00   │ instr_bram_ctrl_inst.instr_ram.u_mem.g_2k[3\].u_cell.rdata[26\]             │ wire21715/A                │ met3  │
│ 1.07  │ 426.01  │ 400.00   │ yz_bram_ctrl_inst.yz_ram.u_mem.u_mem.g_2k[0\].u_cell.rdata[11\]             │ wire21205/A                │ met3  │
│ 1.07  │ 426.01  │ 400.00   │ net23327                                                                    │ wire23326/A                │ met3  │
│ 1.06  │ 425.64  │ 400.00   │ net33070                                                                    │ _073474_/A1                │ met1  │
│ 1.06  │ 425.57  │ 400.00   │ net20680                                                                    │ _065966_/A1                │ met1  │
│ 1.06  │ 425.04  │ 400.00   │ net29295                                                                    │ wire47954/A                │ met1  │
│ 1.06  │ 424.96  │ 400.00   │ net9078                                                                     │ wire33873/A                │ met1  │
│ 1.06  │ 424.73  │ 400.00   │ net41367                                                                    │ _079541_/B2                │ met3  │
│ 1.06  │ 424.73  │ 400.00   │ net41367                                                                    │ wire41366/A                │ met3  │
│ 1.06  │ 424.69  │ 400.00   │ net20849                                                                    │ wire20848/A                │ met1  │
│ 1.06  │ 424.69  │ 400.00   │ net20968                                                                    │ wire20967/A                │ met1  │
│ 1.06  │ 424.55  │ 400.00   │ net5440                                                                     │ wire39859/A                │ met3  │
│ 1.06  │ 424.06  │ 400.00   │ net43458                                                                    │ _080741_/A0                │ met1  │
│ 1.06  │ 423.79  │ 400.00   │ net37394                                                                    │ wire37393/A                │ met3  │
│ 1.06  │ 423.59  │ 400.00   │ net20935                                                                    │ wire20934/A                │ met1  │
│ 1.06  │ 423.35  │ 400.00   │ _019118_                                                                    │ wire43842/A                │ met1  │
│ 1.06  │ 423.19  │ 400.00   │ net21036                                                                    │ wire21035/A                │ met1  │
│ 1.06  │ 423.14  │ 400.00   │ net31790                                                                    │ _115733_/S                 │ met1  │
│ 1.06  │ 423.07  │ 400.00   │ net6424                                                                     │ wire35659/A                │ met1  │
│ 1.06  │ 423.06  │ 400.00   │ net21108                                                                    │ wire21107/A                │ met1  │
│ 1.06  │ 423.06  │ 400.00   │ net21181                                                                    │ wire21180/A                │ met1  │
│ 1.06  │ 422.66  │ 400.00   │ net21021                                                                    │ wire21020/A                │ met1  │
│ 1.06  │ 422.66  │ 400.00   │ net21494                                                                    │ wire21493/A                │ met1  │
│ 1.06  │ 422.44  │ 400.00   │ net21917                                                                    │ _115685_/A3                │ met1  │
│ 1.06  │ 422.37  │ 400.00   │ net38455                                                                    │ _074401_/B1                │ met3  │
│ 1.06  │ 422.36  │ 400.00   │ net44250                                                                    │ _079028_/B2                │ met1  │
│ 1.06  │ 422.14  │ 400.00   │ net22487                                                                    │ wire22486/A                │ met1  │
│ 1.05  │ 422.00  │ 400.00   │ net21049                                                                    │ wire21048/A                │ met1  │
│ 1.05  │ 421.69  │ 400.00   │ net21733                                                                    │ wire21732/A                │ met1  │
│ 1.05  │ 421.61  │ 400.00   │ net20396                                                                    │ wire20395/A                │ met1  │
│ 1.05  │ 421.56  │ 400.00   │ net12202                                                                    │ load_slew12201/A           │ met1  │
│ 1.05  │ 421.43  │ 400.00   │ net36518                                                                    │ wire36517/A                │ met1  │
│ 1.05  │ 421.38  │ 400.00   │ yz_bram_ctrl_inst.yz_ram.u_mem.u_mem.g_1k.u_cell.rdata[1\]                  │ wire21441/A                │ met3  │
│ 1.05  │ 421.38  │ 400.00   │ yz_bram_ctrl_inst.yz_ram.u_mem.u_mem.g_2k[2\].u_cell.rdata[17\]             │ _065960_/A2                │ met4  │
│ 1.05  │ 421.31  │ 400.00   │ net12985                                                                    │ wire12984/A                │ met3  │
│ 1.05  │ 421.17  │ 400.00   │ net21208                                                                    │ wire21207/A                │ met1  │
│ 1.05  │ 421.15  │ 400.00   │ net7231                                                                     │ wire43490/A                │ met1  │
│ 1.05  │ 420.82  │ 400.00   │ net33917                                                                    │ _074251_/A2                │ met3  │
│ 1.05  │ 420.77  │ 400.00   │ net39985                                                                    │ wire39984/A                │ met3  │
│ 1.05  │ 420.76  │ 400.00   │ net10975                                                                    │ _072626_/C                 │ met3  │
│ 1.05  │ 420.76  │ 400.00   │ net34107                                                                    │ _115110_/A1                │ met3  │
│ 1.05  │ 420.76  │ 400.00   │ net35719                                                                    │ _120465_/A1                │ met3  │
│ 1.05  │ 420.51  │ 400.00   │ net20290                                                                    │ _065999_/A3                │ met1  │
│ 1.05  │ 420.38  │ 400.00   │ _057873_                                                                    │ _117658_/B1                │ met1  │
│ 1.05  │ 420.11  │ 400.00   │ net21718                                                                    │ wire21717/A                │ met1  │
│ 1.05  │ 419.80  │ 400.00   │ net42988                                                                    │ _075118_/B2                │ met3  │
│ 1.05  │ 419.80  │ 400.00   │ net42988                                                                    │ wire42987/A                │ met3  │
│ 1.05  │ 419.67  │ 400.00   │ net21075                                                                    │ wire21074/A                │ met1  │
│ 1.05  │ 419.67  │ 400.00   │ net21550                                                                    │ wire21549/A                │ met1  │
│ 1.05  │ 419.39  │ 400.00   │ net31540                                                                    │ _074512_/A3                │ met3  │
│ 1.05  │ 419.39  │ 400.00   │ net31808                                                                    │ _076324_/B1                │ met3  │
│ 1.05  │ 419.39  │ 400.00   │ net31819                                                                    │ _075502_/A2                │ met3  │
│ 1.05  │ 419.28  │ 400.00   │ net36912                                                                    │ wire36911/A                │ met3  │
│ 1.05  │ 419.01  │ 400.00   │ net20448                                                                    │ wire20447/A                │ met1  │
│ 1.05  │ 419.01  │ 400.00   │ net22435                                                                    │ wire22434/A                │ met1  │
│ 1.05  │ 418.66  │ 400.00   │ net42964                                                                    │ _076657_/B1                │ met1  │
│ 1.05  │ 418.61  │ 400.00   │ net21859                                                                    │ wire21858/A                │ met1  │
│ 1.05  │ 418.19  │ 400.00   │ net40511                                                                    │ _079207_/C                 │ met1  │
│ 1.05  │ 418.01  │ 400.00   │ net9410                                                                     │ _080007_/A2                │ met2  │
│ 1.04  │ 417.84  │ 400.00   │ net36213                                                                    │ _072540_/A                 │ met3  │
│ 1.04  │ 417.64  │ 400.00   │ net22489                                                                    │ wire22488/A                │ met1  │
│ 1.04  │ 417.51  │ 400.00   │ net21017                                                                    │ wire21016/A                │ met1  │
│ 1.04  │ 417.51  │ 400.00   │ net22169                                                                    │ wire22168/A                │ met1  │
│ 1.04  │ 416.90  │ 400.00   │ net21537                                                                    │ wire21536/A                │ met1  │
│ 1.04  │ 416.56  │ 400.00   │ net32356                                                                    │ _079801_/A2                │ met1  │
│ 1.04  │ 416.46  │ 400.00   │ net22443                                                                    │ wire22442/A                │ met1  │
│ 1.04  │ 416.44  │ 400.00   │ net28763                                                                    │ _094112_/B                 │ met1  │
│ 1.04  │ 416.31  │ 400.00   │ net48153                                                                    │ _063006_/A                 │ met1  │
│ 1.04  │ 2891.30 │ 2778.20  │ _028158_                                                                    │ _080239_/C                 │ met3  │
│ 1.04  │ 416.19  │ 400.00   │ net22456                                                                    │ wire22455/A                │ met1  │
│ 1.04  │ 416.02  │ 400.00   │ net21414                                                                    │ wire21413/A                │ met1  │
│ 1.04  │ 415.75  │ 400.00   │ yz_bram_ctrl_inst.yz_ram.u_mem.u_mem.g_2k[2\].u_cell.rdata[19\]             │ _065972_/A2                │ met4  │
│ 1.04  │ 415.62  │ 400.00   │ net21406                                                                    │ wire21405/A                │ met1  │
│ 1.04  │ 415.49  │ 400.00   │ net21443                                                                    │ wire21442/A                │ met1  │
│ 1.04  │ 415.49  │ 400.00   │ net22383                                                                    │ wire22382/A                │ met1  │
│ 1.04  │ 415.33  │ 400.00   │ _032534_                                                                    │ _089203_/B                 │ met1  │
│ 1.04  │ 415.09  │ 400.00   │ net20598                                                                    │ _065975_/A1                │ met1  │
│ 1.04  │ 415.06  │ 400.00   │ net41951                                                                    │ _073712_/B2                │ met3  │
│ 1.04  │ 414.98  │ 400.00   │ net3109                                                                     │ wire32861/A                │ met1  │
│ 1.04  │ 414.96  │ 400.00   │ net21115                                                                    │ wire21114/A                │ met1  │
│ 1.04  │ 414.96  │ 400.00   │ net21335                                                                    │ wire21334/A                │ met1  │
│ 1.04  │ 414.93  │ 400.00   │ net32515                                                                    │ _072314_/B1                │ met3  │
│ 1.04  │ 414.92  │ 400.00   │ net10090                                                                    │ wire39064/A                │ met1  │
│ 1.04  │ 414.92  │ 400.00   │ net34776                                                                    │ _120566_/A1                │ met3  │
│ 1.04  │ 414.88  │ 400.00   │ net36521                                                                    │ _076788_/A                 │ met3  │
│ 1.04  │ 414.87  │ 400.00   │ net36070                                                                    │ _075775_/A1                │ met3  │
│ 1.04  │ 414.64  │ 400.00   │ net9718                                                                     │ wire42689/A                │ met1  │
│ 1.04  │ 414.56  │ 400.00   │ net21483                                                                    │ wire21482/A                │ met1  │
│ 1.04  │ 414.44  │ 400.00   │ net11651                                                                    │ _060800_/B                 │ met1  │
│ 1.03  │ 413.86  │ 400.00   │ net33326                                                                    │ wire10253/A                │ met3  │
│ 1.03  │ 413.46  │ 400.00   │ net28350                                                                    │ _063392_/A2                │ met3  │
│ 1.03  │ 413.45  │ 400.00   │ net33467                                                                    │ _077658_/B1                │ met3  │
│ 1.03  │ 413.45  │ 400.00   │ net35589                                                                    │ _075183_/B2                │ met3  │
│ 1.03  │ 413.45  │ 400.00   │ net43326                                                                    │ _076203_/B1                │ met3  │
│ 1.03  │ 413.43  │ 400.00   │ net42089                                                                    │ _073115_/B                 │ met3  │
│ 1.03  │ 413.38  │ 400.00   │ net5664                                                                     │ _075848_/A2                │ met1  │
│ 1.03  │ 413.33  │ 400.00   │ net37463                                                                    │ wire37462/A                │ met3  │
│ 1.03  │ 413.24  │ 400.00   │ net42076                                                                    │ _077770_/A1                │ met3  │
│ 1.03  │ 413.24  │ 400.00   │ net42076                                                                    │ wire42075/A                │ met3  │
│ 1.03  │ 413.07  │ 400.00   │ net21532                                                                    │ wire21531/A                │ met1  │
│ 1.03  │ 412.98  │ 400.00   │ clknet_4_11_0_clk_i_regs                                                    │ clkbuf_6_46_0_clk_i_regs/A │ met3  │
│ 1.03  │ 412.96  │ 400.00   │ net26293                                                                    │ wire47465/A                │ met3  │
│ 1.03  │ 412.75  │ 400.00   │ net12072                                                                    │ _075604_/C                 │ met2  │
│ 1.03  │ 412.75  │ 400.00   │ net42316                                                                    │ _116213_/A1                │ met2  │
│ 1.03  │ 412.56  │ 400.00   │ net45399                                                                    │ _115239_/A0                │ met1  │
│ 1.03  │ 412.54  │ 400.00   │ net21751                                                                    │ wire21750/A                │ met1  │
│ 1.03  │ 412.50  │ 400.00   │ net42671                                                                    │ _085892_/A0                │ met1  │
│ 1.03  │ 412.42  │ 400.00   │ net64815                                                                    │ _070965_/A0                │ met1  │
│ 1.03  │ 412.24  │ 400.00   │ net44143                                                                    │ wire44142/A                │ met2  │
│ 1.03  │ 411.97  │ 400.00   │ net21332                                                                    │ wire21331/A                │ met1  │
│ 1.03  │ 411.97  │ 400.00   │ net21571                                                                    │ _115679_/A3                │ met1  │
│ 1.03  │ 411.61  │ 400.00   │ clknet_4_0_0_clk_i_regs                                                     │ clkbuf_6_2_0_clk_i_regs/A  │ met3  │
│ 1.03  │ 411.61  │ 400.00   │ clknet_4_0_0_clk_i_regs                                                     │ clkbuf_6_3_0_clk_i_regs/A  │ met3  │
│ 1.03  │ 411.57  │ 400.00   │ net21217                                                                    │ wire21216/A                │ met1  │
│ 1.03  │ 411.56  │ 400.00   │ net35708                                                                    │ wire35707/A                │ met1  │
│ 1.03  │ 411.31  │ 400.00   │ net48164                                                                    │ _061008_/C                 │ met1  │
│ 1.03  │ 411.14  │ 400.00   │ net34585                                                                    │ _075536_/B1                │ met3  │
│ 1.03  │ 411.05  │ 400.00   │ net548                                                                      │ wire547/A                  │ met2  │
│ 1.03  │ 411.04  │ 400.00   │ net20361                                                                    │ wire20360/A                │ met1  │
│ 1.03  │ 410.99  │ 400.00   │ net11462                                                                    │ _078311_/A1                │ met2  │
│ 1.03  │ 410.78  │ 400.00   │ cpu_inst.CORE.core_i.ex_stage_i.alu_i.alu_div_i.AReg_DP[10\]                │ _102907_/C                 │ met1  │
│ 1.03  │ 410.74  │ 400.00   │ net38961                                                                    │ _072541_/A1                │ met1  │
│ 1.03  │ 410.53  │ 400.00   │ conv_accelerator_inst.fc_acc[97\]                                           │ _080951_/A0                │ met1  │
│ 1.03  │ 410.47  │ 400.00   │ net31815                                                                    │ _075809_/B1                │ met3  │
│ 1.03  │ 410.33  │ 400.00   │ _000065_                                                                    │ _130157_/D                 │ met1  │
│ 1.02  │ 409.98  │ 400.00   │ net20440                                                                    │ wire20439/A                │ met1  │
│ 1.02  │ 409.97  │ 400.00   │ net32422                                                                    │ _076176_/B                 │ met1  │
│ 1.02  │ 409.91  │ 400.00   │ net12430                                                                    │ wire12429/A                │ met3  │
│ 1.02  │ 409.66  │ 400.00   │ net30918                                                                    │ wire30917/A                │ met3  │
│ 1.02  │ 409.41  │ 400.00   │ net20261                                                                    │ wire20260/A                │ met1  │
│ 1.02  │ 409.35  │ 400.00   │ net28815                                                                    │ wire48113/A                │ met1  │
│ 1.02  │ 409.08  │ 400.00   │ net37435                                                                    │ _073672_/A1                │ met3  │
│ 1.02  │ 408.97  │ 400.00   │ net13830                                                                    │ fanout13737/A              │ met1  │
│ 1.02  │ 408.92  │ 400.00   │ net36027                                                                    │ _075744_/B1                │ met3  │
│ 1.02  │ 408.92  │ 400.00   │ net40273                                                                    │ _075335_/A2                │ met3  │
│ 1.02  │ 408.92  │ 400.00   │ net40273                                                                    │ wire40272/A                │ met3  │
│ 1.02  │ 408.05  │ 400.00   │ net38528                                                                    │ _079526_/A2                │ met1  │
│ 1.02  │ 407.69  │ 400.00   │ net37136                                                                    │ _078209_/B1                │ met3  │
│ 1.02  │ 407.64  │ 400.00   │ net29347                                                                    │ _072689_/A                 │ met1  │
│ 1.02  │ 407.50  │ 400.00   │ net14756                                                                    │ _079181_/B2                │ met3  │
│ 1.02  │ 407.50  │ 400.00   │ net29975                                                                    │ wire29974/A                │ met3  │
│ 1.02  │ 407.45  │ 400.00   │ net37302                                                                    │ wire37301/A                │ met3  │
│ 1.02  │ 407.42  │ 400.00   │ _009441_                                                                    │ _091980_/A                 │ met1  │
│ 1.02  │ 407.39  │ 400.00   │ net21405                                                                    │ wire21404/A                │ met1  │
│ 1.02  │ 406.99  │ 400.00   │ net21662                                                                    │ _115723_/A3                │ met1  │
│ 1.02  │ 406.35  │ 400.00   │ net46015                                                                    │ wire46014/A                │ met1  │
│ 1.02  │ 3183.11 │ 3134.60  │ net7050                                                                     │ _076268_/A                 │ met3  │
│ 1.01  │ 405.96  │ 400.00   │ net39771                                                                    │ _071661_/B                 │ met3  │
│ 1.01  │ 405.75  │ 400.00   │ net31236                                                                    │ _130152_/D                 │ met2  │
│ 1.01  │ 405.57  │ 400.00   │ net30918                                                                    │ wire30915/A                │ met3  │
│ 1.01  │ 405.53  │ 400.00   │ net35375                                                                    │ _078389_/C                 │ met2  │
│ 1.01  │ 3177.65 │ 3134.60  │ net31288                                                                    │ _130177_/D                 │ met3  │
│ 1.01  │ 405.49  │ 400.00   │ net21723                                                                    │ wire21722/A                │ met1  │
│ 1.01  │ 405.45  │ 400.00   │ net14880                                                                    │ wire45903/A                │ met3  │
│ 1.01  │ 405.45  │ 400.00   │ net45359                                                                    │ wire7244/A                 │ met3  │
│ 1.01  │ 405.42  │ 400.00   │ QSPI_rdata[21\]                                                             │ hold61326/A                │ met1  │
│ 1.01  │ 405.36  │ 400.00   │ net20409                                                                    │ _065954_/A3                │ met1  │
│ 1.01  │ 405.19  │ 400.00   │ net13473                                                                    │ wire13472/A                │ met1  │
│ 1.01  │ 2812.57 │ 2778.20  │ _027900_                                                                    │ _079982_/B                 │ met3  │
│ 1.01  │ 404.64  │ 400.00   │ net17991                                                                    │ load_slew17990/A           │ met1  │
│ 1.01  │ 404.17  │ 400.00   │ net41088                                                                    │ _080292_/B                 │ met1  │
│ 1.01  │ 404.01  │ 400.00   │ net35769                                                                    │ _072756_/A1                │ met3  │
│ 1.01  │ 404.01  │ 400.00   │ net35769                                                                    │ wire35768/A                │ met3  │
│ 1.01  │ 403.02  │ 400.00   │ net32297                                                                    │ _079088_/A1                │ met3  │
│ 1.01  │ 402.97  │ 400.00   │ net19320                                                                    │ _079155_/A                 │ met1  │
│ 1.01  │ 402.97  │ 400.00   │ net44237                                                                    │ _077051_/A2                │ met3  │
│ 1.01  │ 402.96  │ 400.00   │ net31795                                                                    │ wire31794/A                │ met3  │
│ 1.01  │ 402.28  │ 400.00   │ _018106_                                                                    │ _070090_/A                 │ met1  │
│ 1.01  │ 402.18  │ 400.00   │ net10027                                                                    │ wire37416/A                │ met3  │
│ 1.01  │ 402.15  │ 400.00   │ net6276                                                                     │ _072517_/A2                │ met2  │
│ 1.00  │ 401.88  │ 400.00   │ net22024                                                                    │ wire22023/A                │ met1  │
│ 1.00  │ 401.55  │ 400.00   │ net33646                                                                    │ wire33645/A                │ met3  │
│ 1.00  │ 401.44  │ 400.00   │ net40300                                                                    │ wire40299/A                │ met3  │
│ 1.00  │ 401.41  │ 400.00   │ net35648                                                                    │ wire35647/A                │ met3  │
│ 1.00  │ 401.40  │ 400.00   │ net16122                                                                    │ fanout16083/A              │ met1  │
│ 1.00  │ 401.06  │ 400.00   │ conv_accelerator_inst.fc_scores[0\][7\]                                     │ hold31163/A                │ met1  │
│ 1.00  │ 400.95  │ 400.00   │ net10272                                                                    │ wire41114/A                │ met1  │
│ 1.00  │ 400.92  │ 400.00   │ net2594                                                                     │ _062927_/B1                │ met1  │
│ 1.00  │ 400.87  │ 400.00   │ net44245                                                                    │ _116212_/A1                │ met2  │
│ 1.00  │ 400.50  │ 400.00   │ net44106                                                                    │ _075274_/B                 │ met1  │
│ 1.00  │ 3136.38 │ 3134.60  │ net33503                                                                    │ _079769_/D                 │ met3  │
│ 1.00  │ 400.02  │ 400.00   │ net40104                                                                    │ _077193_/A1                │ met3  │
└───────┴─────────┴──────────┴─────────────────────────────────────────────────────────────────────────────┴────────────────────────────┴───────┘
