┏━━━━━━━┳━━━━━━━━━┳━━━━━━━━━━┳━━━━━━━━━━━━━━━━━━━━━━━━━━━━━━━━━━━━━━━━━━━━━━━━━━━━━━━━━━━━━━━━━┳━━━━━━━━━━━━━━━━━━━━━━━━━━━━┳━━━━━━━┓
┃ P / R ┃ Partial ┃ Required ┃ Net                                                             ┃ Pin                        ┃ Layer ┃
┡━━━━━━━╇━━━━━━━━━╇━━━━━━━━━━╇━━━━━━━━━━━━━━━━━━━━━━━━━━━━━━━━━━━━━━━━━━━━━━━━━━━━━━━━━━━━━━━━━╇━━━━━━━━━━━━━━━━━━━━━━━━━━━━╇━━━━━━━┩
│ 15.39 │ 6156.70 │ 400.00   │ net31226                                                        │ _077132_/B                 │ met3  │
│ 14.64 │ 5856.23 │ 400.00   │ net2635                                                         │ _072650_/B1                │ met3  │
│ 14.30 │ 5721.12 │ 400.00   │ net2253                                                         │ _073095_/A3                │ met3  │
│ 13.75 │ 5499.49 │ 400.00   │ net10278                                                        │ _073307_/B                 │ met3  │
│ 13.03 │ 5212.33 │ 400.00   │ net1960                                                         │ _075138_/A2                │ met3  │
│ 11.69 │ 4675.65 │ 400.00   │ net10477                                                        │ _073551_/A1                │ met3  │
│ 10.70 │ 4278.41 │ 400.00   │ net31900                                                        │ _071935_/B                 │ met3  │
│ 10.40 │ 4161.49 │ 400.00   │ net31559                                                        │ _071537_/A2                │ met3  │
│ 10.38 │ 4152.57 │ 400.00   │ net11763                                                        │ _072806_/B                 │ met3  │
│ 9.81  │ 3924.38 │ 400.00   │ net1504                                                         │ _128283_/D                 │ met3  │
│ 9.38  │ 3750.16 │ 400.00   │ _024742_                                                        │ _076097_/C                 │ met3  │
│ 9.29  │ 3716.95 │ 400.00   │ net2904                                                         │ _074846_/A3                │ met3  │
│ 9.20  │ 3681.07 │ 400.00   │ net2591                                                         │ _076373_/A2                │ met3  │
│ 8.93  │ 3573.69 │ 400.00   │ net32513                                                        │ wire22385/A                │ met3  │
│ 8.89  │ 3555.17 │ 400.00   │ net2399                                                         │ _073584_/A1                │ met3  │
│ 8.85  │ 3541.28 │ 400.00   │ net32708                                                        │ wire22578/A                │ met3  │
│ 8.78  │ 3510.29 │ 400.00   │ _022567_                                                        │ _078875_/A                 │ met3  │
│ 8.52  │ 3407.04 │ 400.00   │ net32653                                                        │ wire22582/A                │ met3  │
│ 8.41  │ 3364.70 │ 400.00   │ net6106                                                         │ _074772_/C                 │ met3  │
│ 8.33  │ 3330.42 │ 400.00   │ net6727                                                         │ _078270_/A2                │ met3  │
│ 8.05  │ 3221.89 │ 400.00   │ net32562                                                        │ wire23998/A                │ met3  │
│ 8.00  │ 3198.74 │ 400.00   │ net32710                                                        │ wire22568/A                │ met3  │
│ 7.83  │ 3131.28 │ 400.00   │ net11836                                                        │ _073116_/B2                │ met3  │
│ 7.81  │ 3124.68 │ 400.00   │ net32561                                                        │ wire24005/A                │ met3  │
│ 7.68  │ 3070.35 │ 400.00   │ net31954                                                        │ _073549_/A2                │ met3  │
│ 7.67  │ 3068.80 │ 400.00   │ net31355                                                        │ _078075_/A3                │ met3  │
│ 7.43  │ 2971.92 │ 400.00   │ net32560                                                        │ wire24012/A                │ met3  │
│ 7.35  │ 2938.35 │ 400.00   │ net4203                                                         │ _076669_/C                 │ met3  │
│ 7.27  │ 2907.12 │ 400.00   │ net32510                                                        │ wire22440/A                │ met3  │
│ 7.21  │ 2882.81 │ 400.00   │ net30466                                                        │ _074355_/B1                │ met3  │
│ 7.20  │ 2879.97 │ 400.00   │ net2577                                                         │ _077397_/A1                │ met3  │
│ 7.14  │ 2856.20 │ 400.00   │ net32514                                                        │ wire22309/A                │ met3  │
│ 7.10  │ 2841.24 │ 400.00   │ net31265                                                        │ _074419_/B2                │ met3  │
│ 7.01  │ 2805.28 │ 400.00   │ net32583                                                        │ wire23816/A                │ met3  │
│ 6.99  │ 2797.56 │ 400.00   │ net32111                                                        │ wire3006/A                 │ met2  │
│ 6.96  │ 2782.14 │ 400.00   │ net32582                                                        │ wire23823/A                │ met3  │
│ 6.86  │ 2745.11 │ 400.00   │ net32650                                                        │ wire22607/A                │ met3  │
│ 6.78  │ 2713.33 │ 400.00   │ net4206                                                         │ _074887_/B                 │ met3  │
│ 6.76  │ 2703.45 │ 400.00   │ net32599                                                        │ wire22115/A                │ met3  │
│ 6.71  │ 2682.41 │ 400.00   │ net7625                                                         │ _075152_/A1                │ met3  │
│ 6.70  │ 2681.21 │ 400.00   │ net32309                                                        │ wire5279/A                 │ met2  │
│ 6.66  │ 2663.68 │ 400.00   │ net20028                                                        │ _060184_/A_N               │ met3  │
│ 6.66  │ 2663.43 │ 400.00   │ net30662                                                        │ _071143_/D                 │ met3  │
│ 6.56  │ 2622.80 │ 400.00   │ net3618                                                         │ _076405_/B1                │ met3  │
│ 6.52  │ 2609.75 │ 400.00   │ net32240                                                        │ wire3138/A                 │ met2  │
│ 6.47  │ 2589.59 │ 400.00   │ net32063                                                        │ wire2095/A                 │ met2  │
│ 6.39  │ 2557.19 │ 400.00   │ net31510                                                        │ _077811_/A1                │ met3  │
│ 6.37  │ 2549.52 │ 400.00   │ net31504                                                        │ _076291_/B                 │ met3  │
│ 6.37  │ 2547.07 │ 400.00   │ net30763                                                        │ _078236_/A3                │ met3  │
│ 6.29  │ 2515.94 │ 400.00   │ net31518                                                        │ _074493_/B1                │ met3  │
│ 6.26  │ 2505.21 │ 400.00   │ net31439                                                        │ _076334_/A1                │ met3  │
│ 6.24  │ 2497.61 │ 400.00   │ net11547                                                        │ _076330_/B                 │ met2  │
│ 6.18  │ 2472.44 │ 400.00   │ _019146_                                                        │ _074123_/A2                │ met3  │
│ 6.18  │ 2471.80 │ 400.00   │ yz_bram_ctrl_inst.yz_ram.u_mem.u_mem.g_2k[3\].u_cell.rdata[21\] │ wire20178/A                │ met3  │
│ 6.16  │ 2463.84 │ 400.00   │ net31462                                                        │ _076071_/A2                │ met3  │
│ 6.15  │ 2461.97 │ 400.00   │ net10738                                                        │ _072781_/B                 │ met3  │
│ 6.15  │ 2460.86 │ 400.00   │ net6105                                                         │ _073892_/A2                │ met3  │
│ 6.14  │ 2457.60 │ 400.00   │ net31172                                                        │ _071639_/B2                │ met3  │
│ 6.09  │ 2436.75 │ 400.00   │ net3514                                                         │ _075358_/B1                │ met3  │
│ 5.93  │ 2371.59 │ 400.00   │ net32026                                                        │ _075106_/B1                │ met3  │
│ 5.88  │ 2352.32 │ 400.00   │ net3504                                                         │ _075690_/B1                │ met3  │
│ 5.86  │ 2344.73 │ 400.00   │ net31586                                                        │ _073586_/B1                │ met3  │
│ 5.84  │ 2337.71 │ 400.00   │ net30801                                                        │ _074670_/A2_N              │ met3  │
│ 5.77  │ 2307.49 │ 400.00   │ net32007                                                        │ _075593_/C                 │ met3  │
│ 5.76  │ 2303.49 │ 400.00   │ net31924                                                        │ _071628_/B                 │ met3  │
│ 5.76  │ 2303.49 │ 400.00   │ net31924                                                        │ _078889_/C                 │ met3  │
│ 5.68  │ 2272.75 │ 400.00   │ net2351                                                         │ _078853_/A3                │ met3  │
│ 5.67  │ 2269.06 │ 400.00   │ net30781                                                        │ _074453_/A1                │ met3  │
│ 5.67  │ 2268.90 │ 400.00   │ net31374                                                        │ _069808_/A2                │ met3  │
│ 5.67  │ 2267.41 │ 400.00   │ net32191                                                        │ wire1809/A                 │ met2  │
│ 5.65  │ 2259.94 │ 400.00   │ net7800                                                         │ _073942_/A1                │ met3  │
│ 5.64  │ 2255.68 │ 400.00   │ net30880                                                        │ _075037_/A1                │ met3  │
│ 5.64  │ 2254.04 │ 400.00   │ net32581                                                        │ wire23830/A                │ met3  │
│ 5.63  │ 2251.31 │ 400.00   │ net30758                                                        │ _072874_/A2                │ met3  │
│ 5.58  │ 2232.60 │ 400.00   │ net8076                                                         │ _077811_/B2                │ met3  │
│ 5.55  │ 2221.64 │ 400.00   │ net31338                                                        │ _072047_/A1_N              │ met3  │
│ 5.52  │ 2209.91 │ 400.00   │ net13937                                                        │ fanout13920/A              │ met3  │
│ 5.51  │ 2205.97 │ 400.00   │ net1639                                                         │ _128295_/D                 │ met2  │
│ 5.47  │ 2188.51 │ 400.00   │ net31651                                                        │ _078285_/A2                │ met3  │
│ 5.46  │ 2182.82 │ 400.00   │ net6117                                                         │ _072779_/A1                │ met3  │
│ 5.35  │ 2139.57 │ 400.00   │ net6486                                                         │ _071557_/B1                │ met3  │
│ 5.31  │ 2123.44 │ 400.00   │ net10346                                                        │ _077050_/A3                │ met3  │
│ 5.31  │ 2123.35 │ 400.00   │ net30582                                                        │ _073848_/B1                │ met3  │
│ 5.31  │ 2123.28 │ 400.00   │ net30974                                                        │ _075509_/A1                │ met3  │
│ 5.30  │ 2121.41 │ 400.00   │ net2894                                                         │ _075383_/A1                │ met3  │
│ 5.25  │ 2098.61 │ 400.00   │ net3396                                                         │ _114421_/A0                │ met1  │
│ 5.24  │ 2097.21 │ 400.00   │ net10918                                                        │ _071250_/B                 │ met3  │
│ 5.23  │ 2093.61 │ 400.00   │ net3560                                                         │ _073550_/A2                │ met3  │
│ 5.23  │ 2090.47 │ 400.00   │ net30641                                                        │ _071586_/A1                │ met3  │
│ 5.17  │ 2069.84 │ 400.00   │ clknet_1_0_1_clk_i                                              │ clkbuf_leaf_6_clk_i/A      │ met3  │
│ 5.17  │ 2069.56 │ 400.00   │ net4646                                                         │ _073003_/B1                │ met3  │
│ 5.16  │ 2065.29 │ 400.00   │ net30691                                                        │ _070148_/B2                │ met3  │
│ 5.15  │ 2060.53 │ 400.00   │ yz_bram_ctrl_inst.yz_ram.u_mem.u_mem.g_2k[2\].u_cell.rdata[5\]  │ _064792_/A2                │ met3  │
│ 5.13  │ 2052.11 │ 400.00   │ net31914                                                        │ _075650_/A2                │ met3  │
│ 5.12  │ 2046.00 │ 400.00   │ net31027                                                        │ _071431_/B1                │ met3  │
│ 5.09  │ 2036.50 │ 400.00   │ net3337                                                         │ _064680_/A                 │ met2  │
│ 5.06  │ 2023.95 │ 400.00   │ net4311                                                         │ _078574_/B2                │ met3  │
│ 5.04  │ 2014.97 │ 400.00   │ net8069                                                         │ _077893_/A2                │ met3  │
│ 5.03  │ 2013.08 │ 400.00   │ net31274                                                        │ _076739_/A                 │ met3  │
│ 4.97  │ 1989.87 │ 400.00   │ clknet_1_0_1_clk_i                                              │ clkbuf_leaf_6_clk_i/A      │ met2  │
│ 4.96  │ 1984.87 │ 400.00   │ net6124                                                         │ _074110_/B1                │ met3  │
│ 4.96  │ 1982.03 │ 400.00   │ net7183                                                         │ _073859_/A2                │ met3  │
│ 4.95  │ 1978.86 │ 400.00   │ net30749                                                        │ _071907_/B1                │ met3  │
│ 4.94  │ 1974.46 │ 400.00   │ net4316                                                         │ _078814_/B1                │ met3  │
│ 4.87  │ 1949.19 │ 400.00   │ net31692                                                        │ _075968_/A1                │ met3  │
│ 4.87  │ 1947.64 │ 400.00   │ net17940                                                        │ _064838_/A0                │ met1  │
│ 4.85  │ 1941.95 │ 400.00   │ net31191                                                        │ _075284_/A1                │ met3  │
│ 4.84  │ 1935.64 │ 400.00   │ net17998                                                        │ _064775_/A0                │ met1  │
│ 4.83  │ 1933.53 │ 400.00   │ net18038                                                        │ _127683_/D                 │ met1  │
│ 4.83  │ 1933.08 │ 400.00   │ net17929                                                        │ _064853_/A0                │ met1  │
│ 4.83  │ 1930.31 │ 400.00   │ net30935                                                        │ _072047_/B1                │ met3  │
│ 4.80  │ 1921.13 │ 400.00   │ net30988                                                        │ _075236_/B1                │ met3  │
│ 4.78  │ 1912.53 │ 400.00   │ net17942                                                        │ _064835_/A0                │ met1  │
│ 4.76  │ 1904.44 │ 400.00   │ net1644                                                         │ _128287_/D                 │ met3  │
│ 4.74  │ 1895.22 │ 400.00   │ net17908                                                        │ wire17907/A                │ met1  │
│ 4.69  │ 1877.95 │ 400.00   │ net5196                                                         │ _074920_/A1                │ met3  │
│ 4.68  │ 1873.31 │ 400.00   │ net30982                                                        │ _075103_/A2                │ met3  │
│ 4.68  │ 1873.31 │ 400.00   │ net30982                                                        │ _075924_/A1                │ met3  │
│ 4.66  │ 1865.92 │ 400.00   │ net17272                                                        │ _078086_/B1                │ met3  │
│ 4.64  │ 1856.35 │ 400.00   │ net31355                                                        │ _078535_/B2                │ met3  │
│ 4.62  │ 1846.66 │ 400.00   │ net31631                                                        │ _075631_/A1                │ met3  │
│ 4.60  │ 1841.00 │ 400.00   │ net31289                                                        │ _077891_/B1                │ met3  │
│ 4.60  │ 1839.35 │ 400.00   │ net31422                                                        │ _075889_/A1                │ met3  │
│ 4.59  │ 1835.44 │ 400.00   │ net32549                                                        │ output53/A                 │ met3  │
│ 4.55  │ 1821.45 │ 400.00   │ net31199                                                        │ _073331_/A3                │ met3  │
│ 4.53  │ 1810.06 │ 400.00   │ net22558                                                        │ wire22557/A                │ met3  │
│ 4.51  │ 1802.12 │ 400.00   │ net31329                                                        │ _075581_/A2                │ met3  │
│ 4.50  │ 1799.01 │ 400.00   │ net2601                                                         │ _075709_/A2                │ met3  │
│ 4.49  │ 1797.69 │ 400.00   │ net31016                                                        │ _076079_/B2                │ met3  │
│ 4.49  │ 1794.59 │ 400.00   │ net31579                                                        │ _077097_/A2                │ met3  │
│ 4.48  │ 1790.49 │ 400.00   │ net32548                                                        │ output52/A                 │ met3  │
│ 4.45  │ 1779.11 │ 400.00   │ net4213                                                         │ _078932_/B1_N              │ met3  │
│ 4.43  │ 1772.86 │ 400.00   │ net3569                                                         │ _073157_/A2_N              │ met3  │
│ 4.43  │ 1772.86 │ 400.00   │ net3569                                                         │ _073451_/A1_N              │ met3  │
│ 4.43  │ 1772.48 │ 400.00   │ net31288                                                        │ _077906_/A2                │ met3  │
│ 4.43  │ 1770.57 │ 400.00   │ net30747                                                        │ _078639_/B1                │ met3  │
│ 4.40  │ 1761.91 │ 400.00   │ net12359                                                        │ _075710_/A1                │ met3  │
│ 4.39  │ 1757.83 │ 400.00   │ net30780                                                        │ _073396_/B2                │ met3  │
│ 4.38  │ 1752.76 │ 400.00   │ net31202                                                        │ _078808_/B2                │ met3  │
│ 4.37  │ 1747.14 │ 400.00   │ _018482_                                                        │ _074784_/A3                │ met3  │
│ 4.36  │ 1745.80 │ 400.00   │ clk_i                                                           │ wire30350/A                │ met3  │
│ 4.36  │ 1745.49 │ 400.00   │ net17214                                                        │ _075256_/A2                │ met3  │
│ 4.35  │ 1740.49 │ 400.00   │ net31762                                                        │ _074554_/B1                │ met3  │
│ 4.35  │ 1740.49 │ 400.00   │ net31762                                                        │ _074791_/A3                │ met3  │
│ 4.35  │ 1739.60 │ 400.00   │ net30538                                                        │ _076024_/A1                │ met3  │
│ 4.33  │ 1733.69 │ 400.00   │ net4656                                                         │ _073218_/B1                │ met3  │
│ 4.33  │ 1732.23 │ 400.00   │ net31369                                                        │ _078346_/B1                │ met3  │
│ 4.32  │ 1727.94 │ 400.00   │ net31371                                                        │ _075208_/B2                │ met3  │
│ 4.31  │ 1723.18 │ 400.00   │ _019663_                                                        │ _078521_/B1                │ met3  │
│ 4.30  │ 1720.34 │ 400.00   │ net4160                                                         │ _079023_/A3                │ met3  │
│ 4.29  │ 1717.42 │ 400.00   │ net28020                                                        │ _060216_/A                 │ met3  │
│ 4.29  │ 1717.42 │ 400.00   │ net28020                                                        │ _060217_/B1                │ met3  │
│ 4.29  │ 1716.01 │ 400.00   │ net31461                                                        │ _076530_/A2                │ met3  │
│ 4.29  │ 1714.39 │ 400.00   │ net4382                                                         │ _076761_/A2                │ met3  │
│ 4.26  │ 1704.05 │ 400.00   │ net30672                                                        │ _077627_/B1                │ met3  │
│ 4.25  │ 1698.20 │ 400.00   │ net8181                                                         │ _074008_/A1                │ met3  │
│ 4.24  │ 1696.55 │ 400.00   │ net4157                                                         │ _078928_/B1                │ met3  │
│ 4.24  │ 1695.75 │ 400.00   │ net4173                                                         │ _076913_/D                 │ met2  │
│ 4.22  │ 1689.31 │ 400.00   │ net7279                                                         │ _078335_/A2                │ met3  │
│ 4.22  │ 1687.40 │ 400.00   │ net30707                                                        │ _074419_/B1                │ met3  │
│ 4.20  │ 1681.75 │ 400.00   │ net4175                                                         │ _076805_/C1                │ met3  │
│ 4.16  │ 1665.05 │ 400.00   │ net4533                                                         │ _072130_/A3                │ met3  │
│ 4.16  │ 1665.05 │ 400.00   │ net4533                                                         │ _074833_/A3                │ met3  │
│ 4.16  │ 1662.22 │ 400.00   │ net30682                                                        │ _073920_/B2                │ met3  │
│ 4.14  │ 1656.34 │ 400.00   │ net31352                                                        │ _075582_/A1                │ met3  │
│ 4.13  │ 1651.23 │ 400.00   │ net3871                                                         │ wire3870/A                 │ met1  │
│ 4.12  │ 1647.24 │ 400.00   │ net28369                                                        │ wire28368/A                │ met1  │
│ 4.11  │ 1645.77 │ 400.00   │ net4290                                                         │ _072912_/B1                │ met3  │
│ 4.10  │ 1641.54 │ 400.00   │ net31984                                                        │ _077520_/A1                │ met3  │
│ 4.09  │ 1634.64 │ 400.00   │ net16170                                                        │ _114251_/A1                │ met2  │
│ 4.07  │ 1629.71 │ 400.00   │ net32882                                                        │ _084420_/A1                │ met3  │
│ 4.06  │ 1624.31 │ 400.00   │ net17957                                                        │ _064814_/A0                │ met1  │
│ 4.05  │ 1618.97 │ 400.00   │ net30553                                                        │ _073840_/A2                │ met3  │
│ 4.04  │ 1617.14 │ 400.00   │ net7119                                                         │ _078626_/A2                │ met2  │
│ 4.04  │ 1616.86 │ 400.00   │ net8066                                                         │ _071441_/A2                │ met3  │
│ 4.04  │ 1616.86 │ 400.00   │ net8066                                                         │ _075472_/A2                │ met3  │
│ 4.03  │ 1613.92 │ 400.00   │ net31895                                                        │ _078567_/B1                │ met3  │
│ 4.01  │ 1603.79 │ 400.00   │ net1564                                                         │ _109560_/B                 │ met3  │
│ 4.01  │ 1603.79 │ 400.00   │ net1564                                                         │ _109564_/A2_N              │ met3  │
│ 3.96  │ 1582.13 │ 400.00   │ net2228                                                         │ _078586_/B1                │ met3  │
│ 3.95  │ 1581.45 │ 400.00   │ net32471                                                        │ wire30151/A                │ met2  │
│ 3.92  │ 1568.57 │ 400.00   │ _017768_                                                        │ _068983_/B                 │ met3  │
│ 3.90  │ 1561.08 │ 400.00   │ net2611                                                         │ _074710_/B1                │ met3  │
│ 3.90  │ 1558.01 │ 400.00   │ net6427                                                         │ _078440_/A2                │ met3  │
│ 3.89  │ 1556.89 │ 400.00   │ _022413_                                                        │ _073753_/B                 │ met3  │
│ 3.88  │ 1550.78 │ 400.00   │ _050672_                                                        │ fanout1486/A               │ met3  │
│ 3.87  │ 1549.53 │ 400.00   │ net32660                                                        │ wire22402/A                │ met1  │
│ 3.86  │ 1543.19 │ 400.00   │ net30853                                                        │ _077435_/A2                │ met3  │
│ 3.85  │ 1538.80 │ 400.00   │ _018853_                                                        │ _076002_/A1                │ met3  │
│ 3.84  │ 1537.45 │ 400.00   │ net31365                                                        │ _076335_/A2                │ met3  │
│ 3.83  │ 1532.25 │ 400.00   │ net31722                                                        │ _071304_/B                 │ met3  │
│ 3.83  │ 1532.25 │ 400.00   │ net31722                                                        │ _074649_/B1                │ met3  │
│ 3.82  │ 1527.11 │ 400.00   │ net4798                                                         │ _072386_/A3                │ met3  │
│ 3.81  │ 1522.81 │ 400.00   │ net4869                                                         │ _071521_/A2                │ met3  │
│ 3.80  │ 1520.64 │ 400.00   │ net28366                                                        │ wire28358/A                │ met1  │
│ 3.80  │ 1518.76 │ 400.00   │ net6359                                                         │ _075928_/B1                │ met3  │
│ 3.80  │ 1518.76 │ 400.00   │ net6359                                                         │ _078310_/B1                │ met3  │
│ 3.80  │ 1518.13 │ 400.00   │ net10528                                                        │ _072678_/B2                │ met3  │
│ 3.79  │ 1515.87 │ 400.00   │ net14841                                                        │ _075430_/B                 │ met3  │
│ 3.79  │ 1515.72 │ 400.00   │ net31472                                                        │ _071765_/A2                │ met3  │
│ 3.79  │ 1515.72 │ 400.00   │ net31472                                                        │ _074038_/A2                │ met3  │
│ 3.77  │ 1506.23 │ 400.00   │ net8091                                                         │ _078505_/A1                │ met3  │
│ 3.76  │ 1504.61 │ 400.00   │ net2398                                                         │ _073774_/B1                │ met3  │
│ 3.75  │ 1498.86 │ 400.00   │ net31842                                                        │ _073688_/A2                │ met3  │
│ 3.74  │ 1496.53 │ 400.00   │ net6395                                                         │ _072760_/B                 │ met2  │
│ 3.74  │ 1495.89 │ 400.00   │ net6988                                                         │ _073238_/A2                │ met3  │
│ 3.74  │ 1495.67 │ 400.00   │ net6247                                                         │ _072872_/B2                │ met3  │
│ 3.74  │ 1495.67 │ 400.00   │ net6247                                                         │ _074125_/A2                │ met3  │
│ 3.74  │ 1495.67 │ 400.00   │ net6247                                                         │ _074608_/B2                │ met3  │
│ 3.74  │ 1494.64 │ 400.00   │ net2668                                                         │ wire2666/A                 │ met2  │
│ 3.74  │ 1494.64 │ 400.00   │ net2668                                                         │ load_slew2667/A            │ met2  │
│ 3.73  │ 1493.01 │ 400.00   │ net31913                                                        │ _073555_/B1                │ met3  │
│ 3.73  │ 1492.91 │ 400.00   │ net30606                                                        │ _073907_/A2                │ met3  │
│ 3.71  │ 1482.44 │ 400.00   │ net7720                                                         │ _075152_/B2                │ met3  │
│ 3.70  │ 1481.83 │ 400.00   │ net31949                                                        │ _073181_/A2                │ met3  │
│ 3.70  │ 1481.83 │ 400.00   │ net31949                                                        │ _077449_/A                 │ met3  │
│ 3.70  │ 1480.79 │ 400.00   │ net31538                                                        │ _075990_/A1                │ met3  │
│ 3.70  │ 1480.57 │ 400.00   │ net31635                                                        │ _074856_/C                 │ met3  │
│ 3.69  │ 1474.78 │ 400.00   │ net4948                                                         │ _078825_/B2                │ met3  │
│ 3.68  │ 1471.45 │ 400.00   │ net2269                                                         │ wire2267/A                 │ met2  │
│ 3.68  │ 1471.45 │ 400.00   │ net2269                                                         │ load_slew2268/A            │ met2  │
│ 3.67  │ 1469.19 │ 400.00   │ _019213_                                                        │ _077072_/B                 │ met1  │
│ 3.67  │ 1469.14 │ 400.00   │ net4479                                                         │ _071852_/B                 │ met3  │
│ 3.67  │ 1468.89 │ 400.00   │ net3541                                                         │ _074372_/B                 │ met3  │
│ 3.67  │ 1467.05 │ 400.00   │ net4308                                                         │ _072800_/B                 │ met3  │
│ 3.67  │ 1467.05 │ 400.00   │ net4308                                                         │ _073547_/B1                │ met3  │
│ 3.66  │ 1463.68 │ 400.00   │ net16503                                                        │ _076907_/A                 │ met3  │
│ 3.65  │ 1460.01 │ 400.00   │ _023896_                                                        │ _075239_/A2                │ met3  │
│ 3.64  │ 1455.74 │ 400.00   │ net10073                                                        │ _074040_/A1                │ met3  │
│ 3.64  │ 1454.48 │ 400.00   │ net4677                                                         │ _076769_/A1                │ met3  │
│ 3.63  │ 1450.33 │ 400.00   │ net6238                                                         │ _076707_/B                 │ met1  │
│ 3.60  │ 1440.81 │ 400.00   │ net30925                                                        │ _078812_/A2                │ met3  │
│ 3.59  │ 1436.77 │ 400.00   │ clknet_1_0_1_clk_i                                              │ clkbuf_leaf_1_clk_i/A      │ met2  │
│ 3.59  │ 1434.75 │ 400.00   │ net6362                                                         │ _071869_/B                 │ met1  │
│ 3.57  │ 1427.49 │ 400.00   │ net30797                                                        │ _073041_/B1                │ met3  │
│ 3.57  │ 1427.31 │ 400.00   │ net4360                                                         │ _072678_/B1                │ met3  │
│ 3.57  │ 1427.31 │ 400.00   │ net4360                                                         │ _078118_/B2                │ met3  │
│ 3.56  │ 1424.46 │ 400.00   │ net32306                                                        │ wire3849/A                 │ met2  │
│ 3.56  │ 1424.46 │ 400.00   │ net32306                                                        │ load_slew3850/A            │ met2  │
│ 3.56  │ 1423.03 │ 400.00   │ net30737                                                        │ _072964_/B1                │ met3  │
│ 3.56  │ 1422.44 │ 400.00   │ net30939                                                        │ _072903_/B                 │ met3  │
│ 3.56  │ 1422.44 │ 400.00   │ net30939                                                        │ _073296_/B                 │ met3  │
│ 3.52  │ 1406.67 │ 400.00   │ net32071                                                        │ _078377_/C1                │ met3  │
│ 3.51  │ 1403.70 │ 400.00   │ net2605                                                         │ _075388_/B1                │ met3  │
│ 3.49  │ 1396.20 │ 400.00   │ net31604                                                        │ _078148_/B1                │ met3  │
│ 3.48  │ 1391.68 │ 400.00   │ net2390                                                         │ _074575_/A2                │ met3  │
│ 3.46  │ 1385.98 │ 400.00   │ clknet_6_36__leaf_clk_i_regs                                    │ _128291_/CLK               │ met1  │
│ 3.46  │ 1384.24 │ 400.00   │ net3532                                                         │ _074732_/A3                │ met3  │
│ 3.45  │ 1378.46 │ 400.00   │ net6188                                                         │ _076817_/B1                │ met3  │
│ 3.44  │ 1376.02 │ 400.00   │ net31901                                                        │ _073216_/B2                │ met3  │
│ 3.44  │ 1376.02 │ 400.00   │ net31901                                                        │ _075824_/A2                │ met3  │
│ 3.43  │ 1370.19 │ 400.00   │ net11634                                                        │ _074615_/A                 │ met1  │
│ 3.43  │ 1370.07 │ 400.00   │ net30572                                                        │ _075287_/B1                │ met3  │
│ 3.41  │ 1364.42 │ 400.00   │ net2636                                                         │ _072571_/B                 │ met1  │
│ 3.41  │ 1362.36 │ 400.00   │ net30758                                                        │ _072874_/A2                │ met2  │
│ 3.39  │ 1355.53 │ 400.00   │ _021103_                                                        │ _076320_/B                 │ met1  │
│ 3.38  │ 1351.66 │ 400.00   │ net3656                                                         │ _074662_/A3                │ met3  │
│ 3.37  │ 1348.72 │ 400.00   │ net7338                                                         │ _078841_/A2                │ met3  │
│ 3.37  │ 1348.46 │ 400.00   │ net30610                                                        │ _072537_/B1                │ met3  │
│ 3.36  │ 1345.65 │ 400.00   │ net7525                                                         │ _077521_/A1                │ met3  │
│ 3.36  │ 1343.37 │ 400.00   │ net4448                                                         │ _072371_/A2                │ met3  │
│ 3.36  │ 1343.37 │ 400.00   │ net4448                                                         │ _073468_/B2                │ met3  │
│ 3.35  │ 1340.76 │ 400.00   │ net7538                                                         │ _073036_/B                 │ met3  │
│ 3.34  │ 1334.67 │ 400.00   │ net11874                                                        │ _074458_/A                 │ met3  │
│ 3.33  │ 1333.64 │ 400.00   │ net4757                                                         │ _071577_/A2                │ met3  │
│ 3.33  │ 1333.64 │ 400.00   │ net4757                                                         │ _073124_/B2                │ met3  │
│ 3.33  │ 1332.30 │ 400.00   │ net31363                                                        │ _078275_/B2                │ met3  │
│ 3.33  │ 1330.72 │ 400.00   │ net6315                                                         │ _076383_/A2                │ met3  │
│ 3.33  │ 1330.72 │ 400.00   │ net30845                                                        │ _076527_/A2                │ met3  │
│ 3.32  │ 1326.85 │ 400.00   │ net6501                                                         │ _072405_/A2                │ met2  │
│ 3.31  │ 1324.25 │ 400.00   │ net6536                                                         │ _078502_/B1                │ met1  │
│ 3.31  │ 1322.92 │ 400.00   │ net1572                                                         │ _112873_/B2                │ met3  │
│ 3.31  │ 1322.92 │ 400.00   │ net1572                                                         │ fanout1565/A               │ met3  │
│ 3.30  │ 1320.31 │ 400.00   │ net4917                                                         │ _073018_/B2                │ met3  │
│ 3.30  │ 1320.02 │ 400.00   │ clknet_1_0_1_clk_i                                              │ clkbuf_leaf_8_clk_i/A      │ met3  │
│ 3.29  │ 1315.91 │ 400.00   │ net10154                                                        │ _076631_/B1                │ met3  │
│ 3.29  │ 1314.49 │ 400.00   │ _020582_                                                        │ _071917_/A1                │ met3  │
│ 3.28  │ 1311.68 │ 400.00   │ net6187                                                         │ _072368_/B1                │ met3  │
│ 3.28  │ 1311.68 │ 400.00   │ net6187                                                         │ _078336_/B1                │ met3  │
│ 3.27  │ 1309.93 │ 400.00   │ net30742                                                        │ _076822_/B1                │ met3  │
│ 3.25  │ 1300.99 │ 400.00   │ net30695                                                        │ _074497_/B                 │ met3  │
│ 3.25  │ 1300.99 │ 400.00   │ net30695                                                        │ _074636_/B2                │ met3  │
│ 3.24  │ 1297.43 │ 400.00   │ net2491                                                         │ wire2489/A                 │ met2  │
│ 3.24  │ 1297.43 │ 400.00   │ net2491                                                         │ load_slew2490/A            │ met2  │
│ 3.22  │ 1288.45 │ 400.00   │ net7221                                                         │ _071184_/A2                │ met3  │
│ 3.22  │ 1288.45 │ 400.00   │ net7221                                                         │ _076753_/A2                │ met3  │
│ 3.22  │ 1287.73 │ 400.00   │ net31891                                                        │ _077203_/A2                │ met3  │
│ 3.22  │ 1286.85 │ 400.00   │ net4283                                                         │ _073071_/A2                │ met3  │
│ 3.22  │ 1286.85 │ 400.00   │ net4283                                                         │ _078217_/A2                │ met3  │
│ 3.21  │ 1284.85 │ 400.00   │ net10158                                                        │ _071591_/B1                │ met3  │
│ 3.21  │ 1284.75 │ 400.00   │ net31452                                                        │ _077368_/A3                │ met3  │
│ 3.20  │ 1278.98 │ 400.00   │ net31110                                                        │ _071568_/B                 │ met3  │
│ 3.19  │ 1276.75 │ 400.00   │ net32728                                                        │ wire22316/A                │ met1  │
│ 3.19  │ 1274.68 │ 400.00   │ net3591                                                         │ _072676_/A2_N              │ met1  │
│ 3.17  │ 1266.85 │ 400.00   │ net10513                                                        │ _073893_/A                 │ met3  │
│ 3.17  │ 1266.85 │ 400.00   │ net10513                                                        │ _076387_/C1                │ met3  │
│ 3.16  │ 1262.38 │ 400.00   │ net11244                                                        │ _078498_/A2                │ met3  │
│ 3.15  │ 1259.31 │ 400.00   │ _020164_                                                        │ _074942_/B1                │ met3  │
│ 3.14  │ 1255.80 │ 400.00   │ yz_bram_ctrl_inst.yz_ram.u_mem.u_mem.g_2k[0\].u_cell.rdata[30\] │ wire20679/A                │ met3  │
│ 3.14  │ 1255.74 │ 400.00   │ net32095                                                        │ fanout19021/A              │ met3  │
│ 3.14  │ 1255.74 │ 400.00   │ net32095                                                        │ fanout19037/A              │ met3  │
│ 3.14  │ 1254.90 │ 400.00   │ net8075                                                         │ _072144_/B2                │ met3  │
│ 3.14  │ 1254.90 │ 400.00   │ net8075                                                         │ _074416_/A1                │ met3  │
│ 3.14  │ 1254.29 │ 400.00   │ net6746                                                         │ _072766_/A1                │ met3  │
│ 3.14  │ 1254.29 │ 400.00   │ net6746                                                         │ _078412_/A1                │ met3  │
│ 3.13  │ 1253.45 │ 400.00   │ net4763                                                         │ _072839_/B1                │ met3  │
│ 3.13  │ 1253.45 │ 400.00   │ net4763                                                         │ _078357_/A2                │ met3  │
│ 3.13  │ 1251.98 │ 400.00   │ net31771                                                        │ _075591_/B2                │ met3  │
│ 3.12  │ 1248.94 │ 400.00   │ net30785                                                        │ _076673_/B2                │ met3  │
│ 3.12  │ 1248.02 │ 400.00   │ net31299                                                        │ _071413_/B1                │ met3  │
│ 3.12  │ 1248.02 │ 400.00   │ net31299                                                        │ _078755_/B1                │ met3  │
│ 3.12  │ 1247.87 │ 400.00   │ net30941                                                        │ _077417_/A2                │ met3  │
│ 3.12  │ 1247.17 │ 400.00   │ net31006                                                        │ _077451_/A                 │ met3  │
│ 3.10  │ 1239.64 │ 400.00   │ net4622                                                         │ _071381_/A1                │ met3  │
│ 3.10  │ 1239.64 │ 400.00   │ net4622                                                         │ _073658_/A3                │ met3  │
│ 3.10  │ 1239.64 │ 400.00   │ net4622                                                         │ _076706_/B2                │ met3  │
│ 3.09  │ 1235.28 │ 400.00   │ net32658                                                        │ wire22446/A                │ met1  │
│ 3.09  │ 1235.23 │ 400.00   │ net31104                                                        │ _073852_/B1                │ met3  │
│ 3.09  │ 1235.23 │ 400.00   │ net31104                                                        │ _077626_/B1                │ met3  │
│ 3.08  │ 1231.27 │ 400.00   │ net31306                                                        │ _070237_/A2                │ met3  │
│ 3.08  │ 1231.27 │ 400.00   │ net31306                                                        │ _078649_/A1                │ met3  │
│ 3.08  │ 1231.22 │ 400.00   │ net30963                                                        │ _077861_/A2                │ met3  │
│ 3.07  │ 1229.83 │ 400.00   │ net6835                                                         │ _077553_/B1                │ met3  │
│ 3.07  │ 1228.91 │ 400.00   │ net11717                                                        │ _070366_/A1                │ met3  │
│ 3.07  │ 1228.91 │ 400.00   │ net11717                                                        │ _071359_/A1                │ met3  │
│ 3.07  │ 1226.86 │ 400.00   │ net1639                                                         │ _128295_/D                 │ met3  │
│ 3.07  │ 1226.18 │ 400.00   │ net31929                                                        │ _073007_/A1                │ met3  │
│ 3.07  │ 1226.18 │ 400.00   │ net31929                                                        │ _074757_/A1                │ met3  │
│ 3.07  │ 1226.18 │ 400.00   │ net31929                                                        │ _074787_/B2                │ met3  │
│ 3.06  │ 1225.15 │ 400.00   │ net10055                                                        │ _076597_/B1                │ met3  │
│ 3.06  │ 1223.94 │ 400.00   │ net4241                                                         │ _076669_/B                 │ met1  │
│ 3.06  │ 1223.79 │ 400.00   │ _019545_                                                        │ _075049_/B1                │ met3  │
│ 3.06  │ 1222.19 │ 400.00   │ net11137                                                        │ _078302_/A2                │ met2  │
│ 3.05  │ 1219.20 │ 400.00   │ net4366                                                         │ _072907_/B1                │ met3  │
│ 3.05  │ 1218.84 │ 400.00   │ net31498                                                        │ _072815_/A1                │ met3  │
│ 3.04  │ 1217.72 │ 400.00   │ net31447                                                        │ _070521_/B2                │ met2  │
│ 3.04  │ 1214.69 │ 400.00   │ net4310                                                         │ _076521_/B1                │ met3  │
│ 3.04  │ 1214.69 │ 400.00   │ net4310                                                         │ _079049_/A2                │ met3  │
│ 3.02  │ 1208.84 │ 400.00   │ net31206                                                        │ _078035_/A1                │ met3  │
│ 3.02  │ 1208.84 │ 400.00   │ net31206                                                        │ _078551_/A1                │ met3  │
│ 3.02  │ 1207.47 │ 400.00   │ net7461                                                         │ _072535_/A1                │ met3  │
│ 3.01  │ 1203.04 │ 400.00   │ net4647                                                         │ _077105_/A2                │ met3  │
│ 3.00  │ 1200.23 │ 400.00   │ net31463                                                        │ _076313_/A1                │ met3  │
│ 3.00  │ 1198.97 │ 400.00   │ _056528_                                                        │ _115488_/A1                │ met2  │
│ 3.00  │ 1198.51 │ 400.00   │ net30453                                                        │ _078353_/B1                │ met3  │
│ 2.99  │ 1197.84 │ 400.00   │ net6269                                                         │ _077807_/C                 │ met3  │
│ 2.98  │ 1192.57 │ 400.00   │ _049873_                                                        │ _106943_/B2                │ met3  │
│ 2.98  │ 1191.75 │ 400.00   │ net31388                                                        │ _071030_/B                 │ met1  │
│ 2.97  │ 1186.91 │ 400.00   │ net7825                                                         │ _075787_/A2                │ met3  │
│ 2.95  │ 1181.81 │ 400.00   │ net3983                                                         │ _118803_/A0                │ met1  │
│ 2.94  │ 1177.70 │ 400.00   │ net30795                                                        │ _075518_/A2                │ met3  │
│ 2.94  │ 1174.64 │ 400.00   │ net32093                                                        │ _072814_/A1                │ met3  │
│ 2.94  │ 1174.64 │ 400.00   │ net32093                                                        │ _077857_/A1                │ met3  │
│ 2.93  │ 1172.75 │ 400.00   │ net4274                                                         │ _074805_/B                 │ met2  │
│ 2.91  │ 1165.71 │ 400.00   │ net10312                                                        │ _073640_/A1                │ met3  │
│ 2.91  │ 1163.59 │ 400.00   │ net31627                                                        │ _075432_/A2                │ met3  │
│ 2.91  │ 1163.59 │ 400.00   │ net31627                                                        │ _076273_/A1                │ met3  │
│ 2.90  │ 1159.94 │ 400.00   │ _022342_                                                        │ _073679_/D_N               │ met3  │
│ 2.90  │ 1159.56 │ 400.00   │ net11051                                                        │ _075962_/A                 │ met3  │
│ 2.90  │ 1158.24 │ 400.00   │ net30818                                                        │ _077771_/B2                │ met3  │
│ 2.88  │ 1152.51 │ 400.00   │ _020376_                                                        │ _075868_/B1                │ met2  │
│ 2.88  │ 1152.29 │ 400.00   │ net31665                                                        │ _077472_/A2                │ met3  │
│ 2.88  │ 1150.87 │ 400.00   │ net6475                                                         │ _074048_/A3                │ met3  │
│ 2.88  │ 1150.87 │ 400.00   │ net6475                                                         │ _075578_/B1                │ met3  │
│ 2.88  │ 1150.21 │ 400.00   │ net31022                                                        │ _074037_/A2                │ met3  │
│ 2.88  │ 1150.21 │ 400.00   │ net31022                                                        │ _074751_/B2                │ met3  │
│ 2.87  │ 1149.23 │ 400.00   │ data_bram_ctrl_inst.data_ram.u_mem.g_2k[1\].u_cell.rdata[10\]   │ _113662_/A1                │ met4  │
│ 2.87  │ 1147.89 │ 400.00   │ net10521                                                        │ _072904_/B2                │ met3  │
│ 2.87  │ 1147.07 │ 400.00   │ net6624                                                         │ _071376_/B2                │ met3  │
│ 2.87  │ 1147.07 │ 400.00   │ net6624                                                         │ _076048_/A2                │ met3  │
│ 2.87  │ 1146.72 │ 400.00   │ net3790                                                         │ _073933_/B                 │ met1  │
│ 2.86  │ 1144.99 │ 400.00   │ _048504_                                                        │ _105563_/B1                │ met3  │
│ 2.86  │ 1143.50 │ 400.00   │ _022338_                                                        │ _073675_/C1                │ met3  │
│ 2.85  │ 1139.56 │ 400.00   │ net25688                                                        │ _084415_/A1                │ met2  │
│ 2.84  │ 1137.31 │ 400.00   │ net16164                                                        │ _114263_/A1                │ met2  │
│ 2.84  │ 1135.74 │ 400.00   │ net4202                                                         │ _074954_/B1                │ met3  │
│ 2.83  │ 1133.38 │ 400.00   │ net6271                                                         │ _077683_/A1                │ met3  │
│ 2.83  │ 1133.09 │ 400.00   │ net10215                                                        │ _077080_/A2                │ met3  │
│ 2.83  │ 1130.12 │ 400.00   │ net3844                                                         │ _076942_/A1                │ met3  │
│ 2.82  │ 1128.50 │ 400.00   │ net31927                                                        │ _073960_/A2                │ met3  │
│ 2.82  │ 1127.26 │ 400.00   │ net31524                                                        │ _076863_/A2_N              │ met3  │
│ 2.82  │ 1127.26 │ 400.00   │ net31524                                                        │ _078056_/B1                │ met3  │
│ 2.81  │ 1125.79 │ 400.00   │ net10783                                                        │ _076637_/A2_N              │ met1  │
│ 2.81  │ 1123.58 │ 400.00   │ _019354_                                                        │ _070683_/C                 │ met1  │
│ 2.81  │ 1122.62 │ 400.00   │ _021580_                                                        │ _072915_/A2                │ met3  │
│ 2.81  │ 1122.29 │ 400.00   │ net6476                                                         │ _072911_/B                 │ met3  │
│ 2.81  │ 1122.29 │ 400.00   │ net6476                                                         │ _074943_/B                 │ met3  │
│ 2.80  │ 1118.80 │ 400.00   │ net13673                                                        │ _075378_/A3                │ met3  │
│ 2.80  │ 1118.80 │ 400.00   │ net13673                                                        │ _078668_/B                 │ met3  │
│ 2.80  │ 1118.22 │ 400.00   │ net11583                                                        │ _069900_/B                 │ met3  │
│ 2.78  │ 1112.21 │ 400.00   │ net4676                                                         │ _071941_/A1                │ met3  │
│ 2.77  │ 1108.90 │ 400.00   │ net28388                                                        │ wire28387/A                │ met1  │
│ 2.77  │ 1107.51 │ 400.00   │ net764                                                          │ _062541_/A_N               │ met3  │
│ 2.77  │ 1107.51 │ 400.00   │ net764                                                          │ _067601_/B2                │ met3  │
│ 2.77  │ 1106.97 │ 400.00   │ net11346                                                        │ _070891_/A1                │ met3  │
│ 2.77  │ 1106.97 │ 400.00   │ net11346                                                        │ _077015_/B2                │ met3  │
│ 2.77  │ 1106.47 │ 400.00   │ net30716                                                        │ _075701_/B1                │ met3  │
│ 2.76  │ 1104.78 │ 400.00   │ net31739                                                        │ _077355_/A2                │ met3  │
│ 2.75  │ 1101.87 │ 400.00   │ net11129                                                        │ _072609_/B2                │ met3  │
│ 2.75  │ 1100.06 │ 400.00   │ net12442                                                        │ _073897_/B                 │ met3  │
│ 2.75  │ 1098.08 │ 400.00   │ net31773                                                        │ _075537_/A2                │ met2  │
│ 2.74  │ 1097.24 │ 400.00   │ net12648                                                        │ _076048_/A1                │ met3  │
│ 2.74  │ 1095.82 │ 400.00   │ net18991                                                        │ fanout18930/A              │ met3  │
│ 2.74  │ 1094.30 │ 400.00   │ net4880                                                         │ _076846_/A3                │ met3  │
│ 2.71  │ 1085.38 │ 400.00   │ net2382                                                         │ _076222_/A2                │ met3  │
│ 2.71  │ 1084.75 │ 400.00   │ net7273                                                         │ _070691_/B1                │ met3  │
│ 2.71  │ 1084.75 │ 400.00   │ net7273                                                         │ _077840_/A2                │ met3  │
│ 2.71  │ 1084.41 │ 400.00   │ net14258                                                        │ _077229_/A1_N              │ met2  │
│ 2.70  │ 1080.92 │ 400.00   │ net30838                                                        │ _076571_/B2                │ met3  │
│ 2.70  │ 1080.28 │ 400.00   │ net6521                                                         │ _076749_/B                 │ met1  │
│ 2.70  │ 1078.33 │ 400.00   │ net11606                                                        │ _071935_/A                 │ met1  │
│ 2.70  │ 1078.24 │ 400.00   │ net31604                                                        │ _072239_/A2                │ met3  │
│ 2.70  │ 1078.21 │ 400.00   │ net31788                                                        │ _074780_/A1                │ met3  │
│ 2.70  │ 1078.08 │ 400.00   │ net6310                                                         │ _078563_/B1                │ met3  │
│ 2.69  │ 1076.59 │ 400.00   │ net2083                                                         │ wire2082/A                 │ met3  │
│ 2.69  │ 1075.04 │ 400.00   │ net31822                                                        │ _071159_/A1                │ met3  │
│ 2.68  │ 1073.55 │ 400.00   │ net30668                                                        │ _071919_/A2                │ met3  │
│ 2.68  │ 1073.49 │ 400.00   │ net30646                                                        │ _076496_/B2                │ met3  │
│ 2.68  │ 1073.36 │ 400.00   │ net31459                                                        │ _074233_/A2                │ met3  │
│ 2.68  │ 1072.39 │ 400.00   │ net25804                                                        │ wire25803/A                │ met1  │
│ 2.68  │ 1071.97 │ 400.00   │ net31071                                                        │ _078811_/B2                │ met3  │
│ 2.68  │ 1071.48 │ 400.00   │ net30636                                                        │ _074546_/B1                │ met3  │
│ 2.68  │ 1071.48 │ 400.00   │ net30636                                                        │ _074731_/A2                │ met3  │
│ 2.68  │ 1071.48 │ 400.00   │ net30636                                                        │ _075732_/B1                │ met3  │
│ 2.68  │ 1071.34 │ 400.00   │ net4438                                                         │ _075246_/B1                │ met3  │
│ 2.68  │ 1070.74 │ 400.00   │ net31500                                                        │ _077875_/B1                │ met3  │
│ 2.67  │ 1069.16 │ 400.00   │ net7308                                                         │ _078274_/B1                │ met3  │
│ 2.67  │ 1066.84 │ 400.00   │ net30704                                                        │ _074959_/B1                │ met3  │
│ 2.67  │ 1066.84 │ 400.00   │ net30704                                                        │ _078035_/B2                │ met3  │
│ 2.67  │ 1066.08 │ 400.00   │ net31294                                                        │ _072852_/B1                │ met3  │
│ 2.66  │ 1064.81 │ 400.00   │ net10143                                                        │ _072674_/B1                │ met2  │
│ 2.66  │ 1064.70 │ 400.00   │ net31529                                                        │ _074845_/A2                │ met3  │
│ 2.66  │ 1064.70 │ 400.00   │ net31529                                                        │ _076750_/C                 │ met3  │
│ 2.66  │ 1064.69 │ 400.00   │ net8072                                                         │ _076551_/A1                │ met3  │
│ 2.66  │ 1063.21 │ 400.00   │ net7292                                                         │ _073468_/B1                │ met3  │
│ 2.66  │ 1063.14 │ 400.00   │ _023845_                                                        │ _075188_/B2                │ met3  │
│ 2.65  │ 1061.96 │ 400.00   │ _021399_                                                        │ _076329_/A2                │ met1  │
│ 2.65  │ 1060.19 │ 400.00   │ net30454                                                        │ _079115_/B1                │ met3  │
│ 2.65  │ 1060.19 │ 400.00   │ net30454                                                        │ _079174_/B1                │ met3  │
│ 2.65  │ 1060.04 │ 400.00   │ net6189                                                         │ _072327_/B2                │ met2  │
│ 2.64  │ 1057.13 │ 400.00   │ net31532                                                        │ _076967_/A2                │ met3  │
│ 2.64  │ 1055.77 │ 400.00   │ net6665                                                         │ _071342_/B1                │ met3  │
│ 2.64  │ 1054.86 │ 400.00   │ net25801                                                        │ load_slew25800/A           │ met1  │
│ 2.64  │ 1054.22 │ 400.00   │ _023241_                                                        │ _074581_/A2                │ met3  │
│ 2.64  │ 1054.22 │ 400.00   │ net4554                                                         │ _071615_/A1                │ met3  │
│ 2.63  │ 1052.67 │ 400.00   │ _025392_                                                        │ _076742_/B1                │ met3  │
│ 2.63  │ 1052.61 │ 400.00   │ net31898                                                        │ _073987_/A2                │ met3  │
│ 2.63  │ 1051.18 │ 400.00   │ net10683                                                        │ _071681_/A1                │ met3  │
│ 2.62  │ 1049.31 │ 400.00   │ _053381_                                                        │ _110748_/A1                │ met2  │
│ 2.62  │ 1048.34 │ 400.00   │ net31247                                                        │ _075203_/B1                │ met3  │
│ 2.61  │ 1045.30 │ 400.00   │ net31428                                                        │ _071039_/A2                │ met3  │
│ 2.61  │ 1045.30 │ 400.00   │ net31428                                                        │ _076123_/B2                │ met3  │
│ 2.60  │ 1040.91 │ 400.00   │ net6098                                                         │ _073298_/B1                │ met3  │
│ 2.60  │ 1039.31 │ 400.00   │ net30732                                                        │ _071586_/A2                │ met3  │
│ 2.60  │ 1039.31 │ 400.00   │ net30732                                                        │ _076016_/B2                │ met3  │
│ 2.60  │ 1039.22 │ 400.00   │ net4423                                                         │ _073554_/B1                │ met3  │
│ 2.60  │ 1039.15 │ 400.00   │ clknet_1_1_0_clk_i                                              │ clkbuf_1_1_1_clk_i/A       │ met3  │
│ 2.59  │ 1035.09 │ 400.00   │ net10613                                                        │ _075382_/A2                │ met3  │
│ 2.59  │ 1034.39 │ 400.00   │ net31318                                                        │ _073303_/A3                │ met3  │
│ 2.59  │ 1034.39 │ 400.00   │ net31318                                                        │ _074523_/B1                │ met3  │
│ 2.59  │ 1034.39 │ 400.00   │ net31318                                                        │ _077270_/B1                │ met3  │
│ 2.56  │ 1025.21 │ 400.00   │ _021851_                                                        │ _074431_/B1                │ met3  │
│ 2.56  │ 1025.21 │ 400.00   │ _021851_                                                        │ _076439_/B1                │ met3  │
│ 2.56  │ 1024.55 │ 400.00   │ net6061                                                         │ _078277_/B2                │ met3  │
│ 2.56  │ 1023.50 │ 400.00   │ net5192                                                         │ _078782_/A1_N              │ met3  │
│ 2.56  │ 1022.93 │ 400.00   │ net6514                                                         │ _074930_/A2                │ met3  │
│ 2.55  │ 1021.54 │ 400.00   │ net31671                                                        │ _074342_/A1                │ met3  │
│ 2.55  │ 1019.86 │ 400.00   │ net32580                                                        │ wire23837/A                │ met1  │
│ 2.55  │ 1018.42 │ 400.00   │ clknet_1_1_1_clk_i_regs                                         │ clkbuf_2_3_0_clk_i_regs/A  │ met3  │
│ 2.53  │ 1013.00 │ 400.00   │ net6111                                                         │ _072791_/B1                │ met3  │
│ 2.53  │ 1013.00 │ 400.00   │ net6111                                                         │ _072848_/A2                │ met3  │
│ 2.53  │ 1013.00 │ 400.00   │ net6111                                                         │ _072963_/B1                │ met3  │
│ 2.53  │ 1011.23 │ 400.00   │ net12405                                                        │ _072521_/A3                │ met3  │
│ 2.52  │ 1008.08 │ 400.00   │ net30980                                                        │ _071159_/A2                │ met3  │
│ 2.52  │ 1008.08 │ 400.00   │ net30980                                                        │ _078367_/A2                │ met3  │
│ 2.51  │ 1005.80 │ 400.00   │ net30959                                                        │ _070331_/A2                │ met3  │
│ 2.51  │ 1005.80 │ 400.00   │ net30959                                                        │ _071416_/B1                │ met3  │
│ 2.51  │ 1004.28 │ 400.00   │ net6369                                                         │ _077906_/B1                │ met1  │
│ 2.51  │ 9196.32 │ 3669.20  │ net3937                                                         │ _062541_/B                 │ met4  │
│ 2.51  │ 1002.25 │ 400.00   │ net6073                                                         │ _074928_/B2                │ met3  │
│ 2.51  │ 1002.18 │ 400.00   │ net4784                                                         │ _077771_/B1                │ met3  │
│ 2.50  │ 1001.42 │ 400.00   │ net7061                                                         │ _071165_/A1                │ met3  │
│ 2.50  │ 1001.42 │ 400.00   │ net7061                                                         │ _075694_/B1                │ met3  │
│ 2.50  │ 999.05  │ 400.00   │ net30289                                                        │ _113792_/A1                │ met1  │
│ 2.50  │ 998.71  │ 400.00   │ net30304                                                        │ _113766_/A1                │ met1  │
│ 2.50  │ 998.13  │ 400.00   │ net4967                                                         │ _070512_/B                 │ met3  │
│ 2.50  │ 998.13  │ 400.00   │ net4967                                                         │ _077176_/A1                │ met3  │
│ 2.49  │ 996.95  │ 400.00   │ net31729                                                        │ _073908_/A2                │ met3  │
│ 2.49  │ 996.95  │ 400.00   │ net31729                                                        │ _075470_/B2                │ met3  │
│ 2.49  │ 996.30  │ 400.00   │ _027683_                                                        │ _079042_/A3                │ met3  │
│ 2.49  │ 995.71  │ 400.00   │ net28083                                                        │ _089628_/A2                │ met1  │
│ 2.49  │ 995.43  │ 400.00   │ net30303                                                        │ _113768_/A1                │ met1  │
│ 2.48  │ 993.26  │ 400.00   │ net14119                                                        │ _078937_/A1                │ met3  │
│ 2.47  │ 988.86  │ 400.00   │ net2600                                                         │ _075715_/A2                │ met3  │
│ 2.47  │ 988.43  │ 400.00   │ data_bram_ctrl_inst.data_ram.u_mem.g_2k[1\].u_cell.rdata[12\]   │ _113666_/A1                │ met4  │
│ 2.47  │ 988.30  │ 400.00   │ net30293                                                        │ _113786_/A1                │ met1  │
│ 2.47  │ 987.28  │ 400.00   │ net40                                                           │ _063633_/C                 │ met1  │
│ 2.47  │ 987.18  │ 400.00   │ net14123                                                        │ _076590_/A1                │ met3  │
│ 2.47  │ 986.39  │ 400.00   │ net47872                                                        │ _063636_/A                 │ met1  │
│ 2.46  │ 984.70  │ 400.00   │ net11102                                                        │ _072339_/B                 │ met3  │
│ 2.46  │ 984.12  │ 400.00   │ net30298                                                        │ _113776_/A1                │ met1  │
│ 2.46  │ 984.06  │ 400.00   │ net32639                                                        │ _109900_/A                 │ met1  │
│ 2.46  │ 983.68  │ 400.00   │ net6512                                                         │ _074017_/A2                │ met3  │
│ 2.46  │ 983.68  │ 400.00   │ net6512                                                         │ _078126_/A2                │ met3  │
│ 2.46  │ 982.97  │ 400.00   │ net18                                                           │ _063716_/B                 │ met1  │
│ 2.46  │ 982.87  │ 400.00   │ net32184                                                        │ wire3027/A                 │ met3  │
│ 2.46  │ 982.84  │ 400.00   │ net31059                                                        │ _070548_/A1                │ met3  │
│ 2.46  │ 982.84  │ 400.00   │ net31059                                                        │ _076360_/A2                │ met3  │
│ 2.45  │ 981.64  │ 400.00   │ _023601_                                                        │ _074945_/C                 │ met1  │
│ 2.45  │ 981.52  │ 400.00   │ _052029_                                                        │ _109110_/B                 │ met3  │
│ 2.45  │ 978.60  │ 400.00   │ net13702                                                        │ _076316_/A                 │ met3  │
│ 2.44  │ 977.68  │ 400.00   │ net31247                                                        │ _073305_/B                 │ met3  │
│ 2.44  │ 974.69  │ 400.00   │ net8156                                                         │ _077767_/A1                │ met3  │
│ 2.44  │ 974.64  │ 400.00   │ net13647                                                        │ _071742_/B                 │ met1  │
│ 2.42  │ 969.54  │ 400.00   │ net3499                                                         │ _075845_/B1                │ met3  │
│ 2.42  │ 967.48  │ 400.00   │ _055164_                                                        │ _113643_/A1                │ met1  │
│ 2.42  │ 966.56  │ 400.00   │ net2585                                                         │ _076978_/A3                │ met3  │
│ 2.41  │ 965.30  │ 400.00   │ net10122                                                        │ _077721_/A3                │ met3  │
│ 2.41  │ 964.00  │ 400.00   │ GPIO_wdata[18\]                                                 │ _114412_/A0                │ met3  │
│ 2.41  │ 963.62  │ 400.00   │ net6623                                                         │ _072444_/A2                │ met3  │
│ 2.41  │ 962.10  │ 400.00   │ net4411                                                         │ _076975_/B2                │ met3  │
│ 2.40  │ 960.61  │ 400.00   │ net31477                                                        │ _070515_/B1                │ met3  │
│ 2.40  │ 960.59  │ 400.00   │ net31320                                                        │ _072164_/A1                │ met3  │
│ 2.40  │ 960.59  │ 400.00   │ net31320                                                        │ _078263_/A1                │ met3  │
│ 2.40  │ 960.59  │ 400.00   │ net31320                                                        │ _078512_/A1                │ met3  │
│ 2.40  │ 958.07  │ 400.00   │ clknet_2_1_0_clk_i_regs                                         │ clkbuf_2_1_1_clk_i_regs/A  │ met3  │
│ 2.39  │ 955.97  │ 400.00   │ net30245                                                        │ _113730_/A1                │ met1  │
│ 2.38  │ 953.21  │ 400.00   │ net31192                                                        │ _072096_/B2                │ met3  │
│ 2.38  │ 953.21  │ 400.00   │ net31192                                                        │ _078263_/B1                │ met3  │
│ 2.38  │ 953.07  │ 400.00   │ net4752                                                         │ _070996_/B1                │ met3  │
│ 2.38  │ 953.07  │ 400.00   │ net4752                                                         │ _075762_/B1                │ met3  │
│ 2.38  │ 952.08  │ 400.00   │ net1502                                                         │ _128306_/D                 │ met2  │
│ 2.38  │ 950.24  │ 400.00   │ net11108                                                        │ _076513_/A1                │ met3  │
│ 2.37  │ 949.14  │ 400.00   │ net17455                                                        │ _078291_/C                 │ met3  │
│ 2.37  │ 948.59  │ 400.00   │ net2873                                                         │ _076983_/A2                │ met3  │
│ 2.37  │ 947.62  │ 400.00   │ net31401                                                        │ _072717_/B2                │ met3  │
│ 2.37  │ 947.62  │ 400.00   │ net31401                                                        │ _072792_/B                 │ met3  │
│ 2.37  │ 947.62  │ 400.00   │ net31401                                                        │ _074672_/B2                │ met3  │
│ 2.37  │ 947.08  │ 400.00   │ _055857_                                                        │ _114801_/A1                │ met2  │
│ 2.36  │ 945.71  │ 400.00   │ net18531                                                        │ fanout18522/A              │ met1  │
│ 2.36  │ 944.83  │ 400.00   │ net7067                                                         │ _075751_/B                 │ met1  │
│ 2.36  │ 944.19  │ 400.00   │ net31155                                                        │ _078387_/A3                │ met3  │
│ 2.36  │ 942.77  │ 400.00   │ _024813_                                                        │ _076160_/A3                │ met3  │
│ 2.36  │ 942.61  │ 400.00   │ net7153                                                         │ _072056_/B1                │ met3  │
│ 2.36  │ 942.61  │ 400.00   │ net7153                                                         │ _078001_/B2                │ met3  │
│ 2.35  │ 940.43  │ 400.00   │ _019487_                                                        │ _070816_/B                 │ met3  │
│ 2.35  │ 938.97  │ 400.00   │ net6477                                                         │ _078681_/A1                │ met3  │
│ 2.35  │ 938.97  │ 400.00   │ net6477                                                         │ _079012_/B1                │ met3  │
│ 2.35  │ 938.91  │ 400.00   │ net31636                                                        │ _078864_/B                 │ met3  │
│ 2.34  │ 935.94  │ 400.00   │ net30845                                                        │ _074110_/A2                │ met3  │
│ 2.34  │ 935.94  │ 400.00   │ net30845                                                        │ _075345_/A1                │ met3  │
│ 2.34  │ 935.18  │ 400.00   │ net31732                                                        │ _071586_/B2                │ met3  │
│ 2.34  │ 935.18  │ 400.00   │ net31732                                                        │ _074065_/B1                │ met3  │
│ 2.33  │ 933.75  │ 400.00   │ net10521                                                        │ _077935_/A2                │ met3  │
│ 2.33  │ 930.68  │ 400.00   │ net30610                                                        │ _076184_/B1                │ met3  │
│ 2.33  │ 930.32  │ 400.00   │ net5270                                                         │ _061064_/A_N               │ met3  │
│ 2.33  │ 930.32  │ 400.00   │ net5270                                                         │ _061065_/B                 │ met3  │
│ 2.33  │ 930.32  │ 400.00   │ net5270                                                         │ _106246_/A1_N              │ met3  │
│ 2.32  │ 929.02  │ 400.00   │ net32523                                                        │ wire16312/A                │ met3  │
│ 2.32  │ 929.01  │ 400.00   │ net17005                                                        │ fanout16960/A              │ met1  │
│ 2.32  │ 928.95  │ 400.00   │ net30448                                                        │ _128293_/D                 │ met3  │
│ 2.32  │ 926.44  │ 400.00   │ net6943                                                         │ _077807_/B                 │ met1  │
│ 2.32  │ 926.14  │ 400.00   │ yz_bram_ctrl_inst.yz_ram.u_mem.u_mem.g_2k[3\].u_cell.rdata[0\]  │ wire32680/A                │ met3  │
│ 2.31  │ 924.80  │ 400.00   │ net30670                                                        │ _075852_/A2                │ met3  │
│ 2.31  │ 923.44  │ 400.00   │ net31890                                                        │ _074561_/B1                │ met3  │
│ 2.31  │ 923.44  │ 400.00   │ net31890                                                        │ _075733_/A1                │ met3  │
│ 2.31  │ 922.75  │ 400.00   │ net31871                                                        │ _072414_/B                 │ met3  │
│ 2.31  │ 922.75  │ 400.00   │ net31871                                                        │ _074462_/A1                │ met3  │
│ 2.30  │ 920.86  │ 400.00   │ _053399_                                                        │ _110754_/A1                │ met2  │
│ 2.30  │ 920.47  │ 400.00   │ net31868                                                        │ _075965_/A3                │ met3  │
│ 2.30  │ 919.05  │ 400.00   │ net6890                                                         │ _077745_/A3                │ met3  │
│ 2.29  │ 916.23  │ 400.00   │ yz_bram_ctrl_inst.yz_ram.u_mem.u_mem.g_2k[2\].u_cell.rdata[5\]  │ _064792_/A2                │ met1  │
│ 2.29  │ 914.40  │ 400.00   │ _019415_                                                        │ _072993_/C_N               │ met3  │
│ 2.29  │ 914.40  │ 400.00   │ _019415_                                                        │ _072994_/B1                │ met3  │
│ 2.29  │ 914.19  │ 400.00   │ net3761                                                         │ _072426_/B                 │ met2  │
│ 2.27  │ 910.00  │ 400.00   │ net31644                                                        │ _071999_/B2                │ met3  │
│ 2.27  │ 909.27  │ 400.00   │ net3630                                                         │ _074572_/B2                │ met3  │
│ 2.27  │ 909.27  │ 400.00   │ net3630                                                         │ _078209_/B1                │ met3  │
│ 2.27  │ 907.09  │ 400.00   │ net30801                                                        │ _076083_/B1                │ met3  │
│ 2.27  │ 6720.38 │ 2964.40  │ _023648_                                                        │ _074990_/A                 │ met3  │
│ 2.27  │ 906.31  │ 400.00   │ net30733                                                        │ _074167_/A1                │ met3  │
│ 2.27  │ 906.31  │ 400.00   │ net30733                                                        │ _078195_/A2                │ met3  │
│ 2.27  │ 906.10  │ 400.00   │ net6988                                                         │ _077965_/A                 │ met3  │
│ 2.26  │ 905.54  │ 400.00   │ net14912                                                        │ _077497_/A1                │ met3  │
│ 2.26  │ 905.33  │ 400.00   │ _000059_                                                        │ _128158_/D                 │ met1  │
│ 2.26  │ 904.11  │ 400.00   │ net6123                                                         │ _078233_/B1                │ met3  │
│ 2.26  │ 903.98  │ 400.00   │ net31424                                                        │ _071413_/A2                │ met3  │
│ 2.26  │ 903.98  │ 400.00   │ net31424                                                        │ _075475_/A2                │ met3  │
│ 2.26  │ 903.98  │ 400.00   │ net31424                                                        │ _078376_/A2                │ met3  │
│ 2.25  │ 901.08  │ 400.00   │ net30459                                                        │ _076518_/B1                │ met2  │
│ 2.25  │ 900.38  │ 400.00   │ net31174                                                        │ _073913_/A3                │ met2  │
│ 2.25  │ 898.17  │ 400.00   │ _010771_                                                        │ _061032_/B1                │ met3  │
│ 2.25  │ 898.04  │ 400.00   │ net4209                                                         │ _074782_/B1                │ met3  │
│ 2.24  │ 896.08  │ 400.00   │ net5988                                                         │ _075954_/D                 │ met1  │
│ 2.24  │ 895.19  │ 400.00   │ net31249                                                        │ _071285_/B1                │ met3  │
│ 2.24  │ 895.16  │ 400.00   │ net31433                                                        │ _072285_/B1                │ met3  │
│ 2.24  │ 895.16  │ 400.00   │ net31433                                                        │ _072882_/A2                │ met3  │
│ 2.23  │ 893.64  │ 400.00   │ net7665                                                         │ _077390_/A2                │ met3  │
│ 2.23  │ 893.64  │ 400.00   │ net7665                                                         │ _077442_/B2                │ met3  │
│ 2.23  │ 891.72  │ 400.00   │ net3993                                                         │ _114416_/A0                │ met2  │
│ 2.23  │ 890.73  │ 400.00   │ net31580                                                        │ _075857_/A2                │ met3  │
│ 2.22  │ 889.77  │ 400.00   │ net10923                                                        │ _070389_/B                 │ met3  │
│ 2.22  │ 889.77  │ 400.00   │ net10923                                                        │ _074044_/A2                │ met3  │
│ 2.22  │ 889.25  │ 400.00   │ net27990                                                        │ _101650_/A1                │ met1  │
│ 2.22  │ 889.24  │ 400.00   │ net10136                                                        │ _074309_/B2                │ met3  │
│ 2.22  │ 887.21  │ 400.00   │ net10941                                                        │ _073948_/A1                │ met3  │
│ 2.22  │ 886.87  │ 400.00   │ net2554                                                         │ _079004_/B2                │ met3  │
│ 2.22  │ 886.87  │ 400.00   │ net2554                                                         │ _079153_/B1                │ met3  │
│ 2.22  │ 886.19  │ 400.00   │ GPIO_rdata[30\]                                                 │ hold48409/A                │ met1  │
│ 2.21  │ 885.59  │ 400.00   │ net31236                                                        │ _074063_/B2                │ met3  │
│ 2.21  │ 885.59  │ 400.00   │ net31236                                                        │ _075579_/B2                │ met3  │
│ 2.21  │ 884.64  │ 400.00   │ net2858                                                         │ _077941_/D                 │ met1  │
│ 2.21  │ 882.47  │ 400.00   │ net7984                                                         │ _076694_/A1                │ met3  │
│ 2.21  │ 882.47  │ 400.00   │ net7984                                                         │ _077958_/A1                │ met3  │
│ 2.21  │ 882.22  │ 400.00   │ net30820                                                        │ _071344_/C                 │ met3  │
│ 2.20  │ 880.49  │ 400.00   │ yz_bram_ctrl_inst.yz_ram.u_mem.u_mem.g_2k[1\].u_cell.rdata[31\] │ wire32693/A                │ met3  │
│ 2.20  │ 8065.78 │ 3669.20  │ net2870                                                         │ _077087_/C                 │ met4  │
│ 2.20  │ 879.14  │ 400.00   │ data_bram_ctrl_inst.data_ram.u_mem.g_2k[1\].u_cell.rdata[22\]   │ _113686_/A1                │ met4  │
│ 2.19  │ 877.98  │ 400.00   │ net32176                                                        │ _110281_/B                 │ met3  │
│ 2.19  │ 875.86  │ 400.00   │ net3707                                                         │ _077246_/A1                │ met3  │
│ 2.19  │ 875.67  │ 400.00   │ net31274                                                        │ _076216_/A1                │ met3  │
│ 2.19  │ 874.31  │ 400.00   │ net31280                                                        │ _073301_/A1                │ met3  │
│ 2.18  │ 8013.33 │ 3669.20  │ net30820                                                        │ _071344_/C                 │ met4  │
│ 2.18  │ 871.40  │ 400.00   │ net7162                                                         │ _074311_/B2                │ met3  │
│ 2.17  │ 869.59  │ 400.00   │ net4277                                                         │ _073791_/A2                │ met3  │
│ 2.17  │ 868.69  │ 400.00   │ net3321                                                         │ _118138_/A1                │ met1  │
│ 2.17  │ 868.69  │ 400.00   │ net3321                                                         │ _118426_/A1                │ met1  │
│ 2.17  │ 868.36  │ 400.00   │ net2592                                                         │ _076366_/B1                │ met3  │
│ 2.17  │ 867.67  │ 400.00   │ net43                                                           │ _063647_/C_N               │ met1  │
│ 2.17  │ 867.07  │ 400.00   │ net10254                                                        │ _076523_/A2                │ met3  │
│ 2.17  │ 866.12  │ 400.00   │ net10795                                                        │ _077684_/A1                │ met2  │
│ 2.16  │ 865.75  │ 400.00   │ net31009                                                        │ _076552_/B2                │ met3  │
│ 2.16  │ 863.89  │ 400.00   │ net30678                                                        │ wire30677/A                │ met3  │
│ 2.15  │ 861.60  │ 400.00   │ net32286                                                        │ wire5231/A                 │ met3  │
│ 2.15  │ 7901.33 │ 3669.20  │ net4210                                                         │ _074661_/B1_N              │ met4  │
│ 2.15  │ 860.45  │ 400.00   │ net882                                                          │ _079202_/A_N               │ met2  │
│ 2.15  │ 860.45  │ 400.00   │ net882                                                          │ _079207_/B                 │ met2  │
│ 2.15  │ 860.45  │ 400.00   │ net882                                                          │ _079211_/B                 │ met2  │
│ 2.15  │ 858.75  │ 400.00   │ net30833                                                        │ _074510_/A1                │ met3  │
│ 2.15  │ 858.75  │ 400.00   │ net30833                                                        │ _074737_/A1                │ met3  │
│ 2.15  │ 858.61  │ 400.00   │ net49                                                           │ _063634_/A                 │ met1  │
│ 2.15  │ 858.42  │ 400.00   │ net7172                                                         │ _077966_/B                 │ met1  │
│ 2.14  │ 857.85  │ 400.00   │ net32525                                                        │ wire16309/A                │ met3  │
│ 2.14  │ 856.50  │ 400.00   │ yz_bram_ctrl_inst.yz_ram.u_mem.u_mem.g_1k.u_cell.rdata[30\]     │ wire21066/A                │ met3  │
│ 2.14  │ 856.48  │ 400.00   │ net31846                                                        │ _075548_/A2                │ met3  │
│ 2.14  │ 856.48  │ 400.00   │ net31846                                                        │ _077348_/B2                │ met3  │
│ 2.14  │ 854.98  │ 400.00   │ _022149_                                                        │ _073485_/A2                │ met3  │
│ 2.13  │ 853.82  │ 400.00   │ net7036                                                         │ _077559_/B1                │ met1  │
│ 2.13  │ 7812.70 │ 3669.20  │ net30089                                                        │ _127725_/D                 │ met3  │
│ 2.13  │ 851.53  │ 400.00   │ net4601                                                         │ _073073_/B                 │ met3  │
│ 2.13  │ 851.53  │ 400.00   │ net4601                                                         │ _073124_/A3                │ met3  │
│ 2.13  │ 851.53  │ 400.00   │ net4601                                                         │ _074703_/A2                │ met3  │
│ 2.13  │ 850.61  │ 400.00   │ net31305                                                        │ _073795_/B2                │ met3  │
│ 2.13  │ 850.61  │ 400.00   │ net31305                                                        │ _074003_/A1                │ met3  │
│ 2.13  │ 850.61  │ 400.00   │ net31305                                                        │ _076252_/A1                │ met3  │
│ 2.13  │ 850.23  │ 400.00   │ net31760                                                        │ _077763_/A2                │ met3  │
│ 2.12  │ 848.75  │ 400.00   │ _056496_                                                        │ _115466_/A0                │ met1  │
│ 2.12  │ 848.08  │ 400.00   │ _058259_                                                        │ _117357_/C                 │ met1  │
│ 2.12  │ 847.61  │ 400.00   │ _020847_                                                        │ _079028_/A2                │ met3  │
│ 2.12  │ 847.61  │ 400.00   │ net4298                                                         │ _072877_/A2                │ met3  │
│ 2.12  │ 846.84  │ 400.00   │ net31474                                                        │ _071111_/A2                │ met3  │
│ 2.12  │ 846.84  │ 400.00   │ net31474                                                        │ _071635_/B2                │ met3  │
│ 2.12  │ 846.84  │ 400.00   │ net31474                                                        │ _078756_/B1                │ met3  │
│ 2.11  │ 844.97  │ 400.00   │ net12667                                                        │ _073200_/C                 │ met1  │
│ 2.11  │ 844.25  │ 400.00   │ net31631                                                        │ _072012_/A2                │ met3  │
│ 2.11  │ 843.38  │ 400.00   │ net7318                                                         │ _076273_/A2                │ met3  │
│ 2.11  │ 843.22  │ 400.00   │ net30869                                                        │ _076679_/A2                │ met3  │
│ 2.11  │ 843.15  │ 400.00   │ net7681                                                         │ _075484_/B2                │ met1  │
│ 2.11  │ 843.09  │ 400.00   │ net10405                                                        │ _077591_/A2                │ met3  │
│ 2.10  │ 841.97  │ 400.00   │ net27982                                                        │ _101737_/A1                │ met2  │
│ 2.10  │ 841.08  │ 400.00   │ net31937                                                        │ _077825_/B                 │ met3  │
│ 2.10  │ 841.07  │ 400.00   │ net31048                                                        │ _078331_/B2                │ met3  │
│ 2.10  │ 841.07  │ 400.00   │ net31048                                                        │ _078965_/B                 │ met3  │
│ 2.10  │ 839.59  │ 400.00   │ net31774                                                        │ _072243_/B2                │ met2  │
│ 2.09  │ 837.77  │ 400.00   │ net32500                                                        │ _067609_/A0                │ met3  │
│ 2.09  │ 837.50  │ 400.00   │ net2331                                                         │ wire2330/A                 │ met3  │
│ 2.09  │ 835.72  │ 400.00   │ net30730                                                        │ _078787_/A2                │ met3  │
│ 2.09  │ 835.12  │ 400.00   │ net29177                                                        │ wire29176/A                │ met1  │
│ 2.09  │ 834.92  │ 400.00   │ _020356_                                                        │ _071686_/C                 │ met1  │
│ 2.09  │ 834.17  │ 400.00   │ net2599                                                         │ _075849_/A3                │ met3  │
│ 2.08  │ 831.47  │ 400.00   │ net32018                                                        │ fanout19078/A              │ met3  │
│ 2.08  │ 831.21  │ 400.00   │ net2532                                                         │ _110051_/B                 │ met3  │
│ 2.08  │ 831.13  │ 400.00   │ net10063                                                        │ _072147_/B                 │ met3  │
│ 2.08  │ 830.50  │ 400.00   │ net4173                                                         │ _077157_/B1                │ met2  │
│ 2.07  │ 829.03  │ 400.00   │ net25850                                                        │ wire25849/A                │ met3  │
│ 2.07  │ 827.89  │ 400.00   │ net16316                                                        │ wire16315/A                │ met3  │
│ 2.07  │ 826.80  │ 400.00   │ net30962                                                        │ _071776_/A2                │ met3  │
│ 2.06  │ 825.98  │ 400.00   │ net46154                                                        │ _089598_/A2                │ met1  │
│ 2.06  │ 825.08  │ 400.00   │ _025304_                                                        │ _076654_/B                 │ met2  │
│ 2.06  │ 824.55  │ 400.00   │ net2385                                                         │ _075404_/B1                │ met3  │
│ 2.06  │ 824.55  │ 400.00   │ net2385                                                         │ _075419_/B2                │ met3  │
│ 2.06  │ 823.82  │ 400.00   │ _022112_                                                        │ _073516_/B1                │ met3  │
│ 2.06  │ 823.75  │ 400.00   │ _053407_                                                        │ _110756_/A1                │ met2  │
│ 2.06  │ 822.53  │ 400.00   │ _056233_                                                        │ _115186_/A1                │ met2  │
│ 2.06  │ 822.37  │ 400.00   │ net32232                                                        │ _072011_/A1                │ met3  │
│ 2.05  │ 820.94  │ 400.00   │ net1183                                                         │ _102078_/B                 │ met1  │
│ 2.05  │ 820.64  │ 400.00   │ net10523                                                        │ _074093_/B                 │ met2  │
│ 2.05  │ 819.82  │ 400.00   │ net32528                                                        │ _067624_/A0                │ met3  │
│ 2.05  │ 819.72  │ 400.00   │ _019110_                                                        │ _073221_/B1                │ met1  │
│ 2.04  │ 816.32  │ 400.00   │ net2402                                                         │ _073099_/B1                │ met3  │
│ 2.04  │ 815.53  │ 400.00   │ clknet_1_1_1_clk_i_regs                                         │ clkbuf_2_2_0_clk_i_regs/A  │ met3  │
│ 2.04  │ 814.70  │ 400.00   │ _019307_                                                        │ _076812_/A2                │ met2  │
│ 2.04  │ 814.46  │ 400.00   │ net17215                                                        │ wire17214/A                │ met3  │
│ 2.04  │ 814.31  │ 400.00   │ net30301                                                        │ _113770_/A1                │ met1  │
│ 2.04  │ 7467.81 │ 3669.20  │ net2642                                                         │ _072203_/D                 │ met3  │
│ 2.03  │ 813.35  │ 400.00   │ net30537                                                        │ _071744_/A1                │ met3  │
│ 2.03  │ 811.36  │ 400.00   │ net30297                                                        │ _113778_/A1                │ met1  │
│ 2.03  │ 810.61  │ 400.00   │ net13143                                                        │ _078712_/A                 │ met1  │
│ 2.02  │ 808.69  │ 400.00   │ net11185                                                        │ _078909_/A1                │ met3  │
│ 2.02  │ 807.50  │ 400.00   │ net2657                                                         │ _079238_/A0                │ met1  │
│ 2.02  │ 806.25  │ 400.00   │ cpu_inst.CORE.core_i.cs_registers_i.pc_id_i[20\]                │ _060828_/B                 │ met1  │
│ 2.01  │ 804.94  │ 400.00   │ net10031                                                        │ _073371_/C                 │ met2  │
│ 2.01  │ 802.94  │ 400.00   │ net6502                                                         │ _075600_/B1                │ met3  │
│ 2.01  │ 802.20  │ 400.00   │ net32578                                                        │ wire23879/A                │ met1  │
│ 2.00  │ 801.45  │ 400.00   │ net31155                                                        │ _075335_/A2                │ met3  │
│ 2.00  │ 800.34  │ 400.00   │ net31805                                                        │ _073795_/A1                │ met3  │
│ 2.00  │ 800.34  │ 400.00   │ net31805                                                        │ _075986_/A1                │ met3  │
│ 2.00  │ 800.34  │ 400.00   │ net31805                                                        │ _077584_/A2                │ met3  │
│ 2.00  │ 800.16  │ 400.00   │ net4942                                                         │ _070568_/B2                │ met3  │
│ 2.00  │ 800.16  │ 400.00   │ net4942                                                         │ _074606_/A1                │ met3  │
│ 2.00  │ 800.16  │ 400.00   │ net4942                                                         │ wire4941/A                 │ met3  │
│ 2.00  │ 800.03  │ 400.00   │ net30888                                                        │ _072693_/A1                │ met3  │
│ 2.00  │ 799.31  │ 400.00   │ net30817                                                        │ _078156_/B                 │ met2  │
│ 2.00  │ 799.08  │ 400.00   │ net1155                                                         │ _067728_/B                 │ met1  │
│ 2.00  │ 798.58  │ 400.00   │ net11196                                                        │ _074401_/A2                │ met3  │
│ 2.00  │ 798.58  │ 400.00   │ net11196                                                        │ _078090_/A2                │ met3  │
│ 2.00  │ 798.24  │ 400.00   │ _055781_                                                        │ _114735_/A2_N              │ met1  │
│ 1.99  │ 797.06  │ 400.00   │ net30990                                                        │ _077707_/A2                │ met3  │
│ 1.99  │ 796.22  │ 400.00   │ net45933                                                        │ _089601_/A2                │ met1  │
│ 1.99  │ 794.08  │ 400.00   │ net31597                                                        │ _076527_/B1                │ met3  │
│ 1.98  │ 793.40  │ 400.00   │ net27179                                                        │ _105563_/A1                │ met1  │
│ 1.98  │ 793.29  │ 400.00   │ net10404                                                        │ _074942_/A2                │ met3  │
│ 1.98  │ 793.29  │ 400.00   │ net10404                                                        │ _077379_/A2                │ met3  │
│ 1.98  │ 792.86  │ 400.00   │ net11609                                                        │ _074781_/A                 │ met2  │
│ 1.98  │ 791.86  │ 400.00   │ _057012_                                                        │ _116056_/A1                │ met1  │
│ 1.98  │ 791.56  │ 400.00   │ net13118                                                        │ _073613_/D                 │ met3  │
│ 1.98  │ 791.21  │ 400.00   │ net31324                                                        │ _073255_/A1                │ met3  │
│ 1.98  │ 790.03  │ 400.00   │ net31242                                                        │ _070675_/B                 │ met3  │
│ 1.98  │ 790.03  │ 400.00   │ net31242                                                        │ _075012_/A1                │ met3  │
│ 1.97  │ 789.62  │ 400.00   │ clknet_1_0_1_clk_i                                              │ clkbuf_leaf_7_clk_i/A      │ met3  │
│ 1.97  │ 788.90  │ 400.00   │ net31249                                                        │ _074271_/B2                │ met3  │
│ 1.97  │ 788.90  │ 400.00   │ net31249                                                        │ _075600_/A2                │ met3  │
│ 1.97  │ 787.96  │ 400.00   │ net4950                                                         │ _070563_/A2                │ met3  │
│ 1.97  │ 787.96  │ 400.00   │ net4950                                                         │ _076560_/A1                │ met3  │
│ 1.97  │ 787.96  │ 400.00   │ net4950                                                         │ _077903_/A1                │ met3  │
│ 1.97  │ 7222.35 │ 3669.20  │ net2563                                                         │ _078730_/B                 │ met3  │
│ 1.97  │ 786.54  │ 400.00   │ net30621                                                        │ _075660_/B                 │ met3  │
│ 1.96  │ 785.20  │ 400.00   │ net30837                                                        │ _078381_/B2                │ met3  │
│ 1.96  │ 785.16  │ 400.00   │ net10847                                                        │ _070444_/B2                │ met3  │
│ 1.96  │ 784.99  │ 400.00   │ net31669                                                        │ _075557_/A                 │ met3  │
│ 1.96  │ 784.97  │ 400.00   │ net27200                                                        │ _113343_/A0                │ met1  │
│ 1.96  │ 782.44  │ 400.00   │ yz_bram_ctrl_inst.yz_ram.u_mem.u_mem.g_2k[2\].u_cell.rdata[19\] │ wire20300/A                │ met3  │
│ 1.95  │ 779.39  │ 400.00   │ net30987                                                        │ _074669_/C                 │ met3  │
│ 1.95  │ 779.39  │ 400.00   │ net30987                                                        │ _077528_/A2                │ met3  │
│ 1.95  │ 7137.27 │ 3669.20  │ net1502                                                         │ _128306_/D                 │ met3  │
│ 1.94  │ 777.57  │ 400.00   │ net4874                                                         │ _071682_/A2                │ met1  │
│ 1.94  │ 777.08  │ 400.00   │ _000152_                                                        │ _119421_/D                 │ met3  │
│ 1.94  │ 776.84  │ 400.00   │ net11080                                                        │ _075372_/A1                │ met3  │
│ 1.94  │ 775.94  │ 400.00   │ net31893                                                        │ _069807_/B                 │ met2  │
│ 1.94  │ 774.63  │ 400.00   │ net11771                                                        │ _076778_/A1                │ met3  │
│ 1.94  │ 774.06  │ 400.00   │ _024039_                                                        │ _077116_/B1                │ met1  │
│ 1.93  │ 772.45  │ 400.00   │ net25834                                                        │ wire25833/A                │ met3  │
│ 1.93  │ 771.88  │ 400.00   │ net6125                                                         │ _072757_/A2                │ met3  │
│ 1.93  │ 771.18  │ 400.00   │ GPIO_araddr[6\]                                                 │ fanout2483/A               │ met1  │
│ 1.93  │ 770.54  │ 400.00   │ net10007                                                        │ _076034_/B1                │ met3  │
│ 1.93  │ 770.54  │ 400.00   │ net10007                                                        │ _077986_/C                 │ met3  │
│ 1.93  │ 770.39  │ 400.00   │ net31728                                                        │ _071682_/B2                │ met3  │
│ 1.93  │ 770.29  │ 400.00   │ net31017                                                        │ _076165_/B2                │ met3  │
│ 1.93  │ 770.08  │ 400.00   │ net10167                                                        │ _078264_/C                 │ met2  │
│ 1.92  │ 769.69  │ 400.00   │ net31633                                                        │ _072144_/A2                │ met3  │
│ 1.92  │ 769.69  │ 400.00   │ net31633                                                        │ _074140_/B2                │ met3  │
│ 1.92  │ 769.69  │ 400.00   │ net31633                                                        │ _078405_/A2                │ met3  │
│ 1.92  │ 769.48  │ 400.00   │ net25826                                                        │ wire25825/A                │ met3  │
│ 1.92  │ 768.81  │ 400.00   │ net5133                                                         │ _077592_/A2                │ met3  │
│ 1.92  │ 768.74  │ 400.00   │ net31204                                                        │ _074373_/B1                │ met3  │
│ 1.92  │ 768.39  │ 400.00   │ net8288                                                         │ _118806_/A0                │ met1  │
│ 1.92  │ 768.24  │ 400.00   │ net5286                                                         │ wire5285/A                 │ met1  │
│ 1.92  │ 767.93  │ 400.00   │ _048280_                                                        │ _106356_/A1_N              │ met1  │
│ 1.92  │ 766.45  │ 400.00   │ net31775                                                        │ _076439_/A1                │ met3  │
│ 1.92  │ 766.45  │ 400.00   │ net31775                                                        │ _078700_/B1                │ met3  │
│ 1.92  │ 7026.67 │ 3669.20  │ net32090                                                        │ _113745_/A0                │ met3  │
│ 1.91  │ 765.14  │ 400.00   │ net6525                                                         │ _073973_/C                 │ met1  │
│ 1.91  │ 5310.60 │ 2780.80  │ _020714_                                                        │ _072045_/A                 │ met4  │
│ 1.91  │ 7006.60 │ 3669.20  │ net32088                                                        │ _113753_/A0                │ met3  │
│ 1.91  │ 762.12  │ 400.00   │ net30965                                                        │ _072735_/B2                │ met3  │
│ 1.91  │ 762.12  │ 400.00   │ net30965                                                        │ _073128_/B1                │ met3  │
│ 1.91  │ 762.12  │ 400.00   │ net30965                                                        │ _076770_/A2                │ met3  │
│ 1.90  │ 759.76  │ 400.00   │ net31747                                                        │ _072533_/B2                │ met3  │
│ 1.90  │ 6965.71 │ 3669.20  │ net32087                                                        │ _113755_/A0                │ met3  │
│ 1.90  │ 6962.67 │ 3669.20  │ net7914                                                         │ _073715_/A                 │ met3  │
│ 1.90  │ 758.56  │ 400.00   │ _000068_                                                        │ _128296_/D                 │ met1  │
│ 1.90  │ 758.34  │ 400.00   │ net30913                                                        │ _071034_/B                 │ met3  │
│ 1.90  │ 6954.03 │ 3669.20  │ net32089                                                        │ _113747_/A0                │ met3  │
│ 1.90  │ 758.08  │ 400.00   │ _023320_                                                        │ _075292_/D                 │ met1  │
│ 1.89  │ 6943.43 │ 3669.20  │ net32472                                                        │ wire30147/A                │ met4  │
│ 1.89  │ 756.85  │ 400.00   │ _019698_                                                        │ _077039_/A2                │ met3  │
│ 1.89  │ 754.93  │ 400.00   │ net31423                                                        │ _075140_/A1                │ met3  │
│ 1.89  │ 754.93  │ 400.00   │ net31423                                                        │ _076995_/A1                │ met3  │
│ 1.89  │ 754.93  │ 400.00   │ net31423                                                        │ _078386_/A2                │ met3  │
│ 1.89  │ 754.67  │ 400.00   │ instr_bram_ctrl_inst.instr_ram.u_mem.g_2k[3\].u_cell.rdata[25\] │ wire21361/A                │ met3  │
│ 1.88  │ 752.64  │ 400.00   │ _027104_                                                        │ _078461_/C                 │ met2  │
│ 1.88  │ 752.45  │ 400.00   │ net7694                                                         │ _077425_/A1                │ met3  │
│ 1.88  │ 751.08  │ 400.00   │ net6991                                                         │ _071382_/B                 │ met1  │
│ 1.88  │ 750.54  │ 400.00   │ _024599_                                                        │ _075978_/B                 │ met3  │
│ 1.88  │ 750.04  │ 400.00   │ yz_bram_ctrl_inst.yz_ram.u_mem.u_mem.g_2k[0\].u_cell.rdata[9\]  │ wire20563/A                │ met3  │
│ 1.87  │ 749.57  │ 400.00   │ net32243                                                        │ wire28694/A                │ met1  │
│ 1.87  │ 747.88  │ 400.00   │ _027690_                                                        │ _079050_/A1                │ met3  │
│ 1.87  │ 747.88  │ 400.00   │ _027690_                                                        │ _079164_/A2                │ met3  │
│ 1.87  │ 747.54  │ 400.00   │ net30957                                                        │ _072000_/B2                │ met2  │
│ 1.87  │ 746.60  │ 400.00   │ net31358                                                        │ _078056_/A1                │ met3  │
│ 1.87  │ 746.51  │ 400.00   │ net10112                                                        │ _076408_/A3                │ met3  │
│ 1.86  │ 745.41  │ 400.00   │ yz_bram_ctrl_inst.yz_ram.u_mem.u_mem.g_2k[1\].u_cell.rdata[7\]  │ wire20319/A                │ met3  │
│ 1.86  │ 744.98  │ 400.00   │ net31849                                                        │ _075544_/A2                │ met3  │
│ 1.86  │ 744.98  │ 400.00   │ net31849                                                        │ _076072_/A2                │ met3  │
│ 1.86  │ 744.98  │ 400.00   │ net31849                                                        │ _078189_/B1                │ met3  │
│ 1.86  │ 744.95  │ 400.00   │ _023656_                                                        │ _075008_/A2                │ met3  │
│ 1.86  │ 744.95  │ 400.00   │ net30966                                                        │ _074607_/B1                │ met3  │
│ 1.86  │ 742.99  │ 400.00   │ net20479                                                        │ wire20478/A                │ met3  │
│ 1.85  │ 741.22  │ 400.00   │ net8017                                                         │ _075263_/A1                │ met2  │
│ 1.85  │ 741.13  │ 400.00   │ net31120                                                        │ wire31119/A                │ met3  │
│ 1.85  │ 739.64  │ 400.00   │ net28900                                                        │ _078349_/A                 │ met1  │
│ 1.85  │ 739.53  │ 400.00   │ _018413_                                                        │ _077465_/A                 │ met1  │
│ 1.85  │ 739.16  │ 400.00   │ net2406                                                         │ _072475_/A3                │ met2  │
│ 1.85  │ 739.07  │ 400.00   │ net6819                                                         │ _076083_/A2                │ met3  │
│ 1.84  │ 6767.05 │ 3669.20  │ net31222                                                        │ _072380_/A                 │ met3  │
│ 1.84  │ 737.58  │ 400.00   │ net4475                                                         │ _075561_/A2                │ met3  │
│ 1.84  │ 737.45  │ 400.00   │ net31534                                                        │ _070080_/B                 │ met3  │
│ 1.84  │ 734.77  │ 400.00   │ net31287                                                        │ _074310_/A2                │ met2  │
│ 1.84  │ 734.64  │ 400.00   │ data_bram_ctrl_inst.data_ram.u_mem.g_2k[1\].u_cell.rdata[14\]   │ _113670_/A1                │ met4  │
│ 1.83  │ 732.63  │ 400.00   │ data_bram_ctrl_inst.data_ram.u_mem.g_2k[1\].u_cell.rdata[23\]   │ _113688_/A1                │ met4  │
│ 1.83  │ 732.36  │ 400.00   │ net6079                                                         │ _074414_/A2                │ met1  │
│ 1.83  │ 732.23  │ 400.00   │ data_bram_ctrl_inst.data_ram.u_mem.g_2k[1\].u_cell.rdata[29\]   │ _113700_/A1                │ met4  │
│ 1.83  │ 731.97  │ 400.00   │ _026298_                                                        │ _077654_/B                 │ met1  │
│ 1.83  │ 731.82  │ 400.00   │ data_bram_ctrl_inst.data_ram.u_mem.g_2k[1\].u_cell.rdata[15\]   │ _113672_/A1                │ met4  │
│ 1.83  │ 731.62  │ 400.00   │ net6503                                                         │ _076025_/A2                │ met3  │
│ 1.83  │ 731.62  │ 400.00   │ net6503                                                         │ _078046_/B2                │ met3  │
│ 1.83  │ 730.87  │ 400.00   │ clknet_4_6_0_clk_i_regs                                         │ clkbuf_5_13_0_clk_i_regs/A │ met3  │
│ 1.83  │ 730.35  │ 400.00   │ net32075                                                        │ _077765_/B                 │ met3  │
│ 1.83  │ 730.19  │ 400.00   │ _053475_                                                        │ _110773_/A1                │ met2  │
│ 1.82  │ 728.60  │ 400.00   │ _020486_                                                        │ _075111_/B1                │ met3  │
│ 1.82  │ 728.55  │ 400.00   │ _019470_                                                        │ _070799_/B2                │ met3  │
│ 1.82  │ 728.55  │ 400.00   │ _019470_                                                        │ _074698_/A1                │ met3  │
│ 1.82  │ 728.29  │ 400.00   │ net31103                                                        │ _074875_/B1                │ met3  │
│ 1.82  │ 728.29  │ 400.00   │ net31103                                                        │ _077249_/B1                │ met3  │
│ 1.82  │ 728.29  │ 400.00   │ net31103                                                        │ _078333_/B1                │ met3  │
│ 1.82  │ 726.89  │ 400.00   │ yz_bram_ctrl_inst.yz_ram.u_mem.u_mem.g_2k[0\].u_cell.rdata[31\] │ wire20662/A                │ met3  │
│ 1.82  │ 726.89  │ 400.00   │ yz_bram_ctrl_inst.yz_ram.u_mem.u_mem.g_2k[1\].u_cell.rdata[17\] │ wire20487/A                │ met3  │
│ 1.82  │ 726.89  │ 400.00   │ yz_bram_ctrl_inst.yz_ram.u_mem.u_mem.g_2k[1\].u_cell.rdata[19\] │ wire20471/A                │ met3  │
│ 1.82  │ 726.44  │ 400.00   │ net882                                                          │ _079207_/B                 │ met1  │
│ 1.82  │ 726.38  │ 400.00   │ _019614_                                                        │ _074470_/A1                │ met3  │
│ 1.82  │ 726.38  │ 400.00   │ _019614_                                                        │ _078125_/B1                │ met3  │
│ 1.82  │ 726.19  │ 400.00   │ net7335                                                         │ _073579_/A2                │ met3  │
│ 1.82  │ 726.19  │ 400.00   │ net7335                                                         │ _074242_/B2                │ met3  │
│ 1.82  │ 726.08  │ 400.00   │ net28874                                                        │ _074191_/A                 │ met1  │
│ 1.81  │ 725.24  │ 400.00   │ net7139                                                         │ _073833_/A1                │ met3  │
│ 1.81  │ 725.24  │ 400.00   │ net7139                                                         │ _075416_/A1                │ met3  │
│ 1.81  │ 725.24  │ 400.00   │ net7139                                                         │ _078106_/A1                │ met3  │
│ 1.81  │ 722.26  │ 400.00   │ yz_bram_ctrl_inst.yz_ram.u_mem.u_mem.g_1k.u_cell.rdata[16\]     │ wire21120/A                │ met3  │
│ 1.80  │ 721.39  │ 400.00   │ net12401                                                        │ _077486_/B1                │ met3  │
│ 1.80  │ 721.36  │ 400.00   │ yz_bram_ctrl_inst.yz_ram.u_mem.u_mem.g_2k[0\].u_cell.rdata[20\] │ wire20854/A                │ met3  │
│ 1.80  │ 721.23  │ 400.00   │ net30747                                                        │ _077527_/B1                │ met3  │
│ 1.80  │ 720.48  │ 400.00   │ net3973                                                         │ _067618_/A1                │ met2  │
│ 1.80  │ 719.74  │ 400.00   │ _019622_                                                        │ _071567_/A2                │ met3  │
│ 1.80  │ 719.71  │ 400.00   │ _019158_                                                        │ _077893_/A3                │ met3  │
│ 1.80  │ 6594.67 │ 3669.20  │ net1635                                                         │ _128310_/D                 │ met3  │
│ 1.80  │ 6594.52 │ 3669.20  │ net30145                                                        │ wire30144/A                │ met4  │
│ 1.80  │ 718.85  │ 400.00   │ _020902_                                                        │ _072234_/B1                │ met3  │
│ 1.80  │ 718.85  │ 400.00   │ _020902_                                                        │ _078649_/B1                │ met3  │
│ 1.80  │ 718.61  │ 400.00   │ net11330                                                        │ _077461_/A                 │ met1  │
│ 1.80  │ 718.43  │ 400.00   │ _022575_                                                        │ _073913_/B1                │ met2  │
│ 1.80  │ 718.36  │ 400.00   │ net29594                                                        │ fanout29492/A              │ met2  │
│ 1.79  │ 6583.45 │ 3669.20  │ net30130                                                        │ wire30129/A                │ met4  │
│ 1.79  │ 6583.45 │ 3669.20  │ net30139                                                        │ wire30138/A                │ met4  │
│ 1.79  │ 6583.45 │ 3669.20  │ net30142                                                        │ wire30141/A                │ met4  │
│ 1.79  │ 716.72  │ 400.00   │ net10471                                                        │ _075878_/B1                │ met3  │
│ 1.79  │ 716.72  │ 400.00   │ net10471                                                        │ _078389_/B1                │ met3  │
│ 1.79  │ 715.17  │ 400.00   │ net30838                                                        │ _075536_/A                 │ met3  │
│ 1.79  │ 715.09  │ 400.00   │ net7059                                                         │ _070891_/A2                │ met3  │
│ 1.78  │ 713.67  │ 400.00   │ net12338                                                        │ _075398_/A2                │ met1  │
│ 1.78  │ 713.64  │ 400.00   │ cpu_inst.CORE.core_i.alu_operand_a_ex[30\]                      │ hold48186/A                │ met1  │
│ 1.78  │ 712.39  │ 400.00   │ net31366                                                        │ _072525_/A2                │ met3  │
│ 1.78  │ 712.39  │ 400.00   │ net31366                                                        │ _073295_/A2                │ met3  │
│ 1.78  │ 712.24  │ 400.00   │ net7038                                                         │ _075042_/B1                │ met3  │
│ 1.78  │ 712.24  │ 400.00   │ net10157                                                        │ _076404_/A3                │ met3  │
│ 1.78  │ 712.21  │ 400.00   │ net4830                                                         │ _074498_/B2                │ met3  │
│ 1.78  │ 712.21  │ 400.00   │ net4830                                                         │ _077228_/A1                │ met3  │
│ 1.78  │ 711.78  │ 400.00   │ net32472                                                        │ wire30147/A                │ met3  │
│ 1.78  │ 711.19  │ 400.00   │ net31276                                                        │ _070792_/A                 │ met3  │
│ 1.78  │ 711.19  │ 400.00   │ net31276                                                        │ _078701_/C                 │ met3  │
│ 1.78  │ 710.22  │ 400.00   │ net7826                                                         │ _078219_/A1                │ met1  │
│ 1.77  │ 709.55  │ 400.00   │ _021484_                                                        │ _073100_/A3                │ met1  │
│ 1.77  │ 708.38  │ 400.00   │ instr_bram_ctrl_inst.instr_ram.u_mem.g_2k[3\].u_cell.rdata[24\] │ wire21376/A                │ met3  │
│ 1.77  │ 706.56  │ 400.00   │ net2580                                                         │ _077109_/B1_N              │ met1  │
│ 1.76  │ 705.10  │ 400.00   │ net31644                                                        │ _075083_/A1                │ met3  │
│ 1.76  │ 703.85  │ 400.00   │ net11038                                                        │ _071021_/A                 │ met1  │
│ 1.76  │ 703.75  │ 400.00   │ instr_bram_ctrl_inst.instr_ram.u_mem.g_2k[3\].u_cell.rdata[7\]  │ wire21182/A                │ met3  │
│ 1.76  │ 703.39  │ 400.00   │ net31530                                                        │ _077633_/A1                │ met3  │
│ 1.76  │ 702.20  │ 400.00   │ net25858                                                        │ wire25857/A                │ met3  │
│ 1.75  │ 701.16  │ 400.00   │ net4333                                                         │ _072813_/B1                │ met3  │
│ 1.75  │ 701.16  │ 400.00   │ net4333                                                         │ _076547_/A2                │ met3  │
│ 1.75  │ 700.40  │ 400.00   │ net31218                                                        │ _076321_/A1                │ met3  │
│ 1.75  │ 700.35  │ 400.00   │ net12373                                                        │ _072287_/B2                │ met3  │
│ 1.75  │ 700.27  │ 400.00   │ _025784_                                                        │ _077135_/A2                │ met2  │
│ 1.75  │ 700.24  │ 400.00   │ net2972                                                         │ _074201_/A1                │ met3  │
│ 1.75  │ 700.24  │ 400.00   │ net2972                                                         │ _075951_/B1                │ met3  │
│ 1.75  │ 700.24  │ 400.00   │ net2972                                                         │ _077889_/A3                │ met3  │
│ 1.75  │ 699.72  │ 400.00   │ net10597                                                        │ _074988_/B                 │ met2  │
│ 1.75  │ 699.16  │ 400.00   │ net19829                                                        │ _095943_/A1                │ met3  │
│ 1.75  │ 699.16  │ 400.00   │ net19829                                                        │ _095990_/A1                │ met3  │
│ 1.75  │ 699.16  │ 400.00   │ net19829                                                        │ _096012_/A                 │ met3  │
│ 1.75  │ 699.12  │ 400.00   │ instr_bram_ctrl_inst.instr_ram.u_mem.g_2k[3\].u_cell.rdata[8\]  │ wire21167/A                │ met3  │
│ 1.75  │ 698.93  │ 400.00   │ net4624                                                         │ _072261_/B1                │ met3  │
│ 1.75  │ 698.58  │ 400.00   │ net26345                                                        │ _081212_/A0                │ met1  │
│ 1.75  │ 698.22  │ 400.00   │ net32162                                                        │ fanout13776/A              │ met3  │
│ 1.74  │ 6397.84 │ 3669.20  │ net2572                                                         │ _077697_/B1_N              │ met3  │
│ 1.74  │ 696.94  │ 400.00   │ net11524                                                        │ _077780_/B                 │ met1  │
│ 1.74  │ 696.75  │ 400.00   │ net24279                                                        │ _085395_/A                 │ met1  │
│ 1.74  │ 695.91  │ 400.00   │ net32046                                                        │ _072445_/A2                │ met2  │
│ 1.74  │ 695.53  │ 400.00   │ net4477                                                         │ _071869_/C                 │ met1  │
│ 1.74  │ 695.53  │ 400.00   │ net27975                                                        │ _101832_/A1                │ met1  │
│ 1.74  │ 694.56  │ 400.00   │ _000070_                                                        │ _128298_/D                 │ met1  │
│ 1.74  │ 694.40  │ 400.00   │ net7808                                                         │ _076927_/B1                │ met3  │
│ 1.73  │ 693.99  │ 400.00   │ net32608                                                        │ wire29849/A                │ met3  │
│ 1.73  │ 693.38  │ 400.00   │ net31803                                                        │ _077412_/A1                │ met1  │
│ 1.73  │ 692.91  │ 400.00   │ _019522_                                                        │ _076418_/B1                │ met3  │
│ 1.73  │ 692.91  │ 400.00   │ _019522_                                                        │ _077408_/B1                │ met3  │
│ 1.73  │ 692.91  │ 400.00   │ _019522_                                                        │ _077583_/A2                │ met3  │
│ 1.73  │ 692.91  │ 400.00   │ net30802                                                        │ _072550_/A2                │ met3  │
│ 1.73  │ 5716.44 │ 3312.80  │ net24033                                                        │ _091092_/A1                │ met4  │
│ 1.72  │ 689.33  │ 400.00   │ net11027                                                        │ _071552_/C                 │ met1  │
│ 1.72  │ 688.45  │ 400.00   │ net3479                                                         │ _077298_/A2                │ met1  │
│ 1.72  │ 687.77  │ 400.00   │ net12647                                                        │ _074608_/A2                │ met1  │
│ 1.72  │ 687.70  │ 400.00   │ _021540_                                                        │ wire4297/A                 │ met3  │
│ 1.72  │ 687.25  │ 400.00   │ conv_accelerator_inst.f_prod[46\]                               │ _067041_/B                 │ met1  │
│ 1.72  │ 686.57  │ 400.00   │ net10705                                                        │ wire31225/A                │ met3  │
│ 1.71  │ 684.17  │ 400.00   │ net30862                                                        │ _073048_/A                 │ met2  │
│ 1.71  │ 684.06  │ 400.00   │ net30801                                                        │ _076013_/B2                │ met3  │
│ 1.71  │ 682.59  │ 400.00   │ _024879_                                                        │ _076229_/B2                │ met1  │
│ 1.71  │ 682.50  │ 400.00   │ net30541                                                        │ wire30540/A                │ met3  │
│ 1.70  │ 681.68  │ 400.00   │ net11868                                                        │ _076059_/A1                │ met3  │
│ 1.70  │ 681.02  │ 400.00   │ net7168                                                         │ _073849_/B1                │ met1  │
│ 1.70  │ 680.42  │ 400.00   │ net27962                                                        │ _059883_/A                 │ met1  │
│ 1.70  │ 679.97  │ 400.00   │ net47440                                                        │ _114348_/A1                │ met1  │
│ 1.70  │ 679.75  │ 400.00   │ net31994                                                        │ _077565_/C                 │ met2  │
│ 1.70  │ 679.52  │ 400.00   │ net6265                                                         │ wire31613/A                │ met3  │
│ 1.70  │ 679.46  │ 400.00   │ net12234                                                        │ fanout12229/A              │ met1  │
│ 1.70  │ 678.19  │ 400.00   │ net1641                                                         │ _128292_/D                 │ met2  │
│ 1.69  │ 677.92  │ 400.00   │ net30700                                                        │ _073375_/B1                │ met3  │
│ 1.69  │ 677.92  │ 400.00   │ net30700                                                        │ _078715_/B1                │ met3  │
│ 1.69  │ 677.05  │ 400.00   │ net31285                                                        │ _073488_/A2                │ met3  │
│ 1.69  │ 677.05  │ 400.00   │ net31285                                                        │ _075043_/A2                │ met3  │
│ 1.69  │ 676.63  │ 400.00   │ net30863                                                        │ _074207_/A2                │ met3  │
│ 1.69  │ 676.63  │ 400.00   │ net30863                                                        │ _074744_/B2                │ met3  │
│ 1.69  │ 676.63  │ 400.00   │ net30863                                                        │ _075689_/B1                │ met3  │
│ 1.69  │ 676.49  │ 400.00   │ net7907                                                         │ _077769_/B2                │ met3  │
│ 1.69  │ 675.97  │ 400.00   │ yz_bram_ctrl_inst.yz_ram.u_mem.u_mem.g_2k[1\].u_cell.rdata[25\] │ wire20412/A                │ met3  │
│ 1.69  │ 675.86  │ 400.00   │ net30913                                                        │ _070990_/B                 │ met2  │
│ 1.69  │ 675.75  │ 400.00   │ _024291_                                                        │ _075637_/B                 │ met1  │
│ 1.69  │ 4689.02 │ 2778.20  │ _024545_                                                        │ _075891_/C                 │ met4  │
│ 1.69  │ 675.07  │ 400.00   │ net4603                                                         │ _071705_/B1                │ met3  │
│ 1.69  │ 674.84  │ 400.00   │ _055174_                                                        │ _113663_/A1                │ met1  │
│ 1.68  │ 673.85  │ 400.00   │ net3629                                                         │ _071831_/A2                │ met1  │
│ 1.68  │ 673.61  │ 400.00   │ net6859                                                         │ _072655_/B2                │ met2  │
│ 1.68  │ 673.61  │ 400.00   │ net6859                                                         │ _078364_/B1                │ met2  │
│ 1.68  │ 672.86  │ 400.00   │ net31440                                                        │ _073344_/A2                │ met3  │
│ 1.68  │ 672.86  │ 400.00   │ net31440                                                        │ _073434_/A2                │ met3  │
│ 1.68  │ 672.53  │ 400.00   │ net27146                                                        │ hold48677/A                │ met1  │
│ 1.68  │ 672.17  │ 400.00   │ net10858                                                        │ _076108_/C                 │ met1  │
│ 1.68  │ 671.31  │ 400.00   │ _050157_                                                        │ _110712_/A1                │ met2  │
│ 1.68  │ 670.86  │ 400.00   │ net30859                                                        │ _072512_/A1                │ met3  │
│ 1.68  │ 670.86  │ 400.00   │ net30859                                                        │ _075080_/A2_N              │ met3  │
│ 1.68  │ 670.83  │ 400.00   │ net26724                                                        │ _067627_/A0                │ met2  │
│ 1.68  │ 670.71  │ 400.00   │ net31548                                                        │ _075229_/A2                │ met3  │
│ 1.68  │ 670.67  │ 400.00   │ net6186                                                         │ _072710_/B1                │ met3  │
│ 1.68  │ 670.64  │ 400.00   │ _017399_                                                        │ _068575_/C                 │ met1  │
│ 1.68  │ 670.50  │ 400.00   │ _019917_                                                        │ _077754_/A3                │ met2  │
│ 1.68  │ 5552.38 │ 3312.80  │ net16173                                                        │ _114243_/A1                │ met4  │
│ 1.67  │ 669.97  │ 400.00   │ _020877_                                                        │ _078476_/B                 │ met2  │
│ 1.67  │ 669.19  │ 400.00   │ net4243                                                         │ _078477_/B2                │ met3  │
│ 1.67  │ 669.06  │ 400.00   │ net26730                                                        │ _067606_/A0                │ met2  │
│ 1.67  │ 668.82  │ 400.00   │ net30892                                                        │ _074925_/A1                │ met2  │
│ 1.67  │ 668.69  │ 400.00   │ net49250                                                        │ _108333_/B                 │ met1  │
│ 1.67  │ 5535.11 │ 3312.80  │ net16171                                                        │ _114249_/A1                │ met4  │
│ 1.67  │ 667.70  │ 400.00   │ net31857                                                        │ _073057_/A1                │ met3  │
│ 1.67  │ 667.13  │ 400.00   │ net2069                                                         │ _062161_/A1                │ met1  │
│ 1.67  │ 666.21  │ 400.00   │ _021032_                                                        │ _072364_/A2_N              │ met1  │
│ 1.67  │ 666.19  │ 400.00   │ net28014                                                        │ _060095_/B                 │ met1  │
│ 1.67  │ 666.14  │ 400.00   │ net1814                                                         │ wire1808/A                 │ met3  │
│ 1.66  │ 665.99  │ 400.00   │ net8301                                                         │ _067625_/A1                │ met2  │
│ 1.66  │ 665.73  │ 400.00   │ net3577                                                         │ _072880_/B2                │ met2  │
│ 1.66  │ 665.64  │ 400.00   │ net6929                                                         │ _074091_/B                 │ met2  │
│ 1.66  │ 665.32  │ 400.00   │ net3669                                                         │ _074895_/B                 │ met2  │
│ 1.66  │ 665.32  │ 400.00   │ net3669                                                         │ _076993_/A1                │ met2  │
│ 1.66  │ 664.73  │ 400.00   │ net6091                                                         │ _077456_/C1                │ met3  │
│ 1.66  │ 664.24  │ 400.00   │ net31603                                                        │ _077684_/A2                │ met2  │
│ 1.66  │ 6092.06 │ 3669.20  │ net30468                                                        │ _078416_/D                 │ met3  │
│ 1.66  │ 664.12  │ 400.00   │ _020816_                                                        │ _074420_/B1                │ met2  │
│ 1.66  │ 663.37  │ 400.00   │ net13940                                                        │ _077866_/C                 │ met3  │
│ 1.66  │ 663.31  │ 400.00   │ net30842                                                        │ _071954_/B1                │ met3  │
│ 1.66  │ 663.31  │ 400.00   │ net30842                                                        │ _077650_/B1                │ met3  │
│ 1.66  │ 663.27  │ 400.00   │ net32027                                                        │ _078980_/A3                │ met2  │
│ 1.66  │ 663.17  │ 400.00   │ net3085                                                         │ wire3084/A                 │ met3  │
│ 1.66  │ 662.42  │ 400.00   │ net3552                                                         │ wire30971/A                │ met3  │
│ 1.65  │ 661.85  │ 400.00   │ net30738                                                        │ _076930_/A2                │ met3  │
│ 1.65  │ 661.69  │ 400.00   │ net32077                                                        │ _074671_/B2                │ met3  │
│ 1.65  │ 661.20  │ 400.00   │ net6264                                                         │ _073974_/B1                │ met3  │
│ 1.65  │ 661.20  │ 400.00   │ net6264                                                         │ _073982_/B1                │ met3  │
│ 1.65  │ 661.20  │ 400.00   │ net6264                                                         │ _075861_/B1                │ met3  │
│ 1.65  │ 660.51  │ 400.00   │ net6261                                                         │ _075316_/B                 │ met3  │
│ 1.65  │ 659.11  │ 400.00   │ net6020                                                         │ _074281_/D                 │ met1  │
│ 1.65  │ 659.10  │ 400.00   │ net16452                                                        │ _078457_/B1                │ met1  │
│ 1.65  │ 658.81  │ 400.00   │ net30849                                                        │ _072063_/B1                │ met2  │
│ 1.65  │ 658.81  │ 400.00   │ net30849                                                        │ _072069_/A2                │ met2  │
│ 1.65  │ 658.81  │ 400.00   │ net31281                                                        │ _078480_/A1                │ met2  │
│ 1.65  │ 658.72  │ 400.00   │ net3593                                                         │ _078052_/A3                │ met3  │
│ 1.65  │ 658.71  │ 400.00   │ net6922                                                         │ _070995_/B                 │ met3  │
│ 1.65  │ 658.71  │ 400.00   │ net6922                                                         │ _072803_/B                 │ met3  │
│ 1.65  │ 658.71  │ 400.00   │ net6922                                                         │ _078154_/C                 │ met3  │
│ 1.65  │ 658.15  │ 400.00   │ net31611                                                        │ _073629_/A2                │ met3  │
│ 1.65  │ 658.15  │ 400.00   │ net31611                                                        │ _075635_/A1                │ met3  │
│ 1.64  │ 657.46  │ 400.00   │ instr_bram_ctrl_inst.instr_ram.u_mem.g_2k[3\].u_cell.rdata[30\] │ wire21272/A                │ met3  │
│ 1.64  │ 654.90  │ 400.00   │ net31306                                                        │ _078649_/A1                │ met2  │
│ 1.64  │ 654.64  │ 400.00   │ _023582_                                                        │ _074937_/A                 │ met1  │
│ 1.64  │ 654.32  │ 400.00   │ net30602                                                        │ _076979_/A1                │ met3  │
│ 1.64  │ 654.29  │ 400.00   │ net7003                                                         │ _077669_/A2                │ met3  │
│ 1.64  │ 654.29  │ 400.00   │ net7003                                                         │ _077675_/B2                │ met3  │
│ 1.64  │ 654.25  │ 400.00   │ net31789                                                        │ wire31788/A                │ met3  │
│ 1.63  │ 652.90  │ 400.00   │ net30700                                                        │ _073288_/B1                │ met3  │
│ 1.63  │ 652.83  │ 400.00   │ net9964                                                         │ _076219_/B1                │ met3  │
│ 1.63  │ 651.80  │ 400.00   │ net10826                                                        │ _070459_/C                 │ met3  │
│ 1.63  │ 651.80  │ 400.00   │ net10826                                                        │ _070760_/B                 │ met3  │
│ 1.63  │ 651.80  │ 400.00   │ net10826                                                        │ _077292_/A3                │ met3  │
│ 1.63  │ 651.76  │ 400.00   │ net7706                                                         │ _076629_/B1_N              │ met3  │
│ 1.63  │ 651.76  │ 400.00   │ net7706                                                         │ _077754_/B2                │ met3  │
│ 1.63  │ 651.76  │ 400.00   │ net7706                                                         │ _079105_/A2                │ met3  │
│ 1.63  │ 651.35  │ 400.00   │ net13666                                                        │ _074311_/A2                │ met3  │
│ 1.63  │ 651.35  │ 400.00   │ net31628                                                        │ _078259_/A1                │ met3  │
│ 1.63  │ 651.28  │ 400.00   │ net6311                                                         │ _072454_/A2                │ met3  │
│ 1.63  │ 651.28  │ 400.00   │ net10472                                                        │ _077887_/B2                │ met3  │
│ 1.63  │ 650.06  │ 400.00   │ _017958_                                                        │ hold49219/A                │ met1  │
│ 1.62  │ 649.05  │ 400.00   │ net30817                                                        │ _070612_/A2                │ met3  │
│ 1.62  │ 649.05  │ 400.00   │ net30817                                                        │ _071786_/B                 │ met3  │
│ 1.62  │ 649.05  │ 400.00   │ net30817                                                        │ _074126_/A1                │ met3  │
│ 1.62  │ 649.05  │ 400.00   │ net30817                                                        │ _074602_/A1                │ met3  │
│ 1.62  │ 649.05  │ 400.00   │ net30817                                                        │ _078156_/B                 │ met3  │
│ 1.62  │ 649.03  │ 400.00   │ net4495                                                         │ _076326_/A1                │ met3  │
│ 1.62  │ 648.57  │ 400.00   │ net4303                                                         │ _076643_/C_N               │ met3  │
│ 1.62  │ 648.50  │ 400.00   │ net31290                                                        │ _074472_/B1                │ met3  │
│ 1.62  │ 648.36  │ 400.00   │ net31734                                                        │ _072766_/A2                │ met3  │
│ 1.62  │ 648.36  │ 400.00   │ net31734                                                        │ _073533_/B2                │ met3  │
│ 1.62  │ 648.31  │ 400.00   │ net30465                                                        │ _072888_/B1                │ met3  │
│ 1.62  │ 4506.03 │ 2780.80  │ _022185_                                                        │ _073525_/A                 │ met3  │
│ 1.62  │ 648.00  │ 400.00   │ _019586_                                                        │ _078212_/A2                │ met2  │
│ 1.62  │ 647.86  │ 400.00   │ net30894                                                        │ _078981_/A2                │ met2  │
│ 1.62  │ 646.75  │ 400.00   │ net30451                                                        │ _128285_/D                 │ met2  │
│ 1.62  │ 646.23  │ 400.00   │ net10403                                                        │ _074564_/B1                │ met2  │
│ 1.61  │ 645.83  │ 400.00   │ net7799                                                         │ _073068_/B2                │ met3  │
│ 1.61  │ 645.83  │ 400.00   │ net7799                                                         │ _074736_/A1                │ met3  │
│ 1.61  │ 645.83  │ 400.00   │ net7799                                                         │ _078519_/A2                │ met3  │
│ 1.61  │ 645.82  │ 400.00   │ net31688                                                        │ _069840_/B                 │ met3  │
│ 1.61  │ 645.82  │ 400.00   │ net31688                                                        │ _071813_/A1                │ met3  │
│ 1.61  │ 645.12  │ 400.00   │ net30477                                                        │ _071688_/A2                │ met2  │
│ 1.61  │ 644.98  │ 400.00   │ net1129                                                         │ fanout1108/A               │ met1  │
│ 1.61  │ 644.67  │ 400.00   │ net14788                                                        │ _070452_/A                 │ met3  │
│ 1.61  │ 644.67  │ 400.00   │ net14788                                                        │ _071209_/A1                │ met3  │
│ 1.61  │ 643.08  │ 400.00   │ net31291                                                        │ _072568_/A2                │ met2  │
│ 1.61  │ 642.81  │ 400.00   │ net7720                                                         │ _077378_/B2                │ met3  │
│ 1.61  │ 642.81  │ 400.00   │ net7720                                                         │ _078281_/A1                │ met3  │
│ 1.61  │ 642.42  │ 400.00   │ net13642                                                        │ _076209_/A1                │ met3  │
│ 1.60  │ 641.86  │ 400.00   │ net2341                                                         │ _107373_/A                 │ met1  │
│ 1.60  │ 641.65  │ 400.00   │ net6220                                                         │ _072213_/B2                │ met2  │
│ 1.60  │ 641.65  │ 400.00   │ net6220                                                         │ _076945_/A3                │ met2  │
│ 1.60  │ 641.61  │ 400.00   │ net31958                                                        │ wire31957/A                │ met3  │
│ 1.60  │ 641.11  │ 400.00   │ net31810                                                        │ wire6182/A                 │ met3  │
│ 1.60  │ 640.87  │ 400.00   │ net31204                                                        │ _077495_/A1                │ met3  │
│ 1.60  │ 640.65  │ 400.00   │ _022329_                                                        │ _073666_/A3                │ met2  │
│ 1.60  │ 640.25  │ 400.00   │ net10358                                                        │ _078831_/B2                │ met1  │
│ 1.60  │ 639.57  │ 400.00   │ net2410                                                         │ _071809_/A2                │ met2  │
│ 1.60  │ 639.45  │ 400.00   │ _022594_                                                        │ _073935_/D1                │ met3  │
│ 1.60  │ 639.40  │ 400.00   │ _020074_                                                        │ _075295_/A2                │ met3  │
│ 1.60  │ 639.40  │ 400.00   │ _020074_                                                        │ _077239_/A2                │ met3  │
│ 1.60  │ 639.32  │ 400.00   │ _022003_                                                        │ _073415_/A2                │ met3  │
│ 1.60  │ 5293.46 │ 3312.80  │ net30450                                                        │ _128301_/D                 │ met4  │
│ 1.60  │ 638.34  │ 400.00   │ yz_bram_ctrl_inst.yz_ram.u_mem.u_mem.g_2k[3\].u_cell.rdata[19\] │ wire20198/A                │ met3  │
│ 1.59  │ 637.59  │ 400.00   │ net12355                                                        │ _072370_/B                 │ met2  │
│ 1.59  │ 637.37  │ 400.00   │ _011739_                                                        │ _061994_/B1                │ met2  │
│ 1.59  │ 636.97  │ 400.00   │ _026355_                                                        │ _077709_/B1                │ met1  │
│ 1.59  │ 636.48  │ 400.00   │ cpu_inst.CORE.core_i.alu_operand_a_ex[0\]                       │ _069114_/A                 │ met3  │
│ 1.59  │ 636.48  │ 400.00   │ cpu_inst.CORE.core_i.alu_operand_a_ex[0\]                       │ _069127_/A1                │ met3  │
│ 1.59  │ 636.36  │ 400.00   │ net7191                                                         │ _074045_/A2                │ met3  │
│ 1.59  │ 5837.33 │ 3669.20  │ net4203                                                         │ _076669_/C                 │ met4  │
│ 1.59  │ 635.83  │ 400.00   │ instr_bram_ctrl_inst.instr_ram.u_mem.g_2k[0\].u_cell.waddr[8\]  │ _062322_/A1                │ met1  │
│ 1.59  │ 634.99  │ 400.00   │ net4295                                                         │ _074697_/B1                │ met3  │
│ 1.59  │ 634.19  │ 400.00   │ net27708                                                        │ _108794_/A                 │ met2  │
│ 1.58  │ 633.84  │ 400.00   │ _027418_                                                        │ _078776_/D                 │ met3  │
│ 1.58  │ 633.61  │ 400.00   │ net30274                                                        │ _062690_/A_N               │ met1  │
│ 1.58  │ 633.44  │ 400.00   │ net30702                                                        │ _071881_/B1                │ met3  │
│ 1.58  │ 633.28  │ 400.00   │ net31360                                                        │ _075308_/A                 │ met1  │
│ 1.58  │ 633.13  │ 400.00   │ net14793                                                        │ _073316_/A1                │ met2  │
│ 1.58  │ 632.86  │ 400.00   │ conv_accelerator_inst.prod[80\]                                 │ _065417_/B                 │ met1  │
│ 1.58  │ 4395.30 │ 2778.20  │ _027736_                                                        │ _079095_/D                 │ met4  │
│ 1.58  │ 632.59  │ 400.00   │ net11346                                                        │ _070891_/A1                │ met2  │
│ 1.58  │ 632.59  │ 400.00   │ net11346                                                        │ _077015_/B2                │ met2  │
│ 1.58  │ 632.47  │ 400.00   │ net11327                                                        │ _074900_/A                 │ met2  │
│ 1.58  │ 631.90  │ 400.00   │ yz_bram_ctrl_inst.yz_ram.u_mem.u_mem.g_2k[3\].u_cell.rdata[20\] │ wire20185/A                │ met3  │
│ 1.58  │ 5791.11 │ 3669.20  │ net4187                                                         │ _076215_/D                 │ met3  │
│ 1.58  │ 630.53  │ 400.00   │ net31012                                                        │ _076458_/A1                │ met3  │
│ 1.58  │ 630.24  │ 400.00   │ net3799                                                         │ _072941_/A2                │ met2  │
│ 1.57  │ 629.51  │ 400.00   │ net7223                                                         │ _078768_/A2                │ met2  │
│ 1.57  │ 628.77  │ 400.00   │ net10112                                                        │ _075955_/B1                │ met3  │
│ 1.57  │ 628.77  │ 400.00   │ net10112                                                        │ _077811_/B1                │ met3  │
│ 1.57  │ 5207.11 │ 3312.80  │ net3544                                                         │ _074288_/C                 │ met4  │
│ 1.57  │ 627.84  │ 400.00   │ net12436                                                        │ _076089_/A1_N              │ met2  │
│ 1.57  │ 627.75  │ 400.00   │ _019278_                                                        │ _073504_/A2                │ met2  │
│ 1.57  │ 627.75  │ 400.00   │ _057015_                                                        │ _116060_/A1                │ met1  │
│ 1.57  │ 627.64  │ 400.00   │ net11264                                                        │ _077296_/A2                │ met1  │
│ 1.57  │ 627.60  │ 400.00   │ net30285                                                        │ _113740_/A0                │ met1  │
│ 1.57  │ 627.07  │ 400.00   │ net4246                                                         │ _074722_/B2                │ met1  │
│ 1.57  │ 6061.84 │ 3872.32  │ net4192                                                         │ _078220_/D_N               │ met4  │
│ 1.56  │ 625.03  │ 400.00   │ net6159                                                         │ _077716_/B2                │ met2  │
│ 1.56  │ 624.58  │ 400.00   │ _018532_                                                        │ _076691_/A2                │ met3  │
│ 1.56  │ 624.53  │ 400.00   │ net2797                                                         │ _109370_/B                 │ met3  │
│ 1.56  │ 623.92  │ 400.00   │ net30967                                                        │ _071485_/B                 │ met3  │
│ 1.56  │ 623.92  │ 400.00   │ net30967                                                        │ _072037_/A1                │ met3  │
│ 1.56  │ 623.91  │ 400.00   │ net31093                                                        │ _075638_/B1                │ met2  │
│ 1.56  │ 623.86  │ 400.00   │ _009351_                                                        │ _092195_/A                 │ met1  │
│ 1.56  │ 623.55  │ 400.00   │ net28081                                                        │ _089644_/A2                │ met1  │
│ 1.56  │ 622.24  │ 400.00   │ _021117_                                                        │ _073829_/B2                │ met1  │
│ 1.55  │ 621.88  │ 400.00   │ net31471                                                        │ _073255_/B1                │ met3  │
│ 1.55  │ 621.88  │ 400.00   │ net31471                                                        │ _073942_/B1                │ met3  │
│ 1.55  │ 621.88  │ 400.00   │ net31471                                                        │ _074813_/B                 │ met3  │
│ 1.55  │ 620.79  │ 400.00   │ net2497                                                         │ _062103_/A1                │ met1  │
│ 1.55  │ 620.43  │ 400.00   │ yz_bram_ctrl_inst.yz_ram.u_mem.u_mem.g_2k[1\].u_cell.rdata[0\]  │ wire20548/A                │ met3  │
│ 1.55  │ 4308.95 │ 2778.20  │ _055485_                                                        │ _114295_/A1                │ met4  │
│ 1.55  │ 620.28  │ 400.00   │ net14466                                                        │ _072547_/B                 │ met1  │
│ 1.55  │ 620.12  │ 400.00   │ net3660                                                         │ _071384_/B1                │ met3  │
│ 1.55  │ 619.25  │ 400.00   │ net4485                                                         │ _076935_/B1                │ met2  │
│ 1.55  │ 618.97  │ 400.00   │ _019948_                                                        │ _071281_/C                 │ met2  │
│ 1.55  │ 618.63  │ 400.00   │ net10179                                                        │ _072022_/A2                │ met3  │
│ 1.55  │ 618.62  │ 400.00   │ net4425                                                         │ _074991_/A2                │ met3  │
│ 1.55  │ 618.62  │ 400.00   │ net4425                                                         │ _075840_/B1                │ met3  │
│ 1.55  │ 5673.65 │ 3669.20  │ net30446                                                        │ _128294_/D                 │ met4  │
│ 1.55  │ 618.12  │ 400.00   │ net4679                                                         │ _071258_/A3                │ met3  │
│ 1.55  │ 618.12  │ 400.00   │ net4679                                                         │ _076008_/A1                │ met3  │
│ 1.55  │ 618.12  │ 400.00   │ net4679                                                         │ _076701_/A2                │ met3  │
│ 1.55  │ 618.06  │ 400.00   │ net3100                                                         │ fanout3091/A               │ met3  │
│ 1.55  │ 618.06  │ 400.00   │ net3100                                                         │ fanout3097/A               │ met3  │
│ 1.54  │ 617.78  │ 400.00   │ net47122                                                        │ _065179_/B                 │ met1  │
│ 1.54  │ 615.66  │ 400.00   │ net31333                                                        │ _073267_/A2                │ met3  │
│ 1.54  │ 614.48  │ 400.00   │ net47854                                                        │ _106496_/A1_N              │ met1  │
│ 1.54  │ 5635.72 │ 3669.20  │ net1957                                                         │ _075720_/A3                │ met3  │
│ 1.53  │ 613.64  │ 400.00   │ net16213                                                        │ _106280_/C                 │ met1  │
│ 1.53  │ 613.61  │ 400.00   │ _019423_                                                        │ _070757_/A2                │ met2  │
│ 1.53  │ 612.19  │ 400.00   │ _056968_                                                        │ _115997_/A1                │ met2  │
│ 1.53  │ 611.86  │ 400.00   │ net4424                                                         │ _077371_/B                 │ met1  │
│ 1.53  │ 611.84  │ 400.00   │ net3260                                                         │ _067615_/A1                │ met2  │
│ 1.53  │ 611.69  │ 400.00   │ net4492                                                         │ _074356_/B2                │ met2  │
│ 1.53  │ 5610.16 │ 3669.20  │ net3587                                                         │ _072528_/B1_N              │ met3  │
│ 1.53  │ 611.57  │ 400.00   │ net12336                                                        │ wire12335/A                │ met3  │
│ 1.53  │ 611.20  │ 400.00   │ net6906                                                         │ _072811_/A2                │ met3  │
│ 1.53  │ 611.17  │ 400.00   │ instr_bram_ctrl_inst.instr_ram.u_mem.g_2k[1\].u_cell.rdata[1\]  │ wire21853/A                │ met3  │
│ 1.53  │ 611.17  │ 400.00   │ yz_bram_ctrl_inst.yz_ram.u_mem.u_mem.g_2k[0\].u_cell.rdata[17\] │ wire20919/A                │ met3  │
│ 1.53  │ 5060.32 │ 3312.80  │ net10652                                                        │ _077107_/A                 │ met4  │
│ 1.53  │ 5060.19 │ 3312.80  │ net30826                                                        │ _072980_/A_N               │ met4  │
│ 1.53  │ 610.66  │ 400.00   │ net7535                                                         │ wire7534/A                 │ met3  │
│ 1.52  │ 609.81  │ 400.00   │ net12420                                                        │ _078656_/A2                │ met1  │
│ 1.52  │ 608.90  │ 400.00   │ net13617                                                        │ wire31741/A                │ met3  │
│ 1.52  │ 608.66  │ 400.00   │ net10308                                                        │ wire10307/A                │ met3  │
│ 1.52  │ 608.36  │ 400.00   │ net30910                                                        │ _079099_/A1                │ met3  │
│ 1.52  │ 608.19  │ 400.00   │ net30917                                                        │ _073797_/A2                │ met3  │
│ 1.52  │ 4222.60 │ 2778.20  │ _025120_                                                        │ _076468_/D_N               │ met4  │
│ 1.52  │ 607.36  │ 400.00   │ net31385                                                        │ wire11155/A                │ met3  │
│ 1.52  │ 607.17  │ 400.00   │ net6034                                                         │ _073858_/B1                │ met3  │
│ 1.52  │ 607.17  │ 400.00   │ net6034                                                         │ _076483_/B1                │ met3  │
│ 1.52  │ 607.13  │ 400.00   │ net30670                                                        │ _072842_/B1                │ met3  │
│ 1.52  │ 607.13  │ 400.00   │ net30670                                                        │ _073258_/A2                │ met3  │
│ 1.52  │ 607.13  │ 400.00   │ net30670                                                        │ _076196_/B1                │ met3  │
│ 1.52  │ 606.69  │ 400.00   │ net8329                                                         │ _118997_/A2                │ met3  │
│ 1.52  │ 606.54  │ 400.00   │ instr_bram_ctrl_inst.instr_ram.u_mem.g_2k[1\].u_cell.rdata[31\] │ _114304_/A1                │ met3  │
│ 1.52  │ 606.48  │ 400.00   │ _023896_                                                        │ _075239_/A2                │ met2  │
│ 1.51  │ 605.96  │ 400.00   │ net3661                                                         │ _075166_/B1                │ met3  │
│ 1.51  │ 605.96  │ 400.00   │ net3661                                                         │ _077369_/A2                │ met3  │
│ 1.51  │ 605.37  │ 400.00   │ net31459                                                        │ _073116_/B1                │ met3  │
│ 1.51  │ 605.37  │ 400.00   │ net31459                                                        │ _075738_/B1                │ met3  │
│ 1.51  │ 605.12  │ 400.00   │ net31691                                                        │ _073908_/A1                │ met3  │
│ 1.51  │ 605.12  │ 400.00   │ net31691                                                        │ _074168_/A2                │ met3  │
│ 1.51  │ 604.93  │ 400.00   │ net11493                                                        │ _070559_/B                 │ met1  │
│ 1.51  │ 604.28  │ 400.00   │ net10031                                                        │ _073371_/C                 │ met3  │
│ 1.51  │ 604.28  │ 400.00   │ net10031                                                        │ _075597_/C                 │ met3  │
│ 1.51  │ 604.28  │ 400.00   │ net10031                                                        │ _076564_/A2                │ met3  │
│ 1.51  │ 604.22  │ 400.00   │ net11736                                                        │ _075937_/A1                │ met1  │
│ 1.51  │ 603.80  │ 400.00   │ _019244_                                                        │ _077589_/B1                │ met3  │
│ 1.51  │ 602.99  │ 400.00   │ net30868                                                        │ _073656_/A2                │ met3  │
│ 1.51  │ 602.99  │ 400.00   │ net30868                                                        │ _074606_/B2                │ met3  │
│ 1.51  │ 602.61  │ 400.00   │ net31914                                                        │ _072363_/B1                │ met1  │
│ 1.50  │ 601.91  │ 400.00   │ yz_bram_ctrl_inst.yz_ram.u_mem.u_mem.g_2k[0\].u_cell.rdata[19\] │ wire20887/A                │ met3  │
│ 1.50  │ 601.50  │ 400.00   │ net3865                                                         │ load_slew3864/A            │ met1  │
│ 1.50  │ 601.21  │ 400.00   │ data_bram_ctrl_inst.data_ram.u_mem.g_2k[1\].u_cell.rdata[28\]   │ _113698_/A1                │ met4  │
│ 1.50  │ 600.94  │ 400.00   │ net30928                                                        │ _075937_/B1                │ met1  │
│ 1.50  │ 600.54  │ 400.00   │ net9006                                                         │ fanout8997/A               │ met1  │
│ 1.50  │ 600.49  │ 400.00   │ net6213                                                         │ _072919_/A1                │ met2  │
│ 1.50  │ 599.89  │ 400.00   │ net3403                                                         │ _062481_/A_N               │ met1  │
│ 1.50  │ 599.67  │ 400.00   │ net3922                                                         │ _063536_/B                 │ met1  │
│ 1.50  │ 599.29  │ 400.00   │ net10310                                                        │ _071202_/C1                │ met3  │
│ 1.50  │ 599.29  │ 400.00   │ net10310                                                        │ _077530_/A1                │ met3  │
│ 1.50  │ 4162.16 │ 2778.20  │ _027666_                                                        │ _079027_/C                 │ met4  │
│ 1.50  │ 598.80  │ 400.00   │ net9994                                                         │ _075946_/A2                │ met1  │
│ 1.50  │ 5492.68 │ 3669.20  │ net32525                                                        │ wire16309/A                │ met4  │
│ 1.50  │ 598.76  │ 400.00   │ net1600                                                         │ _108497_/B                 │ met3  │
│ 1.50  │ 598.76  │ 400.00   │ net1600                                                         │ _108501_/A2_N              │ met3  │
│ 1.50  │ 598.63  │ 400.00   │ cpu_inst.CORE.core_i.load_store_unit_i.rdata_offset_q[1\]       │ _106618_/A1_N              │ met1  │
│ 1.49  │ 597.89  │ 400.00   │ net27938                                                        │ _107251_/A                 │ met2  │
│ 1.49  │ 597.39  │ 400.00   │ net6688                                                         │ _076106_/A1                │ met1  │
│ 1.49  │ 597.28  │ 400.00   │ yz_bram_ctrl_inst.yz_ram.u_mem.u_mem.g_2k[2\].u_cell.rdata[23\] │ _064852_/A2                │ met3  │
│ 1.49  │ 596.87  │ 400.00   │ net31452                                                        │ _077368_/A3                │ met2  │
│ 1.49  │ 596.23  │ 400.00   │ net4976                                                         │ _071633_/A3                │ met3  │
│ 1.49  │ 596.23  │ 400.00   │ net4976                                                         │ _074020_/A1                │ met3  │
│ 1.49  │ 596.14  │ 400.00   │ net31211                                                        │ _074136_/A2                │ met3  │
│ 1.49  │ 596.14  │ 400.00   │ net31211                                                        │ _076027_/A2                │ met3  │
│ 1.49  │ 595.16  │ 400.00   │ net16064                                                        │ fanout16011/A              │ met2  │
│ 1.49  │ 595.13  │ 400.00   │ net31964                                                        │ wire10910/A                │ met3  │
│ 1.49  │ 5759.75 │ 3872.32  │ net2384                                                         │ _075554_/C                 │ met4  │
│ 1.49  │ 594.84  │ 400.00   │ net7514                                                         │ _072964_/B2                │ met3  │
│ 1.49  │ 594.84  │ 400.00   │ net11583                                                        │ _073086_/A2                │ met3  │
│ 1.49  │ 594.84  │ 400.00   │ net30808                                                        │ _071264_/B                 │ met3  │
│ 1.49  │ 594.09  │ 400.00   │ net2792                                                         │ _115998_/B1                │ met2  │
│ 1.48  │ 592.77  │ 400.00   │ _024400_                                                        │ _077247_/B1                │ met1  │
│ 1.48  │ 592.65  │ 400.00   │ yz_bram_ctrl_inst.yz_ram.u_mem.u_mem.g_2k[0\].u_cell.rdata[23\] │ wire20806/A                │ met3  │
│ 1.48  │ 592.26  │ 400.00   │ net4426                                                         │ _076818_/A3                │ met3  │
│ 1.48  │ 592.26  │ 400.00   │ net4426                                                         │ _077158_/B1                │ met3  │
│ 1.48  │ 592.26  │ 400.00   │ net4426                                                         │ _077582_/B1                │ met3  │
│ 1.48  │ 591.17  │ 400.00   │ cpu_inst.CORE.core_i.cs_registers_i.pc_id_i[16\]                │ hold49130/A                │ met1  │
│ 1.48  │ 590.80  │ 400.00   │ net6183                                                         │ _077188_/A2                │ met2  │
│ 1.48  │ 590.39  │ 400.00   │ net7124                                                         │ _072327_/A1                │ met2  │
│ 1.48  │ 590.39  │ 400.00   │ net7124                                                         │ _078767_/B                 │ met2  │
│ 1.48  │ 590.38  │ 400.00   │ net6683                                                         │ _073076_/A2                │ met3  │
│ 1.48  │ 590.30  │ 400.00   │ net30858                                                        │ _073062_/A2                │ met3  │
│ 1.48  │ 590.30  │ 400.00   │ net30858                                                        │ _077756_/A1                │ met3  │
│ 1.48  │ 590.29  │ 400.00   │ net6177                                                         │ _073811_/A2                │ met1  │
│ 1.47  │ 589.29  │ 400.00   │ net10359                                                        │ _072300_/B2                │ met2  │
│ 1.47  │ 589.23  │ 400.00   │ net6902                                                         │ _073597_/A3                │ met2  │
│ 1.47  │ 589.14  │ 400.00   │ net3318                                                         │ _118807_/A0                │ met1  │
│ 1.47  │ 4878.86 │ 3312.80  │ net2411                                                         │ _071672_/B                 │ met4  │
│ 1.47  │ 588.78  │ 400.00   │ net19843                                                        │ _093214_/A                 │ met1  │
│ 1.47  │ 4611.17 │ 3134.60  │ net6060                                                         │ _077900_/C                 │ met4  │
│ 1.47  │ 588.38  │ 400.00   │ _019882_                                                        │ _075934_/A1                │ met2  │
│ 1.47  │ 5396.95 │ 3669.20  │ net30308                                                        │ _117100_/B                 │ met4  │
│ 1.47  │ 588.12  │ 400.00   │ net7878                                                         │ _074296_/A2                │ met3  │
│ 1.47  │ 588.12  │ 400.00   │ net7878                                                         │ _075529_/B1                │ met3  │
│ 1.47  │ 588.09  │ 400.00   │ net31523                                                        │ _072932_/B1                │ met3  │
│ 1.47  │ 588.09  │ 400.00   │ net31523                                                        │ _078481_/B1                │ met3  │
│ 1.47  │ 588.03  │ 400.00   │ data_bram_ctrl_inst.data_ram.u_mem.g_2k[0\].u_cell.rdata[12\]   │ wire23695/A                │ met3  │
│ 1.47  │ 588.03  │ 400.00   │ instr_bram_ctrl_inst.instr_ram.u_mem.g_2k[2\].u_cell.rdata[1\]  │ wire21766/A                │ met3  │
│ 1.47  │ 4142.35 │ 2817.80  │ _023515_                                                        │ _074858_/A                 │ met4  │
│ 1.47  │ 587.11  │ 400.00   │ cpu_inst.CORE.core_i.ex_stage_i.alu_i.alu_div_i.State_SP[0\]    │ _062969_/B                 │ met1  │
│ 1.47  │ 586.30  │ 400.00   │ net7268                                                         │ _075802_/A3                │ met2  │
│ 1.47  │ 586.02  │ 400.00   │ net31080                                                        │ _072609_/A2                │ met3  │
│ 1.46  │ 585.89  │ 400.00   │ net13061                                                        │ _072173_/A                 │ met1  │
│ 1.46  │ 585.85  │ 400.00   │ QSPI_IO1                                                        │ load_slew30311/A           │ met3  │
│ 1.46  │ 585.75  │ 400.00   │ net2777                                                         │ _116425_/B1                │ met1  │
│ 1.46  │ 585.07  │ 400.00   │ net31317                                                        │ wire6506/A                 │ met3  │
│ 1.46  │ 584.63  │ 400.00   │ net31910                                                        │ fanout14819/A              │ met2  │
│ 1.46  │ 583.93  │ 400.00   │ net11546                                                        │ _071567_/A1                │ met3  │
│ 1.46  │ 583.93  │ 400.00   │ net11546                                                        │ _075549_/B1                │ met3  │
│ 1.46  │ 583.93  │ 400.00   │ net11546                                                        │ _075864_/A2                │ met3  │
│ 1.46  │ 583.88  │ 400.00   │ net32302                                                        │ wire8261/A                 │ met3  │
│ 1.46  │ 583.62  │ 400.00   │ _021111_                                                        │ wire2942/A                 │ met3  │
│ 1.46  │ 583.43  │ 400.00   │ net5147                                                         │ _079105_/A1                │ met1  │
│ 1.46  │ 583.28  │ 400.00   │ net10340                                                        │ _072052_/C                 │ met3  │
│ 1.46  │ 583.28  │ 400.00   │ net10340                                                        │ _077441_/A2                │ met3  │
│ 1.46  │ 4049.90 │ 2778.20  │ _022460_                                                        │ _073800_/D_N               │ met4  │
│ 1.46  │ 4049.90 │ 2778.20  │ _024743_                                                        │ _076091_/A1                │ met4  │
│ 1.46  │ 582.85  │ 400.00   │ net12454                                                        │ _074696_/A3                │ met1  │
│ 1.46  │ 582.58  │ 400.00   │ net5015                                                         │ _071546_/B                 │ met1  │
│ 1.45  │ 581.64  │ 400.00   │ conv_accelerator_inst.acc[177\]                                 │ _088709_/B                 │ met1  │
│ 1.45  │ 581.56  │ 400.00   │ net5133                                                         │ _078574_/A1                │ met3  │
│ 1.45  │ 581.36  │ 400.00   │ net24280                                                        │ _085344_/A                 │ met1  │
│ 1.45  │ 579.98  │ 400.00   │ net3747                                                         │ _076227_/B2                │ met3  │
│ 1.45  │ 579.98  │ 400.00   │ net15634                                                        │ _117658_/B1                │ met3  │
│ 1.45  │ 579.85  │ 400.00   │ net4353                                                         │ _074064_/B1                │ met3  │
│ 1.45  │ 579.85  │ 400.00   │ net4353                                                         │ _078361_/B1                │ met3  │
│ 1.45  │ 4023.75 │ 2778.20  │ _023519_                                                        │ _074873_/B1                │ met4  │
│ 1.44  │ 577.66  │ 400.00   │ data_bram_ctrl_inst.data_ram.u_mem.g_2k[1\].u_cell.rdata[8\]    │ _113658_/A1                │ met4  │
│ 1.44  │ 576.97  │ 400.00   │ net74                                                           │ _110758_/A1                │ met2  │
│ 1.44  │ 576.73  │ 400.00   │ net4446                                                         │ _076516_/A1                │ met2  │
│ 1.44  │ 575.90  │ 400.00   │ net3402                                                         │ _067637_/A1                │ met2  │
│ 1.44  │ 575.64  │ 400.00   │ net10887                                                        │ _077560_/C                 │ met2  │
│ 1.44  │ 575.36  │ 400.00   │ net7277                                                         │ _071510_/B1                │ met3  │
│ 1.44  │ 575.36  │ 400.00   │ net7277                                                         │ wire7276/A                 │ met3  │
│ 1.44  │ 4251.02 │ 2956.40  │ _027139_                                                        │ _078496_/C1                │ met4  │
│ 1.44  │ 574.80  │ 400.00   │ net6136                                                         │ _072713_/B1                │ met3  │
│ 1.44  │ 574.80  │ 400.00   │ net6136                                                         │ _073811_/B1                │ met3  │
│ 1.44  │ 574.80  │ 400.00   │ net6136                                                         │ _076093_/A2                │ met3  │
│ 1.44  │ 5268.83 │ 3669.20  │ net3505                                                         │ _075620_/C                 │ met3  │
│ 1.44  │ 574.14  │ 400.00   │ instr_bram_ctrl_inst.instr_ram.u_mem.g_2k[2\].u_cell.rdata[28\] │ wire21702/A                │ met3  │
│ 1.44  │ 574.08  │ 400.00   │ _024471_                                                        │ _078124_/C                 │ met1  │
│ 1.43  │ 573.69  │ 400.00   │ net31682                                                        │ _070859_/B                 │ met3  │
│ 1.43  │ 573.69  │ 400.00   │ net31682                                                        │ _070860_/B                 │ met3  │
│ 1.43  │ 573.69  │ 400.00   │ net31682                                                        │ _078271_/B1                │ met3  │
│ 1.43  │ 573.62  │ 400.00   │ _018453_                                                        │ _074111_/B2                │ met1  │
│ 1.43  │ 573.24  │ 400.00   │ net10527                                                        │ _073248_/B                 │ met3  │
│ 1.43  │ 572.74  │ 400.00   │ net31235                                                        │ _071288_/A2                │ met3  │
│ 1.43  │ 572.74  │ 400.00   │ net31235                                                        │ wire10249/A                │ met3  │
│ 1.43  │ 572.67  │ 400.00   │ net30609                                                        │ _075299_/B2                │ met3  │
│ 1.43  │ 572.53  │ 400.00   │ _010360_                                                        │ _062038_/A1                │ met2  │
│ 1.43  │ 3972.19 │ 2778.20  │ _026779_                                                        │ _078138_/B                 │ met4  │
│ 1.43  │ 5241.52 │ 3669.20  │ net30448                                                        │ _128293_/D                 │ met4  │
│ 1.43  │ 571.18  │ 400.00   │ net8080                                                         │ _071639_/A2                │ met3  │
│ 1.43  │ 5238.15 │ 3669.20  │ net30598                                                        │ wire830/A                  │ met3  │
│ 1.43  │ 570.74  │ 400.00   │ net9777                                                         │ fanout9768/A               │ met1  │
│ 1.43  │ 570.36  │ 400.00   │ conv_accelerator_inst.u_conv_buf_ram.u_mem.rdata32[24\]         │ hold44037/A                │ met1  │
│ 1.42  │ 569.96  │ 400.00   │ net31709                                                        │ _074856_/B                 │ met3  │
│ 1.42  │ 569.96  │ 400.00   │ net31709                                                        │ _076704_/A2                │ met3  │
│ 1.42  │ 569.96  │ 400.00   │ net31709                                                        │ _076837_/A2                │ met3  │
│ 1.42  │ 569.81  │ 400.00   │ _009353_                                                        │ _092134_/A                 │ met1  │
│ 1.42  │ 569.70  │ 400.00   │ net6142                                                         │ _072558_/B2                │ met3  │
│ 1.42  │ 569.66  │ 400.00   │ _038068_                                                        │ _094474_/B1                │ met1  │
│ 1.42  │ 569.51  │ 400.00   │ net92                                                           │ _110465_/B1                │ met3  │
│ 1.42  │ 569.45  │ 400.00   │ net32119                                                        │ wire1653/A                 │ met3  │
│ 1.42  │ 569.41  │ 400.00   │ net4975                                                         │ _074430_/A1                │ met3  │
│ 1.42  │ 569.41  │ 400.00   │ net4975                                                         │ _078735_/A1                │ met3  │
│ 1.42  │ 568.83  │ 400.00   │ net11631                                                        │ _075181_/B                 │ met1  │
│ 1.42  │ 568.47  │ 400.00   │ axi_data_bram_rdata[11\]                                        │ hold48313/A                │ met1  │
│ 1.42  │ 568.00  │ 400.00   │ net27199                                                        │ _069424_/A0                │ met1  │
│ 1.42  │ 568.00  │ 400.00   │ clknet_1_0_1_clk_i                                              │ clkbuf_leaf_0_clk_i/A      │ met2  │
│ 1.42  │ 567.11  │ 400.00   │ net30481                                                        │ _071661_/A1                │ met2  │
│ 1.42  │ 566.99  │ 400.00   │ net6093                                                         │ _076719_/A2                │ met1  │
│ 1.42  │ 3937.65 │ 2778.20  │ _026816_                                                        │ _078172_/C                 │ met4  │
│ 1.42  │ 566.93  │ 400.00   │ net7614                                                         │ _078732_/A1                │ met1  │
│ 1.42  │ 566.52  │ 400.00   │ net11069                                                        │ _075780_/A1                │ met1  │
│ 1.42  │ 566.50  │ 400.00   │ net31578                                                        │ _075013_/B1                │ met3  │
│ 1.42  │ 566.50  │ 400.00   │ net31578                                                        │ _076000_/B1                │ met3  │
│ 1.42  │ 566.50  │ 400.00   │ net31578                                                        │ _078817_/B2                │ met3  │
│ 1.42  │ 4688.89 │ 3312.80  │ net10918                                                        │ _071250_/B                 │ met4  │
│ 1.42  │ 566.00  │ 400.00   │ _009342_                                                        │ _090298_/A                 │ met1  │
│ 1.41  │ 3929.02 │ 2778.20  │ _027418_                                                        │ _078776_/D                 │ met4  │
│ 1.41  │ 565.64  │ 400.00   │ net19150                                                        │ _076969_/A                 │ met1  │
│ 1.41  │ 565.52  │ 400.00   │ net11041                                                        │ _077768_/A1                │ met1  │
│ 1.41  │ 565.36  │ 400.00   │ net16184                                                        │ _113665_/A1                │ met1  │
│ 1.41  │ 565.13  │ 400.00   │ net2591                                                         │ _076373_/A2                │ met2  │
│ 1.41  │ 564.88  │ 400.00   │ yz_bram_ctrl_inst.yz_ram.u_mem.u_mem.g_2k[0\].u_cell.rdata[25\] │ wire20774/A                │ met3  │
│ 1.41  │ 564.42  │ 400.00   │ net31493                                                        │ _073255_/A2                │ met3  │
│ 1.41  │ 564.42  │ 400.00   │ net31493                                                        │ wire4968/A                 │ met3  │
│ 1.41  │ 563.95  │ 400.00   │ net7021                                                         │ _078203_/A2                │ met2  │
│ 1.41  │ 563.49  │ 400.00   │ net30495                                                        │ _076972_/B1                │ met1  │
│ 1.41  │ 563.25  │ 400.00   │ _057004_                                                        │ _116047_/A                 │ met1  │
│ 1.41  │ 4663.11 │ 3312.80  │ net2603                                                         │ _075572_/C                 │ met4  │
│ 1.41  │ 562.81  │ 400.00   │ net2924                                                         │ _079141_/B                 │ met1  │
│ 1.41  │ 3907.32 │ 2778.20  │ _019541_                                                        │ _070909_/A2_N              │ met4  │
│ 1.41  │ 562.42  │ 400.00   │ net12426                                                        │ _077613_/A3                │ met3  │
│ 1.41  │ 562.31  │ 400.00   │ _025816_                                                        │ _077168_/B                 │ met2  │
│ 1.41  │ 562.31  │ 400.00   │ _027649_                                                        │ _079010_/B1_N              │ met2  │
│ 1.41  │ 562.13  │ 400.00   │ net10989                                                        │ _074567_/A1                │ met3  │
│ 1.41  │ 562.13  │ 400.00   │ net11385                                                        │ _070060_/B                 │ met3  │
│ 1.41  │ 562.08  │ 400.00   │ net7930                                                         │ _075615_/A2                │ met3  │
│ 1.40  │ 561.68  │ 400.00   │ _020176_                                                        │ _076334_/A2                │ met2  │
│ 1.40  │ 561.42  │ 400.00   │ net24134                                                        │ _088943_/B                 │ met1  │
│ 1.40  │ 560.92  │ 400.00   │ net27455                                                        │ fanout27395/A              │ met3  │
│ 1.40  │ 560.92  │ 400.00   │ net27455                                                        │ fanout27404/A              │ met3  │
│ 1.40  │ 560.92  │ 400.00   │ net27455                                                        │ fanout27409/A              │ met3  │
│ 1.40  │ 560.92  │ 400.00   │ net27455                                                        │ fanout27450/A              │ met3  │
│ 1.40  │ 560.58  │ 400.00   │ net7030                                                         │ _078096_/A2                │ met3  │
│ 1.40  │ 560.57  │ 400.00   │ net32438                                                        │ wire30308/A                │ met3  │
│ 1.40  │ 560.47  │ 400.00   │ net6197                                                         │ _074266_/B2                │ met2  │
│ 1.40  │ 560.47  │ 400.00   │ net6197                                                         │ _074410_/B1                │ met2  │
│ 1.40  │ 560.25  │ 400.00   │ yz_bram_ctrl_inst.yz_ram.u_mem.u_mem.g_1k.u_cell.rdata[11\]     │ wire21133/A                │ met3  │
│ 1.40  │ 560.25  │ 400.00   │ yz_bram_ctrl_inst.yz_ram.u_mem.u_mem.g_2k[1\].u_cell.rdata[3\]  │ wire20345/A                │ met3  │
│ 1.40  │ 559.52  │ 400.00   │ _014197_                                                        │ fanout15014/A              │ met1  │
│ 1.40  │ 559.47  │ 400.00   │ net17095                                                        │ _074921_/C                 │ met1  │
│ 1.40  │ 559.05  │ 400.00   │ net10531                                                        │ _075178_/A2                │ met3  │
│ 1.40  │ 559.05  │ 400.00   │ net10531                                                        │ _078077_/A3                │ met3  │
│ 1.40  │ 558.71  │ 400.00   │ net31560                                                        │ _070612_/B1                │ met3  │
│ 1.40  │ 558.71  │ 400.00   │ net31560                                                        │ wire10682/A                │ met3  │
│ 1.40  │ 3878.60 │ 2778.20  │ _024278_                                                        │ _075623_/B                 │ met3  │
│ 1.40  │ 558.24  │ 400.00   │ yz_bram_ctrl_inst.yz_ram.u_mem.u_mem.g_2k[2\].u_cell.rdata[17\] │ _064816_/A2                │ met4  │
│ 1.39  │ 4620.06 │ 3312.80  │ net2918                                                         │ _074027_/C_N               │ met4  │
│ 1.39  │ 5114.47 │ 3669.20  │ net31308                                                        │ _071795_/B2                │ met3  │
│ 1.39  │ 556.85  │ 400.00   │ net2375                                                         │ _076648_/B1                │ met3  │
│ 1.39  │ 556.26  │ 400.00   │ net9378                                                         │ fanout9368/A               │ met1  │
│ 1.39  │ 556.16  │ 400.00   │ net31797                                                        │ _074552_/A                 │ met3  │
│ 1.39  │ 556.16  │ 400.00   │ net31797                                                        │ _078390_/A2                │ met3  │
│ 1.39  │ 555.62  │ 400.00   │ yz_bram_ctrl_inst.yz_ram.u_mem.u_mem.g_1k.u_cell.rdata[14\]     │ wire21126/A                │ met3  │
│ 1.39  │ 555.42  │ 400.00   │ net5003                                                         │ _074669_/B                 │ met2  │
│ 1.39  │ 555.38  │ 400.00   │ net31706                                                        │ _071111_/B2                │ met3  │
│ 1.39  │ 555.38  │ 400.00   │ net31706                                                        │ _073856_/A2                │ met3  │
│ 1.39  │ 5091.52 │ 3669.20  │ net30623                                                        │ _073584_/A2                │ met3  │
│ 1.39  │ 554.71  │ 400.00   │ net17455                                                        │ _078020_/B2                │ met2  │
│ 1.39  │ 554.65  │ 400.00   │ net7544                                                         │ _072591_/B2                │ met3  │
│ 1.39  │ 554.65  │ 400.00   │ net7544                                                         │ max_cap7543/A              │ met3  │
│ 1.39  │ 554.10  │ 400.00   │ net30735                                                        │ _074863_/A2                │ met3  │
│ 1.39  │ 554.10  │ 400.00   │ net30735                                                        │ _077667_/A2                │ met3  │
│ 1.38  │ 553.83  │ 400.00   │ conv_accelerator_inst.ram_addr[5\]                              │ hold48504/A                │ met1  │
│ 1.38  │ 553.81  │ 400.00   │ net6458                                                         │ _074043_/A2                │ met1  │
│ 1.38  │ 553.64  │ 400.00   │ net30448                                                        │ _128293_/D                 │ met2  │
│ 1.38  │ 552.95  │ 400.00   │ net17389                                                        │ _078797_/A1                │ met3  │
│ 1.38  │ 552.42  │ 400.00   │ net31501                                                        │ _071381_/A2                │ met3  │
│ 1.38  │ 552.42  │ 400.00   │ net31501                                                        │ _072894_/A2                │ met3  │
│ 1.38  │ 552.39  │ 400.00   │ net2498                                                         │ _060409_/C                 │ met1  │
│ 1.38  │ 551.82  │ 400.00   │ net31360                                                        │ _075106_/A2                │ met3  │
│ 1.38  │ 551.73  │ 400.00   │ net31020                                                        │ _075454_/A1                │ met3  │
│ 1.38  │ 551.66  │ 400.00   │ net17872                                                        │ _075347_/C1                │ met3  │
│ 1.38  │ 551.50  │ 400.00   │ data_bram_ctrl_inst.data_ram.u_mem.g_2k[1\].u_cell.rdata[21\]   │ _113684_/A1                │ met4  │
│ 1.38  │ 550.99  │ 400.00   │ yz_bram_ctrl_inst.yz_ram.u_mem.u_mem.g_2k[1\].u_cell.rdata[18\] │ wire20479/A                │ met3  │
│ 1.38  │ 550.97  │ 400.00   │ net17245                                                        │ fanout17225/A              │ met1  │
│ 1.38  │ 550.56  │ 400.00   │ _018350_                                                        │ fanout17767/A              │ met3  │
│ 1.38  │ 550.56  │ 400.00   │ _018350_                                                        │ wire17798/A                │ met3  │
│ 1.38  │ 550.48  │ 400.00   │ net4042                                                         │ _116591_/A2                │ met1  │
│ 1.38  │ 550.34  │ 400.00   │ net13702                                                        │ _077552_/A1                │ met3  │
│ 1.37  │ 4308.95 │ 3134.60  │ net2224                                                         │ _078666_/C                 │ met4  │
│ 1.37  │ 549.41  │ 400.00   │ net10312                                                        │ _072976_/A3                │ met3  │
│ 1.37  │ 549.41  │ 400.00   │ net10312                                                        │ _078123_/B1                │ met3  │
│ 1.37  │ 5038.66 │ 3669.20  │ net32549                                                        │ output53/A                 │ met4  │
│ 1.37  │ 548.69  │ 400.00   │ net6317                                                         │ _073589_/B1                │ met3  │
│ 1.37  │ 548.68  │ 400.00   │ net2664                                                         │ wire2663/A                 │ met3  │
│ 1.37  │ 547.19  │ 400.00   │ net30852                                                        │ wire30851/A                │ met3  │
│ 1.37  │ 546.81  │ 400.00   │ net31599                                                        │ _075148_/A3                │ met3  │
│ 1.37  │ 546.81  │ 400.00   │ net31599                                                        │ _075320_/B1                │ met3  │
│ 1.37  │ 5012.00 │ 3669.20  │ net7182                                                         │ _077985_/C                 │ met3  │
│ 1.37  │ 546.24  │ 400.00   │ net5107                                                         │ _072616_/B2                │ met2  │
│ 1.36  │ 544.92  │ 400.00   │ cpu_inst.CORE.core_i.alu_operand_a_ex[9\]                       │ _106285_/B                 │ met1  │
│ 1.36  │ 544.56  │ 400.00   │ net1503                                                         │ _128286_/D                 │ met1  │
│ 1.36  │ 544.32  │ 400.00   │ net12397                                                        │ _077562_/A1                │ met1  │
│ 1.36  │ 543.98  │ 400.00   │ net31788                                                        │ _071389_/B                 │ met3  │
│ 1.36  │ 543.98  │ 400.00   │ net31788                                                        │ _075510_/A3                │ met3  │
│ 1.36  │ 543.50  │ 400.00   │ net31662                                                        │ _070590_/A3                │ met3  │
│ 1.36  │ 543.50  │ 400.00   │ net31662                                                        │ _076511_/A1                │ met3  │
│ 1.36  │ 542.73  │ 400.00   │ _021148_                                                        │ _072963_/A2                │ met1  │
│ 1.36  │ 4494.86 │ 3312.80  │ net17985                                                        │ _064787_/A0                │ met3  │
│ 1.36  │ 542.39  │ 400.00   │ net30706                                                        │ _075641_/C_N               │ met2  │
│ 1.35  │ 541.32  │ 400.00   │ net31714                                                        │ _074888_/A2                │ met3  │
│ 1.35  │ 540.31  │ 400.00   │ net2791                                                         │ _114622_/A1                │ met2  │
│ 1.35  │ 540.17  │ 400.00   │ net4619                                                         │ _075235_/B1                │ met2  │
│ 1.35  │ 4471.49 │ 3312.80  │ net17965                                                        │ _064805_/A0                │ met3  │
│ 1.35  │ 539.64  │ 400.00   │ net16863                                                        │ _074939_/B                 │ met1  │
│ 1.35  │ 538.94  │ 400.00   │ net14126                                                        │ _076094_/A1                │ met2  │
│ 1.35  │ 4459.81 │ 3312.80  │ net17982                                                        │ _064790_/A0                │ met3  │
│ 1.34  │ 4932.40 │ 3669.20  │ net4314                                                         │ _074219_/A2                │ met4  │
│ 1.34  │ 537.25  │ 400.00   │ net11047                                                        │ _072395_/A2                │ met2  │
│ 1.34  │ 4927.92 │ 3669.20  │ net32548                                                        │ output52/A                 │ met4  │
│ 1.34  │ 537.01  │ 400.00   │ net16359                                                        │ _075927_/A1_N              │ met3  │
│ 1.34  │ 536.86  │ 400.00   │ net32164                                                        │ _070742_/B2                │ met3  │
│ 1.34  │ 536.86  │ 400.00   │ net32164                                                        │ _072326_/B                 │ met3  │
│ 1.34  │ 536.86  │ 400.00   │ net32164                                                        │ _077636_/A2                │ met3  │
│ 1.34  │ 536.86  │ 400.00   │ net32164                                                        │ _077787_/B                 │ met3  │
│ 1.34  │ 536.55  │ 400.00   │ net11625                                                        │ _070886_/B                 │ met1  │
│ 1.34  │ 536.17  │ 400.00   │ cpu_inst.CORE.core_i.cs_registers_i.pc_id_i[2\]                 │ _060626_/B1                │ met1  │
│ 1.34  │ 535.92  │ 400.00   │ _058401_                                                        │ _117536_/A2                │ met1  │
│ 1.34  │ 535.39  │ 400.00   │ net31513                                                        │ _077176_/A2                │ met1  │
│ 1.34  │ 535.32  │ 400.00   │ net7943                                                         │ _071413_/B2                │ met2  │
│ 1.34  │ 3716.19 │ 2778.20  │ _024660_                                                        │ _076007_/C_N               │ met4  │
│ 1.34  │ 534.96  │ 400.00   │ net5082                                                         │ _073020_/A1                │ met1  │
│ 1.34  │ 534.74  │ 400.00   │ net7894                                                         │ _078136_/B2                │ met1  │
│ 1.34  │ 534.58  │ 400.00   │ net4333                                                         │ _076304_/B1                │ met3  │
│ 1.34  │ 534.58  │ 400.00   │ net4333                                                         │ _077915_/A2                │ met3  │
│ 1.34  │ 534.53  │ 400.00   │ net21089                                                        │ _064814_/A1                │ met1  │
│ 1.34  │ 534.49  │ 400.00   │ net31618                                                        │ wire10201/A                │ met3  │
│ 1.34  │ 3712.13 │ 2778.20  │ _024899_                                                        │ _076253_/B                 │ met3  │
│ 1.34  │ 4188.06 │ 3134.60  │ net2782                                                         │ _115535_/A1                │ met4  │
│ 1.34  │ 534.19  │ 400.00   │ net7287                                                         │ _074460_/B1                │ met2  │
│ 1.34  │ 534.08  │ 400.00   │ cpu_inst.CORE.core_i.ex_stage_i.mult_i.int_op_a_msu[20\]        │ _103509_/A1                │ met2  │
│ 1.34  │ 534.08  │ 400.00   │ net31149                                                        │ _072027_/A2                │ met3  │
│ 1.34  │ 534.08  │ 400.00   │ net31149                                                        │ _074851_/B1                │ met3  │
│ 1.34  │ 534.08  │ 400.00   │ net31149                                                        │ _075182_/A2                │ met3  │
│ 1.33  │ 533.91  │ 400.00   │ net11085                                                        │ _077123_/B2                │ met1  │
│ 1.33  │ 533.85  │ 400.00   │ net5007                                                         │ _070366_/A2                │ met2  │
│ 1.33  │ 533.85  │ 400.00   │ net5007                                                         │ _075014_/B1                │ met2  │
│ 1.33  │ 533.40  │ 400.00   │ _020860_                                                        │ _078247_/A2                │ met2  │
│ 1.33  │ 532.48  │ 400.00   │ net4920                                                         │ _071841_/A2                │ met2  │
│ 1.33  │ 4883.98 │ 3669.20  │ net11348                                                        │ _077506_/A2                │ met4  │
│ 1.33  │ 532.40  │ 400.00   │ net6189                                                         │ _072327_/B2                │ met3  │
│ 1.33  │ 532.40  │ 400.00   │ net10529                                                        │ _076604_/B2                │ met3  │
│ 1.33  │ 532.30  │ 400.00   │ _024612_                                                        │ _075974_/A2                │ met1  │
│ 1.33  │ 3700.44 │ 2781.50  │ _057482_                                                        │ _116563_/A1                │ met3  │
│ 1.33  │ 531.99  │ 400.00   │ net18991                                                        │ fanout18917/A              │ met3  │
│ 1.33  │ 3694.60 │ 2778.20  │ _048553_                                                        │ _105613_/A1                │ met3  │
│ 1.33  │ 531.70  │ 400.00   │ net6249                                                         │ _072164_/B1                │ met3  │
│ 1.33  │ 531.70  │ 400.00   │ net6249                                                         │ _075470_/A2                │ met3  │
│ 1.33  │ 531.35  │ 400.00   │ net32074                                                        │ _072350_/A1                │ met3  │
│ 1.33  │ 531.35  │ 400.00   │ net32074                                                        │ _077695_/A1                │ met3  │
│ 1.33  │ 530.86  │ 400.00   │ net8300                                                         │ _113861_/A                 │ met2  │
│ 1.33  │ 530.53  │ 400.00   │ net18336                                                        │ _060524_/B                 │ met2  │
│ 1.33  │ 530.42  │ 400.00   │ net2757                                                         │ _113633_/A1                │ met2  │
│ 1.33  │ 530.02  │ 400.00   │ net29021                                                        │ _075713_/B2                │ met1  │
│ 1.32  │ 529.27  │ 400.00   │ net10894                                                        │ wire10893/A                │ met3  │
│ 1.32  │ 528.96  │ 400.00   │ data_bram_ctrl_inst.data_ram.u_mem.g_2k[1\].u_cell.rdata[0\]    │ wire22618/A                │ met4  │
│ 1.32  │ 528.65  │ 400.00   │ net31656                                                        │ _070113_/B2                │ met2  │
│ 1.32  │ 528.61  │ 400.00   │ net31398                                                        │ wire4152/A                 │ met3  │
│ 1.32  │ 3669.97 │ 2778.20  │ _026923_                                                        │ _078279_/B                 │ met4  │
│ 1.32  │ 528.28  │ 400.00   │ _018763_                                                        │ _077449_/B                 │ met1  │
│ 1.32  │ 528.25  │ 400.00   │ _025473_                                                        │ _076825_/C                 │ met1  │
│ 1.32  │ 528.25  │ 400.00   │ _052868_                                                        │ _109953_/C                 │ met1  │
│ 1.32  │ 527.95  │ 400.00   │ data_bram_ctrl_inst.data_ram.u_mem.g_2k[1\].u_cell.rdata[3\]    │ _113648_/A1                │ met4  │
│ 1.32  │ 527.87  │ 400.00   │ _020463_                                                        │ _073199_/A2                │ met1  │
│ 1.32  │ 527.87  │ 400.00   │ net31362                                                        │ _076384_/A2                │ met3  │
│ 1.32  │ 527.85  │ 400.00   │ instr_bram_ctrl_inst.instr_ram.u_mem.g_2k[1\].u_cell.rdata[12\] │ _114266_/A1                │ met3  │
│ 1.32  │ 527.83  │ 400.00   │ net30733                                                        │ _077698_/B                 │ met1  │
│ 1.32  │ 527.53  │ 400.00   │ net31534                                                        │ _071115_/B                 │ met1  │
│ 1.32  │ 527.39  │ 400.00   │ cpu_inst.CORE.core_i.ex_stage_i.mult_i.op_c_i[18\]              │ hold48565/A                │ met1  │
│ 1.32  │ 526.94  │ 400.00   │ data_bram_ctrl_inst.data_ram.u_mem.g_2k[1\].u_cell.rdata[4\]    │ _113650_/A1                │ met4  │
│ 1.32  │ 526.86  │ 400.00   │ net21074                                                        │ _064838_/A1                │ met1  │
│ 1.32  │ 526.78  │ 400.00   │ net3240                                                         │ _113804_/A1                │ met1  │
│ 1.32  │ 526.39  │ 400.00   │ net31447                                                        │ _075316_/A                 │ met2  │
│ 1.32  │ 526.37  │ 400.00   │ net31012                                                        │ _073197_/A1                │ met3  │
│ 1.32  │ 526.37  │ 400.00   │ net31012                                                        │ _073396_/A1                │ met3  │
│ 1.31  │ 524.94  │ 400.00   │ net5121                                                         │ _074364_/B                 │ met1  │
│ 1.31  │ 524.90  │ 400.00   │ net6666                                                         │ _072282_/B1                │ met3  │
│ 1.31  │ 524.90  │ 400.00   │ net6666                                                         │ _076996_/B1                │ met3  │
│ 1.31  │ 524.90  │ 400.00   │ net6666                                                         │ wire6665/A                 │ met3  │
│ 1.31  │ 524.87  │ 400.00   │ net6951                                                         │ wire31913/A                │ met3  │
│ 1.31  │ 524.11  │ 400.00   │ net6907                                                         │ _079072_/C                 │ met3  │
│ 1.31  │ 523.53  │ 400.00   │ cpu_inst.CORE.core_i.cs_registers_i.mtvec_o[20\]                │ _062038_/A0                │ met1  │
│ 1.31  │ 523.41  │ 400.00   │ net31861                                                        │ _076710_/A2                │ met3  │
│ 1.31  │ 523.35  │ 400.00   │ net6774                                                         │ _074094_/A3                │ met1  │
│ 1.31  │ 523.35  │ 400.00   │ net10031                                                        │ _077574_/A2                │ met3  │
│ 1.31  │ 523.33  │ 400.00   │ net31029                                                        │ _075555_/B1                │ met2  │
│ 1.31  │ 522.81  │ 400.00   │ net12701                                                        │ _075061_/A3                │ met2  │
│ 1.31  │ 522.81  │ 400.00   │ net12701                                                        │ _077129_/B1                │ met2  │
│ 1.31  │ 522.67  │ 400.00   │ net1334                                                         │ _062183_/B                 │ met1  │
│ 1.31  │ 522.45  │ 400.00   │ net10001                                                        │ _073164_/B2                │ met1  │
│ 1.31  │ 4325.46 │ 3312.80  │ net4040                                                         │ _116804_/A1                │ met3  │
│ 1.31  │ 522.24  │ 400.00   │ net7387                                                         │ _072838_/A1                │ met1  │
│ 1.31  │ 522.13  │ 400.00   │ net32058                                                        │ _067613_/A1                │ met3  │
│ 1.30  │ 521.75  │ 400.00   │ net11186                                                        │ _075640_/A                 │ met1  │
│ 1.30  │ 521.20  │ 400.00   │ net10939                                                        │ _077141_/A2                │ met3  │
│ 1.30  │ 520.93  │ 400.00   │ net28019                                                        │ _107255_/A1                │ met1  │
│ 1.30  │ 520.43  │ 400.00   │ net32436                                                        │ wire30312/A                │ met3  │
│ 1.30  │ 520.00  │ 400.00   │ net30272                                                        │ _115928_/C                 │ met1  │
│ 1.30  │ 519.73  │ 400.00   │ _018438_                                                        │ _074609_/A1                │ met1  │
│ 1.30  │ 519.63  │ 400.00   │ net7796                                                         │ _070693_/A2                │ met1  │
│ 1.30  │ 519.61  │ 400.00   │ _018945_                                                        │ _078511_/A1                │ met1  │
│ 1.30  │ 519.36  │ 400.00   │ _019769_                                                        │ _073402_/A3                │ met1  │
│ 1.30  │ 519.30  │ 400.00   │ net6259                                                         │ _076758_/A2                │ met1  │
│ 1.30  │ 519.19  │ 400.00   │ net21102                                                        │ _064835_/A1                │ met1  │
│ 1.30  │ 4067.17 │ 3134.60  │ net3536                                                         │ _074667_/C                 │ met4  │
│ 1.30  │ 518.93  │ 400.00   │ net32260                                                        │ wire8296/A                 │ met3  │
│ 1.30  │ 518.53  │ 400.00   │ net16478                                                        │ _073481_/A                 │ met1  │
│ 1.30  │ 4292.95 │ 3312.80  │ net2392                                                         │ _074191_/C_N               │ met3  │
│ 1.30  │ 518.06  │ 400.00   │ _018867_                                                        │ _076758_/B2                │ met1  │
│ 1.30  │ 518.03  │ 400.00   │ net4743                                                         │ _078073_/D                 │ met1  │
│ 1.29  │ 517.53  │ 400.00   │ net2919                                                         │ _073847_/A2                │ met3  │
│ 1.29  │ 517.53  │ 400.00   │ net30837                                                        │ _071683_/B2                │ met3  │
│ 1.29  │ 517.23  │ 400.00   │ net20026                                                        │ fanout19991/A              │ met2  │
│ 1.29  │ 4278.73 │ 3312.80  │ net17927                                                        │ _064856_/A0                │ met3  │
│ 1.29  │ 4275.68 │ 3312.80  │ net2508                                                         │ _113749_/A0                │ met3  │
│ 1.29  │ 515.22  │ 400.00   │ net31218                                                        │ _078002_/A1                │ met3  │
│ 1.29  │ 4267.05 │ 3312.80  │ net2507                                                         │ _113759_/A0                │ met3  │
│ 1.29  │ 514.24  │ 400.00   │ net31505                                                        │ _073775_/A3                │ met1  │
│ 1.29  │ 4258.29 │ 3312.80  │ net3433                                                         │ _107598_/A0                │ met3  │
│ 1.28  │ 513.97  │ 400.00   │ net5985                                                         │ _076044_/A0                │ met1  │
│ 1.28  │ 513.89  │ 400.00   │ net12200                                                        │ fanout12194/A              │ met1  │
│ 1.28  │ 513.67  │ 400.00   │ net28948                                                        │ _074474_/A                 │ met1  │
│ 1.28  │ 513.58  │ 400.00   │ net31418                                                        │ _078310_/A2                │ met3  │
│ 1.28  │ 513.58  │ 400.00   │ net31418                                                        │ _079099_/B2                │ met3  │
│ 1.28  │ 3795.42 │ 2956.40  │ _027495_                                                        │ _078853_/A2                │ met3  │
│ 1.28  │ 513.11  │ 400.00   │ net6035                                                         │ _073766_/B1                │ met2  │
│ 1.28  │ 513.03  │ 400.00   │ net5132                                                         │ _072047_/B2                │ met1  │
│ 1.28  │ 4246.60 │ 3312.80  │ net2535                                                         │ _105228_/A0                │ met3  │
│ 1.28  │ 512.75  │ 400.00   │ net4155                                                         │ _079068_/C1                │ met1  │
│ 1.28  │ 4243.68 │ 3312.80  │ net3546                                                         │ _074232_/B                 │ met3  │
│ 1.28  │ 512.25  │ 400.00   │ net4708                                                         │ wire30896/A                │ met3  │
│ 1.28  │ 512.19  │ 400.00   │ _019836_                                                        │ _071173_/A                 │ met1  │
│ 1.28  │ 4697.52 │ 3669.20  │ net30907                                                        │ _077254_/B                 │ met4  │
│ 1.28  │ 4694.24 │ 3669.20  │ net31657                                                        │ _076700_/A1_N              │ met4  │
│ 1.28  │ 511.14  │ 400.00   │ net6078                                                         │ wire6077/A                 │ met3  │
│ 1.28  │ 4687.40 │ 3669.20  │ net32581                                                        │ wire23830/A                │ met4  │
│ 1.28  │ 510.49  │ 400.00   │ net2791                                                         │ _116003_/A2                │ met2  │
│ 1.28  │ 510.38  │ 400.00   │ net30906                                                        │ _073892_/B1                │ met2  │
│ 1.28  │ 510.32  │ 400.00   │ net10683                                                        │ _073083_/A1                │ met3  │
│ 1.28  │ 510.28  │ 400.00   │ net2687                                                         │ _100672_/A1                │ met1  │
│ 1.28  │ 510.12  │ 400.00   │ net30822                                                        │ _077919_/A1                │ met1  │
│ 1.28  │ 510.01  │ 400.00   │ net30701                                                        │ _077728_/A2                │ met3  │
│ 1.28  │ 510.01  │ 400.00   │ net30701                                                        │ _077729_/B1                │ met3  │
│ 1.27  │ 509.87  │ 400.00   │ net31674                                                        │ _077718_/A3                │ met3  │
│ 1.27  │ 509.64  │ 400.00   │ net773                                                          │ _114308_/A0                │ met1  │
│ 1.27  │ 509.53  │ 400.00   │ _020981_                                                        │ _073570_/A2                │ met1  │
│ 1.27  │ 509.45  │ 400.00   │ net3743                                                         │ _072890_/A2                │ met3  │
│ 1.27  │ 509.45  │ 400.00   │ net3743                                                         │ _074589_/B                 │ met3  │
│ 1.27  │ 508.97  │ 400.00   │ net72                                                           │ _110760_/A1                │ met2  │
│ 1.27  │ 508.56  │ 400.00   │ net11551                                                        │ _076260_/A1                │ met3  │
│ 1.27  │ 508.53  │ 400.00   │ net25815                                                        │ wire25814/A                │ met3  │
│ 1.27  │ 508.34  │ 400.00   │ net10441                                                        │ _079168_/B1                │ met2  │
│ 1.27  │ 508.16  │ 400.00   │ net30821                                                        │ wire30820/A                │ met3  │
│ 1.27  │ 3980.83 │ 3134.60  │ net4584                                                         │ _071501_/D                 │ met4  │
│ 1.27  │ 507.79  │ 400.00   │ net30799                                                        │ wire30798/A                │ met3  │
│ 1.27  │ 507.70  │ 400.00   │ net31301                                                        │ _077783_/A2                │ met3  │
│ 1.27  │ 507.70  │ 400.00   │ net31301                                                        │ _078951_/B1                │ met3  │
│ 1.27  │ 507.70  │ 400.00   │ net31301                                                        │ fanout13419/A              │ met3  │
│ 1.27  │ 507.36  │ 400.00   │ _024540_                                                        │ _075886_/B1_N              │ met1  │
│ 1.27  │ 507.35  │ 400.00   │ net6970                                                         │ _072682_/B2                │ met1  │
│ 1.27  │ 507.31  │ 400.00   │ net10202                                                        │ _079047_/B1                │ met2  │
│ 1.27  │ 4653.18 │ 3669.20  │ net32582                                                        │ wire23823/A                │ met4  │
│ 1.27  │ 3530.54 │ 2784.80  │ _022105_                                                        │ _073446_/B                 │ met3  │
│ 1.27  │ 506.97  │ 400.00   │ net21049                                                        │ _064805_/A1                │ met1  │
│ 1.27  │ 506.56  │ 400.00   │ net28037                                                        │ _059824_/A                 │ met1  │
│ 1.27  │ 506.47  │ 400.00   │ _020412_                                                        │ _078908_/A1                │ met2  │
│ 1.27  │ 506.44  │ 400.00   │ net31617                                                        │ _072890_/B1                │ met3  │
│ 1.27  │ 506.44  │ 400.00   │ net31617                                                        │ _074607_/A2                │ met3  │
│ 1.27  │ 4194.03 │ 3312.80  │ net2945                                                         │ _072388_/B                 │ met3  │
│ 1.26  │ 505.75  │ 400.00   │ net7066                                                         │ _075028_/D                 │ met1  │
│ 1.26  │ 505.72  │ 400.00   │ net31985                                                        │ _078407_/A                 │ met2  │
│ 1.26  │ 505.63  │ 400.00   │ _013604_                                                        │ _064178_/B1                │ met3  │
│ 1.26  │ 4637.08 │ 3669.20  │ net30552                                                        │ _078100_/B                 │ met4  │
│ 1.26  │ 505.00  │ 400.00   │ _022359_                                                        │ _076624_/B1                │ met1  │
│ 1.26  │ 504.95  │ 400.00   │ net31172                                                        │ _071639_/B2                │ met2  │
│ 1.26  │ 4181.97 │ 3312.80  │ net5273                                                         │ _060924_/B1_N              │ met3  │
│ 1.26  │ 3506.03 │ 2778.20  │ _025843_                                                        │ _077194_/A_N               │ met4  │
│ 1.26  │ 504.79  │ 400.00   │ net5189                                                         │ _077895_/A1                │ met1  │
│ 1.26  │ 504.78  │ 400.00   │ net26967                                                        │ _114406_/A1                │ met1  │
│ 1.26  │ 504.67  │ 400.00   │ net29976                                                        │ _074068_/A                 │ met1  │
│ 1.26  │ 4629.08 │ 3669.20  │ net4472                                                         │ _071884_/C                 │ met3  │
│ 1.26  │ 504.53  │ 400.00   │ QSPI_IO3                                                        │ load_slew30307/A           │ met2  │
│ 1.26  │ 504.15  │ 400.00   │ qspi_master_inst.QSPI_ADR[15\]                                  │ _116521_/B2                │ met3  │
│ 1.26  │ 503.93  │ 400.00   │ net31915                                                        │ _078857_/A4                │ met2  │
│ 1.26  │ 503.89  │ 400.00   │ QSPI_IO2                                                        │ load_slew30309/A           │ met2  │
│ 1.26  │ 3946.29 │ 3134.60  │ net4197                                                         │ _075041_/C                 │ met4  │
│ 1.26  │ 503.48  │ 400.00   │ net13666                                                        │ _078203_/A1                │ met2  │
│ 1.26  │ 502.35  │ 400.00   │ _020873_                                                        │ _072205_/B1                │ met1  │
│ 1.25  │ 501.97  │ 400.00   │ _035139_                                                        │ _091463_/A_N               │ met1  │
│ 1.25  │ 501.97  │ 400.00   │ net21092                                                        │ _064853_/A1                │ met1  │
│ 1.25  │ 501.78  │ 400.00   │ net8046                                                         │ _073113_/A1                │ met1  │
│ 1.25  │ 501.31  │ 400.00   │ conv_accelerator_inst.acc[169\]                                 │ _088094_/A                 │ met1  │
│ 1.25  │ 500.85  │ 400.00   │ _058139_                                                        │ _117237_/B1                │ met1  │
│ 1.25  │ 4147.05 │ 3312.80  │ net6056                                                         │ _073306_/C                 │ met3  │
│ 1.25  │ 4584.75 │ 3669.20  │ net32510                                                        │ wire22440/A                │ met4  │
│ 1.25  │ 499.62  │ 400.00   │ net6459                                                         │ _075853_/B                 │ met3  │
│ 1.25  │ 499.31  │ 400.00   │ net31392                                                        │ _074856_/A                 │ met1  │
│ 1.25  │ 3465.78 │ 2778.20  │ _023725_                                                        │ _075067_/A1                │ met4  │
│ 1.25  │ 498.75  │ 400.00   │ net12781                                                        │ _075677_/A                 │ met1  │
│ 1.25  │ 498.63  │ 400.00   │ net14545                                                        │ wire14544/A                │ met3  │
│ 1.25  │ 4571.07 │ 3669.20  │ net32599                                                        │ wire22115/A                │ met4  │
│ 1.25  │ 4126.86 │ 3312.80  │ net5262                                                         │ _061628_/B1_N              │ met3  │
│ 1.25  │ 498.25  │ 400.00   │ conv_accelerator_inst.acc[180\]                                 │ _088855_/B                 │ met1  │
│ 1.25  │ 498.11  │ 400.00   │ net32205                                                        │ wire8283/A                 │ met3  │
│ 1.24  │ 4564.23 │ 3669.20  │ net32650                                                        │ wire22607/A                │ met4  │
│ 1.24  │ 497.48  │ 400.00   │ _019536_                                                        │ _078508_/A1                │ met1  │
│ 1.24  │ 497.48  │ 400.00   │ _020609_                                                        │ _079144_/A2                │ met1  │
│ 1.24  │ 497.08  │ 400.00   │ net14283                                                        │ _074733_/A1                │ met2  │
│ 1.24  │ 496.97  │ 400.00   │ net31790                                                        │ _078274_/A1                │ met2  │
│ 1.24  │ 496.81  │ 400.00   │ net4746                                                         │ _074974_/A1                │ met3  │
│ 1.24  │ 496.71  │ 400.00   │ _021120_                                                        │ _078975_/B2                │ met3  │
│ 1.24  │ 496.71  │ 400.00   │ _023842_                                                        │ _075188_/B1                │ met3  │
│ 1.24  │ 496.71  │ 400.00   │ net3539                                                         │ _074399_/B1                │ met3  │
│ 1.24  │ 4550.54 │ 3669.20  │ net32710                                                        │ wire22568/A                │ met4  │
│ 1.24  │ 495.94  │ 400.00   │ net6898                                                         │ _075913_/B2                │ met3  │
│ 1.24  │ 495.94  │ 400.00   │ net6898                                                         │ _077153_/A1                │ met3  │
│ 1.24  │ 495.58  │ 400.00   │ net32272                                                        │ wire5232/A                 │ met1  │
│ 1.24  │ 495.45  │ 400.00   │ instr_bram_ctrl_inst.instr_ram.u_mem.g_2k[0\].u_cell.rdata[12\] │ wire22087/A                │ met3  │
│ 1.24  │ 495.45  │ 400.00   │ yz_bram_ctrl_inst.yz_ram.u_mem.u_mem.g_2k[1\].u_cell.rdata[15\] │ wire20503/A                │ met3  │
│ 1.24  │ 4536.86 │ 3669.20  │ net32560                                                        │ wire24012/A                │ met4  │
│ 1.24  │ 4536.86 │ 3669.20  │ net32562                                                        │ wire23998/A                │ met4  │
│ 1.24  │ 494.37  │ 400.00   │ _026624_                                                        │ _077979_/A4                │ met2  │
│ 1.24  │ 494.08  │ 400.00   │ net6757                                                         │ _071999_/A3                │ met3  │
│ 1.24  │ 494.08  │ 400.00   │ net6757                                                         │ _074461_/B                 │ met3  │
│ 1.24  │ 494.08  │ 400.00   │ net6757                                                         │ _076177_/B1                │ met3  │
│ 1.24  │ 494.06  │ 400.00   │ net7881                                                         │ _074036_/A2                │ met3  │
│ 1.24  │ 494.06  │ 400.00   │ net7881                                                         │ _078044_/B2                │ met3  │
│ 1.24  │ 494.06  │ 400.00   │ net7881                                                         │ _078502_/B2                │ met3  │
│ 1.24  │ 494.04  │ 400.00   │ instr_bram_ctrl_inst.instr_ram.u_mem.g_2k[1\].u_cell.rdata[21\] │ _114284_/A1                │ met4  │
│ 1.23  │ 3428.70 │ 2778.20  │ _000094_                                                        │ _128291_/D                 │ met3  │
│ 1.23  │ 4523.17 │ 3669.20  │ net32583                                                        │ wire23816/A                │ met4  │
│ 1.23  │ 493.07  │ 400.00   │ _019848_                                                        │ _075666_/B1                │ met2  │
│ 1.23  │ 493.04  │ 400.00   │ _017953_                                                        │ _069195_/B1                │ met1  │
│ 1.23  │ 4520.57 │ 3669.20  │ net30947                                                        │ _077988_/A                 │ met3  │
│ 1.23  │ 492.49  │ 400.00   │ net3625                                                         │ _077627_/A2                │ met1  │
│ 1.23  │ 492.44  │ 400.00   │ net7844                                                         │ _071868_/B                 │ met3  │
│ 1.23  │ 492.44  │ 400.00   │ net7844                                                         │ _076520_/A1                │ met3  │
│ 1.23  │ 492.44  │ 400.00   │ net7844                                                         │ _077251_/A1                │ met3  │
│ 1.23  │ 492.32  │ 400.00   │ net31262                                                        │ _074564_/A2                │ met2  │
│ 1.23  │ 492.32  │ 400.00   │ net31262                                                        │ _077065_/A2                │ met2  │
│ 1.23  │ 4071.37 │ 3312.80  │ net2628                                                         │ _073286_/B                 │ met3  │
│ 1.23  │ 491.48  │ 400.00   │ net14698                                                        │ wire14697/A                │ met2  │
│ 1.23  │ 491.46  │ 400.00   │ _019383_                                                        │ _072189_/B1                │ met2  │
│ 1.23  │ 491.46  │ 400.00   │ _019383_                                                        │ _075894_/B2                │ met2  │
│ 1.23  │ 491.43  │ 400.00   │ net31590                                                        │ _070840_/B1                │ met2  │
│ 1.23  │ 491.08  │ 400.00   │ conv_accelerator_inst.acc[173\]                                 │ _088507_/B                 │ met1  │
│ 1.23  │ 490.98  │ 400.00   │ net31296                                                        │ _079043_/A1                │ met3  │
│ 1.23  │ 490.98  │ 400.00   │ net31296                                                        │ wire5177/A                 │ met3  │
│ 1.23  │ 490.86  │ 400.00   │ net1641                                                         │ _128292_/D                 │ met3  │
│ 1.23  │ 490.82  │ 400.00   │ instr_bram_ctrl_inst.instr_ram.u_mem.g_2k[0\].u_cell.rdata[30\] │ wire21925/A                │ met3  │
│ 1.23  │ 490.82  │ 400.00   │ instr_bram_ctrl_inst.instr_ram.u_mem.g_2k[2\].u_cell.rdata[12\] │ wire21828/A                │ met3  │
│ 1.23  │ 490.81  │ 400.00   │ net31033                                                        │ _077950_/B2                │ met3  │
│ 1.23  │ 490.81  │ 400.00   │ net31033                                                        │ _078274_/A2                │ met3  │
│ 1.23  │ 490.72  │ 400.00   │ net28019                                                        │ _105083_/D                 │ met1  │
│ 1.23  │ 4495.80 │ 3669.20  │ net32514                                                        │ wire22309/A                │ met4  │
│ 1.22  │ 489.36  │ 400.00   │ net10597                                                        │ _074988_/B                 │ met1  │
│ 1.22  │ 489.26  │ 400.00   │ net6182                                                         │ _072416_/A2                │ met1  │
│ 1.22  │ 4050.92 │ 3312.80  │ net5267                                                         │ _061400_/B1_N              │ met3  │
│ 1.22  │ 4044.95 │ 3312.80  │ net4323                                                         │ _072544_/C                 │ met3  │
│ 1.22  │ 488.09  │ 400.00   │ net7917                                                         │ wire7916/A                 │ met3  │
│ 1.22  │ 4476.83 │ 3669.20  │ net31637                                                        │ _071562_/B2                │ met3  │
│ 1.22  │ 3393.40 │ 2781.50  │ _026318_                                                        │ _077672_/D                 │ met3  │
│ 1.22  │ 487.92  │ 400.00   │ net11496                                                        │ _073201_/A3                │ met3  │
│ 1.22  │ 487.86  │ 400.00   │ net11370                                                        │ _072322_/B                 │ met1  │
│ 1.22  │ 487.79  │ 400.00   │ net28529                                                        │ wire28528/A                │ met3  │
│ 1.22  │ 4037.33 │ 3312.80  │ net6397                                                         │ _078502_/A2_N              │ met4  │
│ 1.22  │ 487.27  │ 400.00   │ clknet_4_6_0_clk_i_regs                                         │ clkbuf_5_12_0_clk_i_regs/A │ met3  │
│ 1.22  │ 487.18  │ 400.00   │ net4904                                                         │ _075579_/A2                │ met3  │
│ 1.22  │ 487.18  │ 400.00   │ net4904                                                         │ _078641_/A2                │ met3  │
│ 1.22  │ 487.01  │ 400.00   │ net6395                                                         │ _077378_/B1                │ met1  │
│ 1.22  │ 4713.90 │ 3872.32  │ net5977                                                         │ _077612_/B                 │ met3  │
│ 1.22  │ 486.59  │ 400.00   │ net6852                                                         │ _077865_/A2                │ met3  │
│ 1.22  │ 3387.56 │ 2784.80  │ _022899_                                                        │ _074238_/D_N               │ met3  │
│ 1.22  │ 486.39  │ 400.00   │ instr_bram_ctrl_inst.instr_ram.u_mem.g_2k[1\].u_cell.rdata[19\] │ _114280_/A1                │ met4  │
│ 1.22  │ 486.37  │ 400.00   │ net16751                                                        │ _076872_/B1                │ met1  │
│ 1.22  │ 486.35  │ 400.00   │ net4682                                                         │ _071694_/A1                │ met3  │
│ 1.22  │ 486.35  │ 400.00   │ net4682                                                         │ _076397_/B1                │ met3  │
│ 1.22  │ 486.19  │ 400.00   │ yz_bram_ctrl_inst.yz_ram.u_mem.u_mem.g_2k[2\].u_cell.rdata[28\] │ wire20291/A                │ met3  │
│ 1.22  │ 3376.38 │ 2778.20  │ _052029_                                                        │ _109110_/B                 │ met4  │
│ 1.22  │ 486.05  │ 400.00   │ net11165                                                        │ _077898_/A1                │ met1  │
│ 1.21  │ 485.99  │ 400.00   │ yz_bram_ctrl_inst.yz_ram.u_mem.u_mem.g_2k[0\].u_cell.rdata[21\] │ wire20838/A                │ met3  │
│ 1.21  │ 485.61  │ 400.00   │ net10129                                                        │ _072312_/B                 │ met2  │
│ 1.21  │ 485.42  │ 400.00   │ net6545                                                         │ _071981_/B1                │ met2  │
│ 1.21  │ 485.18  │ 400.00   │ net30972                                                        │ _076177_/B2                │ met1  │
│ 1.21  │ 485.01  │ 400.00   │ net2655                                                         │ _100962_/A1                │ met1  │
│ 1.21  │ 484.86  │ 400.00   │ net4746                                                         │ _075245_/A1                │ met3  │
│ 1.21  │ 484.86  │ 400.00   │ net4746                                                         │ _077457_/A1                │ met3  │
│ 1.21  │ 484.82  │ 400.00   │ net6261                                                         │ _074949_/B2                │ met3  │
│ 1.21  │ 484.82  │ 400.00   │ net11123                                                        │ _072171_/A2                │ met3  │
│ 1.21  │ 484.82  │ 400.00   │ net31047                                                        │ _075520_/B2                │ met3  │
│ 1.21  │ 484.79  │ 400.00   │ cpu_inst.CORE.core_i.id_stage_i.csr_op_ex_o[2\]                 │ _060139_/B                 │ met1  │
│ 1.21  │ 484.79  │ 400.00   │ cpu_inst.CORE.core_i.id_stage_i.csr_op_ex_o[2\]                 │ hold47077/A                │ met1  │
│ 1.21  │ 484.51  │ 400.00   │ net7807                                                         │ _077878_/B2                │ met1  │
│ 1.21  │ 484.47  │ 400.00   │ net30860                                                        │ _071335_/B2                │ met2  │
│ 1.21  │ 484.47  │ 400.00   │ net30860                                                        │ _074077_/A1                │ met2  │
│ 1.21  │ 484.22  │ 400.00   │ net5980                                                         │ _078441_/A2                │ met1  │
│ 1.21  │ 484.14  │ 400.00   │ _021275_                                                        │ _072615_/A                 │ met1  │
│ 1.21  │ 4440.11 │ 3669.20  │ net30580                                                        │ _075553_/B1                │ met4  │
│ 1.21  │ 483.88  │ 400.00   │ net4833                                                         │ _075721_/B1                │ met1  │
│ 1.21  │ 483.87  │ 400.00   │ _018471_                                                        │ _072329_/A1                │ met3  │
│ 1.21  │ 483.87  │ 400.00   │ _018471_                                                        │ wire8137/A                 │ met3  │
│ 1.21  │ 483.78  │ 400.00   │ net5193                                                         │ _078755_/A1                │ met2  │
│ 1.21  │ 4436.44 │ 3669.20  │ net16185                                                        │ _113657_/A1                │ met3  │
│ 1.21  │ 483.26  │ 400.00   │ net7037                                                         │ _073335_/A1                │ met3  │
│ 1.21  │ 483.08  │ 400.00   │ net12566                                                        │ _071898_/A                 │ met1  │
│ 1.21  │ 482.92  │ 400.00   │ net11389                                                        │ _075895_/B                 │ met1  │
│ 1.21  │ 4427.37 │ 3669.20  │ net32561                                                        │ wire24005/A                │ met4  │
│ 1.21  │ 482.51  │ 400.00   │ net11532                                                        │ _073466_/B1                │ met1  │
│ 1.21  │ 482.29  │ 400.00   │ net9977                                                         │ _073935_/A2                │ met1  │
│ 1.21  │ 3994.16 │ 3312.80  │ net2859                                                         │ _077932_/B                 │ met3  │
│ 1.20  │ 481.84  │ 400.00   │ net5014                                                         │ _074037_/A1                │ met3  │
│ 1.20  │ 481.56  │ 400.00   │ instr_bram_ctrl_inst.instr_ram.u_mem.g_2k[0\].u_cell.rdata[28\] │ wire21950/A                │ met3  │
│ 1.20  │ 481.56  │ 400.00   │ yz_bram_ctrl_inst.yz_ram.u_mem.u_mem.g_2k[2\].u_cell.rdata[21\] │ _064840_/A2                │ met3  │
│ 1.20  │ 481.39  │ 400.00   │ net32711                                                        │ wire22563/A                │ met1  │
│ 1.20  │ 481.23  │ 400.00   │ net30833                                                        │ _074737_/A1                │ met2  │
│ 1.20  │ 4658.41 │ 3872.32  │ net2911                                                         │ _074299_/C                 │ met3  │
│ 1.20  │ 480.86  │ 400.00   │ net14787                                                        │ _076864_/B                 │ met1  │
│ 1.20  │ 480.74  │ 400.00   │ net7003                                                         │ _078811_/A2                │ met3  │
│ 1.20  │ 480.74  │ 400.00   │ net7003                                                         │ _078982_/A1                │ met3  │
│ 1.20  │ 480.45  │ 400.00   │ _036563_                                                        │ _092854_/B1                │ met1  │
│ 1.20  │ 3977.78 │ 3312.80  │ net4196                                                         │ _075085_/C                 │ met3  │
│ 1.20  │ 479.75  │ 400.00   │ yz_bram_ctrl_inst.yz_ram.u_mem.u_mem.g_2k[2\].u_cell.rdata[10\] │ _064777_/A2                │ met3  │
│ 1.20  │ 3968.91 │ 3312.80  │ net6396                                                         │ _071761_/A2_N              │ met4  │
│ 1.20  │ 479.01  │ 400.00   │ net6516                                                         │ _073438_/A1                │ met1  │
│ 1.20  │ 478.98  │ 400.00   │ net4905                                                         │ _078504_/A1                │ met2  │
│ 1.20  │ 478.87  │ 400.00   │ net6188                                                         │ _078346_/A2                │ met3  │
│ 1.20  │ 478.81  │ 400.00   │ net7347                                                         │ _074239_/B2                │ met1  │
│ 1.20  │ 478.72  │ 400.00   │ net3652                                                         │ _077138_/B1                │ met1  │
│ 1.19  │ 3315.94 │ 2778.20  │ _025965_                                                        │ _077317_/C                 │ met4  │
│ 1.19  │ 477.00  │ 400.00   │ net31685                                                        │ _076888_/A1                │ met2  │
│ 1.19  │ 476.73  │ 400.00   │ instr_bram_ctrl_inst.instr_ram.u_mem.g_2k[1\].u_cell.rdata[14\] │ _114270_/A1                │ met4  │
│ 1.19  │ 476.49  │ 400.00   │ net2894                                                         │ _075440_/A2                │ met3  │
│ 1.19  │ 3308.83 │ 2778.20  │ _025379_                                                        │ _076728_/C_N               │ met3  │
│ 1.19  │ 476.22  │ 400.00   │ clknet_3_7_0_clk_i_regs                                         │ clkbuf_4_15_0_clk_i_regs/A │ met2  │
│ 1.19  │ 476.20  │ 400.00   │ net19831                                                        │ _094413_/B1                │ met1  │
│ 1.19  │ 475.83  │ 400.00   │ net31429                                                        │ _075271_/A1                │ met1  │
│ 1.19  │ 474.36  │ 400.00   │ _018495_                                                        │ _070393_/B2                │ met3  │
│ 1.19  │ 474.36  │ 400.00   │ _018495_                                                        │ _074412_/B2                │ met3  │
│ 1.19  │ 474.36  │ 400.00   │ _018495_                                                        │ _078477_/A2                │ met3  │
│ 1.19  │ 474.36  │ 400.00   │ net10725                                                        │ _077620_/A2                │ met3  │
│ 1.19  │ 474.24  │ 400.00   │ net26100                                                        │ fanout26064/A              │ met1  │
│ 1.19  │ 3927.49 │ 3312.80  │ net3609                                                         │ _072173_/D                 │ met3  │
│ 1.18  │ 473.94  │ 400.00   │ net48747                                                        │ _065058_/B                 │ met1  │
│ 1.18  │ 3285.94 │ 2778.20  │ _023531_                                                        │ _074873_/A2_N              │ met3  │
│ 1.18  │ 473.08  │ 400.00   │ net3400                                                         │ _118821_/A0                │ met1  │
│ 1.18  │ 473.06  │ 400.00   │ net6491                                                         │ _071546_/C                 │ met2  │
│ 1.18  │ 3913.52 │ 3312.80  │ net18007                                                        │ _064766_/A0                │ met3  │
│ 1.18  │ 3910.60 │ 3312.80  │ net7226                                                         │ _074615_/C_N               │ met3  │
│ 1.18  │ 3697.52 │ 3134.60  │ net5073                                                         │ _071179_/B                 │ met3  │
│ 1.18  │ 470.69  │ 400.00   │ net21665                                                        │ wire21664/A                │ met1  │
│ 1.18  │ 470.68  │ 400.00   │ net18123                                                        │ fanout18078/A              │ met3  │
│ 1.18  │ 470.68  │ 400.00   │ net18123                                                        │ fanout18084/A              │ met3  │
│ 1.18  │ 470.68  │ 400.00   │ net18123                                                        │ fanout18100/A              │ met3  │
│ 1.18  │ 470.68  │ 400.00   │ net18123                                                        │ fanout18107/A              │ met3  │
│ 1.18  │ 470.33  │ 400.00   │ net4304                                                         │ _074187_/A1                │ met2  │
│ 1.18  │ 470.23  │ 400.00   │ net4681                                                         │ wire4680/A                 │ met3  │
│ 1.18  │ 470.10  │ 400.00   │ conv_accelerator_inst.rd_q[2\]                                  │ fanout28298/A              │ met1  │
│ 1.18  │ 3893.21 │ 3312.80  │ net2513                                                         │ _113729_/A0                │ met3  │
│ 1.17  │ 469.95  │ 400.00   │ net31857                                                        │ _079038_/A2                │ met3  │
│ 1.17  │ 469.90  │ 400.00   │ net4493                                                         │ _074164_/B2                │ met3  │
│ 1.17  │ 469.84  │ 400.00   │ net10680                                                        │ wire10679/A                │ met3  │
│ 1.17  │ 3887.37 │ 3312.80  │ net32001                                                        │ _116374_/A1                │ met3  │
│ 1.17  │ 469.16  │ 400.00   │ _021309_                                                        │ _074822_/B1                │ met3  │
│ 1.17  │ 469.16  │ 400.00   │ _021309_                                                        │ _077521_/B1                │ met3  │
│ 1.17  │ 3881.27 │ 3312.80  │ net9989                                                         │ _073138_/D                 │ met3  │
│ 1.17  │ 468.49  │ 400.00   │ net7248                                                         │ _072907_/B2                │ met3  │
│ 1.17  │ 468.46  │ 400.00   │ _020071_                                                        │ _071404_/B1                │ met3  │
│ 1.17  │ 468.46  │ 400.00   │ net30497                                                        │ _074803_/A3                │ met3  │
│ 1.17  │ 468.41  │ 400.00   │ net129                                                          │ wire128/A                  │ met3  │
│ 1.17  │ 468.36  │ 400.00   │ conv_accelerator_inst.u_conv_buf_ram.u_mem.rlane_q[1\]          │ hold47142/A                │ met1  │
│ 1.17  │ 468.18  │ 400.00   │ net15591                                                        │ fanout15549/A              │ met1  │
│ 1.17  │ 4290.41 │ 3669.20  │ net16187                                                        │ _113655_/A1                │ met3  │
│ 1.17  │ 3872.76 │ 3312.80  │ net6006                                                         │ _075266_/C                 │ met3  │
│ 1.17  │ 3872.76 │ 3312.80  │ net32258                                                        │ _106154_/A0                │ met3  │
│ 1.17  │ 467.60  │ 400.00   │ net30647                                                        │ wire30646/A                │ met1  │
│ 1.17  │ 467.47  │ 400.00   │ _026808_                                                        │ _078164_/A1                │ met1  │
│ 1.17  │ 467.43  │ 400.00   │ net4402                                                         │ _074157_/B2                │ met1  │
│ 1.17  │ 467.00  │ 400.00   │ net28016                                                        │ _105085_/A                 │ met1  │
│ 1.17  │ 466.97  │ 400.00   │ net7318                                                         │ _073495_/A2                │ met3  │
│ 1.17  │ 466.97  │ 400.00   │ net11063                                                        │ _077897_/A1                │ met3  │
│ 1.17  │ 466.90  │ 400.00   │ net3610                                                         │ wire30512/A                │ met3  │
│ 1.17  │ 466.64  │ 400.00   │ net20084                                                        │ wire20083/A                │ met1  │
│ 1.17  │ 466.62  │ 400.00   │ net2951                                                         │ _073725_/A2                │ met2  │
│ 1.17  │ 3464.15 │ 2969.60  │ _023415_                                                        │ _074770_/A1                │ met4  │
│ 1.17  │ 466.09  │ 400.00   │ _018380_                                                        │ _078218_/B2                │ met2  │
│ 1.16  │ 3858.16 │ 3312.80  │ net9998                                                         │ _073296_/C                 │ met3  │
│ 1.16  │ 3858.16 │ 3312.80  │ net31970                                                        │ _116833_/A0                │ met3  │
│ 1.16  │ 465.62  │ 400.00   │ net4986                                                         │ _076109_/A2                │ met3  │
│ 1.16  │ 465.49  │ 400.00   │ net10770                                                        │ _073939_/A2                │ met3  │
│ 1.16  │ 465.29  │ 400.00   │ net31711                                                        │ _070521_/A1                │ met3  │
│ 1.16  │ 3852.68 │ 3312.80  │ net1948                                                         │ _077596_/A2                │ met4  │
│ 1.16  │ 465.11  │ 400.00   │ net31666                                                        │ _072182_/A2                │ met3  │
│ 1.16  │ 465.11  │ 400.00   │ net31666                                                        │ _072553_/B                 │ met3  │
│ 1.16  │ 464.86  │ 400.00   │ _021944_                                                        │ _073286_/C                 │ met1  │
│ 1.16  │ 464.16  │ 400.00   │ net8055                                                         │ _073562_/A1                │ met3  │
│ 1.16  │ 464.08  │ 400.00   │ net6419                                                         │ _079151_/A2                │ met1  │
│ 1.16  │ 3428.07 │ 2956.40  │ _024598_                                                        │ _075944_/B1                │ met4  │
│ 1.16  │ 463.70  │ 400.00   │ net31432                                                        │ _079106_/A2                │ met2  │
│ 1.16  │ 463.69  │ 400.00   │ net20706                                                        │ wire20705/A                │ met1  │
│ 1.16  │ 463.53  │ 400.00   │ net30436                                                        │ _063062_/A                 │ met1  │
│ 1.16  │ 462.97  │ 400.00   │ net7244                                                         │ _077262_/A                 │ met1  │
│ 1.16  │ 462.88  │ 400.00   │ net30666                                                        │ _074558_/B2                │ met3  │
│ 1.16  │ 462.88  │ 400.00   │ net30666                                                        │ _075684_/A2                │ met3  │
│ 1.16  │ 462.88  │ 400.00   │ net30666                                                        │ _076931_/A2                │ met3  │
│ 1.16  │ 462.41  │ 400.00   │ net31357                                                        │ _075581_/B2                │ met1  │
│ 1.16  │ 462.37  │ 400.00   │ net19609                                                        │ fanout19540/A              │ met1  │
│ 1.15  │ 461.67  │ 400.00   │ _018718_                                                        │ _074414_/A1                │ met1  │
│ 1.15  │ 461.55  │ 400.00   │ net7108                                                         │ _071476_/B2                │ met1  │
│ 1.15  │ 461.35  │ 400.00   │ net31098                                                        │ _072964_/A2                │ met2  │
│ 1.15  │ 461.35  │ 400.00   │ net31098                                                        │ _076014_/A2                │ met2  │
│ 1.15  │ 461.16  │ 400.00   │ net7863                                                         │ _075701_/B2                │ met1  │
│ 1.15  │ 461.11  │ 400.00   │ net7906                                                         │ _074456_/B2                │ met2  │
│ 1.15  │ 460.91  │ 400.00   │ net7812                                                         │ _077086_/A2                │ met3  │
│ 1.15  │ 460.57  │ 400.00   │ net21957                                                        │ wire21956/A                │ met1  │
│ 1.15  │ 460.46  │ 400.00   │ net4387                                                         │ _072184_/B2                │ met2  │
│ 1.15  │ 460.31  │ 400.00   │ net10541                                                        │ _075596_/B                 │ met1  │
│ 1.15  │ 460.17  │ 400.00   │ net4539                                                         │ max_cap30705/A             │ met3  │
│ 1.15  │ 460.08  │ 400.00   │ net31901                                                        │ _075824_/A2                │ met2  │
│ 1.15  │ 459.81  │ 400.00   │ _027281_                                                        │ _078640_/A2                │ met1  │
│ 1.15  │ 4215.79 │ 3669.20  │ net6505                                                         │ _076250_/B2                │ met4  │
│ 1.15  │ 459.50  │ 400.00   │ cpu_inst.CORE.core_i.alu_operand_a_ex[22\]                      │ hold47416/A                │ met1  │
│ 1.15  │ 459.49  │ 400.00   │ net30945                                                        │ _074045_/A1                │ met3  │
│ 1.15  │ 459.41  │ 400.00   │ net14016                                                        │ _074446_/A1                │ met2  │
│ 1.15  │ 459.24  │ 400.00   │ clknet_leaf_1_clk_i                                             │ clkload1/A                 │ met1  │
│ 1.15  │ 3192.25 │ 2781.50  │ _056834_                                                        │ _115810_/A0                │ met3  │
│ 1.15  │ 4296.86 │ 3744.80  │ _019869_                                                        │ _078744_/A2                │ met3  │
│ 1.15  │ 4208.63 │ 3669.20  │ net16179                                                        │ _113701_/A1                │ met3  │
│ 1.15  │ 3799.75 │ 3312.80  │ net30725                                                        │ _074887_/A                 │ met3  │
│ 1.15  │ 458.59  │ 400.00   │ _023726_                                                        │ _075138_/A1                │ met1  │
│ 1.14  │ 457.97  │ 400.00   │ net30793                                                        │ _074098_/A2                │ met3  │
│ 1.14  │ 457.97  │ 400.00   │ net30793                                                        │ _078553_/A2                │ met3  │
│ 1.14  │ 457.97  │ 400.00   │ net30793                                                        │ _078881_/A1                │ met3  │
│ 1.14  │ 4196.83 │ 3669.20  │ net31900                                                        │ _071935_/B                 │ met4  │
│ 1.14  │ 4193.81 │ 3669.20  │ net2599                                                         │ _075849_/A3                │ met4  │
│ 1.14  │ 457.14  │ 400.00   │ net47957                                                        │ _106630_/A1_N              │ met1  │
│ 1.14  │ 4191.11 │ 3669.20  │ net16191                                                        │ _113647_/A1                │ met3  │
│ 1.14  │ 456.88  │ 400.00   │ net7142                                                         │ _071986_/A1                │ met1  │
│ 1.14  │ 456.78  │ 400.00   │ net3245                                                         │ _114402_/A0                │ met1  │
│ 1.14  │ 456.53  │ 400.00   │ net1796                                                         │ _076477_/B1                │ met2  │
│ 1.14  │ 456.44  │ 400.00   │ net31297                                                        │ _074266_/A1                │ met3  │
│ 1.14  │ 4185.27 │ 3669.20  │ net16183                                                        │ _113667_/A1                │ met3  │
│ 1.14  │ 455.49  │ 400.00   │ _019415_                                                        │ _072993_/C_N               │ met2  │
│ 1.14  │ 455.49  │ 400.00   │ _019415_                                                        │ _072994_/B1                │ met2  │
│ 1.14  │ 3770.54 │ 3312.80  │ net2505                                                         │ _116287_/B                 │ met3  │
│ 1.14  │ 455.09  │ 400.00   │ yz_bram_ctrl_inst.yz_ram.u_mem.u_mem.g_2k[1\].u_cell.rdata[16\] │ wire20495/A                │ met3  │
│ 1.14  │ 455.04  │ 400.00   │ net2979                                                         │ _074284_/A1                │ met1  │
│ 1.14  │ 3767.62 │ 3312.80  │ net10816                                                        │ _077529_/A                 │ met3  │
│ 1.14  │ 4167.75 │ 3669.20  │ net16181                                                        │ _113671_/A1                │ met3  │
│ 1.14  │ 454.22  │ 400.00   │ net31357                                                        │ _075581_/B2                │ met2  │
│ 1.14  │ 454.22  │ 400.00   │ net31357                                                        │ _076690_/A1                │ met2  │
│ 1.13  │ 453.98  │ 400.00   │ net4388                                                         │ _075661_/B1                │ met2  │
│ 1.13  │ 453.98  │ 400.00   │ net14245                                                        │ wire14244/A                │ met3  │
│ 1.13  │ 453.75  │ 400.00   │ conv_accelerator_inst.cbuf_raddr[6\]                            │ fanout29110/A              │ met1  │
│ 1.13  │ 453.72  │ 400.00   │ net32247                                                        │ _078101_/A1                │ met3  │
│ 1.13  │ 453.59  │ 400.00   │ net31475                                                        │ _073853_/A2                │ met3  │
│ 1.13  │ 453.40  │ 400.00   │ net31498                                                        │ _072087_/B1                │ met3  │
│ 1.13  │ 3753.02 │ 3312.80  │ net7403                                                         │ _071389_/C                 │ met3  │
│ 1.13  │ 452.93  │ 400.00   │ net30841                                                        │ wire6338/A                 │ met3  │
│ 1.13  │ 452.75  │ 400.00   │ net3565                                                         │ _076311_/B                 │ met2  │
│ 1.13  │ 452.71  │ 400.00   │ net4158                                                         │ _078908_/B2                │ met1  │
│ 1.13  │ 3747.17 │ 3312.80  │ net6363                                                         │ _074281_/B                 │ met3  │
│ 1.13  │ 452.44  │ 400.00   │ net3989                                                         │ wire32102/A                │ met3  │
│ 1.13  │ 452.25  │ 400.00   │ _022114_                                                        │ _073450_/C                 │ met1  │
│ 1.13  │ 452.25  │ 400.00   │ _024209_                                                        │ _075554_/D                 │ met1  │
│ 1.13  │ 3342.16 │ 2956.40  │ _021611_                                                        │ _072945_/A3                │ met3  │
│ 1.13  │ 4146.82 │ 3669.20  │ net32513                                                        │ wire22385/A                │ met4  │
│ 1.13  │ 3743.19 │ 3312.80  │ net30689                                                        │ _075063_/B1                │ met4  │
│ 1.13  │ 451.69  │ 400.00   │ net2182                                                         │ fanout2173/A               │ met1  │
│ 1.13  │ 451.63  │ 400.00   │ _021423_                                                        │ wire10009/A                │ met3  │
│ 1.13  │ 3139.68 │ 2781.50  │ _058180_                                                        │ _117276_/A1                │ met3  │
│ 1.13  │ 451.25  │ 400.00   │ net10196                                                        │ _071434_/A2                │ met3  │
│ 1.13  │ 451.25  │ 400.00   │ net10196                                                        │ _072706_/A2                │ met3  │
│ 1.13  │ 4138.91 │ 3669.20  │ net2063                                                         │ wire2061/A                 │ met4  │
│ 1.13  │ 4138.91 │ 3669.20  │ net2063                                                         │ load_slew2062/A            │ met4  │
│ 1.13  │ 3736.25 │ 3312.80  │ net30938                                                        │ _073846_/A2_N              │ met4  │
│ 1.13  │ 3734.98 │ 3312.80  │ net14278                                                        │ _073226_/B                 │ met3  │
│ 1.13  │ 450.62  │ 400.00   │ net31308                                                        │ _071795_/B2                │ met2  │
│ 1.13  │ 450.55  │ 400.00   │ net31748                                                        │ _070673_/B                 │ met3  │
│ 1.13  │ 450.33  │ 400.00   │ net6732                                                         │ _077842_/B1                │ met1  │
│ 1.12  │ 3125.08 │ 2778.20  │ _057862_                                                        │ _116951_/A1                │ met3  │
│ 1.12  │ 449.72  │ 400.00   │ net31757                                                        │ _075610_/A2                │ met2  │
│ 1.12  │ 449.72  │ 400.00   │ net31757                                                        │ _077379_/B1                │ met2  │
│ 1.12  │ 449.71  │ 400.00   │ net30727                                                        │ _074268_/D                 │ met3  │
│ 1.12  │ 449.68  │ 400.00   │ net8042                                                         │ _077643_/A1                │ met1  │
│ 1.12  │ 449.63  │ 400.00   │ net3418                                                         │ _115314_/A2                │ met1  │
│ 1.12  │ 449.42  │ 400.00   │ net10218                                                        │ _074335_/A2                │ met3  │
│ 1.12  │ 449.00  │ 400.00   │ net31282                                                        │ _073039_/B2                │ met3  │
│ 1.12  │ 448.89  │ 400.00   │ _021010_                                                        │ _072343_/B1                │ met2  │
│ 1.12  │ 448.72  │ 400.00   │ _023480_                                                        │ _074821_/A3                │ met1  │
│ 1.12  │ 448.67  │ 400.00   │ net25865                                                        │ wire25864/A                │ met3  │
│ 1.12  │ 4115.62 │ 3669.20  │ net9964                                                         │ _077254_/A                 │ met3  │
│ 1.12  │ 448.35  │ 400.00   │ net31223                                                        │ wire10830/A                │ met3  │
│ 1.12  │ 448.12  │ 400.00   │ net30912                                                        │ _072921_/B                 │ met3  │
│ 1.12  │ 448.12  │ 400.00   │ net30912                                                        │ _078752_/A2                │ met3  │
│ 1.12  │ 448.02  │ 400.00   │ net21287                                                        │ wire21286/A                │ met1  │
│ 1.12  │ 447.94  │ 400.00   │ net3917                                                         │ _117743_/A1                │ met1  │
│ 1.12  │ 3709.80 │ 3312.80  │ net16316                                                        │ wire16315/A                │ met4  │
│ 1.12  │ 447.89  │ 400.00   │ net20901                                                        │ wire20900/A                │ met1  │
│ 1.12  │ 447.86  │ 400.00   │ _012126_                                                        │ _102083_/A                 │ met1  │
│ 1.12  │ 447.72  │ 400.00   │ net26824                                                        │ _082186_/A0                │ met1  │
│ 1.12  │ 447.71  │ 400.00   │ net7366                                                         │ _073277_/A3                │ met3  │
│ 1.12  │ 4106.01 │ 3669.20  │ net31585                                                        │ _075888_/B1                │ met3  │
│ 1.12  │ 447.58  │ 400.00   │ net4501                                                         │ _073396_/A2                │ met2  │
│ 1.12  │ 3703.37 │ 3312.80  │ net32136                                                        │ _117213_/A0                │ met3  │
│ 1.12  │ 446.95  │ 400.00   │ net31121                                                        │ _071608_/A2                │ met2  │
│ 1.12  │ 446.64  │ 400.00   │ net10802                                                        │ _075911_/A                 │ met2  │
│ 1.12  │ 446.56  │ 400.00   │ net26203                                                        │ _114617_/A                 │ met1  │
│ 1.12  │ 3498.92 │ 3134.60  │ net18027                                                        │ _062770_/B                 │ met3  │
│ 1.12  │ 446.27  │ 400.00   │ net11363                                                        │ _075644_/A1                │ met2  │
│ 1.12  │ 3694.60 │ 3312.80  │ net2612                                                         │ _074600_/D                 │ met3  │
│ 1.11  │ 445.87  │ 400.00   │ _018622_                                                        │ _074064_/B2                │ met2  │
│ 1.11  │ 445.87  │ 400.00   │ _018622_                                                        │ _074417_/A1                │ met2  │
│ 1.11  │ 445.53  │ 400.00   │ net10321                                                        │ _077351_/D                 │ met2  │
│ 1.11  │ 445.31  │ 400.00   │ net31501                                                        │ _072894_/A2                │ met2  │
│ 1.11  │ 444.99  │ 400.00   │ net3588                                                         │ _072455_/A2                │ met3  │
│ 1.11  │ 444.99  │ 400.00   │ net3588                                                         │ _074328_/B                 │ met3  │
│ 1.11  │ 3092.95 │ 2781.50  │ _057599_                                                        │ _116693_/A0                │ met3  │
│ 1.11  │ 3682.41 │ 3312.80  │ net30479                                                        │ _078230_/B                 │ met3  │
│ 1.11  │ 4078.39 │ 3669.20  │ net32708                                                        │ wire22578/A                │ met4  │
│ 1.11  │ 444.31  │ 400.00   │ net12344                                                        │ _074093_/C                 │ met2  │
│ 1.11  │ 444.20  │ 400.00   │ net11601                                                        │ _072068_/A2                │ met2  │
│ 1.11  │ 444.20  │ 400.00   │ net11601                                                        │ _073181_/A1                │ met2  │
│ 1.11  │ 444.14  │ 400.00   │ net4174                                                         │ _077096_/C1                │ met1  │
│ 1.11  │ 443.99  │ 400.00   │ net8071                                                         │ _072848_/B2                │ met3  │
│ 1.11  │ 443.99  │ 400.00   │ net8071                                                         │ wire8070/A                 │ met3  │
│ 1.11  │ 443.97  │ 400.00   │ net21014                                                        │ wire21013/A                │ met1  │
│ 1.11  │ 443.78  │ 400.00   │ net2659                                                         │ _100442_/A1                │ met1  │
│ 1.11  │ 4070.79 │ 3669.20  │ net30646                                                        │ _076496_/B2                │ met4  │
│ 1.11  │ 443.19  │ 400.00   │ _021992_                                                        │ _073334_/B                 │ met1  │
│ 1.11  │ 443.18  │ 400.00   │ net18848                                                        │ wire18847/A                │ met3  │
│ 1.11  │ 443.18  │ 400.00   │ net31128                                                        │ _072384_/B2                │ met1  │
│ 1.11  │ 443.08  │ 400.00   │ net3216                                                         │ _114400_/A0                │ met1  │
│ 1.11  │ 443.08  │ 400.00   │ net3626                                                         │ wire3625/A                 │ met3  │
│ 1.11  │ 3667.94 │ 3312.80  │ net2610                                                         │ _074812_/B                 │ met3  │
│ 1.11  │ 3469.71 │ 3134.60  │ net30605                                                        │ _074980_/B                 │ met3  │
│ 1.11  │ 442.39  │ 400.00   │ net30846                                                        │ _075473_/B2                │ met3  │
│ 1.11  │ 442.39  │ 400.00   │ net30846                                                        │ _078195_/B1                │ met3  │
│ 1.11  │ 4057.86 │ 3669.20  │ net32653                                                        │ wire22582/A                │ met4  │
│ 1.11  │ 442.34  │ 400.00   │ _020921_                                                        │ _072253_/A2_N              │ met1  │
│ 1.11  │ 442.34  │ 400.00   │ net21842                                                        │ wire21841/A                │ met1  │
│ 1.11  │ 442.28  │ 400.00   │ net3384                                                         │ _114420_/A0                │ met2  │
│ 1.10  │ 441.92  │ 400.00   │ net27765                                                        │ _106691_/A2_N              │ met1  │
│ 1.10  │ 441.88  │ 400.00   │ net31503                                                        │ _079053_/A2                │ met2  │
│ 1.10  │ 441.75  │ 400.00   │ _057599_                                                        │ _116693_/A0                │ met1  │
│ 1.10  │ 441.58  │ 400.00   │ net31132                                                        │ _072102_/B                 │ met3  │
│ 1.10  │ 441.58  │ 400.00   │ net31132                                                        │ _073876_/A1                │ met3  │
│ 1.10  │ 441.58  │ 400.00   │ net31132                                                        │ _074062_/A1                │ met3  │
│ 1.10  │ 3655.95 │ 3312.80  │ net11403                                                        │ _074271_/A1                │ met3  │
│ 1.10  │ 441.38  │ 400.00   │ QSPI_IO0                                                        │ load_slew30313/A           │ met2  │
│ 1.10  │ 3065.52 │ 2778.20  │ _024949_                                                        │ _076307_/B                 │ met4  │
│ 1.10  │ 440.84  │ 400.00   │ net30846                                                        │ _072470_/A2                │ met2  │
│ 1.10  │ 440.73  │ 400.00   │ net31450                                                        │ _071212_/A                 │ met3  │
│ 1.10  │ 440.73  │ 400.00   │ net31450                                                        │ wire11373/A                │ met3  │
│ 1.10  │ 440.32  │ 400.00   │ net20773                                                        │ wire20772/A                │ met1  │
│ 1.10  │ 440.22  │ 400.00   │ _044597_                                                        │ _101581_/A                 │ met1  │
│ 1.10  │ 440.14  │ 400.00   │ net8264                                                         │ _114397_/A0                │ met1  │
│ 1.10  │ 439.95  │ 400.00   │ net13973                                                        │ _077878_/A1                │ met1  │
│ 1.10  │ 439.90  │ 400.00   │ yz_bram_ctrl_inst.yz_ram.u_mem.u_mem.g_2k[0\].u_cell.rdata[3\]  │ wire20645/A                │ met3  │
│ 1.10  │ 439.84  │ 400.00   │ net31914                                                        │ _072363_/B1                │ met2  │
│ 1.10  │ 439.70  │ 400.00   │ net10859                                                        │ _077650_/B2                │ met1  │
│ 1.10  │ 3445.46 │ 3134.60  │ net2855                                                         │ _078208_/B                 │ met4  │
│ 1.10  │ 439.31  │ 400.00   │ net10737                                                        │ _075831_/A2                │ met3  │
│ 1.10  │ 439.31  │ 400.00   │ net10737                                                        │ _078223_/A2                │ met3  │
│ 1.10  │ 3048.25 │ 2778.20  │ _025237_                                                        │ _076724_/B1_N              │ met4  │
│ 1.10  │ 438.72  │ 400.00   │ net30944                                                        │ _070521_/A3                │ met3  │
│ 1.10  │ 438.29  │ 400.00   │ net4898                                                         │ _078672_/C                 │ met3  │
│ 1.10  │ 438.26  │ 400.00   │ net10600                                                        │ _076624_/A2                │ met1  │
│ 1.10  │ 438.17  │ 400.00   │ net13986                                                        │ _069939_/B1                │ met3  │
│ 1.10  │ 438.17  │ 400.00   │ net13986                                                        │ _072168_/B                 │ met3  │
│ 1.10  │ 438.17  │ 400.00   │ net13986                                                        │ _072652_/B                 │ met3  │
│ 1.10  │ 438.14  │ 400.00   │ net19281                                                        │ _075969_/A                 │ met1  │
│ 1.09  │ 437.97  │ 400.00   │ net24456                                                        │ _066871_/A                 │ met1  │
│ 1.09  │ 437.92  │ 400.00   │ _009343_                                                        │ _090659_/B2                │ met1  │
│ 1.09  │ 4015.87 │ 3669.20  │ net7428                                                         │ _078880_/A2                │ met3  │
│ 1.09  │ 437.79  │ 400.00   │ _019755_                                                        │ _073385_/B                 │ met2  │
│ 1.09  │ 437.79  │ 400.00   │ _019755_                                                        │ _076853_/A3                │ met2  │
│ 1.09  │ 3621.46 │ 3312.80  │ net30624                                                        │ _071244_/B                 │ met3  │
│ 1.09  │ 437.24  │ 400.00   │ net12444                                                        │ _078262_/B1                │ met3  │
│ 1.09  │ 437.13  │ 400.00   │ net11286                                                        │ _074826_/A2                │ met2  │
│ 1.09  │ 3422.73 │ 3134.60  │ net2602                                                         │ _075647_/A                 │ met3  │
│ 1.09  │ 3421.48 │ 3134.60  │ net2915                                                         │ _078430_/B1                │ met4  │
│ 1.09  │ 436.58  │ 400.00   │ net31081                                                        │ _072453_/B                 │ met3  │
│ 1.09  │ 436.58  │ 400.00   │ net31081                                                        │ wire4646/A                 │ met3  │
│ 1.09  │ 4003.12 │ 3669.20  │ net31602                                                        │ _075803_/B2                │ met4  │
│ 1.09  │ 436.33  │ 400.00   │ net12782                                                        │ _074411_/A                 │ met1  │
│ 1.09  │ 436.08  │ 400.00   │ net7699                                                         │ _074209_/A1                │ met1  │
│ 1.09  │ 3028.70 │ 2778.20  │ _056271_                                                        │ _115225_/B                 │ met3  │
│ 1.09  │ 435.96  │ 400.00   │ net6192                                                         │ _075009_/A2                │ met3  │
│ 1.09  │ 435.96  │ 400.00   │ net6192                                                         │ _075037_/A2                │ met3  │
│ 1.09  │ 435.96  │ 400.00   │ net6192                                                         │ _078398_/A2                │ met3  │
│ 1.09  │ 435.95  │ 400.00   │ net2999                                                         │ wire2998/A                 │ met1  │
│ 1.09  │ 435.62  │ 400.00   │ net2598                                                         │ _076011_/C1                │ met3  │
│ 1.09  │ 435.16  │ 400.00   │ net3856                                                         │ wire3855/A                 │ met1  │
│ 1.09  │ 434.88  │ 400.00   │ net6938                                                         │ _072891_/A1                │ met1  │
│ 1.09  │ 434.84  │ 400.00   │ net30711                                                        │ _073744_/A1                │ met3  │
│ 1.09  │ 434.84  │ 400.00   │ net30711                                                        │ _077606_/B2                │ met3  │
│ 1.09  │ 434.68  │ 400.00   │ net20712                                                        │ wire20711/A                │ met1  │
│ 1.09  │ 434.61  │ 400.00   │ net30939                                                        │ _072903_/B                 │ met2  │
│ 1.09  │ 434.26  │ 400.00   │ net10375                                                        │ _072167_/A1                │ met3  │
│ 1.09  │ 434.16  │ 400.00   │ net17304                                                        │ wire17303/A                │ met1  │
│ 1.08  │ 3017.02 │ 2781.50  │ _018212_                                                        │ _069479_/A                 │ met3  │
│ 1.08  │ 433.82  │ 400.00   │ net17820                                                        │ _076983_/A1                │ met1  │
│ 1.08  │ 433.79  │ 400.00   │ net4603                                                         │ wire4601/A                 │ met3  │
│ 1.08  │ 433.71  │ 400.00   │ net20821                                                        │ wire20820/A                │ met1  │
│ 1.08  │ 433.53  │ 400.00   │ conv_accelerator_inst.acc[240\]                                 │ _066550_/A                 │ met1  │
│ 1.08  │ 433.53  │ 400.00   │ net26975                                                        │ _082506_/A1                │ met1  │
│ 1.08  │ 433.39  │ 400.00   │ net30462                                                        │ _076981_/B1                │ met2  │
│ 1.08  │ 433.03  │ 400.00   │ _049091_                                                        │ _106155_/B                 │ met1  │
│ 1.08  │ 432.98  │ 400.00   │ net32309                                                        │ wire5279/A                 │ met1  │
│ 1.08  │ 432.96  │ 400.00   │ net5173                                                         │ _074352_/B2                │ met3  │
│ 1.08  │ 3005.08 │ 2778.20  │ _023493_                                                        │ _074834_/C_N               │ met4  │
│ 1.08  │ 432.56  │ 400.00   │ net32273                                                        │ wire3949/A                 │ met1  │
│ 1.08  │ 3967.03 │ 3669.20  │ net6366                                                         │ _076106_/A2                │ met3  │
│ 1.08  │ 432.33  │ 400.00   │ _009357_                                                        │ _093331_/B1                │ met1  │
│ 1.08  │ 431.98  │ 400.00   │ net6240                                                         │ _078343_/A3                │ met2  │
│ 1.08  │ 431.86  │ 400.00   │ net5058                                                         │ _072866_/B2                │ met2  │
│ 1.08  │ 3575.85 │ 3312.80  │ net1645                                                         │ _072479_/A0                │ met3  │
│ 1.08  │ 431.75  │ 400.00   │ net4888                                                         │ _073121_/A2                │ met1  │
│ 1.08  │ 431.72  │ 400.00   │ net13112                                                        │ _072605_/A                 │ met1  │
│ 1.08  │ 431.69  │ 400.00   │ _019183_                                                        │ _078757_/A1                │ met2  │
│ 1.08  │ 431.57  │ 400.00   │ _020732_                                                        │ _072063_/A2                │ met1  │
│ 1.08  │ 431.29  │ 400.00   │ net7058                                                         │ _076083_/A1                │ met3  │
│ 1.08  │ 431.29  │ 400.00   │ net20560                                                        │ wire20559/A                │ met1  │
│ 1.08  │ 431.20  │ 400.00   │ net21032                                                        │ wire21031/A                │ met1  │
│ 1.08  │ 431.19  │ 400.00   │ net6829                                                         │ _078046_/B1                │ met2  │
│ 1.08  │ 431.16  │ 400.00   │ net11470                                                        │ _078568_/B2                │ met1  │
│ 1.08  │ 2993.65 │ 2778.20  │ _022543_                                                        │ _073881_/C                 │ met3  │
│ 1.08  │ 430.85  │ 400.00   │ net10309                                                        │ _075601_/A2                │ met2  │
│ 1.08  │ 430.85  │ 400.00   │ net31376                                                        │ _077873_/C1                │ met2  │
│ 1.08  │ 430.64  │ 400.00   │ yz_bram_ctrl_inst.yz_ram.u_mem.u_mem.g_2k[0\].u_cell.rdata[0\]  │ wire21043/A                │ met3  │
│ 1.08  │ 430.63  │ 400.00   │ net3712                                                         │ _076378_/C                 │ met3  │
│ 1.08  │ 430.63  │ 400.00   │ net3712                                                         │ _077626_/A2                │ met3  │
│ 1.08  │ 3565.32 │ 3312.80  │ net2920                                                         │ _073763_/C1                │ met3  │
│ 1.08  │ 430.32  │ 400.00   │ net31093                                                        │ _077812_/A3                │ met3  │
│ 1.08  │ 430.32  │ 400.00   │ net31093                                                        │ wire6823/A                 │ met3  │
│ 1.08  │ 430.20  │ 400.00   │ _024409_                                                        │ _075755_/A2                │ met1  │
│ 1.07  │ 429.86  │ 400.00   │ net32234                                                        │ _067641_/B                 │ met2  │
│ 1.07  │ 429.86  │ 400.00   │ net32234                                                        │ wire5226/A                 │ met2  │
│ 1.07  │ 429.75  │ 400.00   │ net27508                                                        │ _107503_/C                 │ met1  │
│ 1.07  │ 429.74  │ 400.00   │ net31463                                                        │ _071153_/B2                │ met3  │
│ 1.07  │ 429.72  │ 400.00   │ net4303                                                         │ _078128_/B1                │ met1  │
│ 1.07  │ 429.71  │ 400.00   │ net20649                                                        │ wire20648/A                │ met1  │
│ 1.07  │ 429.67  │ 400.00   │ net16880                                                        │ fanout16867/A              │ met2  │
│ 1.07  │ 429.66  │ 400.00   │ net21279                                                        │ wire21278/A                │ met1  │
│ 1.07  │ 429.58  │ 400.00   │ net16358                                                        │ _076288_/A1                │ met3  │
│ 1.07  │ 429.38  │ 400.00   │ net2938                                                         │ _072593_/A3                │ met2  │
│ 1.07  │ 429.33  │ 400.00   │ net31057                                                        │ wire31056/A                │ met3  │
│ 1.07  │ 429.31  │ 400.00   │ cpu_inst.CORE.core_i.ex_stage_i.mult_i.op_b_i[24\]              │ _102959_/A1                │ met2  │
│ 1.07  │ 429.27  │ 400.00   │ net21199                                                        │ wire21198/A                │ met1  │
│ 1.07  │ 428.99  │ 400.00   │ net6557                                                         │ wire31571/A                │ met3  │
│ 1.07  │ 2979.17 │ 2778.20  │ _027069_                                                        │ _078428_/B                 │ met4  │
│ 1.07  │ 2978.72 │ 2778.20  │ _011345_                                                        │ _061599_/A2                │ met3  │
│ 1.07  │ 428.81  │ 400.00   │ net17846                                                        │ wire17845/A                │ met1  │
│ 1.07  │ 428.61  │ 400.00   │ net18372                                                        │ wire18371/A                │ met1  │
│ 1.07  │ 428.61  │ 400.00   │ net20597                                                        │ wire20596/A                │ met1  │
│ 1.07  │ 428.56  │ 400.00   │ net25985                                                        │ _117296_/A                 │ met1  │
│ 1.07  │ 428.50  │ 400.00   │ net44                                                           │ _063682_/C_N               │ met1  │
│ 1.07  │ 428.41  │ 400.00   │ net7418                                                         │ _075651_/A3                │ met3  │
│ 1.07  │ 428.32  │ 400.00   │ net6193                                                         │ _073771_/A3                │ met3  │
│ 1.07  │ 427.68  │ 400.00   │ net20355                                                        │ _064849_/A1                │ met1  │
│ 1.07  │ 427.66  │ 400.00   │ net6508                                                         │ _071957_/B1                │ met3  │
│ 1.07  │ 427.66  │ 400.00   │ net6508                                                         │ _071976_/A2                │ met3  │
│ 1.07  │ 427.66  │ 400.00   │ net6508                                                         │ _072678_/A2                │ met3  │
│ 1.07  │ 427.66  │ 400.00   │ net6508                                                         │ _072699_/A2                │ met3  │
│ 1.07  │ 427.66  │ 400.00   │ net6508                                                         │ _073057_/A2                │ met3  │
│ 1.07  │ 427.65  │ 400.00   │ net16765                                                        │ wire16764/A                │ met1  │
│ 1.07  │ 427.62  │ 400.00   │ net30754                                                        │ _074383_/A1                │ met3  │
│ 1.07  │ 427.62  │ 400.00   │ net30754                                                        │ _076768_/A1                │ met3  │
│ 1.07  │ 427.49  │ 400.00   │ net30622                                                        │ _075387_/C1                │ met3  │
│ 1.07  │ 427.49  │ 400.00   │ net31572                                                        │ _076113_/A2                │ met3  │
│ 1.07  │ 427.35  │ 400.00   │ _019530_                                                        │ _073947_/A2                │ met2  │
│ 1.07  │ 427.31  │ 400.00   │ net12455                                                        │ _078865_/B1                │ met1  │
│ 1.07  │ 427.28  │ 400.00   │ net11985                                                        │ _118835_/B                 │ met1  │
│ 1.07  │ 427.14  │ 400.00   │ _029264_                                                        │ _085156_/B                 │ met1  │
│ 1.07  │ 3915.48 │ 3669.20  │ net17663                                                        │ fanout17649/A              │ met3  │
│ 1.07  │ 426.82  │ 400.00   │ instr_bram_ctrl_inst.instr_ram.u_mem.g_2k[1\].u_cell.rdata[23\] │ _114288_/A1                │ met4  │
│ 1.07  │ 426.76  │ 400.00   │ _019158_                                                        │ _077049_/A2                │ met3  │
│ 1.07  │ 426.75  │ 400.00   │ net31953                                                        │ _076765_/B                 │ met3  │
│ 1.07  │ 426.71  │ 400.00   │ net20620                                                        │ wire20619/A                │ met1  │
│ 1.07  │ 426.71  │ 400.00   │ net21568                                                        │ wire21567/A                │ met1  │
│ 1.07  │ 426.60  │ 400.00   │ net17540                                                        │ wire17539/A                │ met1  │
│ 1.07  │ 426.58  │ 400.00   │ net20962                                                        │ wire20961/A                │ met1  │
│ 1.07  │ 3910.92 │ 3669.20  │ net3384                                                         │ _114420_/A0                │ met3  │
│ 1.07  │ 426.16  │ 400.00   │ _018582_                                                        │ _069986_/A1                │ met3  │
│ 1.07  │ 426.16  │ 400.00   │ _018582_                                                        │ _071866_/B                 │ met3  │
│ 1.07  │ 426.05  │ 400.00   │ net11377                                                        │ _075928_/A1                │ met2  │
│ 1.07  │ 426.05  │ 400.00   │ net11377                                                        │ _078034_/A2                │ met2  │
│ 1.07  │ 426.05  │ 400.00   │ net11377                                                        │ _078092_/A1                │ met2  │
│ 1.07  │ 426.01  │ 400.00   │ yz_bram_ctrl_inst.yz_ram.u_mem.u_mem.g_1k.u_cell.rdata[2\]      │ wire21069/A                │ met3  │
│ 1.06  │ 425.76  │ 400.00   │ net31896                                                        │ _070511_/A                 │ met3  │
│ 1.06  │ 425.76  │ 400.00   │ net31896                                                        │ _071746_/A2                │ met3  │
│ 1.06  │ 425.76  │ 400.00   │ net31896                                                        │ _078375_/B2                │ met3  │
│ 1.06  │ 3525.21 │ 3312.80  │ net30656                                                        │ _076468_/B                 │ met3  │
│ 1.06  │ 425.61  │ 400.00   │ instr_bram_ctrl_inst.instr_ram.u_mem.g_2k[1\].u_cell.rdata[16\] │ _114274_/A1                │ met4  │
│ 1.06  │ 425.61  │ 400.00   │ instr_bram_ctrl_inst.instr_ram.u_mem.g_2k[1\].u_cell.rdata[26\] │ _114294_/A1                │ met4  │
│ 1.06  │ 2955.56 │ 2778.20  │ _022352_                                                        │ _073689_/D                 │ met3  │
│ 1.06  │ 425.42  │ 400.00   │ net5998                                                         │ _077164_/B1                │ met2  │
│ 1.06  │ 425.33  │ 400.00   │ net26814                                                        │ wire26813/A                │ met1  │
│ 1.06  │ 3522.29 │ 3312.80  │ net10925                                                        │ _075895_/C                 │ met3  │
│ 1.06  │ 425.22  │ 400.00   │ net21629                                                        │ wire21628/A                │ met1  │
│ 1.06  │ 425.22  │ 400.00   │ net27538                                                        │ _109891_/C                 │ met1  │
│ 1.06  │ 425.20  │ 400.00   │ net7626                                                         │ _074371_/B2                │ met3  │
│ 1.06  │ 425.20  │ 400.00   │ net7626                                                         │ wire7625/A                 │ met3  │
│ 1.06  │ 425.08  │ 400.00   │ net21523                                                        │ wire21522/A                │ met1  │
│ 1.06  │ 425.00  │ 400.00   │ net20419                                                        │ wire20418/A                │ met1  │
│ 1.06  │ 424.99  │ 400.00   │ _024798_                                                        │ _076145_/B1                │ met1  │
│ 1.06  │ 424.69  │ 400.00   │ net16207                                                        │ _107102_/C                 │ met1  │
│ 1.06  │ 424.69  │ 400.00   │ net21379                                                        │ wire21378/A                │ met1  │
│ 1.06  │ 424.68  │ 400.00   │ net2315                                                         │ wire2314/A                 │ met1  │
│ 1.06  │ 424.36  │ 400.00   │ net30951                                                        │ _076455_/A1                │ met2  │
│ 1.06  │ 424.28  │ 400.00   │ net5192                                                         │ _078740_/A1                │ met1  │
│ 1.06  │ 424.21  │ 400.00   │ net4519                                                         │ wire4518/A                 │ met2  │
│ 1.06  │ 424.12  │ 400.00   │ net3775                                                         │ _073801_/B2                │ met2  │
│ 1.06  │ 424.12  │ 400.00   │ net20233                                                        │ wire20232/A                │ met1  │
│ 1.06  │ 423.97  │ 400.00   │ conv_accelerator_inst.acc[174\]                                 │ _088566_/A                 │ met1  │
│ 1.06  │ 423.79  │ 400.00   │ net30498                                                        │ _074270_/A1                │ met3  │
│ 1.06  │ 423.72  │ 400.00   │ net21687                                                        │ wire21686/A                │ met1  │
│ 1.06  │ 423.49  │ 400.00   │ net12488                                                        │ wire12487/A                │ met2  │
│ 1.06  │ 423.33  │ 400.00   │ net30819                                                        │ wire30818/A                │ met3  │
│ 1.06  │ 423.32  │ 400.00   │ net20610                                                        │ wire20609/A                │ met1  │
│ 1.06  │ 423.19  │ 400.00   │ net20816                                                        │ wire20815/A                │ met1  │
│ 1.06  │ 423.19  │ 400.00   │ net20890                                                        │ wire20889/A                │ met1  │
│ 1.06  │ 423.19  │ 400.00   │ net20994                                                        │ wire20993/A                │ met1  │
│ 1.06  │ 3881.70 │ 3669.20  │ net30612                                                        │ _071666_/B1                │ met3  │
│ 1.06  │ 423.04  │ 400.00   │ net6978                                                         │ _072148_/A2                │ met2  │
│ 1.06  │ 3134.38 │ 2964.40  │ _020244_                                                        │ _071648_/B1                │ met4  │
│ 1.06  │ 422.75  │ 400.00   │ net49347                                                        │ _105584_/A0                │ met1  │
│ 1.06  │ 2935.24 │ 2778.20  │ _017880_                                                        │ _069129_/A0                │ met3  │
│ 1.06  │ 422.53  │ 400.00   │ _018686_                                                        │ _076445_/C                 │ met2  │
│ 1.06  │ 422.53  │ 400.00   │ _020691_                                                        │ _078515_/B2                │ met2  │
│ 1.06  │ 422.45  │ 400.00   │ net17121                                                        │ wire17120/A                │ met1  │
│ 1.06  │ 422.40  │ 400.00   │ net27974                                                        │ _108688_/A1_N              │ met1  │
│ 1.06  │ 3497.27 │ 3312.80  │ net2414                                                         │ _070809_/D                 │ met4  │
│ 1.06  │ 422.24  │ 400.00   │ net6306                                                         │ _075271_/A2                │ met3  │
│ 1.06  │ 422.24  │ 400.00   │ net6309                                                         │ _072171_/B1                │ met3  │
│ 1.06  │ 422.09  │ 400.00   │ net21508                                                        │ wire21507/A                │ met1  │
│ 1.06  │ 422.09  │ 400.00   │ net21941                                                        │ wire21940/A                │ met1  │
│ 1.05  │ 422.00  │ 400.00   │ net21034                                                        │ wire21033/A                │ met1  │
│ 1.05  │ 3868.57 │ 3669.20  │ net1633                                                         │ _128311_/D                 │ met4  │
│ 1.05  │ 421.61  │ 400.00   │ net21349                                                        │ wire21348/A                │ met1  │
│ 1.05  │ 421.58  │ 400.00   │ net3731                                                         │ _072193_/B2                │ met3  │
│ 1.05  │ 421.58  │ 400.00   │ net3731                                                         │ _077786_/A1                │ met3  │
│ 1.05  │ 421.56  │ 400.00   │ net21482                                                        │ wire21481/A                │ met1  │
│ 1.05  │ 421.40  │ 400.00   │ net10238                                                        │ _075559_/A2                │ met1  │
│ 1.05  │ 421.38  │ 400.00   │ yz_bram_ctrl_inst.yz_ram.u_mem.u_mem.g_1k.u_cell.rdata[7\]      │ wire21050/A                │ met3  │
│ 1.05  │ 421.38  │ 400.00   │ yz_bram_ctrl_inst.yz_ram.u_mem.u_mem.g_2k[2\].u_cell.rdata[2\]  │ _064774_/A2                │ met4  │
│ 1.05  │ 421.38  │ 400.00   │ yz_bram_ctrl_inst.yz_ram.u_mem.u_mem.g_2k[3\].u_cell.rdata[17\] │ wire20212/A                │ met3  │
│ 1.05  │ 421.17  │ 400.00   │ net21383                                                        │ wire21382/A                │ met1  │
│ 1.05  │ 421.06  │ 400.00   │ _023081_                                                        │ _074421_/A2                │ met2  │
│ 1.05  │ 421.03  │ 400.00   │ net20193                                                        │ wire20192/A                │ met1  │
│ 1.05  │ 421.03  │ 400.00   │ net21411                                                        │ wire21410/A                │ met1  │
│ 1.05  │ 420.88  │ 400.00   │ net10290                                                        │ _071237_/B                 │ met3  │
│ 1.05  │ 420.82  │ 400.00   │ net7315                                                         │ _073211_/B1                │ met3  │
│ 1.05  │ 420.82  │ 400.00   │ net7315                                                         │ _078621_/A2                │ met3  │
│ 1.05  │ 420.79  │ 400.00   │ net6736                                                         │ wire6735/A                 │ met3  │
│ 1.05  │ 420.75  │ 400.00   │ net331                                                          │ _112445_/A_N               │ met1  │
│ 1.05  │ 420.75  │ 400.00   │ net4242                                                         │ _077261_/B1                │ met3  │
│ 1.05  │ 420.75  │ 400.00   │ net17168                                                        │ _078400_/A1                │ met3  │
│ 1.05  │ 420.51  │ 400.00   │ net20939                                                        │ wire20938/A                │ met1  │
│ 1.05  │ 3857.29 │ 3669.20  │ net30716                                                        │ _075701_/B1                │ met4  │
│ 1.05  │ 3857.29 │ 3669.20  │ net30716                                                        │ _077859_/C                 │ met4  │
│ 1.05  │ 420.38  │ 400.00   │ net17586                                                        │ _074734_/A2                │ met1  │
│ 1.05  │ 420.23  │ 400.00   │ net6314                                                         │ _071956_/A                 │ met3  │
│ 1.05  │ 420.23  │ 400.00   │ net6314                                                         │ _078034_/B2                │ met3  │
│ 1.05  │ 420.07  │ 400.00   │ net20175                                                        │ wire20174/A                │ met1  │
│ 1.05  │ 420.07  │ 400.00   │ net21221                                                        │ wire21220/A                │ met1  │
│ 1.05  │ 420.01  │ 400.00   │ net10770                                                        │ _071483_/B                 │ met3  │
│ 1.05  │ 420.01  │ 400.00   │ net10770                                                        │ _071981_/B2                │ met3  │
│ 1.05  │ 419.94  │ 400.00   │ net16344                                                        │ wire16343/A                │ met1  │
│ 1.05  │ 419.71  │ 400.00   │ net20847                                                        │ wire20846/A                │ met1  │
│ 1.05  │ 419.67  │ 400.00   │ net21454                                                        │ wire21453/A                │ met1  │
│ 1.05  │ 419.67  │ 400.00   │ net21529                                                        │ wire21528/A                │ met1  │
│ 1.05  │ 419.54  │ 400.00   │ net21438                                                        │ wire21437/A                │ met1  │
│ 1.05  │ 419.54  │ 400.00   │ net21531                                                        │ wire21530/A                │ met1  │
│ 1.05  │ 419.54  │ 400.00   │ net21573                                                        │ wire21572/A                │ met1  │
│ 1.05  │ 419.54  │ 400.00   │ net21585                                                        │ wire21584/A                │ met1  │
│ 1.05  │ 419.53  │ 400.00   │ _017371_                                                        │ _068940_/B                 │ met1  │
│ 1.05  │ 419.51  │ 400.00   │ net24516                                                        │ wire24515/A                │ met1  │
│ 1.05  │ 419.41  │ 400.00   │ net31821                                                        │ _071945_/B2                │ met3  │
│ 1.05  │ 419.41  │ 400.00   │ net31821                                                        │ _076639_/A1                │ met3  │
│ 1.05  │ 419.39  │ 400.00   │ net10543                                                        │ _073634_/A1                │ met3  │
│ 1.05  │ 419.30  │ 400.00   │ net21289                                                        │ wire21288/A                │ met1  │
│ 1.05  │ 3471.37 │ 3312.80  │ net10167                                                        │ _078264_/C                 │ met4  │
│ 1.05  │ 419.14  │ 400.00   │ net20958                                                        │ wire20957/A                │ met1  │
│ 1.05  │ 419.14  │ 400.00   │ net21382                                                        │ wire21381/A                │ met1  │
│ 1.05  │ 419.01  │ 400.00   │ net21442                                                        │ wire21441/A                │ met1  │
│ 1.05  │ 3842.92 │ 3669.20  │ net2121                                                         │ _078850_/B                 │ met3  │
│ 1.05  │ 418.71  │ 400.00   │ net4747                                                         │ _071498_/A2                │ met2  │
│ 1.05  │ 418.57  │ 400.00   │ yz_bram_ctrl_inst.yz_ram.u_mem.u_mem.g_2k[2\].u_cell.rdata[13\] │ _064795_/A2                │ met4  │
│ 1.05  │ 418.48  │ 400.00   │ net21615                                                        │ wire21614/A                │ met1  │
│ 1.05  │ 418.48  │ 400.00   │ net21668                                                        │ wire21667/A                │ met1  │
│ 1.05  │ 418.44  │ 400.00   │ net4011                                                         │ _118818_/A0                │ met1  │
│ 1.05  │ 418.19  │ 400.00   │ net31437                                                        │ _074651_/A1                │ met1  │
│ 1.05  │ 418.04  │ 400.00   │ net21262                                                        │ wire21261/A                │ met1  │
│ 1.05  │ 418.04  │ 400.00   │ net21453                                                        │ wire21452/A                │ met1  │
│ 1.05  │ 418.04  │ 400.00   │ net21528                                                        │ wire21527/A                │ met1  │
│ 1.05  │ 418.04  │ 400.00   │ net21917                                                        │ wire21916/A                │ met1  │
│ 1.04  │ 417.84  │ 400.00   │ net10510                                                        │ _074149_/A1                │ met1  │
│ 1.04  │ 3274.03 │ 3134.60  │ net3506                                                         │ _075512_/B                 │ met3  │
│ 1.04  │ 417.64  │ 400.00   │ _016641_                                                        │ _067899_/B                 │ met1  │
│ 1.04  │ 417.64  │ 400.00   │ net20068                                                        │ wire20067/A                │ met1  │
│ 1.04  │ 417.64  │ 400.00   │ net20688                                                        │ wire20687/A                │ met1  │
│ 1.04  │ 417.64  │ 400.00   │ net20815                                                        │ wire20814/A                │ met1  │
│ 1.04  │ 417.64  │ 400.00   │ net20846                                                        │ wire20845/A                │ met1  │
│ 1.04  │ 417.64  │ 400.00   │ net21005                                                        │ wire21004/A                │ met1  │
│ 1.04  │ 417.64  │ 400.00   │ net21264                                                        │ wire21263/A                │ met1  │
│ 1.04  │ 417.64  │ 400.00   │ net21873                                                        │ wire21872/A                │ met1  │
│ 1.04  │ 417.64  │ 400.00   │ net22084                                                        │ wire22083/A                │ met1  │
│ 1.04  │ 417.51  │ 400.00   │ net21006                                                        │ wire21005/A                │ met1  │
│ 1.04  │ 417.51  │ 400.00   │ net21265                                                        │ wire21264/A                │ met1  │
│ 1.04  │ 417.51  │ 400.00   │ net21335                                                        │ wire21334/A                │ met1  │
│ 1.04  │ 417.51  │ 400.00   │ net21501                                                        │ wire21500/A                │ met1  │
│ 1.04  │ 417.25  │ 400.00   │ net21439                                                        │ wire21438/A                │ met1  │
│ 1.04  │ 417.16  │ 400.00   │ net6426                                                         │ _078180_/A2                │ met1  │
│ 1.04  │ 417.12  │ 400.00   │ net20116                                                        │ wire20115/A                │ met1  │
│ 1.04  │ 417.12  │ 400.00   │ net21004                                                        │ wire21003/A                │ met1  │
│ 1.04  │ 417.12  │ 400.00   │ net21172                                                        │ wire21171/A                │ met1  │
│ 1.04  │ 417.12  │ 400.00   │ net21865                                                        │ wire21864/A                │ met1  │
│ 1.04  │ 416.97  │ 400.00   │ net24090                                                        │ _094958_/A0                │ met1  │
│ 1.04  │ 3824.74 │ 3669.20  │ net4366                                                         │ _072907_/B1                │ met4  │
│ 1.04  │ 416.92  │ 400.00   │ net8267                                                         │ wire8266/A                 │ met2  │
│ 1.04  │ 416.87  │ 400.00   │ _022883_                                                        │ _077609_/B1                │ met1  │
│ 1.04  │ 416.54  │ 400.00   │ net10380                                                        │ _075126_/A2                │ met1  │
│ 1.04  │ 416.46  │ 400.00   │ net21408                                                        │ wire21407/A                │ met1  │
│ 1.04  │ 416.32  │ 400.00   │ net21505                                                        │ wire21504/A                │ met1  │
│ 1.04  │ 416.02  │ 400.00   │ net20477                                                        │ wire20476/A                │ met1  │
│ 1.04  │ 416.02  │ 400.00   │ net21268                                                        │ wire21267/A                │ met1  │
│ 1.04  │ 416.02  │ 400.00   │ net21292                                                        │ wire21291/A                │ met1  │
│ 1.04  │ 416.02  │ 400.00   │ net21294                                                        │ wire21293/A                │ met1  │
│ 1.04  │ 416.02  │ 400.00   │ net21337                                                        │ wire21336/A                │ met1  │
│ 1.04  │ 416.02  │ 400.00   │ net21388                                                        │ wire21387/A                │ met1  │
│ 1.04  │ 416.02  │ 400.00   │ net21881                                                        │ wire21880/A                │ met1  │
│ 1.04  │ 415.86  │ 400.00   │ net18908                                                        │ wire18907/A                │ met1  │
│ 1.04  │ 415.64  │ 400.00   │ _020152_                                                        │ _072719_/A3                │ met1  │
│ 1.04  │ 415.62  │ 400.00   │ net21457                                                        │ wire21456/A                │ met1  │
│ 1.04  │ 415.60  │ 400.00   │ net11174                                                        │ _072729_/B2                │ met1  │
│ 1.04  │ 415.49  │ 400.00   │ net4587                                                         │ _073392_/A1                │ met3  │
│ 1.04  │ 415.49  │ 400.00   │ net4587                                                         │ _075479_/A                 │ met3  │
│ 1.04  │ 415.49  │ 400.00   │ net20974                                                        │ wire20973/A                │ met1  │
│ 1.04  │ 415.49  │ 400.00   │ net21260                                                        │ wire21259/A                │ met1  │
│ 1.04  │ 415.40  │ 400.00   │ net22001                                                        │ wire22000/A                │ met1  │
│ 1.04  │ 415.14  │ 400.00   │ net27455                                                        │ fanout27404/A              │ met2  │
│ 1.04  │ 3432.35 │ 3312.80  │ net3425                                                         │ _114533_/B1                │ met3  │
│ 1.04  │ 414.03  │ 400.00   │ net21252                                                        │ wire21251/A                │ met1  │
│ 1.03  │ 413.99  │ 400.00   │ net21295                                                        │ wire21294/A                │ met1  │
│ 1.03  │ 413.99  │ 400.00   │ net22061                                                        │ wire22060/A                │ met1  │
│ 1.03  │ 413.90  │ 400.00   │ net20160                                                        │ wire20159/A                │ met1  │
│ 1.03  │ 413.83  │ 400.00   │ net11268                                                        │ wire11267/A                │ met3  │
│ 1.03  │ 413.75  │ 400.00   │ _020055_                                                        │ _071385_/C                 │ met1  │
│ 1.03  │ 413.75  │ 400.00   │ net10495                                                        │ _075971_/A2                │ met2  │
│ 1.03  │ 413.59  │ 400.00   │ net20913                                                        │ wire20912/A                │ met1  │
│ 1.03  │ 413.51  │ 400.00   │ net21764                                                        │ wire21763/A                │ met1  │
│ 1.03  │ 413.46  │ 400.00   │ net21784                                                        │ wire21783/A                │ met1  │
│ 1.03  │ 413.46  │ 400.00   │ net21830                                                        │ wire21829/A                │ met1  │
│ 1.03  │ 413.46  │ 400.00   │ net21855                                                        │ wire21854/A                │ met1  │
│ 1.03  │ 413.45  │ 400.00   │ net4583                                                         │ _072882_/B1                │ met3  │
│ 1.03  │ 413.45  │ 400.00   │ net31856                                                        │ _072941_/A3                │ met3  │
│ 1.03  │ 413.42  │ 400.00   │ net13712                                                        │ _075834_/A                 │ met2  │
│ 1.03  │ 413.37  │ 400.00   │ net22003                                                        │ wire22002/A                │ met1  │
│ 1.03  │ 413.31  │ 400.00   │ net4624                                                         │ wire4623/A                 │ met3  │
│ 1.03  │ 413.25  │ 400.00   │ uart_yz_inst.UART_RDR[6\]                                       │ _079380_/A0                │ met1  │
│ 1.03  │ 413.07  │ 400.00   │ _024300_                                                        │ _075646_/A2                │ met1  │
│ 1.03  │ 413.07  │ 400.00   │ net20945                                                        │ wire20944/A                │ met1  │
│ 1.03  │ 413.07  │ 400.00   │ net21288                                                        │ _114300_/A3                │ met1  │
│ 1.03  │ 413.07  │ 400.00   │ net21617                                                        │ wire21616/A                │ met1  │
│ 1.03  │ 412.96  │ 400.00   │ net4651                                                         │ _076838_/B1                │ met2  │
│ 1.03  │ 412.93  │ 400.00   │ net21403                                                        │ wire21402/A                │ met1  │
│ 1.03  │ 412.93  │ 400.00   │ net21775                                                        │ _114278_/A2                │ met1  │
│ 1.03  │ 412.93  │ 400.00   │ net22090                                                        │ wire22089/A                │ met1  │
│ 1.03  │ 2870.63 │ 2780.80  │ _026295_                                                        │ _077856_/A2                │ met4  │
│ 1.03  │ 412.67  │ 400.00   │ _018000_                                                        │ _069598_/A0                │ met1  │
│ 1.03  │ 412.41  │ 400.00   │ net21636                                                        │ wire21635/A                │ met1  │
│ 1.03  │ 3782.59 │ 3669.20  │ net2849                                                         │ _078624_/B2                │ met3  │
│ 1.03  │ 412.04  │ 400.00   │ net11687                                                        │ wire11686/A                │ met1  │
│ 1.03  │ 412.01  │ 400.00   │ net21106                                                        │ wire21105/A                │ met1  │
│ 1.03  │ 411.97  │ 400.00   │ net20363                                                        │ wire20362/A                │ met1  │
│ 1.03  │ 411.86  │ 400.00   │ _000087_                                                        │ _128313_/D                 │ met1  │
│ 1.03  │ 411.57  │ 400.00   │ net20230                                                        │ wire20229/A                │ met1  │
│ 1.03  │ 411.54  │ 400.00   │ net4833                                                         │ _075235_/A2                │ met2  │
│ 1.03  │ 411.54  │ 400.00   │ net4833                                                         │ _078846_/A1                │ met2  │
│ 1.03  │ 411.50  │ 400.00   │ _019983_                                                        │ _077644_/A2                │ met2  │
│ 1.03  │ 411.48  │ 400.00   │ net20449                                                        │ wire20448/A                │ met1  │
│ 1.03  │ 411.44  │ 400.00   │ net20604                                                        │ wire20603/A                │ met1  │
│ 1.03  │ 411.44  │ 400.00   │ net21263                                                        │ wire21262/A                │ met1  │
│ 1.03  │ 411.44  │ 400.00   │ net21807                                                        │ wire21806/A                │ met1  │
│ 1.03  │ 411.39  │ 400.00   │ net10684                                                        │ _071152_/A1                │ met2  │
│ 1.03  │ 411.04  │ 400.00   │ net20789                                                        │ wire20788/A                │ met1  │
│ 1.03  │ 410.91  │ 400.00   │ net21712                                                        │ wire21711/A                │ met1  │
│ 1.03  │ 410.83  │ 400.00   │ _018765_                                                        │ _072234_/A1                │ met2  │
│ 1.03  │ 410.83  │ 400.00   │ _018765_                                                        │ _072990_/A3                │ met2  │
│ 1.03  │ 410.64  │ 400.00   │ _050662_                                                        │ _107736_/B                 │ met2  │
│ 1.03  │ 410.57  │ 400.00   │ net31855                                                        │ _074605_/A2                │ met3  │
│ 1.03  │ 410.48  │ 400.00   │ _020434_                                                        │ _076186_/B1                │ met1  │
│ 1.03  │ 410.47  │ 400.00   │ axi_instr_bram_rdata[22\]                                       │ _105952_/A1                │ met3  │
│ 1.03  │ 410.34  │ 400.00   │ net14708                                                        │ wire14707/A                │ met1  │
│ 1.03  │ 410.32  │ 400.00   │ net25381                                                        │ wire25380/A                │ met1  │
│ 1.02  │ 410.00  │ 400.00   │ net10471                                                        │ _078793_/B2                │ met1  │
│ 1.02  │ 409.98  │ 400.00   │ net20210                                                        │ wire20209/A                │ met1  │
│ 1.02  │ 409.97  │ 400.00   │ _010486_                                                        │ hold47954/A                │ met1  │
│ 1.02  │ 409.94  │ 400.00   │ net21291                                                        │ wire21290/A                │ met1  │
│ 1.02  │ 409.92  │ 400.00   │ net31893                                                        │ _071380_/B                 │ met3  │
│ 1.02  │ 409.92  │ 400.00   │ net31893                                                        │ _072956_/B                 │ met3  │
│ 1.02  │ 409.85  │ 400.00   │ net21749                                                        │ wire21748/A                │ met1  │
│ 1.02  │ 409.81  │ 400.00   │ data_bram_ctrl_inst.data_ram.u_mem.g_2k[1\].u_cell.rdata[11\]   │ _113664_/A1                │ met4  │
│ 1.02  │ 409.78  │ 400.00   │ net12954                                                        │ wire12953/A                │ met1  │
│ 1.02  │ 409.56  │ 400.00   │ net19863                                                        │ _090684_/B                 │ met1  │
│ 1.02  │ 409.54  │ 400.00   │ net20328                                                        │ wire20327/A                │ met1  │
│ 1.02  │ 409.54  │ 400.00   │ net21949                                                        │ wire21948/A                │ met1  │
│ 1.02  │ 409.54  │ 400.00   │ net21997                                                        │ wire21996/A                │ met1  │
│ 1.02  │ 409.46  │ 400.00   │ net20528                                                        │ wire20527/A                │ met1  │
│ 1.02  │ 409.42  │ 400.00   │ net6179                                                         │ _074204_/A2                │ met3  │
│ 1.02  │ 409.42  │ 400.00   │ net6179                                                         │ _074383_/B2                │ met3  │
│ 1.02  │ 409.41  │ 400.00   │ net20103                                                        │ wire20102/A                │ met1  │
│ 1.02  │ 409.41  │ 400.00   │ net20181                                                        │ wire20180/A                │ met1  │
│ 1.02  │ 409.41  │ 400.00   │ net21538                                                        │ wire21537/A                │ met1  │
│ 1.02  │ 408.99  │ 400.00   │ net6236                                                         │ _074149_/A2                │ met3  │
│ 1.02  │ 2839.85 │ 2778.20  │ _011338_                                                        │ _061599_/A3                │ met3  │
│ 1.02  │ 408.77  │ 400.00   │ net11831                                                        │ _074300_/B2                │ met1  │
│ 1.02  │ 408.54  │ 400.00   │ net10792                                                        │ wire31753/A                │ met3  │
│ 1.02  │ 408.49  │ 400.00   │ net20984                                                        │ wire20983/A                │ met1  │
│ 1.02  │ 408.49  │ 400.00   │ net21794                                                        │ wire21793/A                │ met1  │
│ 1.02  │ 3746.77 │ 3669.20  │ net31540                                                        │ _075129_/A2_N              │ met3  │
│ 1.02  │ 408.36  │ 400.00   │ net21919                                                        │ wire21918/A                │ met1  │
│ 1.02  │ 408.08  │ 400.00   │ _028744_                                                        │ _084634_/B                 │ met1  │
│ 1.02  │ 407.95  │ 400.00   │ net2055                                                         │ _062492_/C                 │ met3  │
│ 1.02  │ 407.95  │ 400.00   │ net2055                                                         │ _115992_/B1                │ met3  │
│ 1.02  │ 2832.38 │ 2778.20  │ _056023_                                                        │ _114971_/B                 │ met4  │
│ 1.02  │ 407.50  │ 400.00   │ net3143                                                         │ wire3142/A                 │ met1  │
│ 1.02  │ 407.43  │ 400.00   │ _026025_                                                        │ _077381_/A1                │ met1  │
│ 1.02  │ 407.39  │ 400.00   │ net20126                                                        │ wire20125/A                │ met1  │
│ 1.02  │ 407.39  │ 400.00   │ net21713                                                        │ wire21712/A                │ met1  │
│ 1.02  │ 407.30  │ 400.00   │ net20303                                                        │ _064771_/A1                │ met1  │
│ 1.02  │ 407.02  │ 400.00   │ net7722                                                         │ _074460_/A2                │ met2  │
│ 1.02  │ 406.99  │ 400.00   │ net20237                                                        │ wire20236/A                │ met1  │
│ 1.02  │ 406.99  │ 400.00   │ net20513                                                        │ wire20512/A                │ met1  │
│ 1.02  │ 406.86  │ 400.00   │ net22026                                                        │ wire22025/A                │ met1  │
│ 1.02  │ 406.83  │ 400.00   │ net14889                                                        │ wire14888/A                │ met1  │
│ 1.02  │ 2827.17 │ 2780.80  │ _024209_                                                        │ _075554_/D                 │ met3  │
│ 1.02  │ 3367.87 │ 3312.80  │ net7929                                                         │ _076750_/A                 │ met4  │
│ 1.02  │ 2823.75 │ 2778.20  │ _021826_                                                        │ _073161_/B                 │ met4  │
│ 1.02  │ 2823.75 │ 2778.20  │ _050662_                                                        │ _107736_/B                 │ met4  │
│ 1.02  │ 406.34  │ 400.00   │ _019034_                                                        │ fanout12797/A              │ met1  │
│ 1.02  │ 3365.13 │ 3312.80  │ net3491                                                         │ _076345_/A2_N              │ met3  │
│ 1.02  │ 3726.74 │ 3669.20  │ net31910                                                        │ fanout14819/A              │ met3  │
│ 1.02  │ 406.25  │ 400.00   │ _012693_                                                        │ _063110_/B                 │ met1  │
│ 1.01  │ 405.95  │ 400.00   │ net10878                                                        │ _072710_/A1                │ met3  │
│ 1.01  │ 405.89  │ 400.00   │ net21290                                                        │ wire21289/A                │ met1  │
│ 1.01  │ 405.56  │ 400.00   │ net10563                                                        │ _076676_/A1                │ met2  │
│ 1.01  │ 405.53  │ 400.00   │ net3349                                                         │ _118646_/A1                │ met2  │
│ 1.01  │ 405.49  │ 400.00   │ net20169                                                        │ wire20168/A                │ met1  │
│ 1.01  │ 405.49  │ 400.00   │ net20240                                                        │ wire20239/A                │ met1  │
│ 1.01  │ 405.49  │ 400.00   │ net20411                                                        │ wire20410/A                │ met1  │
│ 1.01  │ 405.49  │ 400.00   │ net21792                                                        │ wire21791/A                │ met1  │
│ 1.01  │ 405.36  │ 400.00   │ net20238                                                        │ wire20237/A                │ met1  │
│ 1.01  │ 405.17  │ 400.00   │ net31312                                                        │ _072880_/B1                │ met3  │
│ 1.01  │ 405.17  │ 400.00   │ net31312                                                        │ _075479_/B                 │ met3  │
│ 1.01  │ 405.05  │ 400.00   │ net6513                                                         │ _074437_/A2                │ met1  │
│ 1.01  │ 405.00  │ 400.00   │ net8030                                                         │ _074655_/B2                │ met1  │
│ 1.01  │ 404.91  │ 400.00   │ _024814_                                                        │ _076223_/A2                │ met1  │
│ 1.01  │ 404.77  │ 400.00   │ net8151                                                         │ _072874_/B2                │ met1  │
│ 1.01  │ 404.77  │ 400.00   │ net29598                                                        │ wire29597/A                │ met1  │
│ 1.01  │ 404.54  │ 400.00   │ net11188                                                        │ _077503_/A2                │ met2  │
│ 1.01  │ 404.53  │ 400.00   │ _020540_                                                        │ _071871_/B1                │ met3  │
│ 1.01  │ 404.53  │ 400.00   │ net11338                                                        │ _077011_/A3                │ met3  │
│ 1.01  │ 404.43  │ 400.00   │ net16323                                                        │ wire16322/A                │ met1  │
│ 1.01  │ 404.28  │ 400.00   │ net4023                                                         │ _113977_/A1                │ met1  │
│ 1.01  │ 404.15  │ 400.00   │ net10557                                                        │ _074649_/A2                │ met1  │
│ 1.01  │ 404.15  │ 400.00   │ net26369                                                        │ wire26368/A                │ met1  │
│ 1.01  │ 404.02  │ 400.00   │ net10404                                                        │ _077379_/A2                │ met2  │
│ 1.01  │ 403.96  │ 400.00   │ net7338                                                         │ _076880_/A1                │ met2  │
│ 1.01  │ 3704.76 │ 3669.20  │ net31124                                                        │ _070983_/B                 │ met4  │
│ 1.01  │ 403.87  │ 400.00   │ instr_bram_ctrl_inst.instr_ram.u_mem.g_2k[1\].u_cell.rdata[9\]  │ _114260_/A1                │ met4  │
│ 1.01  │ 403.67  │ 400.00   │ net9944                                                         │ fanout9935/A               │ met1  │
│ 1.01  │ 403.58  │ 400.00   │ net4009                                                         │ _118287_/A1                │ met1  │
│ 1.01  │ 3701.46 │ 3669.20  │ net32071                                                        │ _078377_/C1                │ met4  │
│ 1.01  │ 403.43  │ 400.00   │ net6395                                                         │ _072760_/B                 │ met3  │
│ 1.01  │ 3700.44 │ 3669.20  │ net2586                                                         │ _076668_/C_N               │ met3  │
│ 1.01  │ 403.34  │ 400.00   │ net20356                                                        │ wire20355/A                │ met1  │
│ 1.01  │ 3698.73 │ 3669.20  │ net32286                                                        │ wire5231/A                 │ met4  │
│ 1.01  │ 402.98  │ 400.00   │ net10291                                                        │ _073994_/A3                │ met3  │
│ 1.01  │ 402.98  │ 400.00   │ net10291                                                        │ wire10290/A                │ met3  │
│ 1.01  │ 402.97  │ 400.00   │ net31441                                                        │ _074136_/B1                │ met3  │
│ 1.01  │ 402.97  │ 400.00   │ net31441                                                        │ _075734_/A2                │ met3  │
│ 1.01  │ 402.97  │ 400.00   │ net31441                                                        │ _076166_/B1                │ met3  │
│ 1.01  │ 402.87  │ 400.00   │ yz_bram_ctrl_inst.yz_ram.u_mem.u_mem.g_2k[2\].u_cell.rdata[12\] │ _064789_/A2                │ met3  │
│ 1.01  │ 402.86  │ 400.00   │ _012133_                                                        │ _062431_/C_N               │ met1  │
│ 1.01  │ 402.86  │ 400.00   │ net12833                                                        │ _078507_/A                 │ met1  │
│ 1.01  │ 2797.59 │ 2778.20  │ _024993_                                                        │ _076346_/B                 │ met3  │
│ 1.01  │ 3693.19 │ 3669.20  │ net32523                                                        │ wire16312/A                │ met4  │
│ 1.01  │ 402.15  │ 400.00   │ net31502                                                        │ _072439_/A3                │ met3  │
│ 1.01  │ 402.15  │ 400.00   │ net31502                                                        │ _074380_/A2                │ met3  │
│ 1.01  │ 402.15  │ 400.00   │ net31502                                                        │ wire6569/A                 │ met3  │
│ 1.00  │ 402.00  │ 400.00   │ net31782                                                        │ _076645_/A1                │ met2  │
│ 1.00  │ 401.84  │ 400.00   │ net21621                                                        │ wire21620/A                │ met1  │
│ 1.00  │ 3325.89 │ 3312.80  │ net1947                                                         │ _077596_/A3                │ met3  │
│ 1.00  │ 401.55  │ 400.00   │ _019857_                                                        │ _071254_/B1                │ met3  │
│ 1.00  │ 401.48  │ 400.00   │ _019233_                                                        │ wire31338/A                │ met3  │
│ 1.00  │ 401.04  │ 400.00   │ _020902_                                                        │ _072234_/B1                │ met2  │
│ 1.00  │ 401.04  │ 400.00   │ _020902_                                                        │ _078649_/B1                │ met2  │
│ 1.00  │ 400.92  │ 400.00   │ net21850                                                        │ wire21849/A                │ met1  │
│ 1.00  │ 400.88  │ 400.00   │ clknet_2_2_0_clk_i_regs                                         │ clkbuf_2_2_1_clk_i_regs/A  │ met3  │
│ 1.00  │ 400.87  │ 400.00   │ net29824                                                        │ wire29823/A                │ met1  │
│ 1.00  │ 400.69  │ 400.00   │ net21967                                                        │ _114292_/A0                │ met1  │
│ 1.00  │ 400.67  │ 400.00   │ net7665                                                         │ _077390_/A2                │ met2  │
│ 1.00  │ 400.67  │ 400.00   │ net7665                                                         │ _077442_/B2                │ met2  │
│ 1.00  │ 400.06  │ 400.00   │ net10960                                                        │ _077739_/B1                │ met3  │
└───────┴─────────┴──────────┴─────────────────────────────────────────────────────────────────┴────────────────────────────┴───────┘
