┏━━━━━━━┳━━━━━━━━━┳━━━━━━━━━━┳━━━━━━━━━━━━━━━━━━━━━━━━━━━━━━━━━━━━━━━━━━━━━━━━━━━━━━━━━━━━━━━━━━━━━━━━━━━━━┳━━━━━━━━━━━━━━━━━━━━━━━━━━━━┳━━━━━━━┓
┃ P / R ┃ Partial ┃ Required ┃ Net                                                                         ┃ Pin                        ┃ Layer ┃
┡━━━━━━━╇━━━━━━━━━╇━━━━━━━━━━╇━━━━━━━━━━━━━━━━━━━━━━━━━━━━━━━━━━━━━━━━━━━━━━━━━━━━━━━━━━━━━━━━━━━━━━━━━━━━━╇━━━━━━━━━━━━━━━━━━━━━━━━━━━━╇━━━━━━━┩
│ 15.79 │ 6317.52 │ 400.00   │ net1504                                                                     │ _128283_/D                 │ met3  │
│ 14.94 │ 5976.13 │ 400.00   │ net30840                                                                    │ _076416_/C                 │ met3  │
│ 14.28 │ 5712.95 │ 400.00   │ net30468                                                                    │ _078416_/D                 │ met3  │
│ 13.93 │ 5572.76 │ 400.00   │ net4206                                                                     │ _074887_/B                 │ met3  │
│ 13.43 │ 5371.24 │ 400.00   │ net2563                                                                     │ _078730_/B                 │ met3  │
│ 13.19 │ 5274.86 │ 400.00   │ net2642                                                                     │ _072203_/D                 │ met3  │
│ 13.04 │ 5214.64 │ 400.00   │ net1960                                                                     │ _075138_/A2                │ met3  │
│ 12.95 │ 5178.48 │ 400.00   │ _023648_                                                                    │ _074990_/A                 │ met3  │
│ 12.81 │ 5125.90 │ 400.00   │ net10217                                                                    │ _076336_/C                 │ met3  │
│ 12.53 │ 5012.25 │ 400.00   │ net30974                                                                    │ _073008_/B                 │ met3  │
│ 12.31 │ 4924.61 │ 400.00   │ net31037                                                                    │ _071870_/A1                │ met3  │
│ 10.78 │ 4311.05 │ 400.00   │ net31900                                                                    │ _071935_/B                 │ met3  │
│ 9.24  │ 3697.71 │ 400.00   │ net2628                                                                     │ _073286_/B                 │ met3  │
│ 8.87  │ 3548.23 │ 400.00   │ net32513                                                                    │ wire22385/A                │ met3  │
│ 8.87  │ 3548.23 │ 400.00   │ net32708                                                                    │ wire22578/A                │ met3  │
│ 8.37  │ 3347.24 │ 400.00   │ _051255_                                                                    │ _108333_/B                 │ met3  │
│ 8.27  │ 3309.87 │ 400.00   │ net30788                                                                    │ _071790_/B1                │ met3  │
│ 8.18  │ 3270.49 │ 400.00   │ net32652                                                                    │ wire22587/A                │ met3  │
│ 8.00  │ 3201.06 │ 400.00   │ net32710                                                                    │ wire22568/A                │ met3  │
│ 7.83  │ 3131.62 │ 400.00   │ net32562                                                                    │ wire23998/A                │ met3  │
│ 7.69  │ 3075.62 │ 400.00   │ net2384                                                                     │ _075554_/C                 │ met3  │
│ 7.54  │ 3015.47 │ 400.00   │ net3732                                                                     │ _070869_/A1                │ met3  │
│ 7.48  │ 2992.75 │ 400.00   │ net32561                                                                    │ wire24005/A                │ met3  │
│ 7.47  │ 2988.00 │ 400.00   │ net4203                                                                     │ _076669_/C                 │ met3  │
│ 7.31  │ 2923.32 │ 400.00   │ net32560                                                                    │ wire24012/A                │ met3  │
│ 7.26  │ 2903.95 │ 400.00   │ net2577                                                                     │ _077397_/A1                │ met3  │
│ 7.25  │ 2900.38 │ 400.00   │ net31924                                                                    │ _078889_/C                 │ met3  │
│ 7.17  │ 2868.36 │ 400.00   │ net31333                                                                    │ _073267_/A2                │ met3  │
│ 7.15  │ 2859.35 │ 400.00   │ net30466                                                                    │ _074355_/B1                │ met3  │
│ 7.13  │ 2853.89 │ 400.00   │ net32510                                                                    │ wire22440/A                │ met3  │
│ 7.13  │ 2853.89 │ 400.00   │ net32514                                                                    │ wire22309/A                │ met3  │
│ 6.81  │ 2725.53 │ 400.00   │ net31992                                                                    │ _073886_/A2                │ met3  │
│ 6.79  │ 2715.02 │ 400.00   │ net32650                                                                    │ wire22607/A                │ met3  │
│ 6.72  │ 2689.87 │ 400.00   │ net30603                                                                    │ _075974_/A3                │ met3  │
│ 6.61  │ 2645.58 │ 400.00   │ net32599                                                                    │ wire22115/A                │ met3  │
│ 6.60  │ 2640.78 │ 400.00   │ net3618                                                                     │ _076405_/B1                │ met3  │
│ 6.50  │ 2600.82 │ 400.00   │ net30781                                                                    │ _074453_/A1                │ met3  │
│ 6.40  │ 2558.67 │ 400.00   │ net31110                                                                    │ _071568_/B                 │ met3  │
│ 6.39  │ 2556.38 │ 400.00   │ net6427                                                                     │ _078440_/A2                │ met3  │
│ 6.38  │ 2551.98 │ 400.00   │ net31103                                                                    │ _074875_/B1                │ met3  │
│ 6.38  │ 2551.56 │ 400.00   │ net3514                                                                     │ _075358_/B1                │ met3  │
│ 6.37  │ 2547.10 │ 400.00   │ _019146_                                                                    │ _074123_/A2                │ met3  │
│ 6.30  │ 2520.34 │ 400.00   │ net5196                                                                     │ _074920_/A1                │ met3  │
│ 6.27  │ 2507.05 │ 400.00   │ net32158                                                                    │ _076613_/A1                │ met3  │
│ 6.27  │ 2506.72 │ 400.00   │ net32582                                                                    │ wire23823/A                │ met3  │
│ 6.26  │ 2502.63 │ 400.00   │ net31332                                                                    │ _077691_/A2                │ met3  │
│ 6.16  │ 2462.45 │ 400.00   │ net31638                                                                    │ _078299_/A2                │ met3  │
│ 6.16  │ 2462.35 │ 400.00   │ net31730                                                                    │ _078793_/A2                │ met3  │
│ 6.09  │ 2437.28 │ 400.00   │ net32583                                                                    │ wire23816/A                │ met3  │
│ 6.07  │ 2429.75 │ 400.00   │ net31468                                                                    │ _072383_/C                 │ met3  │
│ 6.07  │ 2429.75 │ 400.00   │ net31468                                                                    │ _078480_/A2                │ met3  │
│ 6.06  │ 2422.24 │ 400.00   │ net31439                                                                    │ _076334_/A1                │ met3  │
│ 6.04  │ 2417.75 │ 400.00   │ net31034                                                                    │ _073951_/B1                │ met3  │
│ 6.03  │ 2413.45 │ 400.00   │ net4310                                                                     │ _076521_/B1                │ met3  │
│ 5.99  │ 2395.62 │ 400.00   │ net2351                                                                     │ _078853_/A3                │ met3  │
│ 5.94  │ 2374.67 │ 400.00   │ net31100                                                                    │ _071927_/C                 │ met3  │
│ 5.94  │ 2374.67 │ 400.00   │ net31504                                                                    │ _076291_/B                 │ met3  │
│ 5.82  │ 2328.53 │ 400.00   │ net31199                                                                    │ _073331_/A3                │ met3  │
│ 5.82  │ 2328.53 │ 400.00   │ net32026                                                                    │ _075106_/B1                │ met3  │
│ 5.75  │ 2298.42 │ 400.00   │ net32580                                                                    │ wire23837/A                │ met3  │
│ 5.60  │ 2239.32 │ 400.00   │ net6117                                                                     │ _072779_/A1                │ met3  │
│ 5.60  │ 2239.32 │ 400.00   │ net30988                                                                    │ _075236_/B1                │ met3  │
│ 5.59  │ 2235.92 │ 400.00   │ yz_bram_ctrl_inst.yz_ram.u_mem.u_mem.g_2k[2\].u_cell.rdata[5\]              │ _064792_/A2                │ met3  │
│ 5.57  │ 2228.98 │ 400.00   │ net31338                                                                    │ _072047_/A1_N              │ met3  │
│ 5.51  │ 2203.64 │ 400.00   │ net2921                                                                     │ _073783_/A3                │ met3  │
│ 5.49  │ 2196.89 │ 400.00   │ net13937                                                                    │ fanout13920/A              │ met3  │
│ 5.49  │ 2194.72 │ 400.00   │ net30763                                                                    │ _076590_/B1                │ met3  │
│ 5.39  │ 2154.70 │ 400.00   │ net31586                                                                    │ _073586_/B1                │ met3  │
│ 5.38  │ 2150.11 │ 400.00   │ net31949                                                                    │ _073181_/A2                │ met3  │
│ 5.36  │ 2145.78 │ 400.00   │ net6261                                                                     │ _074949_/B2                │ met3  │
│ 5.36  │ 2145.65 │ 400.00   │ net30691                                                                    │ _070148_/B2                │ met3  │
│ 5.25  │ 2101.04 │ 400.00   │ net30582                                                                    │ _073848_/B1                │ met3  │
│ 5.15  │ 2061.06 │ 400.00   │ net31951                                                                    │ _077879_/A1                │ met3  │
│ 5.08  │ 2033.27 │ 400.00   │ net31274                                                                    │ _076739_/A                 │ met3  │
│ 5.07  │ 2027.92 │ 400.00   │ net4462                                                                     │ _073609_/A2_N              │ met3  │
│ 5.06  │ 2024.19 │ 400.00   │ net10918                                                                    │ _071250_/B                 │ met3  │
│ 5.04  │ 2016.45 │ 400.00   │ net32019                                                                    │ _074583_/C1                │ met3  │
│ 5.03  │ 2011.83 │ 400.00   │ net30880                                                                    │ _075037_/A1                │ met3  │
│ 4.94  │ 1976.31 │ 400.00   │ net31191                                                                    │ _075284_/A1                │ met3  │
│ 4.93  │ 1971.98 │ 400.00   │ net7654                                                                     │ _076826_/B2                │ met3  │
│ 4.93  │ 1971.68 │ 400.00   │ net2132                                                                     │ _074323_/A3                │ met3  │
│ 4.93  │ 1971.68 │ 400.00   │ net31629                                                                    │ _074544_/A2                │ met3  │
│ 4.92  │ 1967.22 │ 400.00   │ net30555                                                                    │ _073310_/A2                │ met3  │
│ 4.92  │ 1967.22 │ 400.00   │ net31924                                                                    │ _071628_/B                 │ met3  │
│ 4.86  │ 1944.87 │ 400.00   │ net2571                                                                     │ _077776_/A2                │ met3  │
│ 4.84  │ 1936.57 │ 400.00   │ net1644                                                                     │ _128287_/D                 │ met3  │
│ 4.84  │ 1936.57 │ 400.00   │ net4261                                                                     │ _078476_/C                 │ met3  │
│ 4.82  │ 1927.11 │ 400.00   │ net2877                                                                     │ _076518_/A3                │ met3  │
│ 4.81  │ 1922.62 │ 400.00   │ net30912                                                                    │ _075509_/A2                │ met3  │
│ 4.71  │ 1882.60 │ 400.00   │ net6197                                                                     │ _074410_/B1                │ met3  │
│ 4.70  │ 1878.01 │ 400.00   │ net7153                                                                     │ _072056_/B1                │ met3  │
│ 4.67  │ 1868.23 │ 400.00   │ net31744                                                                    │ _073549_/A1                │ met3  │
│ 4.67  │ 1868.23 │ 400.00   │ net31744                                                                    │ _074568_/A                 │ met3  │
│ 4.65  │ 1859.79 │ 400.00   │ net32548                                                                    │ output52/A                 │ met3  │
│ 4.59  │ 1838.00 │ 400.00   │ net30491                                                                    │ _075906_/B1                │ met3  │
│ 4.59  │ 1838.00 │ 400.00   │ net31771                                                                    │ _075591_/B2                │ met3  │
│ 4.59  │ 1837.87 │ 400.00   │ net2601                                                                     │ _075709_/A2                │ met3  │
│ 4.58  │ 1833.41 │ 400.00   │ net31301                                                                    │ _077757_/A2                │ met3  │
│ 4.58  │ 1833.41 │ 400.00   │ net31422                                                                    │ _075889_/A1                │ met3  │
│ 4.58  │ 1833.41 │ 400.00   │ net31461                                                                    │ _076530_/A2                │ met3  │
│ 4.53  │ 1812.38 │ 400.00   │ net22558                                                                    │ wire22557/A                │ met3  │
│ 4.51  │ 1803.60 │ 400.00   │ net32549                                                                    │ output53/A                 │ met3  │
│ 4.49  │ 1797.88 │ 400.00   │ net31289                                                                    │ _077891_/B1                │ met3  │
│ 4.49  │ 1796.38 │ 400.00   │ net2918                                                                     │ _074027_/C_N               │ met3  │
│ 4.48  │ 1793.26 │ 400.00   │ net14294                                                                    │ _078024_/A3                │ met3  │
│ 4.48  │ 1791.05 │ 400.00   │ net10512                                                                    │ _078330_/A1                │ met3  │
│ 4.47  │ 1788.96 │ 400.00   │ net31288                                                                    │ _077906_/A2                │ met3  │
│ 4.43  │ 1773.14 │ 400.00   │ net31614                                                                    │ _073964_/B2                │ met3  │
│ 4.43  │ 1773.14 │ 400.00   │ net31614                                                                    │ _078688_/A2                │ met3  │
│ 4.42  │ 1766.53 │ 400.00   │ net2611                                                                     │ _074710_/B1                │ met3  │
│ 4.41  │ 1762.04 │ 400.00   │ net4316                                                                     │ _078814_/B1                │ met3  │
│ 4.40  │ 1761.33 │ 400.00   │ net17352                                                                    │ _077518_/B                 │ met3  │
│ 4.40  │ 1761.33 │ 400.00   │ net30446                                                                    │ _128294_/D                 │ met3  │
│ 4.38  │ 1753.15 │ 400.00   │ net31419                                                                    │ _073605_/A1                │ met3  │
│ 4.38  │ 1751.89 │ 400.00   │ net31544                                                                    │ _075341_/B1                │ met3  │
│ 4.38  │ 1751.89 │ 400.00   │ net31544                                                                    │ _076881_/A2_N              │ met3  │
│ 4.37  │ 1748.65 │ 400.00   │ net2604                                                                     │ _075494_/A2                │ met3  │
│ 4.37  │ 1748.65 │ 400.00   │ net31477                                                                    │ _070515_/B1                │ met3  │
│ 4.36  │ 1744.19 │ 400.00   │ net6762                                                                     │ _076362_/A2                │ met3  │
│ 4.36  │ 1744.19 │ 400.00   │ net6988                                                                     │ _073238_/A2                │ met3  │
│ 4.36  │ 1744.19 │ 400.00   │ net30538                                                                    │ _076024_/A1                │ met3  │
│ 4.36  │ 1744.19 │ 400.00   │ net31369                                                                    │ _078346_/B1                │ met3  │
│ 4.36  │ 1743.19 │ 400.00   │ net31540                                                                    │ _075129_/A2_N              │ met3  │
│ 4.35  │ 1738.93 │ 400.00   │ clk_i                                                                       │ wire30350/A                │ met3  │
│ 4.26  │ 1704.18 │ 400.00   │ net7279                                                                     │ _078335_/A2                │ met3  │
│ 4.26  │ 1704.15 │ 400.00   │ net11638                                                                    │ _076800_/A1                │ met3  │
│ 4.26  │ 1704.05 │ 400.00   │ net4175                                                                     │ _076805_/C1                │ met3  │
│ 4.26  │ 1704.05 │ 400.00   │ net30818                                                                    │ _077771_/B2                │ met3  │
│ 4.25  │ 1699.64 │ 400.00   │ net30982                                                                    │ _075103_/A2                │ met3  │
│ 4.25  │ 1699.64 │ 400.00   │ net30982                                                                    │ _075924_/A1                │ met3  │
│ 4.25  │ 1699.59 │ 400.00   │ _019663_                                                                    │ _078521_/B1                │ met3  │
│ 4.25  │ 1699.59 │ 400.00   │ _024039_                                                                    │ _077116_/B1                │ met3  │
│ 4.25  │ 1699.59 │ 400.00   │ net30672                                                                    │ _077627_/B1                │ met3  │
│ 4.15  │ 1659.86 │ 400.00   │ net4603                                                                     │ _071705_/B1                │ met3  │
│ 4.15  │ 1659.60 │ 400.00   │ net2385                                                                     │ _075404_/B1                │ met3  │
│ 4.14  │ 1655.11 │ 400.00   │ net31378                                                                    │ _072092_/A2                │ met3  │
│ 4.14  │ 1654.98 │ 400.00   │ net24055                                                                    │ _084420_/A1                │ met3  │
│ 4.14  │ 1654.98 │ 400.00   │ net30682                                                                    │ _073920_/B2                │ met3  │
│ 4.14  │ 1654.97 │ 400.00   │ net4533                                                                     │ _072130_/A3                │ met3  │
│ 4.14  │ 1654.97 │ 400.00   │ net4533                                                                     │ _074833_/A3                │ met3  │
│ 4.09  │ 1634.88 │ 400.00   │ net31762                                                                    │ _074554_/B1                │ met3  │
│ 4.09  │ 1634.88 │ 400.00   │ net31762                                                                    │ _074791_/A3                │ met3  │
│ 4.08  │ 1630.91 │ 400.00   │ net1564                                                                     │ _109560_/B                 │ met3  │
│ 4.08  │ 1630.91 │ 400.00   │ net1564                                                                     │ _109564_/A2_N              │ met3  │
│ 4.06  │ 1624.08 │ 400.00   │ net31775                                                                    │ _076439_/A1                │ met3  │
│ 4.04  │ 1615.13 │ 400.00   │ net31059                                                                    │ _076360_/A2                │ met3  │
│ 4.04  │ 1615.00 │ 400.00   │ net31366                                                                    │ _074503_/A3                │ met3  │
│ 4.04  │ 1614.84 │ 400.00   │ net4160                                                                     │ _079023_/A3                │ met3  │
│ 4.04  │ 1614.84 │ 400.00   │ net10073                                                                    │ _074040_/A1                │ met3  │
│ 4.04  │ 1614.84 │ 400.00   │ net12418                                                                    │ _078285_/A3                │ met3  │
│ 4.04  │ 1614.84 │ 400.00   │ net31263                                                                    │ _075029_/A2                │ met3  │
│ 4.04  │ 1614.84 │ 400.00   │ net31282                                                                    │ _073039_/B2                │ met3  │
│ 4.02  │ 1608.10 │ 400.00   │ net8066                                                                     │ _071441_/A2                │ met3  │
│ 4.02  │ 1608.10 │ 400.00   │ net8066                                                                     │ _075472_/A2                │ met3  │
│ 3.96  │ 1585.79 │ 400.00   │ _019966_                                                                    │ _075121_/A2                │ met3  │
│ 3.96  │ 1585.79 │ 400.00   │ _019966_                                                                    │ _078275_/A2                │ met3  │
│ 3.94  │ 1574.69 │ 400.00   │ net5045                                                                     │ _070947_/A2                │ met3  │
│ 3.93  │ 1570.52 │ 400.00   │ net31590                                                                    │ _073958_/A2                │ met3  │
│ 3.93  │ 1570.36 │ 400.00   │ net10404                                                                    │ _074942_/A2                │ met3  │
│ 3.92  │ 1566.06 │ 400.00   │ _019109_                                                                    │ _072866_/A2                │ met3  │
│ 3.91  │ 1565.77 │ 400.00   │ net2228                                                                     │ _078586_/B1                │ met3  │
│ 3.91  │ 1565.77 │ 400.00   │ net31914                                                                    │ _072363_/B1                │ met3  │
│ 3.91  │ 1565.77 │ 400.00   │ net31927                                                                    │ _073960_/A2                │ met3  │
│ 3.91  │ 1563.56 │ 400.00   │ net30792                                                                    │ _076790_/A1                │ met3  │
│ 3.85  │ 1541.22 │ 400.00   │ net4448                                                                     │ _072371_/A2                │ met3  │
│ 3.85  │ 1541.22 │ 400.00   │ net4448                                                                     │ _073468_/B2                │ met3  │
│ 3.85  │ 1541.19 │ 400.00   │ net30853                                                                    │ _077435_/A2                │ met3  │
│ 3.85  │ 1540.18 │ 400.00   │ net11763                                                                    │ _070146_/A2                │ met3  │
│ 3.85  │ 1540.18 │ 400.00   │ net11763                                                                    │ _072806_/B                 │ met3  │
│ 3.83  │ 1530.25 │ 400.00   │ net31202                                                                    │ _078808_/B2                │ met3  │
│ 3.83  │ 1530.18 │ 400.00   │ net4869                                                                     │ _071521_/A2                │ met3  │
│ 3.81  │ 1523.36 │ 400.00   │ net4360                                                                     │ _072678_/B1                │ met3  │
│ 3.81  │ 1523.36 │ 400.00   │ net4360                                                                     │ _078118_/B2                │ met3  │
│ 3.80  │ 1521.16 │ 400.00   │ net2390                                                                     │ _074575_/A2                │ met3  │
│ 3.80  │ 1521.16 │ 400.00   │ net30737                                                                    │ _072964_/B1                │ met3  │
│ 3.80  │ 1518.90 │ 400.00   │ net6746                                                                     │ _072766_/A1                │ met3  │
│ 3.80  │ 1518.90 │ 400.00   │ net6746                                                                     │ _078412_/A1                │ met3  │
│ 3.75  │ 1498.48 │ 400.00   │ net4479                                                                     │ _071852_/B                 │ met3  │
│ 3.75  │ 1498.48 │ 400.00   │ net14841                                                                    │ _075430_/B                 │ met3  │
│ 3.75  │ 1498.48 │ 400.00   │ net31635                                                                    │ _074856_/C                 │ met3  │
│ 3.72  │ 1489.94 │ 400.00   │ net8076                                                                     │ _077811_/B2                │ met3  │
│ 3.71  │ 1485.64 │ 400.00   │ net31463                                                                    │ _071153_/B2                │ met3  │
│ 3.71  │ 1485.51 │ 400.00   │ net6486                                                                     │ _071557_/B1                │ met3  │
│ 3.70  │ 1481.02 │ 400.00   │ net31352                                                                    │ _075582_/A1                │ met3  │
│ 3.69  │ 1476.98 │ 400.00   │ net30698                                                                    │ _073649_/B1                │ met3  │
│ 3.69  │ 1476.72 │ 400.00   │ net31913                                                                    │ _073555_/B1                │ met3  │
│ 3.69  │ 1476.56 │ 400.00   │ net3560                                                                     │ _073550_/A2                │ met3  │
│ 3.69  │ 1476.56 │ 400.00   │ net10154                                                                    │ _076631_/B1                │ met3  │
│ 3.69  │ 1476.56 │ 400.00   │ net17272                                                                    │ _078086_/B1                │ met3  │
│ 3.69  │ 1476.56 │ 400.00   │ net31562                                                                    │ _077408_/A2                │ met3  │
│ 3.69  │ 1476.51 │ 400.00   │ net31472                                                                    │ _071765_/A2                │ met3  │
│ 3.69  │ 1476.51 │ 400.00   │ net31472                                                                    │ _074038_/A2                │ met3  │
│ 3.66  │ 1465.21 │ 400.00   │ yz_bram_ctrl_inst.yz_ram.u_mem.u_mem.g_2k[3\].u_cell.rdata[0\]              │ wire32680/A                │ met3  │
│ 3.64  │ 1456.47 │ 400.00   │ net31134                                                                    │ _075049_/A2                │ met3  │
│ 3.64  │ 1456.47 │ 400.00   │ net31134                                                                    │ _078536_/A1                │ met3  │
│ 3.63  │ 1451.42 │ 400.00   │ net4308                                                                     │ _072800_/B                 │ met3  │
│ 3.63  │ 1451.42 │ 400.00   │ net4308                                                                     │ _073547_/B1                │ met3  │
│ 3.61  │ 1445.43 │ 400.00   │ net4677                                                                     │ _076769_/A1                │ met3  │
│ 3.60  │ 1441.00 │ 400.00   │ net4948                                                                     │ _078825_/B2                │ met3  │
│ 3.59  │ 1434.18 │ 400.00   │ net31027                                                                    │ _071431_/B1                │ met3  │
│ 3.59  │ 1434.18 │ 400.00   │ net31027                                                                    │ _077628_/B2                │ met3  │
│ 3.58  │ 1432.11 │ 400.00   │ net10311                                                                    │ _073624_/A2                │ met3  │
│ 3.58  │ 1432.08 │ 400.00   │ _019456_                                                                    │ _073339_/B2                │ met3  │
│ 3.58  │ 1431.95 │ 400.00   │ net30239                                                                    │ _084415_/B2                │ met3  │
│ 3.58  │ 1431.95 │ 400.00   │ net30797                                                                    │ _073041_/B1                │ met3  │
│ 3.58  │ 1431.95 │ 400.00   │ net32071                                                                    │ _078377_/C1                │ met3  │
│ 3.53  │ 1411.98 │ 400.00   │ net31367                                                                    │ _077395_/A3                │ met3  │
│ 3.53  │ 1411.98 │ 400.00   │ net31367                                                                    │ _079032_/A2                │ met3  │
│ 3.48  │ 1392.39 │ 400.00   │ net6106                                                                     │ _073541_/B2                │ met3  │
│ 3.48  │ 1392.39 │ 400.00   │ net6106                                                                     │ _074772_/C                 │ met3  │
│ 3.48  │ 1391.94 │ 400.00   │ net30668                                                                    │ _075367_/A2                │ met3  │
│ 3.48  │ 1391.84 │ 400.00   │ net4202                                                                     │ _074954_/B1                │ met3  │
│ 3.48  │ 1391.81 │ 400.00   │ net3656                                                                     │ _074662_/A3                │ met3  │
│ 3.47  │ 1387.51 │ 400.00   │ net31529                                                                    │ _074845_/A2                │ met3  │
│ 3.47  │ 1387.51 │ 400.00   │ net31738                                                                    │ _075638_/A1                │ met3  │
│ 3.47  │ 1387.35 │ 400.00   │ net25688                                                                    │ _084415_/A1                │ met3  │
│ 3.47  │ 1387.35 │ 400.00   │ net30803                                                                    │ _072436_/A3                │ met3  │
│ 3.47  │ 1387.35 │ 400.00   │ net31604                                                                    │ _078148_/B1                │ met3  │
│ 3.47  │ 1387.35 │ 400.00   │ net31665                                                                    │ _077472_/A2                │ met3  │
│ 3.46  │ 1385.10 │ 400.00   │ net10346                                                                    │ _077050_/A3                │ met3  │
│ 3.46  │ 1385.10 │ 400.00   │ net10346                                                                    │ _077157_/A3                │ met3  │
│ 3.41  │ 1364.99 │ 400.00   │ net30732                                                                    │ _071586_/A2                │ met3  │
│ 3.41  │ 1364.99 │ 400.00   │ net30732                                                                    │ _076016_/B2                │ met3  │
│ 3.38  │ 1351.29 │ 400.00   │ net32095                                                                    │ fanout19021/A              │ met3  │
│ 3.38  │ 1351.29 │ 400.00   │ net32095                                                                    │ fanout19037/A              │ met3  │
│ 3.37  │ 1347.36 │ 400.00   │ net30610                                                                    │ _072537_/B1                │ met3  │
│ 3.37  │ 1347.36 │ 400.00   │ net31324                                                                    │ _073255_/A1                │ met3  │
│ 3.36  │ 1344.99 │ 400.00   │ net30636                                                                    │ _074731_/A2                │ met3  │
│ 3.36  │ 1344.99 │ 400.00   │ net30636                                                                    │ _075732_/B1                │ met3  │
│ 3.36  │ 1342.74 │ 400.00   │ net2605                                                                     │ _075388_/B1                │ met3  │
│ 3.36  │ 1342.74 │ 400.00   │ net2938                                                                     │ _072593_/A3                │ met3  │
│ 3.35  │ 1340.56 │ 400.00   │ net4757                                                                     │ _071577_/A2                │ met3  │
│ 3.35  │ 1340.56 │ 400.00   │ net4757                                                                     │ _073124_/B2                │ met3  │
│ 3.31  │ 1323.24 │ 400.00   │ net11874                                                                    │ _074458_/A                 │ met3  │
│ 3.30  │ 1320.40 │ 400.00   │ net4283                                                                     │ _073071_/A2                │ met3  │
│ 3.30  │ 1320.40 │ 400.00   │ net4283                                                                     │ _078217_/A2                │ met3  │
│ 3.26  │ 1302.92 │ 400.00   │ net4619                                                                     │ _073178_/B1                │ met3  │
│ 3.26  │ 1302.72 │ 400.00   │ net7003                                                                     │ _077669_/A2                │ met3  │
│ 3.25  │ 1298.29 │ 400.00   │ net4361                                                                     │ _078499_/B2                │ met3  │
│ 3.25  │ 1298.08 │ 400.00   │ net6105                                                                     │ _073892_/A2                │ met3  │
│ 3.25  │ 1298.08 │ 400.00   │ net6105                                                                     │ _074040_/B1                │ met3  │
│ 3.24  │ 1296.03 │ 400.00   │ net31798                                                                    │ _073655_/A2                │ met3  │
│ 3.24  │ 1296.03 │ 400.00   │ net31798                                                                    │ _078580_/B1                │ met3  │
│ 3.20  │ 1279.94 │ 400.00   │ net31722                                                                    │ _071304_/B                 │ met3  │
│ 3.20  │ 1279.94 │ 400.00   │ net31722                                                                    │ _074649_/B1                │ met3  │
│ 3.20  │ 1279.23 │ 400.00   │ net10115                                                                    │ _072174_/A1                │ met3  │
│ 3.20  │ 1279.23 │ 400.00   │ net10115                                                                    │ _078568_/B1                │ met3  │
│ 3.15  │ 1258.15 │ 400.00   │ net17848                                                                    │ _078944_/B1                │ met3  │
│ 3.14  │ 1257.99 │ 400.00   │ net6494                                                                     │ _072192_/A2                │ met3  │
│ 3.14  │ 1257.99 │ 400.00   │ net30785                                                                    │ _076673_/B2                │ met3  │
│ 3.14  │ 1257.94 │ 400.00   │ net8156                                                                     │ _077767_/A1                │ met3  │
│ 3.13  │ 1253.82 │ 400.00   │ net10158                                                                    │ _071591_/B1                │ met3  │
│ 3.13  │ 1253.53 │ 400.00   │ net10403                                                                    │ _075813_/A3                │ met3  │
│ 3.13  │ 1253.53 │ 400.00   │ net11244                                                                    │ _078498_/A2                │ met3  │
│ 3.13  │ 1253.53 │ 400.00   │ net30453                                                                    │ _078353_/B1                │ met3  │
│ 3.13  │ 1253.40 │ 400.00   │ net31563                                                                    │ _073526_/A                 │ met3  │
│ 3.12  │ 1247.53 │ 400.00   │ net32164                                                                    │ _070742_/B2                │ met3  │
│ 3.12  │ 1247.53 │ 400.00   │ net32164                                                                    │ _077787_/B                 │ met3  │
│ 3.10  │ 1241.63 │ 400.00   │ net31302                                                                    │ _071090_/A2                │ met3  │
│ 3.10  │ 1241.63 │ 400.00   │ net31302                                                                    │ _077962_/A3                │ met3  │
│ 3.10  │ 1241.63 │ 400.00   │ net31302                                                                    │ _078085_/A1                │ met3  │
│ 3.08  │ 1231.21 │ 400.00   │ net11717                                                                    │ _070366_/A1                │ met3  │
│ 3.08  │ 1231.21 │ 400.00   │ net11717                                                                    │ _071359_/A1                │ met3  │
│ 3.06  │ 1222.30 │ 400.00   │ net31929                                                                    │ _073007_/A1                │ met3  │
│ 3.06  │ 1222.30 │ 400.00   │ net31929                                                                    │ _074757_/A1                │ met3  │
│ 3.06  │ 1222.30 │ 400.00   │ net31929                                                                    │ _074787_/B2                │ met3  │
│ 3.04  │ 1217.94 │ 400.00   │ net31209                                                                    │ _077457_/A2                │ met3  │
│ 3.03  │ 1213.54 │ 400.00   │ _019857_                                                                    │ _076119_/B1                │ met3  │
│ 3.03  │ 1213.38 │ 400.00   │ _019545_                                                                    │ _075049_/B1                │ met3  │
│ 3.03  │ 1211.25 │ 400.00   │ net30977                                                                    │ _074816_/A1                │ met3  │
│ 3.03  │ 1211.25 │ 400.00   │ net30977                                                                    │ _078575_/A1                │ met3  │
│ 3.02  │ 1209.08 │ 400.00   │ net6309                                                                     │ _072457_/A2                │ met3  │
│ 3.02  │ 1208.92 │ 400.00   │ net6310                                                                     │ _078563_/B1                │ met3  │
│ 3.02  │ 1208.92 │ 400.00   │ net6686                                                                     │ _075056_/A1                │ met3  │
│ 3.02  │ 1208.92 │ 400.00   │ net12435                                                                    │ _076940_/A1                │ met3  │
│ 3.02  │ 1208.89 │ 400.00   │ net31104                                                                    │ _073852_/B1                │ met3  │
│ 3.02  │ 1208.89 │ 400.00   │ net31104                                                                    │ _077626_/B1                │ met3  │
│ 2.99  │ 1194.42 │ 400.00   │ net1965                                                                     │ _072798_/B2                │ met3  │
│ 2.97  │ 1187.47 │ 400.00   │ net6017                                                                     │ _075110_/B2                │ met3  │
│ 2.97  │ 1186.87 │ 400.00   │ data_bram_ctrl_inst.data_ram.u_mem.g_2k[1\].u_cell.rdata[10\]               │ _113662_/A1                │ met4  │
│ 2.97  │ 1186.63 │ 400.00   │ net7183                                                                     │ _073859_/A2                │ met3  │
│ 2.97  │ 1186.63 │ 400.00   │ net7183                                                                     │ _077189_/B2                │ met3  │
│ 2.97  │ 1186.57 │ 400.00   │ net31627                                                                    │ _075432_/A2                │ met3  │
│ 2.97  │ 1186.57 │ 400.00   │ net31627                                                                    │ _076273_/A1                │ met3  │
│ 2.96  │ 1184.42 │ 400.00   │ net31285                                                                    │ _075043_/A2                │ met3  │
│ 2.93  │ 1173.66 │ 400.00   │ net30957                                                                    │ _073737_/B2                │ met3  │
│ 2.92  │ 1168.94 │ 400.00   │ net7461                                                                     │ _072535_/A1                │ met3  │
│ 2.92  │ 1168.81 │ 400.00   │ net4619                                                                     │ _073216_/B1                │ met3  │
│ 2.92  │ 1168.81 │ 400.00   │ net10531                                                                    │ _078077_/A3                │ met3  │
│ 2.92  │ 1168.78 │ 400.00   │ net6300                                                                     │ _074737_/B1                │ met3  │
│ 2.91  │ 1164.48 │ 400.00   │ net31459                                                                    │ _073116_/B1                │ met3  │
│ 2.91  │ 1164.48 │ 400.00   │ net31577                                                                    │ _072519_/A3                │ met3  │
│ 2.91  │ 1164.32 │ 400.00   │ net3844                                                                     │ _076942_/A1                │ met3  │
│ 2.91  │ 1164.32 │ 400.00   │ net4622                                                                     │ _076706_/B2                │ met3  │
│ 2.91  │ 1164.32 │ 400.00   │ net6073                                                                     │ _074928_/B2                │ met3  │
│ 2.91  │ 1164.32 │ 400.00   │ net30963                                                                    │ _077861_/A2                │ met3  │
│ 2.91  │ 1164.30 │ 400.00   │ net31462                                                                    │ _071354_/A1                │ met3  │
│ 2.91  │ 1164.30 │ 400.00   │ net31462                                                                    │ _076071_/A2                │ met3  │
│ 2.86  │ 1143.56 │ 400.00   │ net31524                                                                    │ _076863_/A2_N              │ met3  │
│ 2.86  │ 1143.56 │ 400.00   │ net31524                                                                    │ _078056_/B1                │ met3  │
│ 2.85  │ 1139.77 │ 400.00   │ net31021                                                                    │ _076383_/B1                │ met3  │
│ 2.85  │ 1139.77 │ 400.00   │ net31021                                                                    │ _078206_/B1                │ met3  │
│ 2.82  │ 1128.76 │ 400.00   │ net30819                                                                    │ _071683_/B1                │ met3  │
│ 2.82  │ 1128.63 │ 400.00   │ net4975                                                                     │ _074430_/A1                │ met3  │
│ 2.82  │ 1126.28 │ 400.00   │ net6476                                                                     │ _072911_/B                 │ met3  │
│ 2.82  │ 1126.28 │ 400.00   │ net6476                                                                     │ _074943_/B                 │ met3  │
│ 2.81  │ 1124.49 │ 400.00   │ _021118_                                                                    │ _072609_/B1                │ met3  │
│ 2.81  │ 1124.46 │ 400.00   │ net30700                                                                    │ _073375_/B1                │ met3  │
│ 2.81  │ 1124.33 │ 400.00   │ net4682                                                                     │ _076397_/B1                │ met3  │
│ 2.81  │ 1124.33 │ 400.00   │ net31674                                                                    │ _077718_/A3                │ met3  │
│ 2.81  │ 1124.30 │ 400.00   │ net10531                                                                    │ _075178_/A2                │ met3  │
│ 2.81  │ 1124.30 │ 400.00   │ net31371                                                                    │ _075208_/B2                │ met3  │
│ 2.81  │ 1124.20 │ 400.00   │ net31365                                                                    │ _076335_/A2                │ met3  │
│ 2.81  │ 1124.17 │ 400.00   │ _023241_                                                                    │ _074581_/A2                │ met3  │
│ 2.81  │ 1122.29 │ 400.00   │ clknet_1_0_1_clk_i                                                          │ clkbuf_leaf_0_clk_i/A      │ met3  │
│ 2.80  │ 1119.71 │ 400.00   │ _024231_                                                                    │ _075576_/B1                │ met3  │
│ 2.80  │ 1119.71 │ 400.00   │ net9969                                                                     │ _078764_/A2                │ met3  │
│ 2.80  │ 1119.71 │ 400.00   │ net10215                                                                    │ _077080_/A2                │ met3  │
│ 2.80  │ 1119.71 │ 400.00   │ net11129                                                                    │ _072609_/B2                │ met3  │
│ 2.80  │ 1119.71 │ 400.00   │ net31739                                                                    │ _077355_/A2                │ met3  │
│ 2.80  │ 1118.04 │ 400.00   │ yz_bram_ctrl_inst.yz_ram.u_mem.u_mem.g_2k[3\].u_cell.rdata[21\]             │ wire20178/A                │ met3  │
│ 2.79  │ 1117.43 │ 400.00   │ net10958                                                                    │ _072612_/A1                │ met3  │
│ 2.79  │ 1117.43 │ 400.00   │ net10958                                                                    │ _078362_/B1                │ met3  │
│ 2.77  │ 1109.63 │ 400.00   │ net31895                                                                    │ _078567_/B1                │ met3  │
│ 2.77  │ 1109.63 │ 400.00   │ net31895                                                                    │ fanout13202/A              │ met3  │
│ 2.76  │ 1102.61 │ 400.00   │ net4967                                                                     │ _070512_/B                 │ met3  │
│ 2.76  │ 1102.61 │ 400.00   │ net4967                                                                     │ _077176_/A1                │ met3  │
│ 2.75  │ 1099.59 │ 400.00   │ net31846                                                                    │ _075548_/A2                │ met3  │
│ 2.75  │ 1099.59 │ 400.00   │ net31846                                                                    │ _077348_/B2                │ met3  │
│ 2.74  │ 1097.54 │ 400.00   │ net30833                                                                    │ _074737_/A1                │ met3  │
│ 2.74  │ 1097.54 │ 400.00   │ net30833                                                                    │ _078405_/A1                │ met3  │
│ 2.74  │ 1097.54 │ 400.00   │ net31498                                                                    │ _072087_/B1                │ met3  │
│ 2.74  │ 1097.54 │ 400.00   │ net31498                                                                    │ _072815_/A1                │ met3  │
│ 2.74  │ 1095.22 │ 400.00   │ net7273                                                                     │ _070691_/B1                │ met3  │
│ 2.74  │ 1095.22 │ 400.00   │ net7273                                                                     │ _077840_/A2                │ met3  │
│ 2.71  │ 1084.15 │ 400.00   │ net30709                                                                    │ _074626_/B2                │ met3  │
│ 2.70  │ 1079.56 │ 400.00   │ net7308                                                                     │ _078274_/B1                │ met3  │
│ 2.69  │ 1077.30 │ 400.00   │ net30704                                                                    │ _074959_/B1                │ met3  │
│ 2.69  │ 1077.30 │ 400.00   │ net30704                                                                    │ _078035_/B2                │ met3  │
│ 2.69  │ 1075.39 │ 400.00   │ net30930                                                                    │ _076437_/B1                │ met3  │
│ 2.69  │ 1075.26 │ 400.00   │ net30788                                                                    │ _076117_/B1                │ met3  │
│ 2.69  │ 1075.10 │ 400.00   │ _021580_                                                                    │ _072915_/A2                │ met3  │
│ 2.69  │ 1075.10 │ 400.00   │ _025392_                                                                    │ _076742_/B1                │ met3  │
│ 2.69  │ 1075.10 │ 400.00   │ _027683_                                                                    │ _079042_/A3                │ met3  │
│ 2.69  │ 1075.10 │ 400.00   │ net2565                                                                     │ _078586_/A3                │ met3  │
│ 2.69  │ 1075.10 │ 400.00   │ net6665                                                                     │ _071342_/B1                │ met3  │
│ 2.69  │ 1075.10 │ 400.00   │ net7905                                                                     │ _078724_/A1                │ met3  │
│ 2.69  │ 1075.10 │ 400.00   │ net30991                                                                    │ _075375_/B1                │ met3  │
│ 2.68  │ 1073.62 │ 400.00   │ net6111                                                                     │ _072791_/B1                │ met3  │
│ 2.68  │ 1073.62 │ 400.00   │ net6111                                                                     │ _072848_/A2                │ met3  │
│ 2.68  │ 1073.62 │ 400.00   │ net6111                                                                     │ _072963_/B1                │ met3  │
│ 2.68  │ 1072.82 │ 400.00   │ net30791                                                                    │ _075112_/A1                │ met3  │
│ 2.68  │ 1071.68 │ 400.00   │ net30647                                                                    │ wire30646/A                │ met3  │
│ 2.65  │ 1060.38 │ 400.00   │ net11698                                                                    │ _078868_/A                 │ met3  │
│ 2.63  │ 1052.78 │ 400.00   │ net31433                                                                    │ _072285_/B1                │ met3  │
│ 2.63  │ 1052.78 │ 400.00   │ net31433                                                                    │ _072882_/A2                │ met3  │
│ 2.62  │ 1046.85 │ 400.00   │ net31401                                                                    │ _072717_/B2                │ met3  │
│ 2.62  │ 1046.85 │ 400.00   │ net31401                                                                    │ _072792_/B                 │ met3  │
│ 2.62  │ 1046.85 │ 400.00   │ net31401                                                                    │ _074672_/B2                │ met3  │
│ 2.60  │ 1039.27 │ 400.00   │ clknet_1_1_0_clk_i                                                          │ clkbuf_1_1_1_clk_i/A       │ met3  │
│ 2.59  │ 1035.15 │ 400.00   │ net10604                                                                    │ _076710_/A1                │ met3  │
│ 2.59  │ 1035.12 │ 400.00   │ net31948                                                                    │ _077744_/A3                │ met3  │
│ 2.59  │ 1034.96 │ 400.00   │ net2140                                                                     │ _073095_/B1                │ met3  │
│ 2.58  │ 1032.78 │ 400.00   │ net4763                                                                     │ _072839_/B1                │ met3  │
│ 2.58  │ 1032.78 │ 400.00   │ net4763                                                                     │ _078357_/A2                │ met3  │
│ 2.58  │ 1032.74 │ 400.00   │ net31423                                                                    │ _075140_/A1                │ met3  │
│ 2.58  │ 1032.74 │ 400.00   │ net31423                                                                    │ _078386_/A2                │ met3  │
│ 2.58  │ 1030.63 │ 400.00   │ net31617                                                                    │ _074607_/A2                │ met3  │
│ 2.58  │ 1030.50 │ 400.00   │ _019456_                                                                    │ _074212_/A2                │ met3  │
│ 2.58  │ 1030.50 │ 400.00   │ net2585                                                                     │ _076978_/A3                │ met3  │
│ 2.58  │ 1030.50 │ 400.00   │ net6061                                                                     │ _078277_/B2                │ met3  │
│ 2.58  │ 1030.50 │ 400.00   │ net10683                                                                    │ _071681_/A1                │ met3  │
│ 2.58  │ 1030.50 │ 400.00   │ net30764                                                                    │ _074829_/A1                │ met3  │
│ 2.58  │ 1030.50 │ 400.00   │ net31857                                                                    │ _079038_/A2                │ met3  │
│ 2.58  │ 1030.48 │ 400.00   │ net7061                                                                     │ _071165_/A1                │ met3  │
│ 2.58  │ 1030.48 │ 400.00   │ net7061                                                                     │ _075694_/B1                │ met3  │
│ 2.57  │ 1027.08 │ 400.00   │ net30514                                                                    │ wire30513/A                │ met3  │
│ 2.54  │ 1017.04 │ 400.00   │ net32018                                                                    │ fanout19078/A              │ met3  │
│ 2.54  │ 1014.09 │ 400.00   │ net10703                                                                    │ _075371_/A1                │ met3  │
│ 2.54  │ 1014.09 │ 400.00   │ net10703                                                                    │ _077359_/A1                │ met3  │
│ 2.54  │ 1014.09 │ 400.00   │ net10703                                                                    │ _077405_/A4                │ met3  │
│ 2.54  │ 1014.09 │ 400.00   │ net31318                                                                    │ _073303_/A3                │ met3  │
│ 2.54  │ 1014.09 │ 400.00   │ net31318                                                                    │ _074523_/B1                │ met3  │
│ 2.54  │ 1014.09 │ 400.00   │ net31318                                                                    │ _077270_/B1                │ met3  │
│ 2.52  │ 1009.76 │ 400.00   │ data_bram_ctrl_inst.data_ram.u_mem.g_2k[1\].u_cell.rdata[12\]               │ _113666_/A1                │ met4  │
│ 2.52  │ 1008.04 │ 400.00   │ net10513                                                                    │ _073893_/A                 │ met3  │
│ 2.52  │ 1008.04 │ 400.00   │ net10513                                                                    │ _076387_/C1                │ met3  │
│ 2.52  │ 1006.01 │ 400.00   │ net8069                                                                     │ _077893_/A2                │ met3  │
│ 2.52  │ 1006.01 │ 400.00   │ net8069                                                                     │ _078143_/A1                │ met3  │
│ 2.52  │ 1006.01 │ 400.00   │ net27142                                                                    │ _079290_/A1                │ met3  │
│ 2.52  │ 1006.01 │ 400.00   │ net27142                                                                    │ _106095_/A1                │ met3  │
│ 2.51  │ 9208.76 │ 3669.20  │ net3937                                                                     │ _062541_/B                 │ met4  │
│ 2.49  │ 994.91  │ 400.00   │ net31054                                                                    │ _078380_/B2                │ met3  │
│ 2.47  │ 986.18  │ 400.00   │ net30758                                                                    │ _072874_/A2                │ met3  │
│ 2.47  │ 986.05  │ 400.00   │ net4826                                                                     │ _078711_/A2                │ met3  │
│ 2.47  │ 986.05  │ 400.00   │ net6104                                                                     │ _076361_/B1                │ met3  │
│ 2.47  │ 986.05  │ 400.00   │ net31821                                                                    │ _071945_/B2                │ met3  │
│ 2.46  │ 985.99  │ 400.00   │ net31674                                                                    │ _074641_/A1                │ met3  │
│ 2.46  │ 985.89  │ 400.00   │ _022112_                                                                    │ _073516_/B1                │ met3  │
│ 2.46  │ 985.89  │ 400.00   │ _023845_                                                                    │ _075188_/B2                │ met3  │
│ 2.46  │ 985.89  │ 400.00   │ net2600                                                                     │ _075715_/A2                │ met3  │
│ 2.46  │ 985.89  │ 400.00   │ net3660                                                                     │ _071384_/B1                │ met3  │
│ 2.46  │ 985.89  │ 400.00   │ net12405                                                                    │ _072521_/A3                │ met3  │
│ 2.46  │ 985.89  │ 400.00   │ net14123                                                                    │ _076590_/A1                │ met3  │
│ 2.46  │ 985.89  │ 400.00   │ net16503                                                                    │ _078352_/A1                │ met3  │
│ 2.46  │ 985.89  │ 400.00   │ net30646                                                                    │ _076496_/B2                │ met3  │
│ 2.46  │ 983.61  │ 400.00   │ net32184                                                                    │ wire3027/A                 │ met3  │
│ 2.45  │ 981.52  │ 400.00   │ net7914                                                                     │ _073715_/A                 │ met3  │
│ 2.45  │ 981.50  │ 400.00   │ net31445                                                                    │ _073933_/C                 │ met3  │
│ 2.45  │ 981.50  │ 400.00   │ net31445                                                                    │ _077570_/A2                │ met3  │
│ 2.43  │ 972.76  │ 400.00   │ net1639                                                                     │ _128295_/D                 │ met3  │
│ 2.43  │ 972.76  │ 400.00   │ net4213                                                                     │ _078932_/B1_N              │ met3  │
│ 2.43  │ 972.76  │ 400.00   │ net30451                                                                    │ _128285_/D                 │ met3  │
│ 2.43  │ 972.76  │ 400.00   │ net31411                                                                    │ _069985_/B                 │ met3  │
│ 2.43  │ 972.58  │ 400.00   │ net30867                                                                    │ _072805_/B1                │ met3  │
│ 2.43  │ 972.58  │ 400.00   │ net30867                                                                    │ _074541_/A2                │ met3  │
│ 2.43  │ 972.58  │ 400.00   │ net30867                                                                    │ _074750_/A2                │ met3  │
│ 2.43  │ 972.58  │ 400.00   │ net30867                                                                    │ _074814_/A2                │ met3  │
│ 2.42  │ 8867.05 │ 3669.20  │ net4210                                                                     │ _074661_/B1_N              │ met4  │
│ 2.41  │ 963.94  │ 400.00   │ net7720                                                                     │ _075152_/B2                │ met3  │
│ 2.41  │ 963.94  │ 400.00   │ net7720                                                                     │ _077378_/B2                │ met3  │
│ 2.41  │ 963.94  │ 400.00   │ net7720                                                                     │ _078281_/A1                │ met3  │
│ 2.41  │ 963.64  │ 400.00   │ net31871                                                                    │ _072414_/B                 │ met3  │
│ 2.41  │ 963.64  │ 400.00   │ net31871                                                                    │ _074462_/A1                │ met3  │
│ 2.41  │ 963.54  │ 400.00   │ net3475                                                                     │ _077836_/B1                │ met3  │
│ 2.40  │ 961.31  │ 400.00   │ net2865                                                                     │ _077349_/B                 │ met3  │
│ 2.40  │ 960.85  │ 400.00   │ net32147                                                                    │ wire3005/A                 │ met3  │
│ 2.40  │ 960.85  │ 400.00   │ net32523                                                                    │ wire16312/A                │ met3  │
│ 2.40  │ 959.13  │ 400.00   │ net31842                                                                    │ _073688_/A2                │ met3  │
│ 2.39  │ 956.11  │ 400.00   │ net31320                                                                    │ _072164_/A1                │ met3  │
│ 2.39  │ 956.11  │ 400.00   │ net31320                                                                    │ _078263_/A1                │ met3  │
│ 2.39  │ 956.11  │ 400.00   │ net31320                                                                    │ _078512_/A1                │ met3  │
│ 2.38  │ 953.18  │ 400.00   │ net4752                                                                     │ _070996_/B1                │ met3  │
│ 2.38  │ 953.18  │ 400.00   │ net4752                                                                     │ _075762_/B1                │ met3  │
│ 2.38  │ 950.34  │ 400.00   │ net4620                                                                     │ _073397_/A2                │ met3  │
│ 2.37  │ 946.04  │ 400.00   │ _018936_                                                                    │ _072693_/A2                │ met3  │
│ 2.36  │ 945.91  │ 400.00   │ net30804                                                                    │ _074706_/B2                │ met3  │
│ 2.36  │ 945.91  │ 400.00   │ net31511                                                                    │ _073760_/A                 │ met3  │
│ 2.36  │ 945.91  │ 400.00   │ net32232                                                                    │ _072011_/A1                │ met3  │
│ 2.36  │ 945.86  │ 400.00   │ net30490                                                                    │ _076262_/B1                │ met2  │
│ 2.36  │ 945.75  │ 400.00   │ net4311                                                                     │ _072732_/B1                │ met3  │
│ 2.36  │ 945.75  │ 400.00   │ net14119                                                                    │ _078937_/A1                │ met3  │
│ 2.36  │ 943.64  │ 400.00   │ net8181                                                                     │ _074008_/A1                │ met3  │
│ 2.36  │ 943.64  │ 400.00   │ net8181                                                                     │ _077914_/A1                │ met3  │
│ 2.35  │ 941.58  │ 400.00   │ net31009                                                                    │ _076552_/B2                │ met3  │
│ 2.35  │ 941.28  │ 400.00   │ _019456_                                                                    │ _078972_/A1                │ met3  │
│ 2.35  │ 941.28  │ 400.00   │ net2913                                                                     │ _074080_/B1                │ met3  │
│ 2.35  │ 941.28  │ 400.00   │ net4209                                                                     │ _074782_/B1                │ met3  │
│ 2.35  │ 941.28  │ 400.00   │ net4527                                                                     │ _074343_/B1                │ met3  │
│ 2.35  │ 941.28  │ 400.00   │ net30859                                                                    │ _072512_/A1                │ met3  │
│ 2.33  │ 931.27  │ 400.00   │ data_bram_ctrl_inst.data_ram.u_mem.g_2k[1\].u_cell.rdata[22\]               │ _113686_/A1                │ met4  │
│ 2.31  │ 923.38  │ 400.00   │ net31424                                                                    │ _071413_/A2                │ met3  │
│ 2.31  │ 923.38  │ 400.00   │ net31424                                                                    │ _075475_/A2                │ met3  │
│ 2.31  │ 923.38  │ 400.00   │ net31424                                                                    │ _078376_/A2                │ met3  │
│ 2.30  │ 919.09  │ 400.00   │ net31745                                                                    │ _074107_/A1                │ met3  │
│ 2.30  │ 919.09  │ 400.00   │ net31745                                                                    │ _077580_/A2                │ met3  │
│ 2.30  │ 918.95  │ 400.00   │ net31155                                                                    │ _075335_/A2                │ met3  │
│ 2.30  │ 918.95  │ 400.00   │ net31155                                                                    │ _078387_/A3                │ met3  │
│ 2.29  │ 8420.76 │ 3669.20  │ net31226                                                                    │ _077132_/B                 │ met3  │
│ 2.29  │ 916.74  │ 400.00   │ net31732                                                                    │ _071586_/B2                │ met3  │
│ 2.29  │ 916.74  │ 400.00   │ net31732                                                                    │ _074065_/B1                │ met3  │
│ 2.28  │ 910.45  │ 400.00   │ net18991                                                                    │ fanout18930/A              │ met3  │
│ 2.27  │ 909.74  │ 400.00   │ net7045                                                                     │ _077827_/A2_N              │ met3  │
│ 2.26  │ 905.92  │ 400.00   │ net6366                                                                     │ _076106_/A2                │ met3  │
│ 2.26  │ 904.67  │ 400.00   │ net32525                                                                    │ wire16309/A                │ met3  │
│ 2.25  │ 901.30  │ 400.00   │ net30610                                                                    │ _076184_/B1                │ met3  │
│ 2.25  │ 901.27  │ 400.00   │ net10477                                                                    │ _070931_/B1                │ met3  │
│ 2.24  │ 896.81  │ 400.00   │ net30711                                                                    │ _073744_/A1                │ met3  │
│ 2.24  │ 896.71  │ 400.00   │ net31174                                                                    │ _073913_/A3                │ met3  │
│ 2.24  │ 896.71  │ 400.00   │ net31174                                                                    │ _076055_/A1                │ met3  │
│ 2.24  │ 896.68  │ 400.00   │ _010771_                                                                    │ _061032_/B1                │ met3  │
│ 2.24  │ 896.68  │ 400.00   │ net3707                                                                     │ _077246_/A1                │ met3  │
│ 2.24  │ 896.68  │ 400.00   │ net7162                                                                     │ _074311_/B2                │ met3  │
│ 2.24  │ 896.68  │ 400.00   │ net30749                                                                    │ _071907_/B1                │ met3  │
│ 2.24  │ 896.68  │ 400.00   │ net30801                                                                    │ _076083_/B1                │ met3  │
│ 2.24  │ 896.68  │ 400.00   │ net30808                                                                    │ _071264_/B                 │ met3  │
│ 2.24  │ 896.68  │ 400.00   │ net31247                                                                    │ _075203_/B1                │ met3  │
│ 2.24  │ 894.42  │ 400.00   │ net30733                                                                    │ _074167_/A1                │ met3  │
│ 2.24  │ 894.42  │ 400.00   │ net30733                                                                    │ _078195_/A2                │ met3  │
│ 2.24  │ 894.42  │ 400.00   │ net30780                                                                    │ _073396_/B2                │ met3  │
│ 2.24  │ 894.42  │ 400.00   │ net30780                                                                    │ _075089_/A1                │ met3  │
│ 2.23  │ 893.90  │ 400.00   │ net30727                                                                    │ _074268_/D                 │ met3  │
│ 2.22  │ 889.56  │ 400.00   │ net31006                                                                    │ _077451_/A                 │ met3  │
│ 2.22  │ 889.56  │ 400.00   │ net31006                                                                    │ _078609_/B                 │ met3  │
│ 2.21  │ 885.14  │ 400.00   │ _019467_                                                                    │ _078561_/B                 │ met3  │
│ 2.21  │ 885.14  │ 400.00   │ net6988                                                                     │ _077965_/A                 │ met3  │
│ 2.21  │ 885.14  │ 400.00   │ net30450                                                                    │ _128301_/D                 │ met3  │
│ 2.21  │ 885.14  │ 400.00   │ net30820                                                                    │ _071344_/C                 │ met3  │
│ 2.20  │ 880.27  │ 400.00   │ net2894                                                                     │ _075383_/A1                │ met3  │
│ 2.20  │ 880.27  │ 400.00   │ net2894                                                                     │ _075440_/A2                │ met3  │
│ 2.20  │ 8069.71 │ 3669.20  │ net30820                                                                    │ _071344_/C                 │ met4  │
│ 2.19  │ 874.44  │ 400.00   │ net31428                                                                    │ _071039_/A2                │ met3  │
│ 2.19  │ 874.44  │ 400.00   │ net31428                                                                    │ _076123_/B2                │ met3  │
│ 2.18  │ 872.19  │ 400.00   │ net7984                                                                     │ _076694_/A1                │ met3  │
│ 2.18  │ 872.19  │ 400.00   │ net7984                                                                     │ _077958_/A1                │ met3  │
│ 2.18  │ 870.96  │ 400.00   │ net30678                                                                    │ wire30677/A                │ met3  │
│ 2.17  │ 866.23  │ 400.00   │ net30870                                                                    │ _076362_/A1                │ met2  │
│ 2.15  │ 861.12  │ 400.00   │ net31425                                                                    │ _077183_/A2                │ met3  │
│ 2.15  │ 861.03  │ 400.00   │ net2904                                                                     │ _074846_/A3                │ met3  │
│ 2.15  │ 860.99  │ 400.00   │ net6113                                                                     │ _073661_/B2                │ met3  │
│ 2.15  │ 860.23  │ 400.00   │ data_bram_ctrl_inst.data_ram.u_mem.g_2k[1\].u_cell.rdata[29\]               │ _113700_/A1                │ met4  │
│ 2.14  │ 856.73  │ 400.00   │ net6125                                                                     │ _072757_/A2                │ met3  │
│ 2.14  │ 856.69  │ 400.00   │ net4826                                                                     │ _076636_/B2                │ met3  │
│ 2.14  │ 856.69  │ 400.00   │ net30702                                                                    │ _071881_/B1                │ met3  │
│ 2.14  │ 856.57  │ 400.00   │ net30730                                                                    │ _078787_/A2                │ met3  │
│ 2.14  │ 856.53  │ 400.00   │ net7292                                                                     │ _073468_/B1                │ met3  │
│ 2.14  │ 856.48  │ 400.00   │ net31706                                                                    │ _071111_/B2                │ met3  │
│ 2.14  │ 856.48  │ 400.00   │ net31706                                                                    │ _073856_/A2                │ met3  │
│ 2.14  │ 855.00  │ 400.00   │ net30747                                                                    │ _071480_/A2                │ met3  │
│ 2.14  │ 855.00  │ 400.00   │ net30747                                                                    │ _077527_/B1                │ met3  │
│ 2.14  │ 855.00  │ 400.00   │ net30747                                                                    │ _078639_/B1                │ met3  │
│ 2.14  │ 854.98  │ 400.00   │ net32500                                                                    │ _067609_/A0                │ met3  │
│ 2.14  │ 854.37  │ 400.00   │ net30592                                                                    │ _072693_/B1                │ met3  │
│ 2.14  │ 854.37  │ 400.00   │ net30592                                                                    │ _073696_/A1                │ met3  │
│ 2.13  │ 852.36  │ 400.00   │ net10133                                                                    │ _077623_/B2                │ met3  │
│ 2.13  │ 852.23  │ 400.00   │ net31898                                                                    │ _073987_/A2                │ met3  │
│ 2.13  │ 852.07  │ 400.00   │ _021120_                                                                    │ _078975_/B2                │ met3  │
│ 2.13  │ 852.07  │ 400.00   │ net2951                                                                     │ _072080_/B1                │ met3  │
│ 2.13  │ 852.07  │ 400.00   │ net7380                                                                     │ _076653_/A3                │ met3  │
│ 2.13  │ 852.07  │ 400.00   │ net7380                                                                     │ _077737_/A2                │ met3  │
│ 2.13  │ 852.07  │ 400.00   │ net30611                                                                    │ _071700_/A1                │ met3  │
│ 2.13  │ 852.07  │ 400.00   │ net30869                                                                    │ _076679_/A2                │ met3  │
│ 2.13  │ 852.07  │ 400.00   │ net30962                                                                    │ _071776_/A2                │ met3  │
│ 2.13  │ 852.02  │ 400.00   │ net27136                                                                    │ _079304_/A1                │ met3  │
│ 2.13  │ 852.02  │ 400.00   │ net27136                                                                    │ _105969_/A1                │ met3  │
│ 2.13  │ 850.56  │ 400.00   │ net32159                                                                    │ _074823_/A1                │ met3  │
│ 2.13  │ 850.56  │ 400.00   │ net32159                                                                    │ _076368_/A1                │ met3  │
│ 2.12  │ 849.79  │ 400.00   │ net2532                                                                     │ _110051_/B                 │ met3  │
│ 2.12  │ 848.49  │ 400.00   │ net16316                                                                    │ wire16315/A                │ met3  │
│ 2.12  │ 848.49  │ 400.00   │ net32286                                                                    │ wire5231/A                 │ met3  │
│ 2.10  │ 840.30  │ 400.00   │ yz_bram_ctrl_inst.yz_ram.u_mem.u_mem.g_1k.u_cell.rdata[30\]                 │ wire21066/A                │ met3  │
│ 2.10  │ 840.30  │ 400.00   │ yz_bram_ctrl_inst.yz_ram.u_mem.u_mem.g_2k[3\].u_cell.rdata[9\]              │ wire20039/A                │ met3  │
│ 2.09  │ 837.15  │ 400.00   │ net31299                                                                    │ _071413_/B1                │ met3  │
│ 2.09  │ 837.15  │ 400.00   │ net31299                                                                    │ _076422_/A2                │ met3  │
│ 2.09  │ 837.15  │ 400.00   │ net31299                                                                    │ _078755_/B1                │ met3  │
│ 2.09  │ 835.66  │ 400.00   │ net31474                                                                    │ _071111_/A2                │ met3  │
│ 2.09  │ 835.66  │ 400.00   │ net31474                                                                    │ _071635_/B2                │ met3  │
│ 2.09  │ 835.66  │ 400.00   │ net31474                                                                    │ _078756_/B1                │ met3  │
│ 2.09  │ 834.20  │ 400.00   │ net4950                                                                     │ _070563_/A2                │ met3  │
│ 2.09  │ 834.20  │ 400.00   │ net4950                                                                     │ _077903_/A1                │ met3  │
│ 2.09  │ 834.19  │ 400.00   │ net31048                                                                    │ _078331_/B2                │ met3  │
│ 2.09  │ 834.19  │ 400.00   │ net31048                                                                    │ _078965_/B                 │ met3  │
│ 2.08  │ 7631.62 │ 3669.20  │ net2397                                                                     │ _073956_/C_N               │ met3  │
│ 2.08  │ 831.95  │ 400.00   │ net4762                                                                     │ _071456_/B1                │ met3  │
│ 2.08  │ 831.95  │ 400.00   │ net4762                                                                     │ _075732_/A2                │ met3  │
│ 2.07  │ 829.75  │ 400.00   │ net30959                                                                    │ _070331_/A2                │ met3  │
│ 2.07  │ 829.75  │ 400.00   │ net30959                                                                    │ _071416_/B1                │ met3  │
│ 2.07  │ 827.52  │ 400.00   │ net11196                                                                    │ _074401_/A2                │ met3  │
│ 2.07  │ 827.52  │ 400.00   │ net11196                                                                    │ _078090_/A2                │ met3  │
│ 2.07  │ 827.20  │ 400.00   │ net31357                                                                    │ _076690_/A1                │ met2  │
│ 2.05  │ 819.31  │ 400.00   │ net31249                                                                    │ _071285_/B1                │ met3  │
│ 2.05  │ 819.31  │ 400.00   │ net31249                                                                    │ _074271_/B2                │ met3  │
│ 2.05  │ 819.31  │ 400.00   │ net31249                                                                    │ _075600_/A2                │ met3  │
│ 2.04  │ 816.48  │ 400.00   │ net6508                                                                     │ _072678_/A2                │ met3  │
│ 2.03  │ 812.04  │ 400.00   │ net30537                                                                    │ _071744_/A1                │ met3  │
│ 2.02  │ 809.71  │ 400.00   │ net31579                                                                    │ _077097_/A2                │ met3  │
│ 2.02  │ 809.71  │ 400.00   │ net31579                                                                    │ _078078_/A2                │ met3  │
│ 2.02  │ 807.63  │ 400.00   │ net6502                                                                     │ _075600_/B1                │ met3  │
│ 2.02  │ 807.47  │ 400.00   │ _020614_                                                                    │ _077406_/A2                │ met3  │
│ 2.02  │ 807.47  │ 400.00   │ net2599                                                                     │ _075849_/A3                │ met3  │
│ 2.02  │ 807.47  │ 400.00   │ net4298                                                                     │ _072877_/A2                │ met3  │
│ 2.02  │ 807.47  │ 400.00   │ net4382                                                                     │ _076761_/A2                │ met3  │
│ 2.02  │ 807.47  │ 400.00   │ net6835                                                                     │ _077553_/B1                │ met3  │
│ 2.02  │ 807.47  │ 400.00   │ net11185                                                                    │ _078909_/A1                │ met3  │
│ 2.01  │ 804.05  │ 400.00   │ net4020                                                                     │ wire4019/A                 │ met3  │
│ 1.99  │ 797.52  │ 400.00   │ _000152_                                                                    │ _119421_/D                 │ met3  │
│ 1.99  │ 797.52  │ 400.00   │ _052029_                                                                    │ _109110_/B                 │ met3  │
│ 1.99  │ 797.52  │ 400.00   │ net3541                                                                     │ _074372_/B                 │ met3  │
│ 1.99  │ 795.02  │ 400.00   │ data_bram_ctrl_inst.data_ram.u_mem.g_2k[1\].u_cell.rdata[23\]               │ _113688_/A1                │ met4  │
│ 1.98  │ 793.11  │ 400.00   │ net4656                                                                     │ _073218_/B1                │ met3  │
│ 1.98  │ 793.11  │ 400.00   │ net4656                                                                     │ _076282_/B1                │ met3  │
│ 1.98  │ 792.90  │ 400.00   │ net3654                                                                     │ wire31522/A                │ met3  │
│ 1.98  │ 792.55  │ 400.00   │ net31849                                                                    │ _075544_/A2                │ met3  │
│ 1.98  │ 792.55  │ 400.00   │ net31849                                                                    │ _076072_/A2                │ met3  │
│ 1.98  │ 792.55  │ 400.00   │ net31849                                                                    │ _078189_/B1                │ met3  │
│ 1.98  │ 792.31  │ 400.00   │ net29942                                                                    │ wire29940/A                │ met3  │
│ 1.98  │ 791.07  │ 400.00   │ net31633                                                                    │ _072144_/A2                │ met3  │
│ 1.98  │ 791.07  │ 400.00   │ net31633                                                                    │ _074140_/B2                │ met3  │
│ 1.98  │ 791.07  │ 400.00   │ net31633                                                                    │ _078405_/A2                │ met3  │
│ 1.97  │ 787.38  │ 400.00   │ net31662                                                                    │ _070590_/A3                │ met3  │
│ 1.97  │ 787.38  │ 400.00   │ net31662                                                                    │ _076511_/A1                │ met3  │
│ 1.96  │ 785.36  │ 400.00   │ net31728                                                                    │ _071682_/B2                │ met3  │
│ 1.96  │ 785.36  │ 400.00   │ net31728                                                                    │ _073478_/B2                │ met3  │
│ 1.96  │ 785.15  │ 400.00   │ net31954                                                                    │ _071476_/A2                │ met3  │
│ 1.96  │ 785.15  │ 400.00   │ net31954                                                                    │ _073549_/A2                │ met3  │
│ 1.96  │ 785.12  │ 400.00   │ net30894                                                                    │ _075526_/A2                │ met3  │
│ 1.96  │ 783.75  │ 400.00   │ data_bram_ctrl_inst.data_ram.u_mem.g_2k[1\].u_cell.rdata[14\]               │ _113670_/A1                │ met4  │
│ 1.95  │ 781.75  │ 400.00   │ net25834                                                                    │ wire25833/A                │ met3  │
│ 1.95  │ 779.93  │ 400.00   │ net10117                                                                    │ _071761_/B1                │ met3  │
│ 1.95  │ 779.93  │ 400.00   │ net10117                                                                    │ _074417_/A2                │ met3  │
│ 1.95  │ 779.93  │ 400.00   │ net10117                                                                    │ _076975_/B1                │ met3  │
│ 1.94  │ 777.75  │ 400.00   │ net31206                                                                    │ _076871_/A2                │ met3  │
│ 1.94  │ 777.75  │ 400.00   │ net31206                                                                    │ _078035_/A1                │ met3  │
│ 1.94  │ 777.75  │ 400.00   │ net31206                                                                    │ _078551_/A1                │ met3  │
│ 1.94  │ 776.47  │ 400.00   │ net4976                                                                     │ _074020_/A1                │ met3  │
│ 1.93  │ 771.56  │ 400.00   │ net30987                                                                    │ _074669_/C                 │ met3  │
│ 1.93  │ 771.56  │ 400.00   │ net30987                                                                    │ _077528_/A2                │ met3  │
│ 1.93  │ 770.87  │ 400.00   │ instr_bram_ctrl_inst.instr_ram.u_mem.g_2k[3\].u_cell.rdata[25\]             │ wire21361/A                │ met3  │
│ 1.93  │ 770.87  │ 400.00   │ yz_bram_ctrl_inst.yz_ram.u_mem.u_mem.g_2k[0\].u_cell.rdata[9\]              │ wire20563/A                │ met3  │
│ 1.93  │ 770.87  │ 400.00   │ yz_bram_ctrl_inst.yz_ram.u_mem.u_mem.g_2k[1\].u_cell.rdata[7\]              │ wire20319/A                │ met3  │
│ 1.93  │ 770.87  │ 400.00   │ yz_bram_ctrl_inst.yz_ram.u_mem.u_mem.g_2k[2\].u_cell.rdata[19\]             │ wire20300/A                │ met3  │
│ 1.93  │ 770.59  │ 400.00   │ net25818                                                                    │ wire25817/A                │ met3  │
│ 1.93  │ 770.59  │ 400.00   │ net25826                                                                    │ wire25825/A                │ met3  │
│ 1.93  │ 770.26  │ 400.00   │ data_bram_ctrl_inst.data_ram.u_mem.g_2k[1\].u_cell.rdata[15\]               │ _113672_/A1                │ met4  │
│ 1.93  │ 5353.52 │ 2780.80  │ _020714_                                                                    │ _072045_/A                 │ met4  │
│ 1.92  │ 767.61  │ 400.00   │ net17391                                                                    │ _074146_/A1                │ met3  │
│ 1.92  │ 767.48  │ 400.00   │ net4485                                                                     │ _076935_/B1                │ met3  │
│ 1.92  │ 767.48  │ 400.00   │ net11496                                                                    │ _073201_/A3                │ met3  │
│ 1.92  │ 767.48  │ 400.00   │ net31435                                                                    │ _073926_/B1                │ met3  │
│ 1.92  │ 767.32  │ 400.00   │ net4475                                                                     │ _075561_/A2                │ met3  │
│ 1.92  │ 767.32  │ 400.00   │ net11771                                                                    │ _076778_/A1                │ met3  │
│ 1.92  │ 767.27  │ 400.00   │ net10471                                                                    │ _075878_/B1                │ met3  │
│ 1.92  │ 767.27  │ 400.00   │ net10471                                                                    │ _078389_/B1                │ met3  │
│ 1.91  │ 765.12  │ 400.00   │ net4529                                                                     │ _073623_/B1                │ met3  │
│ 1.91  │ 765.12  │ 400.00   │ net4529                                                                     │ _075635_/A2                │ met3  │
│ 1.91  │ 7018.29 │ 3669.20  │ net32088                                                                    │ _113753_/A0                │ met3  │
│ 1.91  │ 7018.29 │ 3669.20  │ net32089                                                                    │ _113747_/A0                │ met3  │
│ 1.91  │ 7018.29 │ 3669.20  │ net32090                                                                    │ _113745_/A0                │ met3  │
│ 1.91  │ 763.02  │ 400.00   │ net6077                                                                     │ _076900_/B1                │ met3  │
│ 1.91  │ 762.86  │ 400.00   │ _025553_                                                                    │ _076904_/A1                │ met3  │
│ 1.91  │ 762.86  │ 400.00   │ _052468_                                                                    │ _109551_/A2                │ met3  │
│ 1.91  │ 762.86  │ 400.00   │ net10031                                                                    │ _077574_/A2                │ met3  │
│ 1.91  │ 762.86  │ 400.00   │ net10112                                                                    │ _076408_/A3                │ met3  │
│ 1.91  │ 762.86  │ 400.00   │ net10847                                                                    │ _070444_/B2                │ met3  │
│ 1.91  │ 762.86  │ 400.00   │ net13661                                                                    │ _076282_/A1                │ met3  │
│ 1.91  │ 762.86  │ 400.00   │ net14032                                                                    │ _073606_/A2                │ met3  │
│ 1.91  │ 762.86  │ 400.00   │ net31066                                                                    │ _076377_/A1                │ met3  │
│ 1.91  │ 762.86  │ 400.00   │ net31454                                                                    │ _078185_/A1                │ met3  │
│ 1.91  │ 762.86  │ 400.00   │ net31782                                                                    │ _076645_/A1                │ met3  │
│ 1.91  │ 762.86  │ 400.00   │ net32077                                                                    │ _074671_/B2                │ met3  │
│ 1.91  │ 762.81  │ 400.00   │ net31669                                                                    │ _075557_/A                 │ met3  │
│ 1.90  │ 6977.95 │ 3669.20  │ net32472                                                                    │ wire30147/A                │ met4  │
│ 1.89  │ 6930.67 │ 3669.20  │ net32087                                                                    │ _113755_/A0                │ met3  │
│ 1.89  │ 6921.77 │ 3669.20  │ net32471                                                                    │ wire30151/A                │ met4  │
│ 1.87  │ 749.61  │ 400.00   │ net4833                                                                     │ _078846_/A1                │ met2  │
│ 1.87  │ 6860.57 │ 3669.20  │ net2572                                                                     │ _077697_/B1_N              │ met3  │
│ 1.87  │ 6860.57 │ 3669.20  │ net2586                                                                     │ _076668_/C_N               │ met3  │
│ 1.87  │ 746.45  │ 400.00   │ net7221                                                                     │ _071184_/A2                │ met3  │
│ 1.87  │ 746.45  │ 400.00   │ net7221                                                                     │ _076753_/A2                │ met3  │
│ 1.87  │ 746.45  │ 400.00   │ net7221                                                                     │ _077600_/A2                │ met3  │
│ 1.86  │ 742.77  │ 400.00   │ net10311                                                                    │ _072778_/B1                │ met3  │
│ 1.86  │ 742.77  │ 400.00   │ net10311                                                                    │ _078245_/A2                │ met3  │
│ 1.86  │ 742.02  │ 400.00   │ net10676                                                                    │ _077237_/A2                │ met3  │
│ 1.86  │ 742.02  │ 400.00   │ net10676                                                                    │ _078073_/C                 │ met3  │
│ 1.85  │ 740.51  │ 400.00   │ _027690_                                                                    │ _079050_/A1                │ met3  │
│ 1.85  │ 740.51  │ 400.00   │ _027690_                                                                    │ _079164_/A2                │ met3  │
│ 1.85  │ 738.81  │ 400.00   │ net6264                                                                     │ _073982_/B1                │ met3  │
│ 1.85  │ 738.81  │ 400.00   │ net6264                                                                     │ _075861_/B1                │ met3  │
│ 1.85  │ 738.52  │ 400.00   │ net30842                                                                    │ _071954_/B1                │ met3  │
│ 1.85  │ 738.52  │ 400.00   │ net30842                                                                    │ _077650_/B1                │ met3  │
│ 1.85  │ 738.28  │ 400.00   │ net30621                                                                    │ _075660_/B                 │ met3  │
│ 1.84  │ 736.12  │ 400.00   │ net32472                                                                    │ wire30147/A                │ met3  │
│ 1.84  │ 736.08  │ 400.00   │ net3569                                                                     │ _073157_/A2_N              │ met3  │
│ 1.84  │ 736.08  │ 400.00   │ net3569                                                                     │ _073451_/A1_N              │ met3  │
│ 1.83  │ 733.29  │ 400.00   │ net3100                                                                     │ fanout3091/A               │ met3  │
│ 1.83  │ 733.29  │ 400.00   │ net3100                                                                     │ fanout3097/A               │ met3  │
│ 1.83  │ 731.67  │ 400.00   │ net31149                                                                    │ _074851_/B1                │ met3  │
│ 1.83  │ 731.67  │ 400.00   │ net31149                                                                    │ _075182_/A2                │ met3  │
│ 1.83  │ 731.58  │ 400.00   │ net2972                                                                     │ _074201_/A1                │ met3  │
│ 1.83  │ 731.58  │ 400.00   │ net2972                                                                     │ _075951_/B1                │ met3  │
│ 1.83  │ 731.58  │ 400.00   │ net2972                                                                     │ _077889_/A3                │ met3  │
│ 1.82  │ 6685.33 │ 3669.20  │ net4472                                                                     │ _071884_/C                 │ met3  │
│ 1.82  │ 728.28  │ 400.00   │ clknet_4_6_0_clk_i_regs                                                     │ clkbuf_5_13_0_clk_i_regs/A │ met3  │
│ 1.82  │ 6676.57 │ 3669.20  │ net30448                                                                    │ _128293_/D                 │ met4  │
│ 1.82  │ 727.47  │ 400.00   │ net4942                                                                     │ _072825_/B1                │ met3  │
│ 1.82  │ 727.17  │ 400.00   │ net31514                                                                    │ _071078_/A1                │ met3  │
│ 1.82  │ 727.17  │ 400.00   │ net31514                                                                    │ _074548_/A2                │ met3  │
│ 1.82  │ 727.17  │ 400.00   │ net31514                                                                    │ _075648_/B2                │ met3  │
│ 1.82  │ 727.17  │ 400.00   │ net31514                                                                    │ _076149_/B1                │ met3  │
│ 1.81  │ 725.99  │ 400.00   │ net31120                                                                    │ wire31119/A                │ met3  │
│ 1.81  │ 6635.24 │ 3669.20  │ net30127                                                                    │ wire30126/A                │ met4  │
│ 1.81  │ 6635.24 │ 3669.20  │ net30130                                                                    │ wire30129/A                │ met4  │
│ 1.81  │ 6635.24 │ 3669.20  │ net30139                                                                    │ wire30138/A                │ met4  │
│ 1.81  │ 6635.24 │ 3669.20  │ net30142                                                                    │ wire30141/A                │ met4  │
│ 1.81  │ 6635.24 │ 3669.20  │ net30145                                                                    │ wire30144/A                │ met4  │
│ 1.81  │ 722.88  │ 400.00   │ _019869_                                                                    │ _078744_/A2                │ met3  │
│ 1.81  │ 722.84  │ 400.00   │ _019244_                                                                    │ _077589_/B1                │ met3  │
│ 1.81  │ 722.84  │ 400.00   │ net4622                                                                     │ _073658_/A3                │ met3  │
│ 1.81  │ 722.84  │ 400.00   │ net4745                                                                     │ _071907_/A1                │ met3  │
│ 1.81  │ 722.81  │ 400.00   │ net11389                                                                    │ _077790_/A1                │ met3  │
│ 1.81  │ 722.72  │ 400.00   │ net6819                                                                     │ _076083_/A2                │ met3  │
│ 1.81  │ 722.72  │ 400.00   │ net31012                                                                    │ _076458_/A1                │ met3  │
│ 1.81  │ 722.72  │ 400.00   │ net31844                                                                    │ _078422_/A1                │ met3  │
│ 1.81  │ 722.72  │ 400.00   │ net31965                                                                    │ _071231_/A2                │ met3  │
│ 1.80  │ 720.52  │ 400.00   │ net30925                                                                    │ _074491_/A2                │ met3  │
│ 1.80  │ 720.52  │ 400.00   │ net30925                                                                    │ _078812_/A2                │ met3  │
│ 1.80  │ 720.45  │ 400.00   │ net6503                                                                     │ _076025_/A2                │ met3  │
│ 1.80  │ 720.45  │ 400.00   │ net6503                                                                     │ _078046_/B2                │ met3  │
│ 1.80  │ 718.42  │ 400.00   │ net6257                                                                     │ _075619_/B1                │ met3  │
│ 1.80  │ 718.25  │ 400.00   │ _020486_                                                                    │ _075111_/B1                │ met3  │
│ 1.80  │ 718.25  │ 400.00   │ net4624                                                                     │ _072261_/B1                │ met3  │
│ 1.80  │ 718.25  │ 400.00   │ net11385                                                                    │ _070060_/B                 │ met3  │
│ 1.80  │ 718.25  │ 400.00   │ net12373                                                                    │ _072287_/B2                │ met3  │
│ 1.80  │ 718.25  │ 400.00   │ net15634                                                                    │ _117658_/B1                │ met3  │
│ 1.80  │ 718.25  │ 400.00   │ net30601                                                                    │ _076848_/A2                │ met3  │
│ 1.80  │ 718.25  │ 400.00   │ net30801                                                                    │ _076013_/B2                │ met3  │
│ 1.80  │ 718.21  │ 400.00   │ _019614_                                                                    │ _074470_/A1                │ met3  │
│ 1.80  │ 718.21  │ 400.00   │ _019614_                                                                    │ _078125_/B1                │ met3  │
│ 1.79  │ 717.07  │ 400.00   │ net2558                                                                     │ _078924_/A2                │ met3  │
│ 1.79  │ 717.07  │ 400.00   │ net2558                                                                     │ _079134_/A1                │ met3  │
│ 1.79  │ 716.09  │ 400.00   │ net7335                                                                     │ _073579_/A2                │ met3  │
│ 1.79  │ 716.09  │ 400.00   │ net7335                                                                     │ _074242_/B2                │ met3  │
│ 1.79  │ 714.72  │ 400.00   │ net31788                                                                    │ _071389_/B                 │ met3  │
│ 1.79  │ 714.72  │ 400.00   │ net31788                                                                    │ _074780_/A1                │ met3  │
│ 1.79  │ 714.72  │ 400.00   │ net31788                                                                    │ _075510_/A3                │ met3  │
│ 1.77  │ 709.90  │ 400.00   │ _025237_                                                                    │ _076724_/B1_N              │ met3  │
│ 1.77  │ 6492.57 │ 3669.20  │ net30245                                                                    │ _113730_/A1                │ met3  │
│ 1.76  │ 704.81  │ 400.00   │ net30821                                                                    │ wire30820/A                │ met3  │
│ 1.76  │ 704.80  │ 400.00   │ net10705                                                                    │ wire31225/A                │ met3  │
│ 1.76  │ 703.40  │ 400.00   │ net31805                                                                    │ _073795_/A1                │ met3  │
│ 1.76  │ 703.40  │ 400.00   │ net31805                                                                    │ _075986_/A1                │ met3  │
│ 1.76  │ 703.40  │ 400.00   │ net31805                                                                    │ _077584_/A2                │ met3  │
│ 1.75  │ 701.96  │ 400.00   │ net30863                                                                    │ _074207_/A2                │ met3  │
│ 1.75  │ 701.96  │ 400.00   │ net30863                                                                    │ _074744_/B2                │ met3  │
│ 1.75  │ 701.96  │ 400.00   │ net30863                                                                    │ _075689_/B1                │ met3  │
│ 1.75  │ 701.43  │ 400.00   │ instr_bram_ctrl_inst.instr_ram.u_mem.g_2k[3\].u_cell.rdata[24\]             │ wire21376/A                │ met3  │
│ 1.75  │ 701.43  │ 400.00   │ instr_bram_ctrl_inst.instr_ram.u_mem.g_2k[3\].u_cell.rdata[30\]             │ wire21272/A                │ met3  │
│ 1.75  │ 701.43  │ 400.00   │ instr_bram_ctrl_inst.instr_ram.u_mem.g_2k[3\].u_cell.rdata[7\]              │ wire21182/A                │ met3  │
│ 1.75  │ 701.43  │ 400.00   │ instr_bram_ctrl_inst.instr_ram.u_mem.g_2k[3\].u_cell.rdata[8\]              │ wire21167/A                │ met3  │
│ 1.75  │ 701.43  │ 400.00   │ yz_bram_ctrl_inst.yz_ram.u_mem.u_mem.g_1k.u_cell.rdata[16\]                 │ wire21120/A                │ met3  │
│ 1.75  │ 701.43  │ 400.00   │ yz_bram_ctrl_inst.yz_ram.u_mem.u_mem.g_2k[0\].u_cell.rdata[31\]             │ wire20662/A                │ met3  │
│ 1.75  │ 701.43  │ 400.00   │ yz_bram_ctrl_inst.yz_ram.u_mem.u_mem.g_2k[1\].u_cell.rdata[17\]             │ wire20487/A                │ met3  │
│ 1.75  │ 701.43  │ 400.00   │ yz_bram_ctrl_inst.yz_ram.u_mem.u_mem.g_2k[1\].u_cell.rdata[19\]             │ wire20471/A                │ met3  │
│ 1.75  │ 701.43  │ 400.00   │ yz_bram_ctrl_inst.yz_ram.u_mem.u_mem.g_2k[1\].u_cell.rdata[23\]             │ wire20428/A                │ met3  │
│ 1.75  │ 701.43  │ 400.00   │ yz_bram_ctrl_inst.yz_ram.u_mem.u_mem.g_2k[2\].u_cell.rdata[25\]             │ wire20294/A                │ met3  │
│ 1.75  │ 701.43  │ 400.00   │ net10618                                                                    │ _073511_/B2                │ met3  │
│ 1.75  │ 6422.48 │ 3669.20  │ net10278                                                                    │ _073307_/B                 │ met3  │
│ 1.75  │ 5791.62 │ 3312.80  │ net24035                                                                    │ _091077_/A1                │ met4  │
│ 1.75  │ 6413.90 │ 3669.20  │ net10007                                                                    │ _077986_/C                 │ met3  │
│ 1.75  │ 6404.95 │ 3669.20  │ net1639                                                                     │ _128295_/D                 │ met4  │
│ 1.75  │ 698.15  │ 400.00   │ net6182                                                                     │ _074550_/A2                │ met3  │
│ 1.75  │ 698.15  │ 400.00   │ net6182                                                                     │ _075959_/A2                │ met3  │
│ 1.75  │ 698.15  │ 400.00   │ net6477                                                                     │ _078681_/A1                │ met3  │
│ 1.75  │ 698.15  │ 400.00   │ net6477                                                                     │ _079012_/B1                │ met3  │
│ 1.74  │ 696.00  │ 400.00   │ net31480                                                                    │ _074729_/A2                │ met3  │
│ 1.74  │ 696.00  │ 400.00   │ net31480                                                                    │ _078060_/A2                │ met3  │
│ 1.73  │ 693.67  │ 400.00   │ net10527                                                                    │ _073248_/B                 │ met3  │
│ 1.73  │ 693.65  │ 400.00   │ net7121                                                                     │ _072653_/A2                │ met3  │
│ 1.73  │ 693.65  │ 400.00   │ net7121                                                                     │ _074398_/A2                │ met3  │
│ 1.73  │ 693.65  │ 400.00   │ net7121                                                                     │ _076126_/A1                │ met3  │
│ 1.71  │ 683.07  │ 400.00   │ net7186                                                                     │ _070786_/B                 │ met3  │
│ 1.71  │ 683.07  │ 400.00   │ net7186                                                                     │ _073003_/A1                │ met3  │
│ 1.71  │ 682.76  │ 400.00   │ net30738                                                                    │ _076930_/A2                │ met3  │
│ 1.71  │ 4740.19 │ 2778.20  │ _024545_                                                                    │ _075891_/C                 │ met4  │
│ 1.70  │ 681.38  │ 400.00   │ net1814                                                                     │ wire1808/A                 │ met3  │
│ 1.70  │ 681.38  │ 400.00   │ net6265                                                                     │ wire31613/A                │ met3  │
│ 1.70  │ 681.38  │ 400.00   │ net30541                                                                    │ wire30540/A                │ met3  │
│ 1.70  │ 681.38  │ 400.00   │ net31664                                                                    │ wire31663/A                │ met3  │
│ 1.70  │ 679.94  │ 400.00   │ net32471                                                                    │ wire30151/A                │ met3  │
│ 1.70  │ 678.27  │ 400.00   │ net4646                                                                     │ _073741_/A2                │ met3  │
│ 1.70  │ 5616.38 │ 3312.80  │ net16173                                                                    │ _114243_/A1                │ met4  │
│ 1.70  │ 678.11  │ 400.00   │ net30898                                                                    │ _078455_/A2                │ met3  │
│ 1.69  │ 6218.18 │ 3669.20  │ net6481                                                                     │ _073656_/B1                │ met3  │
│ 1.69  │ 675.83  │ 400.00   │ net6624                                                                     │ _071376_/B2                │ met3  │
│ 1.69  │ 675.83  │ 400.00   │ net6624                                                                     │ _076048_/A2                │ met3  │
│ 1.69  │ 675.46  │ 400.00   │ net32108                                                                    │ _067627_/A1                │ met3  │
│ 1.68  │ 673.81  │ 400.00   │ net12463                                                                    │ _078182_/C1                │ met3  │
│ 1.68  │ 673.81  │ 400.00   │ net31091                                                                    │ _072844_/B2                │ met3  │
│ 1.68  │ 673.65  │ 400.00   │ net3593                                                                     │ _078052_/A3                │ met3  │
│ 1.68  │ 673.65  │ 400.00   │ net6186                                                                     │ _072710_/B1                │ met3  │
│ 1.68  │ 673.65  │ 400.00   │ net6311                                                                     │ _072454_/A2                │ met3  │
│ 1.68  │ 673.65  │ 400.00   │ net19931                                                                    │ _061537_/A1                │ met3  │
│ 1.68  │ 673.65  │ 400.00   │ net31628                                                                    │ _078259_/A1                │ met3  │
│ 1.68  │ 673.60  │ 400.00   │ _020074_                                                                    │ _075295_/A2                │ met3  │
│ 1.68  │ 673.60  │ 400.00   │ _020074_                                                                    │ _077239_/A2                │ met3  │
│ 1.68  │ 670.70  │ 400.00   │ net11546                                                                    │ _071567_/A1                │ met3  │
│ 1.68  │ 670.70  │ 400.00   │ net11546                                                                    │ _075549_/B1                │ met3  │
│ 1.68  │ 670.70  │ 400.00   │ net11546                                                                    │ _075864_/A2                │ met3  │
│ 1.68  │ 670.30  │ 400.00   │ net31535                                                                    │ _074379_/A                 │ met3  │
│ 1.68  │ 670.23  │ 400.00   │ GPIO_araddr[7\]                                                             │ wire2331/A                 │ met3  │
│ 1.68  │ 670.23  │ 400.00   │ net31126                                                                    │ wire31125/A                │ met3  │
│ 1.68  │ 670.00  │ 400.00   │ net31660                                                                    │ _074059_/A1                │ met3  │
│ 1.68  │ 670.00  │ 400.00   │ net31660                                                                    │ wire11265/A                │ met3  │
│ 1.67  │ 5537.52 │ 3312.80  │ net2603                                                                     │ _075572_/C                 │ met4  │
│ 1.67  │ 666.53  │ 400.00   │ net7220                                                                     │ _077310_/B                 │ met2  │
│ 1.66  │ 663.65  │ 400.00   │ net30674                                                                    │ _073551_/B1                │ met3  │
│ 1.66  │ 663.65  │ 400.00   │ net30674                                                                    │ _075381_/B                 │ met3  │
│ 1.66  │ 663.65  │ 400.00   │ net30674                                                                    │ _075803_/A2_N              │ met3  │
│ 1.65  │ 6063.24 │ 3669.20  │ net31124                                                                    │ _070983_/B                 │ met3  │
│ 1.65  │ 660.78  │ 400.00   │ data_bram_ctrl_inst.data_ram.u_mem.g_2k[1\].u_cell.rdata[28\]               │ _113698_/A1                │ met4  │
│ 1.65  │ 659.08  │ 400.00   │ _021014_                                                                    │ wire3593/A                 │ met3  │
│ 1.65  │ 659.08  │ 400.00   │ net3552                                                                     │ wire30971/A                │ met3  │
│ 1.65  │ 659.08  │ 400.00   │ net31789                                                                    │ wire31788/A                │ met3  │
│ 1.65  │ 659.08  │ 400.00   │ net32608                                                                    │ wire29849/A                │ met3  │
│ 1.64  │ 4564.95 │ 2778.20  │ _024743_                                                                    │ _076091_/A1                │ met4  │
│ 1.64  │ 655.74  │ 400.00   │ net30920                                                                    │ _074229_/A3                │ met3  │
│ 1.64  │ 655.74  │ 400.00   │ net30920                                                                    │ _077101_/B                 │ met3  │
│ 1.63  │ 653.72  │ 400.00   │ net6128                                                                     │ _072728_/B2                │ met3  │
│ 1.63  │ 653.72  │ 400.00   │ net6128                                                                     │ _074698_/B1                │ met3  │
│ 1.63  │ 651.41  │ 400.00   │ net6972                                                                     │ _075119_/A2                │ met3  │
│ 1.63  │ 651.41  │ 400.00   │ net6972                                                                     │ _077974_/A1                │ met3  │
│ 1.63  │ 651.36  │ 400.00   │ net4333                                                                     │ _072813_/B1                │ met3  │
│ 1.63  │ 651.36  │ 400.00   │ net4333                                                                     │ _076547_/A2                │ met3  │
│ 1.63  │ 651.36  │ 400.00   │ net5029                                                                     │ _071565_/A1                │ met3  │
│ 1.63  │ 651.31  │ 400.00   │ net2554                                                                     │ _079004_/B2                │ met3  │
│ 1.63  │ 651.31  │ 400.00   │ net2554                                                                     │ _079153_/B1                │ met3  │
│ 1.62  │ 649.07  │ 400.00   │ net8329                                                                     │ _118997_/A2                │ met3  │
│ 1.62  │ 646.88  │ 400.00   │ net31371                                                                    │ _074563_/B1                │ met3  │
│ 1.62  │ 5353.52 │ 3312.80  │ net30450                                                                    │ _128301_/D                 │ met4  │
│ 1.61  │ 4477.33 │ 2778.20  │ _027736_                                                                    │ _079095_/D                 │ met4  │
│ 1.61  │ 4477.33 │ 2778.20  │ _055485_                                                                    │ _114295_/A1                │ met4  │
│ 1.61  │ 4477.33 │ 2780.80  │ _022185_                                                                    │ _073525_/A                 │ met3  │
│ 1.61  │ 5904.85 │ 3669.20  │ net32147                                                                    │ wire3005/A                 │ met4  │
│ 1.61  │ 5896.76 │ 3669.20  │ net30446                                                                    │ _128294_/D                 │ met4  │
│ 1.61  │ 642.55  │ 400.00   │ net6512                                                                     │ _074017_/A2                │ met3  │
│ 1.61  │ 642.42  │ 400.00   │ net10013                                                                    │ _074766_/A2                │ met3  │
│ 1.60  │ 641.84  │ 400.00   │ net7706                                                                     │ _076629_/B1_N              │ met3  │
│ 1.60  │ 641.84  │ 400.00   │ net7706                                                                     │ _077754_/B2                │ met3  │
│ 1.60  │ 641.84  │ 400.00   │ net7706                                                                     │ _079105_/A2                │ met3  │
│ 1.60  │ 641.00  │ 400.00   │ net31305                                                                    │ _073795_/B2                │ met3  │
│ 1.60  │ 641.00  │ 400.00   │ net31305                                                                    │ _074003_/A1                │ met3  │
│ 1.60  │ 641.00  │ 400.00   │ net31305                                                                    │ _076252_/A1                │ met3  │
│ 1.60  │ 640.19  │ 400.00   │ net30965                                                                    │ _072735_/B2                │ met3  │
│ 1.60  │ 640.19  │ 400.00   │ net30965                                                                    │ _073128_/B1                │ met3  │
│ 1.60  │ 640.19  │ 400.00   │ net30965                                                                    │ _073657_/B2                │ met3  │
│ 1.60  │ 640.19  │ 400.00   │ net30965                                                                    │ _076770_/A2                │ met3  │
│ 1.59  │ 5274.67 │ 3312.80  │ net10167                                                                    │ _078264_/C                 │ met4  │
│ 1.59  │ 636.78  │ 400.00   │ net31810                                                                    │ wire6182/A                 │ met3  │
│ 1.59  │ 636.78  │ 400.00   │ net31958                                                                    │ wire31957/A                │ met3  │
│ 1.59  │ 635.16  │ 400.00   │ net17003                                                                    │ fanout16983/A              │ met3  │
│ 1.59  │ 6142.10 │ 3872.32  │ net4192                                                                     │ _078220_/D_N               │ met4  │
│ 1.58  │ 633.66  │ 400.00   │ net31089                                                                    │ _076821_/A1                │ met3  │
│ 1.58  │ 633.50  │ 400.00   │ _024598_                                                                    │ _075944_/B1                │ met3  │
│ 1.58  │ 633.50  │ 400.00   │ net6914                                                                     │ _077591_/B2                │ met3  │
│ 1.58  │ 632.00  │ 400.00   │ instr_bram_ctrl_inst.instr_ram.u_mem.g_2k[2\].u_cell.rdata[1\]              │ wire21766/A                │ met3  │
│ 1.58  │ 632.00  │ 400.00   │ yz_bram_ctrl_inst.yz_ram.u_mem.u_mem.g_1k.u_cell.rdata[2\]                  │ wire21069/A                │ met3  │
│ 1.58  │ 632.00  │ 400.00   │ yz_bram_ctrl_inst.yz_ram.u_mem.u_mem.g_2k[0\].u_cell.rdata[17\]             │ wire20919/A                │ met3  │
│ 1.58  │ 632.00  │ 400.00   │ yz_bram_ctrl_inst.yz_ram.u_mem.u_mem.g_2k[0\].u_cell.rdata[23\]             │ wire20806/A                │ met3  │
│ 1.58  │ 632.00  │ 400.00   │ yz_bram_ctrl_inst.yz_ram.u_mem.u_mem.g_2k[0\].u_cell.rdata[30\]             │ wire20679/A                │ met3  │
│ 1.58  │ 632.00  │ 400.00   │ yz_bram_ctrl_inst.yz_ram.u_mem.u_mem.g_2k[1\].u_cell.rdata[0\]              │ wire20548/A                │ met3  │
│ 1.58  │ 632.00  │ 400.00   │ yz_bram_ctrl_inst.yz_ram.u_mem.u_mem.g_2k[2\].u_cell.rdata[23\]             │ _064852_/A2                │ met3  │
│ 1.58  │ 5791.62 │ 3669.20  │ net31900                                                                    │ _071935_/B                 │ met4  │
│ 1.58  │ 631.26  │ 400.00   │ net4676                                                                     │ _071941_/A1                │ met3  │
│ 1.58  │ 631.26  │ 400.00   │ net4676                                                                     │ _074874_/A2                │ met3  │
│ 1.57  │ 629.04  │ 400.00   │ _020066_                                                                    │ _078411_/B1                │ met3  │
│ 1.57  │ 629.04  │ 400.00   │ _022003_                                                                    │ _073415_/A2                │ met3  │
│ 1.57  │ 629.04  │ 400.00   │ _022594_                                                                    │ _073935_/D1                │ met3  │
│ 1.57  │ 629.04  │ 400.00   │ net7030                                                                     │ _078096_/A2                │ met3  │
│ 1.57  │ 629.04  │ 400.00   │ net10157                                                                    │ _076404_/A3                │ met3  │
│ 1.57  │ 629.04  │ 400.00   │ net13666                                                                    │ _074311_/A2                │ met3  │
│ 1.57  │ 629.04  │ 400.00   │ net30602                                                                    │ _076979_/A1                │ met3  │
│ 1.57  │ 629.04  │ 400.00   │ net30888                                                                    │ _072693_/A1                │ met3  │
│ 1.57  │ 628.99  │ 400.00   │ net30570                                                                    │ _074020_/A2                │ met3  │
│ 1.57  │ 628.99  │ 400.00   │ net30570                                                                    │ _076060_/A2                │ met3  │
│ 1.57  │ 628.08  │ 400.00   │ net31195                                                                    │ _073999_/B                 │ met3  │
│ 1.57  │ 628.08  │ 400.00   │ net31195                                                                    │ _074153_/A3                │ met3  │
│ 1.57  │ 628.08  │ 400.00   │ net31195                                                                    │ _074216_/B1                │ met3  │
│ 1.57  │ 627.51  │ 400.00   │ net12359                                                                    │ _075710_/A1                │ met3  │
│ 1.57  │ 627.51  │ 400.00   │ net12359                                                                    │ _078734_/A2                │ met3  │
│ 1.57  │ 626.80  │ 400.00   │ net10112                                                                    │ _075955_/B1                │ met3  │
│ 1.57  │ 626.80  │ 400.00   │ net10112                                                                    │ _077811_/B1                │ met3  │
│ 1.57  │ 626.76  │ 400.00   │ net7191                                                                     │ _074045_/A2                │ met3  │
│ 1.57  │ 5187.05 │ 3312.80  │ net2411                                                                     │ _071672_/B                 │ met4  │
│ 1.56  │ 625.87  │ 400.00   │ net14277                                                                    │ _073241_/B                 │ met3  │
│ 1.56  │ 625.87  │ 400.00   │ net14277                                                                    │ _074921_/A                 │ met3  │
│ 1.56  │ 5178.29 │ 3312.80  │ net10918                                                                    │ _071250_/B                 │ met4  │
│ 1.56  │ 623.76  │ 400.00   │ net32119                                                                    │ wire1653/A                 │ met3  │
│ 1.56  │ 623.76  │ 400.00   │ net32191                                                                    │ wire1809/A                 │ met3  │
│ 1.56  │ 622.29  │ 400.00   │ _027418_                                                                    │ _078776_/D                 │ met3  │
│ 1.56  │ 622.29  │ 400.00   │ net1803                                                                     │ _128288_/D                 │ met3  │
│ 1.55  │ 5700.53 │ 3669.20  │ net1957                                                                     │ _075720_/A3                │ met3  │
│ 1.55  │ 621.15  │ 400.00   │ net6922                                                                     │ _070995_/B                 │ met3  │
│ 1.55  │ 621.15  │ 400.00   │ net6922                                                                     │ _072803_/B                 │ met3  │
│ 1.55  │ 621.15  │ 400.00   │ net6922                                                                     │ _078154_/C                 │ met3  │
│ 1.55  │ 620.55  │ 400.00   │ net5270                                                                     │ _061064_/A_N               │ met3  │
│ 1.55  │ 620.55  │ 400.00   │ net5270                                                                     │ _061065_/B                 │ met3  │
│ 1.55  │ 620.55  │ 400.00   │ net5270                                                                     │ _106246_/A1_N              │ met3  │
│ 1.55  │ 4302.10 │ 2778.20  │ _025120_                                                                    │ _076468_/D_N               │ met4  │
│ 1.54  │ 615.68  │ 400.00   │ net31471                                                                    │ _073255_/B1                │ met3  │
│ 1.54  │ 615.68  │ 400.00   │ net31471                                                                    │ _073942_/B1                │ met3  │
│ 1.54  │ 615.68  │ 400.00   │ net31471                                                                    │ _074813_/B                 │ met3  │
│ 1.54  │ 5090.67 │ 3312.80  │ net1503                                                                     │ _128286_/D                 │ met4  │
│ 1.54  │ 5090.67 │ 3312.80  │ net30826                                                                    │ _072980_/A_N               │ met4  │
│ 1.54  │ 614.47  │ 400.00   │ net13617                                                                    │ wire31741/A                │ met3  │
│ 1.54  │ 5634.10 │ 3669.20  │ net30893                                                                    │ _073548_/A                 │ met3  │
│ 1.53  │ 612.62  │ 400.00   │ net4426                                                                     │ _076818_/A3                │ met3  │
│ 1.53  │ 612.62  │ 400.00   │ net4426                                                                     │ _077158_/B1                │ met3  │
│ 1.53  │ 612.62  │ 400.00   │ net4426                                                                     │ _077582_/B1                │ met3  │
│ 1.53  │ 611.14  │ 400.00   │ net12336                                                                    │ wire12335/A                │ met3  │
│ 1.52  │ 4214.48 │ 2778.20  │ _027666_                                                                    │ _079027_/C                 │ met4  │
│ 1.52  │ 606.72  │ 400.00   │ net7878                                                                     │ _074296_/A2                │ met3  │
│ 1.52  │ 606.72  │ 400.00   │ net7878                                                                     │ _075529_/B1                │ met3  │
│ 1.52  │ 5563.81 │ 3669.20  │ net3587                                                                     │ _072528_/B1_N              │ met3  │
│ 1.51  │ 604.46  │ 400.00   │ net31547                                                                    │ _075516_/B                 │ met3  │
│ 1.51  │ 604.13  │ 400.00   │ instr_bram_ctrl_inst.instr_ram.u_mem.g_2k[1\].u_cell.rdata[30\]             │ _114302_/A1                │ met4  │
│ 1.50  │ 5511.57 │ 3669.20  │ net32525                                                                    │ wire16309/A                │ met4  │
│ 1.50  │ 5800.38 │ 3872.32  │ net2384                                                                     │ _075554_/C                 │ met4  │
│ 1.49  │ 4126.86 │ 2778.20  │ _022460_                                                                    │ _073800_/D_N               │ met4  │
│ 1.49  │ 4126.86 │ 2778.20  │ _027418_                                                                    │ _078776_/D                 │ met4  │
│ 1.48  │ 593.52  │ 400.00   │ net8072                                                                     │ _076551_/A1                │ met3  │
│ 1.48  │ 592.55  │ 400.00   │ net1600                                                                     │ _108497_/B                 │ met3  │
│ 1.48  │ 592.55  │ 400.00   │ net1600                                                                     │ _108501_/A2_N              │ met3  │
│ 1.48  │ 592.17  │ 400.00   │ QSPI_IO1                                                                    │ load_slew30311/A           │ met3  │
│ 1.47  │ 588.93  │ 400.00   │ net4871                                                                     │ _076813_/A1                │ met3  │
│ 1.47  │ 588.93  │ 400.00   │ net31017                                                                    │ _076165_/B2                │ met3  │
│ 1.47  │ 588.93  │ 400.00   │ net31711                                                                    │ _070521_/A1                │ met3  │
│ 1.47  │ 588.90  │ 400.00   │ _048504_                                                                    │ _105563_/B1                │ met3  │
│ 1.47  │ 588.90  │ 400.00   │ net14698                                                                    │ wire14697/A                │ met3  │
│ 1.47  │ 588.90  │ 400.00   │ net31452                                                                    │ _077368_/A3                │ met3  │
│ 1.47  │ 587.30  │ 400.00   │ net31682                                                                    │ _070859_/B                 │ met3  │
│ 1.47  │ 587.30  │ 400.00   │ net31682                                                                    │ _070860_/B                 │ met3  │
│ 1.47  │ 587.30  │ 400.00   │ net31682                                                                    │ _078271_/B1                │ met3  │
│ 1.46  │ 5371.05 │ 3669.20  │ net3505                                                                     │ _075620_/C                 │ met3  │
│ 1.46  │ 584.60  │ 400.00   │ net30746                                                                    │ _072534_/B1                │ met3  │
│ 1.46  │ 584.44  │ 400.00   │ axi_instr_bram_rdata[7\]                                                    │ _079260_/A1                │ met3  │
│ 1.46  │ 584.44  │ 400.00   │ net2848                                                                     │ _078663_/C1                │ met3  │
│ 1.46  │ 584.44  │ 400.00   │ net2874                                                                     │ _076698_/B1                │ met3  │
│ 1.46  │ 584.44  │ 400.00   │ net3747                                                                     │ _076227_/B2                │ met3  │
│ 1.46  │ 584.44  │ 400.00   │ net4311                                                                     │ _078574_/B2                │ met3  │
│ 1.46  │ 584.44  │ 400.00   │ net6187                                                                     │ _072368_/B1                │ met3  │
│ 1.46  │ 584.44  │ 400.00   │ net7907                                                                     │ _077769_/B2                │ met3  │
│ 1.46  │ 584.44  │ 400.00   │ net9964                                                                     │ _076219_/B1                │ met3  │
│ 1.46  │ 584.44  │ 400.00   │ net10989                                                                    │ _074567_/A1                │ met3  │
│ 1.46  │ 584.44  │ 400.00   │ net30822                                                                    │ _077924_/A1                │ met3  │
│ 1.46  │ 584.44  │ 400.00   │ net31631                                                                    │ _075631_/A1                │ met3  │
│ 1.46  │ 584.40  │ 400.00   │ net4353                                                                     │ _074064_/B1                │ met3  │
│ 1.46  │ 584.40  │ 400.00   │ net4353                                                                     │ _078361_/B1                │ met3  │
│ 1.46  │ 5360.30 │ 3669.20  │ net30935                                                                    │ _072047_/B1                │ met4  │
│ 1.46  │ 4564.95 │ 3134.60  │ net6060                                                                     │ _077900_/C                 │ met4  │
│ 1.46  │ 582.19  │ 400.00   │ net31211                                                                    │ _074136_/A2                │ met3  │
│ 1.46  │ 582.19  │ 400.00   │ net31211                                                                    │ _076027_/A2                │ met3  │
│ 1.46  │ 582.17  │ 400.00   │ net31418                                                                    │ _078310_/A2                │ met3  │
│ 1.46  │ 582.17  │ 400.00   │ net31418                                                                    │ _079099_/B2                │ met3  │
│ 1.46  │ 582.16  │ 400.00   │ net10985                                                                    │ _074207_/A1                │ met3  │
│ 1.46  │ 582.16  │ 400.00   │ net10985                                                                    │ _075541_/A3                │ met3  │
│ 1.45  │ 581.89  │ 400.00   │ data_bram_ctrl_inst.data_ram.u_mem.g_2k[1\].u_cell.rdata[3\]                │ _113648_/A1                │ met4  │
│ 1.45  │ 4039.24 │ 2778.20  │ _026779_                                                                    │ _078138_/B                 │ met4  │
│ 1.45  │ 4039.24 │ 2778.20  │ _026816_                                                                    │ _078172_/C                 │ met4  │
│ 1.45  │ 4034.11 │ 2778.20  │ _023519_                                                                    │ _074873_/B1                │ met4  │
│ 1.45  │ 579.67  │ 400.00   │ data_bram_ctrl_inst.data_ram.u_mem.g_2k[1\].u_cell.rdata[8\]                │ _113658_/A1                │ met4  │
│ 1.45  │ 578.09  │ 400.00   │ net30952                                                                    │ _071293_/B1                │ met3  │
│ 1.45  │ 578.09  │ 400.00   │ net30952                                                                    │ _074700_/B2                │ met3  │
│ 1.45  │ 578.09  │ 400.00   │ net30952                                                                    │ _075509_/B2                │ met3  │
│ 1.45  │ 578.09  │ 400.00   │ net30952                                                                    │ _078115_/B2                │ met3  │
│ 1.43  │ 572.80  │ 400.00   │ net31840                                                                    │ _074369_/B1                │ met3  │
│ 1.43  │ 572.80  │ 400.00   │ net31840                                                                    │ _074901_/A2                │ met3  │
│ 1.43  │ 572.80  │ 400.00   │ net31840                                                                    │ _075033_/B                 │ met3  │
│ 1.43  │ 4477.33 │ 3134.60  │ net2224                                                                     │ _078666_/C                 │ met4  │
│ 1.43  │ 3964.68 │ 2778.20  │ _019541_                                                                    │ _070909_/A2_N              │ met4  │
│ 1.43  │ 570.78  │ 400.00   │ net10738                                                                    │ _071386_/A                 │ met3  │
│ 1.43  │ 570.78  │ 400.00   │ net10738                                                                    │ _072781_/B                 │ met3  │
│ 1.43  │ 5230.66 │ 3669.20  │ net30598                                                                    │ wire830/A                  │ met3  │
│ 1.42  │ 3951.62 │ 2778.20  │ _000094_                                                                    │ _128291_/D                 │ met3  │
│ 1.42  │ 3951.62 │ 2778.20  │ _024278_                                                                    │ _075623_/B                 │ met3  │
│ 1.42  │ 568.40  │ 400.00   │ data_bram_ctrl_inst.data_ram.u_mem.g_2k[1\].u_cell.rdata[21\]               │ _113684_/A1                │ met4  │
│ 1.42  │ 568.04  │ 400.00   │ net13986                                                                    │ _069939_/B1                │ met3  │
│ 1.42  │ 568.04  │ 400.00   │ net13986                                                                    │ _072168_/B                 │ met3  │
│ 1.42  │ 568.04  │ 400.00   │ net13986                                                                    │ _072652_/B                 │ met3  │
│ 1.42  │ 568.03  │ 400.00   │ net6136                                                                     │ _072713_/B1                │ met3  │
│ 1.42  │ 568.03  │ 400.00   │ net6136                                                                     │ _073811_/B1                │ met3  │
│ 1.42  │ 568.03  │ 400.00   │ net6136                                                                     │ _076093_/A2                │ met3  │
│ 1.42  │ 568.02  │ 400.00   │ net10313                                                                    │ _072291_/A1                │ met3  │
│ 1.42  │ 568.02  │ 400.00   │ net10313                                                                    │ _074649_/B2                │ met3  │
│ 1.42  │ 568.02  │ 400.00   │ net10313                                                                    │ _077386_/B1                │ met3  │
│ 1.42  │ 566.55  │ 400.00   │ net31578                                                                    │ _075013_/B1                │ met3  │
│ 1.42  │ 566.55  │ 400.00   │ net31578                                                                    │ _076000_/B1                │ met3  │
│ 1.42  │ 566.55  │ 400.00   │ net31578                                                                    │ _078817_/B2                │ met3  │
│ 1.41  │ 564.38  │ 400.00   │ data_bram_ctrl_inst.data_ram.u_mem.g_2k[1\].u_cell.rdata[0\]                │ wire22618/A                │ met4  │
│ 1.41  │ 562.57  │ 400.00   │ data_bram_ctrl_inst.data_ram.u_mem.g_2k[0\].u_cell.rdata[12\]               │ wire23695/A                │ met3  │
│ 1.41  │ 562.57  │ 400.00   │ instr_bram_ctrl_inst.instr_ram.u_mem.g_2k[1\].u_cell.rdata[12\]             │ _114266_/A1                │ met3  │
│ 1.41  │ 562.57  │ 400.00   │ instr_bram_ctrl_inst.instr_ram.u_mem.g_2k[1\].u_cell.rdata[1\]              │ wire21853/A                │ met3  │
│ 1.41  │ 562.57  │ 400.00   │ instr_bram_ctrl_inst.instr_ram.u_mem.g_2k[1\].u_cell.rdata[31\]             │ _114304_/A1                │ met3  │
│ 1.41  │ 562.57  │ 400.00   │ instr_bram_ctrl_inst.instr_ram.u_mem.g_2k[2\].u_cell.rdata[28\]             │ wire21702/A                │ met3  │
│ 1.41  │ 562.57  │ 400.00   │ yz_bram_ctrl_inst.yz_ram.u_mem.u_mem.g_1k.u_cell.rdata[11\]                 │ wire21133/A                │ met3  │
│ 1.41  │ 562.57  │ 400.00   │ yz_bram_ctrl_inst.yz_ram.u_mem.u_mem.g_1k.u_cell.rdata[14\]                 │ wire21126/A                │ met3  │
│ 1.41  │ 562.57  │ 400.00   │ yz_bram_ctrl_inst.yz_ram.u_mem.u_mem.g_2k[0\].u_cell.rdata[19\]             │ wire20887/A                │ met3  │
│ 1.41  │ 562.57  │ 400.00   │ yz_bram_ctrl_inst.yz_ram.u_mem.u_mem.g_2k[0\].u_cell.rdata[25\]             │ wire20774/A                │ met3  │
│ 1.41  │ 562.57  │ 400.00   │ yz_bram_ctrl_inst.yz_ram.u_mem.u_mem.g_2k[1\].u_cell.rdata[15\]             │ wire20503/A                │ met3  │
│ 1.41  │ 562.57  │ 400.00   │ yz_bram_ctrl_inst.yz_ram.u_mem.u_mem.g_2k[1\].u_cell.rdata[18\]             │ wire20479/A                │ met3  │
│ 1.41  │ 562.57  │ 400.00   │ yz_bram_ctrl_inst.yz_ram.u_mem.u_mem.g_2k[1\].u_cell.rdata[3\]              │ wire20345/A                │ met3  │
│ 1.41  │ 562.57  │ 400.00   │ yz_bram_ctrl_inst.yz_ram.u_mem.u_mem.g_2k[3\].u_cell.rdata[18\]             │ wire20205/A                │ met3  │
│ 1.41  │ 562.17  │ 400.00   │ net31511                                                                    │ _070282_/A2                │ met3  │
│ 1.41  │ 562.17  │ 400.00   │ net31511                                                                    │ _073910_/A1                │ met3  │
│ 1.40  │ 561.96  │ 400.00   │ data_bram_ctrl_inst.data_ram.u_mem.g_2k[1\].u_cell.rdata[4\]                │ _113650_/A1                │ met4  │
│ 1.40  │ 560.68  │ 400.00   │ net31709                                                                    │ _074856_/B                 │ met3  │
│ 1.40  │ 560.68  │ 400.00   │ net31709                                                                    │ _076704_/A2                │ met3  │
│ 1.40  │ 560.68  │ 400.00   │ net31709                                                                    │ _076837_/A2                │ met3  │
│ 1.40  │ 560.10  │ 400.00   │ net5394                                                                     │ _112667_/B1                │ met3  │
│ 1.40  │ 560.10  │ 400.00   │ net5394                                                                     │ _112669_/B1                │ met3  │
│ 1.40  │ 560.02  │ 400.00   │ net30822                                                                    │ _073586_/B2                │ met3  │
│ 1.40  │ 560.02  │ 400.00   │ net30822                                                                    │ _077919_/A1                │ met3  │
│ 1.40  │ 559.95  │ 400.00   │ net6906                                                                     │ _071776_/B2                │ met3  │
│ 1.40  │ 559.95  │ 400.00   │ net6906                                                                     │ _072811_/A2                │ met3  │
│ 1.40  │ 559.89  │ 400.00   │ net10959                                                                    │ _070366_/B1                │ met3  │
│ 1.40  │ 559.89  │ 400.00   │ net10959                                                                    │ _077493_/A1                │ met3  │
│ 1.40  │ 559.89  │ 400.00   │ net31470                                                                    │ _076342_/B1                │ met3  │
│ 1.40  │ 559.89  │ 400.00   │ net31470                                                                    │ _078294_/B1                │ met3  │
│ 1.40  │ 559.85  │ 400.00   │ net2375                                                                     │ _076648_/B1                │ met3  │
│ 1.40  │ 559.84  │ 400.00   │ net31218                                                                    │ _076321_/A1                │ met3  │
│ 1.40  │ 559.84  │ 400.00   │ net31218                                                                    │ _078002_/A1                │ met3  │
│ 1.40  │ 558.72  │ 400.00   │ net32438                                                                    │ wire30308/A                │ met3  │
│ 1.40  │ 558.37  │ 400.00   │ net31235                                                                    │ _071288_/A2                │ met3  │
│ 1.40  │ 558.37  │ 400.00   │ net31235                                                                    │ wire10249/A                │ met3  │
│ 1.39  │ 556.04  │ 400.00   │ net31388                                                                    │ _071030_/B                 │ met3  │
│ 1.39  │ 556.04  │ 400.00   │ net31388                                                                    │ _073533_/A2                │ met3  │
│ 1.39  │ 556.04  │ 400.00   │ net31388                                                                    │ _076491_/A1                │ met3  │
│ 1.39  │ 556.04  │ 400.00   │ net31388                                                                    │ _076576_/A2                │ met3  │
│ 1.39  │ 3864.00 │ 2780.80  │ _024209_                                                                    │ _075554_/D                 │ met3  │
│ 1.39  │ 4591.24 │ 3312.80  │ net3544                                                                     │ _074288_/C                 │ met4  │
│ 1.39  │ 5082.57 │ 3669.20  │ net30623                                                                    │ _073584_/A2                │ met3  │
│ 1.38  │ 553.22  │ 400.00   │ net6314                                                                     │ _071956_/A                 │ met3  │
│ 1.38  │ 553.22  │ 400.00   │ net6314                                                                     │ _078034_/B2                │ met3  │
│ 1.38  │ 553.16  │ 400.00   │ net31636                                                                    │ _075312_/A2                │ met3  │
│ 1.38  │ 553.16  │ 400.00   │ net31636                                                                    │ _078864_/B                 │ met3  │
│ 1.38  │ 5062.11 │ 3669.20  │ net32549                                                                    │ output53/A                 │ met4  │
│ 1.38  │ 4564.95 │ 3312.80  │ net1803                                                                     │ _128288_/D                 │ met4  │
│ 1.37  │ 5038.10 │ 3669.20  │ net2870                                                                     │ _077087_/C                 │ met4  │
│ 1.37  │ 547.99  │ 400.00   │ net31276                                                                    │ _070792_/A                 │ met3  │
│ 1.37  │ 547.99  │ 400.00   │ net31276                                                                    │ _076613_/A2                │ met3  │
│ 1.37  │ 547.99  │ 400.00   │ net31276                                                                    │ _078701_/C                 │ met3  │
│ 1.37  │ 547.64  │ 400.00   │ net4021                                                                     │ _114423_/A0                │ met2  │
│ 1.37  │ 547.56  │ 400.00   │ net30852                                                                    │ wire30851/A                │ met3  │
│ 1.36  │ 545.96  │ 400.00   │ instr_bram_ctrl_inst.instr_ram.u_mem.g_2k[1\].u_cell.rdata[21\]             │ _114284_/A1                │ met4  │
│ 1.36  │ 544.42  │ 400.00   │ net6264                                                                     │ _073974_/B1                │ met3  │
│ 1.36  │ 544.39  │ 400.00   │ net30700                                                                    │ _078715_/B1                │ met3  │
│ 1.36  │ 544.29  │ 400.00   │ net6417                                                                     │ _075922_/A3                │ met3  │
│ 1.36  │ 544.26  │ 400.00   │ net7366                                                                     │ _073277_/A3                │ met3  │
│ 1.36  │ 544.26  │ 400.00   │ net7366                                                                     │ _073641_/A1                │ met3  │
│ 1.36  │ 543.75  │ 400.00   │ instr_bram_ctrl_inst.instr_ram.u_mem.g_2k[1\].u_cell.rdata[16\]             │ _114274_/A1                │ met4  │
│ 1.36  │ 3776.38 │ 2778.20  │ _024660_                                                                    │ _076007_/C_N               │ met4  │
│ 1.36  │ 543.68  │ 400.00   │ net10031                                                                    │ _073371_/C                 │ met3  │
│ 1.36  │ 543.68  │ 400.00   │ net13940                                                                    │ _077866_/C                 │ met3  │
│ 1.36  │ 543.61  │ 400.00   │ net7881                                                                     │ _074036_/A2                │ met3  │
│ 1.36  │ 543.61  │ 400.00   │ net7881                                                                     │ _078044_/B2                │ met3  │
│ 1.36  │ 543.61  │ 400.00   │ net7881                                                                     │ _078502_/B2                │ met3  │
│ 1.36  │ 543.43  │ 400.00   │ net5165                                                                     │ _071425_/A                 │ met3  │
│ 1.36  │ 542.50  │ 400.00   │ _018350_                                                                    │ fanout17767/A              │ met3  │
│ 1.36  │ 542.50  │ 400.00   │ _018350_                                                                    │ wire17798/A                │ met3  │
│ 1.36  │ 542.08  │ 400.00   │ net31292                                                                    │ _075952_/A2                │ met3  │
│ 1.36  │ 542.08  │ 400.00   │ net31292                                                                    │ _076240_/B2                │ met3  │
│ 1.35  │ 541.33  │ 400.00   │ instr_bram_ctrl_inst.instr_ram.u_mem.g_2k[1\].u_cell.rdata[26\]             │ _114294_/A1                │ met4  │
│ 1.35  │ 4960.19 │ 3669.20  │ net4314                                                                     │ _074219_/A2                │ met4  │
│ 1.35  │ 4477.33 │ 3312.80  │ net7226                                                                     │ _074615_/C_N               │ met3  │
│ 1.35  │ 4477.33 │ 3312.80  │ net16185                                                                    │ _113657_/A1                │ met3  │
│ 1.35  │ 4477.33 │ 3312.80  │ net17965                                                                    │ _064805_/A0                │ met3  │
│ 1.35  │ 4477.33 │ 3312.80  │ net17969                                                                    │ _064802_/A0                │ met3  │
│ 1.35  │ 4477.33 │ 3312.80  │ net17982                                                                    │ _064790_/A0                │ met3  │
│ 1.35  │ 4477.33 │ 3312.80  │ net17985                                                                    │ _064787_/A0                │ met3  │
│ 1.35  │ 539.99  │ 400.00   │ net6142                                                                     │ _072558_/B2                │ met3  │
│ 1.35  │ 539.99  │ 400.00   │ net6545                                                                     │ _071981_/B1                │ met3  │
│ 1.35  │ 539.99  │ 400.00   │ net31914                                                                    │ _075650_/A2                │ met3  │
│ 1.35  │ 539.83  │ 400.00   │ cpu_inst.CORE.core_i.id_stage_i.decoder_i.instr_rdata_i[19\]                │ _110539_/A1                │ met3  │
│ 1.35  │ 539.83  │ 400.00   │ net2919                                                                     │ _073847_/A2                │ met3  │
│ 1.35  │ 539.83  │ 400.00   │ net7458                                                                     │ _078880_/A1                │ met3  │
│ 1.35  │ 539.83  │ 400.00   │ net11063                                                                    │ _077897_/A1                │ met3  │
│ 1.35  │ 539.83  │ 400.00   │ net14598                                                                    │ _073201_/A2                │ met3  │
│ 1.35  │ 539.83  │ 400.00   │ net30969                                                                    │ _077191_/C1                │ met3  │
│ 1.35  │ 539.83  │ 400.00   │ net31394                                                                    │ _077818_/A2                │ met3  │
│ 1.35  │ 539.83  │ 400.00   │ net31515                                                                    │ _075903_/A2                │ met3  │
│ 1.35  │ 539.83  │ 400.00   │ net31714                                                                    │ _074888_/A2                │ met3  │
│ 1.35  │ 4949.74 │ 3669.20  │ net32548                                                                    │ output52/A                 │ met4  │
│ 1.35  │ 538.07  │ 400.00   │ net31534                                                                    │ _070080_/B                 │ met3  │
│ 1.35  │ 538.07  │ 400.00   │ net31534                                                                    │ _071115_/B                 │ met3  │
│ 1.34  │ 537.55  │ 400.00   │ _024688_                                                                    │ _076039_/A2                │ met3  │
│ 1.34  │ 537.55  │ 400.00   │ net6251                                                                     │ _075006_/A2                │ met3  │
│ 1.34  │ 4450.72 │ 3312.80  │ net1948                                                                     │ _077596_/A2                │ met4  │
│ 1.34  │ 536.81  │ 400.00   │ net31797                                                                    │ _074552_/A                 │ met3  │
│ 1.34  │ 536.81  │ 400.00   │ net31797                                                                    │ _078390_/A2                │ met3  │
│ 1.34  │ 536.79  │ 400.00   │ net32260                                                                    │ wire8296/A                 │ met3  │
│ 1.34  │ 4911.13 │ 3669.20  │ net11348                                                                    │ _077506_/A2                │ met4  │
│ 1.34  │ 535.21  │ 400.00   │ net6307                                                                     │ _073803_/B                 │ met3  │
│ 1.34  │ 535.21  │ 400.00   │ net6307                                                                     │ wire31902/A                │ met3  │
│ 1.34  │ 534.67  │ 400.00   │ net2799                                                                     │ _107095_/B                 │ met3  │
│ 1.34  │ 534.67  │ 400.00   │ net2893                                                                     │ _075495_/C                 │ met3  │
│ 1.33  │ 3688.76 │ 2778.20  │ _024899_                                                                    │ _076253_/B                 │ met3  │
│ 1.33  │ 3688.76 │ 2778.20  │ _026923_                                                                    │ _078279_/B                 │ met4  │
│ 1.33  │ 3688.76 │ 2778.20  │ _048553_                                                                    │ _105613_/A1                │ met3  │
│ 1.33  │ 4867.32 │ 3669.20  │ net31657                                                                    │ _076700_/A1_N              │ met4  │
│ 1.33  │ 4389.71 │ 3312.80  │ net4040                                                                     │ _116804_/A1                │ met3  │
│ 1.33  │ 4389.71 │ 3312.80  │ net5297                                                                     │ _117029_/A0                │ met3  │
│ 1.33  │ 4389.71 │ 3312.80  │ net16192                                                                    │ _113645_/A1                │ met3  │
│ 1.32  │ 528.25  │ 400.00   │ instr_bram_ctrl_inst.instr_ram.u_mem.g_2k[1\].u_cell.rdata[19\]             │ _114280_/A1                │ met4  │
│ 1.32  │ 4126.86 │ 3134.60  │ net3536                                                                     │ _074667_/C                 │ met4  │
│ 1.32  │ 4126.86 │ 3134.60  │ net4584                                                                     │ _071501_/D                 │ met4  │
│ 1.32  │ 4126.86 │ 3134.60  │ net5073                                                                     │ _071179_/B                 │ met4  │
│ 1.31  │ 525.26  │ 400.00   │ net31398                                                                    │ wire4152/A                 │ met3  │
│ 1.31  │ 523.42  │ 400.00   │ net14011                                                                    │ wire14010/A                │ met3  │
│ 1.30  │ 521.94  │ 400.00   │ net30967                                                                    │ _071485_/B                 │ met3  │
│ 1.30  │ 521.94  │ 400.00   │ net30967                                                                    │ _071728_/A1                │ met3  │
│ 1.30  │ 521.94  │ 400.00   │ net30967                                                                    │ _072037_/A1                │ met3  │
│ 1.30  │ 521.92  │ 400.00   │ net10894                                                                    │ wire10893/A                │ met3  │
│ 1.30  │ 4310.86 │ 3312.80  │ net2610                                                                     │ _074812_/B                 │ met3  │
│ 1.30  │ 4310.86 │ 3312.80  │ net3433                                                                     │ _107598_/A0                │ met3  │
│ 1.30  │ 519.89  │ 400.00   │ net4904                                                                     │ _075579_/A2                │ met3  │
│ 1.30  │ 519.89  │ 400.00   │ net4904                                                                     │ _078641_/A2                │ met3  │
│ 1.30  │ 4302.10 │ 3312.80  │ net2392                                                                     │ _074191_/C_N               │ met3  │
│ 1.30  │ 4302.10 │ 3312.80  │ net2507                                                                     │ _113759_/A0                │ met3  │
│ 1.30  │ 4302.10 │ 3312.80  │ net2508                                                                     │ _113749_/A0                │ met3  │
│ 1.30  │ 4302.10 │ 3312.80  │ net3546                                                                     │ _074232_/B                 │ met3  │
│ 1.30  │ 4302.10 │ 3312.80  │ net24034                                                                    │ _091084_/A1                │ met4  │
│ 1.30  │ 519.19  │ 400.00   │ instr_bram_ctrl_inst.instr_ram.u_mem.g_2k[1\].u_cell.rdata[14\]             │ _114270_/A1                │ met4  │
│ 1.30  │ 519.15  │ 400.00   │ net12401                                                                    │ _079118_/B1                │ met3  │
│ 1.30  │ 519.15  │ 400.00   │ net12401                                                                    │ _079120_/C                 │ met3  │
│ 1.29  │ 517.48  │ 400.00   │ net30454                                                                    │ _079115_/B1                │ met3  │
│ 1.29  │ 517.48  │ 400.00   │ net30454                                                                    │ _079174_/B1                │ met3  │
│ 1.29  │ 4740.19 │ 3669.20  │ net30312                                                                    │ _117007_/A0                │ met4  │
│ 1.29  │ 4740.19 │ 3669.20  │ net30907                                                                    │ _077254_/B                 │ met4  │
│ 1.29  │ 4728.45 │ 3669.20  │ net32580                                                                    │ wire23837/A                │ met4  │
│ 1.29  │ 4039.24 │ 3134.60  │ net4197                                                                     │ _075041_/C                 │ met4  │
│ 1.29  │ 515.43  │ 400.00   │ net5415                                                                     │ _112597_/B1                │ met3  │
│ 1.29  │ 515.43  │ 400.00   │ net5415                                                                     │ _112599_/B1                │ met3  │
│ 1.29  │ 515.35  │ 400.00   │ net12641                                                                    │ _078278_/B2                │ met3  │
│ 1.29  │ 515.35  │ 400.00   │ net12641                                                                    │ _078787_/B2                │ met3  │
│ 1.29  │ 515.33  │ 400.00   │ net7930                                                                     │ _075615_/A2                │ met3  │
│ 1.29  │ 515.25  │ 400.00   │ net3369                                                                     │ wire3368/A                 │ met3  │
│ 1.29  │ 514.11  │ 400.00   │ net30799                                                                    │ wire30798/A                │ met3  │
│ 1.29  │ 514.11  │ 400.00   │ net32436                                                                    │ wire30312/A                │ met3  │
│ 1.28  │ 511.52  │ 400.00   │ net31187                                                                    │ _075591_/A1                │ met3  │
│ 1.28  │ 511.52  │ 400.00   │ net31187                                                                    │ _077650_/A1                │ met3  │
│ 1.28  │ 511.52  │ 400.00   │ net31187                                                                    │ _077695_/B1                │ met3  │
│ 1.28  │ 511.39  │ 400.00   │ net18991                                                                    │ fanout18917/A              │ met3  │
│ 1.27  │ 4668.82 │ 3669.20  │ net29942                                                                    │ wire29940/A                │ met4  │
│ 1.27  │ 4214.48 │ 3312.80  │ net2945                                                                     │ _072388_/B                 │ met3  │
│ 1.27  │ 4214.48 │ 3312.80  │ net6056                                                                     │ _073306_/C                 │ met3  │
│ 1.27  │ 4214.48 │ 3312.80  │ net16179                                                                    │ _113701_/A1                │ met3  │
│ 1.27  │ 4214.48 │ 3312.80  │ net16183                                                                    │ _113667_/A1                │ met3  │
│ 1.27  │ 4214.48 │ 3312.80  │ net16187                                                                    │ _113655_/A1                │ met3  │
│ 1.27  │ 4214.48 │ 3312.80  │ net16191                                                                    │ _113647_/A1                │ met3  │
│ 1.27  │ 508.58  │ 400.00   │ net12372                                                                    │ _071337_/A                 │ met3  │
│ 1.27  │ 508.58  │ 400.00   │ net12372                                                                    │ _072905_/B2                │ met3  │
│ 1.27  │ 508.55  │ 400.00   │ net7258                                                                     │ _076414_/A1                │ met3  │
│ 1.27  │ 508.55  │ 400.00   │ net7258                                                                     │ _078778_/A1                │ met3  │
│ 1.27  │ 508.54  │ 400.00   │ net11635                                                                    │ wire11634/A                │ met3  │
│ 1.27  │ 508.47  │ 400.00   │ net3712                                                                     │ _076378_/C                 │ met3  │
│ 1.27  │ 508.47  │ 400.00   │ net3712                                                                     │ _077626_/A2                │ met3  │
│ 1.27  │ 4659.02 │ 3669.20  │ net32560                                                                    │ wire24012/A                │ met4  │
│ 1.27  │ 4659.02 │ 3669.20  │ net32582                                                                    │ wire23823/A                │ met4  │
│ 1.27  │ 507.52  │ 400.00   │ net31803                                                                    │ _077161_/A1_N              │ met3  │
│ 1.27  │ 4652.89 │ 3669.20  │ net31081                                                                    │ _072453_/B                 │ met3  │
│ 1.27  │ 4652.57 │ 3669.20  │ net30552                                                                    │ _078100_/B                 │ met4  │
│ 1.27  │ 3522.29 │ 2778.20  │ _025843_                                                                    │ _077194_/A_N               │ met4  │
│ 1.27  │ 507.05  │ 400.00   │ net4346                                                                     │ wire4345/A                 │ met3  │
│ 1.27  │ 507.05  │ 400.00   │ net7649                                                                     │ wire7648/A                 │ met3  │
│ 1.27  │ 507.05  │ 400.00   │ net32205                                                                    │ wire8283/A                 │ met3  │
│ 1.26  │ 3513.52 │ 2778.20  │ _023725_                                                                    │ _075067_/A1                │ met4  │
│ 1.26  │ 4179.92 │ 3312.80  │ net30689                                                                    │ _075063_/B1                │ met4  │
│ 1.26  │ 3513.52 │ 2784.80  │ _022105_                                                                    │ _073446_/B                 │ met3  │
│ 1.26  │ 504.24  │ 400.00   │ net4227                                                                     │ _074020_/B1                │ met3  │
│ 1.26  │ 504.07  │ 400.00   │ net30841                                                                    │ wire6338/A                 │ met3  │
│ 1.26  │ 4618.26 │ 3669.20  │ net17663                                                                    │ fanout17649/A              │ met3  │
│ 1.26  │ 502.96  │ 400.00   │ net7626                                                                     │ wire7625/A                 │ met3  │
│ 1.25  │ 500.50  │ 400.00   │ net3657                                                                     │ _076942_/A2                │ met3  │
│ 1.25  │ 500.50  │ 400.00   │ net3657                                                                     │ wire3655/A                 │ met3  │
│ 1.25  │ 500.36  │ 400.00   │ net30735                                                                    │ _074863_/A2                │ met3  │
│ 1.25  │ 500.36  │ 400.00   │ net30735                                                                    │ _077667_/A2                │ met3  │
│ 1.25  │ 4589.58 │ 3669.20  │ net32510                                                                    │ wire22440/A                │ met4  │
│ 1.25  │ 4589.58 │ 3669.20  │ net32599                                                                    │ wire22115/A                │ met4  │
│ 1.25  │ 4589.58 │ 3669.20  │ net32650                                                                    │ wire22607/A                │ met4  │
│ 1.25  │ 4589.58 │ 3669.20  │ net32710                                                                    │ wire22568/A                │ met4  │
│ 1.25  │ 500.23  │ 400.00   │ net6159                                                                     │ _077716_/B2                │ met3  │
│ 1.25  │ 500.01  │ 400.00   │ net31605                                                                    │ _074069_/A2                │ met3  │
│ 1.25  │ 499.81  │ 400.00   │ net5133                                                                     │ _078574_/A1                │ met3  │
│ 1.25  │ 499.68  │ 400.00   │ net7514                                                                     │ _072964_/B2                │ met3  │
│ 1.25  │ 499.64  │ 400.00   │ net6188                                                                     │ _076817_/B1                │ met3  │
│ 1.25  │ 499.64  │ 400.00   │ net6188                                                                     │ _078346_/A2                │ met3  │
│ 1.25  │ 4836.57 │ 3872.32  │ net5977                                                                     │ _077612_/B                 │ met3  │
│ 1.25  │ 499.59  │ 400.00   │ _010393_                                                                    │ _060660_/A1                │ met3  │
│ 1.25  │ 499.59  │ 400.00   │ _010393_                                                                    │ _060688_/B                 │ met3  │
│ 1.25  │ 499.59  │ 400.00   │ _010393_                                                                    │ _105346_/A1                │ met3  │
│ 1.25  │ 498.90  │ 400.00   │ net11601                                                                    │ _072068_/A2                │ met3  │
│ 1.25  │ 498.90  │ 400.00   │ net11601                                                                    │ _073181_/A1                │ met3  │
│ 1.25  │ 498.90  │ 400.00   │ net11601                                                                    │ wire11599/A                │ met3  │
│ 1.25  │ 4126.86 │ 3312.80  │ net5262                                                                     │ _061628_/B1_N              │ met3  │
│ 1.25  │ 4126.86 │ 3312.80  │ net5267                                                                     │ _061400_/B1_N              │ met3  │
│ 1.25  │ 4126.86 │ 3312.80  │ net5273                                                                     │ _060924_/B1_N              │ met3  │
│ 1.24  │ 495.78  │ 400.00   │ net14787                                                                    │ _070777_/B2                │ met2  │
│ 1.24  │ 4103.55 │ 3312.80  │ net6397                                                                     │ _078502_/A2_N              │ met4  │
│ 1.24  │ 495.39  │ 400.00   │ net8539                                                                     │ _111863_/B1                │ met3  │
│ 1.24  │ 495.39  │ 400.00   │ net31358                                                                    │ _078056_/A1                │ met3  │
│ 1.24  │ 495.35  │ 400.00   │ net4441                                                                     │ _072838_/B1                │ met3  │
│ 1.24  │ 495.35  │ 400.00   │ net31047                                                                    │ _075520_/B2                │ met3  │
│ 1.24  │ 495.32  │ 400.00   │ net31448                                                                    │ _073288_/B2                │ met3  │
│ 1.24  │ 495.32  │ 400.00   │ net31448                                                                    │ _074069_/A1                │ met3  │
│ 1.24  │ 495.22  │ 400.00   │ _020860_                                                                    │ _075894_/A2                │ met3  │
│ 1.24  │ 495.22  │ 400.00   │ _023842_                                                                    │ _075188_/B1                │ met3  │
│ 1.24  │ 495.22  │ 400.00   │ net3539                                                                     │ _074399_/B1                │ met3  │
│ 1.24  │ 495.22  │ 400.00   │ net6271                                                                     │ _077683_/A1                │ met3  │
│ 1.24  │ 495.22  │ 400.00   │ net6303                                                                     │ _074778_/B2                │ met3  │
│ 1.24  │ 495.22  │ 400.00   │ net7038                                                                     │ _075042_/B1                │ met3  │
│ 1.24  │ 495.22  │ 400.00   │ net10360                                                                    │ _078367_/B1                │ met3  │
│ 1.24  │ 495.22  │ 400.00   │ net10770                                                                    │ _073939_/A2                │ met3  │
│ 1.24  │ 495.22  │ 400.00   │ net12648                                                                    │ _076048_/A1                │ met3  │
│ 1.24  │ 495.22  │ 400.00   │ net30796                                                                    │ _078342_/B1                │ met3  │
│ 1.24  │ 495.22  │ 400.00   │ net30805                                                                    │ _072759_/A1                │ met3  │
│ 1.24  │ 495.22  │ 400.00   │ net31649                                                                    │ _075777_/A1                │ met3  │
│ 1.24  │ 495.19  │ 400.00   │ net31392                                                                    │ wire5178/A                 │ met3  │
│ 1.24  │ 494.54  │ 400.00   │ conv_accelerator_inst.u_conv_buf_ram.u_mem.u_mem.g_2k[1\].u_cell.rdata[14\] │ _066686_/A1                │ met4  │
│ 1.23  │ 3425.90 │ 2778.20  │ _025237_                                                                    │ _076724_/B1_N              │ met4  │
│ 1.23  │ 3425.90 │ 2778.20  │ _025965_                                                                    │ _077317_/C                 │ met4  │
│ 1.23  │ 493.13  │ 400.00   │ instr_bram_ctrl_inst.instr_ram.u_mem.g_2k[0\].u_cell.rdata[12\]             │ wire22087/A                │ met3  │
│ 1.23  │ 493.13  │ 400.00   │ instr_bram_ctrl_inst.instr_ram.u_mem.g_2k[0\].u_cell.rdata[30\]             │ wire21925/A                │ met3  │
│ 1.23  │ 493.13  │ 400.00   │ instr_bram_ctrl_inst.instr_ram.u_mem.g_2k[2\].u_cell.rdata[12\]             │ wire21828/A                │ met3  │
│ 1.23  │ 493.13  │ 400.00   │ yz_bram_ctrl_inst.yz_ram.u_mem.u_mem.g_2k[0\].u_cell.rdata[18\]             │ wire20903/A                │ met3  │
│ 1.23  │ 493.13  │ 400.00   │ yz_bram_ctrl_inst.yz_ram.u_mem.u_mem.g_2k[2\].u_cell.rdata[10\]             │ _064777_/A2                │ met3  │
│ 1.23  │ 493.13  │ 400.00   │ yz_bram_ctrl_inst.yz_ram.u_mem.u_mem.g_2k[2\].u_cell.rdata[21\]             │ _064840_/A2                │ met3  │
│ 1.23  │ 493.13  │ 400.00   │ net16359                                                                    │ _075927_/A1_N              │ met3  │
│ 1.23  │ 3864.00 │ 3134.60  │ net2788                                                                     │ _114883_/A1                │ met4  │
│ 1.23  │ 3864.00 │ 3134.60  │ net11480                                                                    │ _072124_/A                 │ met4  │
│ 1.23  │ 493.02  │ 400.00   │ net6757                                                                     │ _074461_/B                 │ met3  │
│ 1.23  │ 493.02  │ 400.00   │ net6757                                                                     │ _075691_/B2                │ met3  │
│ 1.23  │ 493.02  │ 400.00   │ net6757                                                                     │ _076177_/B1                │ met3  │
│ 1.23  │ 492.98  │ 400.00   │ net30673                                                                    │ _074974_/B1                │ met3  │
│ 1.23  │ 492.98  │ 400.00   │ net30673                                                                    │ _075245_/B1                │ met3  │
│ 1.23  │ 4520.15 │ 3669.20  │ net32514                                                                    │ wire22309/A                │ met4  │
│ 1.23  │ 4520.15 │ 3669.20  │ net32562                                                                    │ wire23998/A                │ met4  │
│ 1.23  │ 4520.15 │ 3669.20  │ net32583                                                                    │ wire23816/A                │ met4  │
│ 1.23  │ 492.21  │ 400.00   │ net3588                                                                     │ _072455_/A2                │ met3  │
│ 1.23  │ 492.21  │ 400.00   │ net3588                                                                     │ _074328_/B                 │ met3  │
│ 1.23  │ 4494.86 │ 3669.20  │ net1502                                                                     │ _128306_/D                 │ met3  │
│ 1.23  │ 4494.86 │ 3669.20  │ net2121                                                                     │ _078850_/B                 │ met3  │
│ 1.22  │ 4740.19 │ 3872.32  │ net2911                                                                     │ _074299_/C                 │ met3  │
│ 1.22  │ 4048.00 │ 3312.80  │ net2612                                                                     │ _074600_/D                 │ met3  │
│ 1.22  │ 4477.65 │ 3669.20  │ net30955                                                                    │ _075995_/A                 │ met3  │
│ 1.22  │ 4041.06 │ 3312.80  │ net6396                                                                     │ _071761_/A2_N              │ met4  │
│ 1.22  │ 4469.53 │ 3669.20  │ net30580                                                                    │ _075553_/B1                │ met4  │
│ 1.22  │ 487.12  │ 400.00   │ net31061                                                                    │ _072345_/B                 │ met3  │
│ 1.22  │ 487.12  │ 400.00   │ net31061                                                                    │ wire4657/A                 │ met3  │
│ 1.22  │ 486.47  │ 400.00   │ _009342_                                                                    │ _090298_/A                 │ met2  │
│ 1.22  │ 486.47  │ 400.00   │ _009342_                                                                    │ _090978_/A                 │ met2  │
│ 1.21  │ 484.89  │ 400.00   │ conv_accelerator_inst.u_conv_buf_ram.u_mem.u_mem.g_2k[1\].u_cell.rdata[22\] │ _066716_/A1                │ met4  │
│ 1.21  │ 3577.41 │ 2956.40  │ _027139_                                                                    │ _078496_/C1                │ met4  │
│ 1.21  │ 482.73  │ 400.00   │ net7844                                                                     │ _071868_/B                 │ met3  │
│ 1.21  │ 482.73  │ 400.00   │ net7844                                                                     │ _076520_/A1                │ met3  │
│ 1.21  │ 482.73  │ 400.00   │ net7844                                                                     │ _077251_/A1                │ met3  │
│ 1.21  │ 482.70  │ 400.00   │ net6783                                                                     │ _078637_/B1                │ met3  │
│ 1.21  │ 482.70  │ 400.00   │ net6783                                                                     │ wire6782/A                 │ met3  │
│ 1.21  │ 3992.24 │ 3312.80  │ net11403                                                                    │ _074271_/A1                │ met3  │
│ 1.20  │ 3347.05 │ 2778.20  │ _025379_                                                                    │ _076728_/C_N               │ met3  │
│ 1.20  │ 3776.38 │ 3134.60  │ net2893                                                                     │ _075495_/C                 │ met4  │
│ 1.20  │ 481.86  │ 400.00   │ net31210                                                                    │ _076008_/B1                │ met3  │
│ 1.20  │ 481.86  │ 400.00   │ net31210                                                                    │ _076617_/C                 │ met3  │
│ 1.20  │ 480.69  │ 400.00   │ net4624                                                                     │ wire4623/A                 │ met3  │
│ 1.20  │ 3338.29 │ 2778.20  │ _020342_                                                                    │ _071672_/D                 │ met4  │
│ 1.20  │ 3338.29 │ 2778.20  │ _052029_                                                                    │ _109110_/B                 │ met4  │
│ 1.20  │ 4407.24 │ 3669.20  │ net4203                                                                     │ _076669_/C                 │ met4  │
│ 1.20  │ 3338.29 │ 2781.50  │ _057530_                                                                    │ _116612_/A1                │ met3  │
│ 1.20  │ 3338.29 │ 2784.80  │ _022899_                                                                    │ _074238_/D_N               │ met3  │
│ 1.20  │ 478.94  │ 400.00   │ instr_bram_ctrl_inst.instr_ram.u_mem.g_2k[1\].u_cell.rdata[11\]             │ _114264_/A1                │ met4  │
│ 1.20  │ 478.80  │ 400.00   │ net10679                                                                    │ wire10678/A                │ met3  │
│ 1.20  │ 478.80  │ 400.00   │ net31707                                                                    │ _072265_/A3                │ met3  │
│ 1.20  │ 478.80  │ 400.00   │ net31707                                                                    │ _075023_/A2                │ met3  │
│ 1.20  │ 478.80  │ 400.00   │ net31707                                                                    │ _075310_/A1                │ met3  │
│ 1.19  │ 4381.28 │ 3669.20  │ net32561                                                                    │ wire24005/A                │ met4  │
│ 1.19  │ 477.40  │ 400.00   │ net10737                                                                    │ _075831_/A2                │ met3  │
│ 1.19  │ 477.40  │ 400.00   │ net10737                                                                    │ _078223_/A2                │ met3  │
│ 1.19  │ 477.32  │ 400.00   │ net31517                                                                    │ _072416_/B1                │ met3  │
│ 1.19  │ 477.32  │ 400.00   │ net31517                                                                    │ _074417_/B1                │ met3  │
│ 1.19  │ 477.32  │ 400.00   │ net31517                                                                    │ _075753_/A2                │ met3  │
│ 1.19  │ 3951.62 │ 3312.80  │ net2513                                                                     │ _113729_/A0                │ met3  │
│ 1.19  │ 3951.62 │ 3312.80  │ net2859                                                                     │ _077932_/B                 │ met3  │
│ 1.19  │ 3951.62 │ 3312.80  │ net6006                                                                     │ _075266_/C                 │ met3  │
│ 1.19  │ 3951.62 │ 3312.80  │ net18007                                                                    │ _064766_/A0                │ met3  │
│ 1.19  │ 3951.62 │ 3312.80  │ net32001                                                                    │ _116374_/A1                │ met3  │
│ 1.19  │ 477.10  │ 400.00   │ net6159                                                                     │ _077716_/B2                │ met2  │
│ 1.19  │ 3347.05 │ 2817.80  │ _023515_                                                                    │ _074858_/A                 │ met4  │
│ 1.19  │ 475.12  │ 400.00   │ net6179                                                                     │ _074204_/A2                │ met3  │
│ 1.19  │ 475.12  │ 400.00   │ net6179                                                                     │ _074383_/B2                │ met3  │
│ 1.19  │ 474.64  │ 400.00   │ net7917                                                                     │ _076586_/B2                │ met3  │
│ 1.19  │ 474.64  │ 400.00   │ net7917                                                                     │ wire7916/A                 │ met3  │
│ 1.19  │ 474.64  │ 400.00   │ net31296                                                                    │ _079043_/A1                │ met3  │
│ 1.19  │ 474.64  │ 400.00   │ net31296                                                                    │ wire5177/A                 │ met3  │
│ 1.18  │ 472.87  │ 400.00   │ net31323                                                                    │ wire4608/A                 │ met3  │
│ 1.18  │ 3492.53 │ 2956.40  │ _027495_                                                                    │ _078853_/A2                │ met3  │
│ 1.18  │ 470.97  │ 400.00   │ net4743                                                                     │ _078073_/D                 │ met2  │
│ 1.18  │ 470.69  │ 400.00   │ yz_bram_ctrl_inst.yz_ram.u_mem.u_mem.g_2k[2\].u_cell.rdata[2\]              │ _064774_/A2                │ met4  │
│ 1.18  │ 470.64  │ 400.00   │ net129                                                                      │ wire128/A                  │ met3  │
│ 1.18  │ 470.64  │ 400.00   │ net2581                                                                     │ wire2580/A                 │ met3  │
│ 1.18  │ 470.64  │ 400.00   │ net30945                                                                    │ _074045_/A1                │ met3  │
│ 1.18  │ 4311.85 │ 3669.20  │ net32717                                                                    │ wire22480/A                │ met4  │
│ 1.17  │ 469.90  │ 400.00   │ net31560                                                                    │ _070612_/B1                │ met3  │
│ 1.17  │ 469.90  │ 400.00   │ net31560                                                                    │ _077382_/B1                │ met3  │
│ 1.17  │ 469.90  │ 400.00   │ net31560                                                                    │ wire10682/A                │ met3  │
│ 1.17  │ 469.54  │ 400.00   │ net10449                                                                    │ _071069_/B                 │ met3  │
│ 1.17  │ 3872.76 │ 3312.80  │ net6363                                                                     │ _074281_/B                 │ met3  │
│ 1.17  │ 467.59  │ 400.00   │ net31655                                                                    │ _070093_/B                 │ met3  │
│ 1.17  │ 467.59  │ 400.00   │ net31655                                                                    │ _073933_/A                 │ met3  │
│ 1.17  │ 467.59  │ 400.00   │ net31655                                                                    │ _075967_/A1                │ met3  │
│ 1.17  │ 3864.00 │ 3312.80  │ net9989                                                                     │ _073138_/D                 │ met3  │
│ 1.17  │ 3864.00 │ 3312.80  │ net10816                                                                    │ _077529_/A                 │ met3  │
│ 1.17  │ 3864.00 │ 3312.80  │ net14470                                                                    │ _073347_/C                 │ met3  │
│ 1.17  │ 3864.00 │ 3312.80  │ net30451                                                                    │ _128285_/D                 │ met4  │
│ 1.17  │ 3864.00 │ 3312.80  │ net30725                                                                    │ _074887_/A                 │ met3  │
│ 1.17  │ 3864.00 │ 3312.80  │ net31970                                                                    │ _116833_/A0                │ met3  │
│ 1.17  │ 3864.00 │ 3312.80  │ net32136                                                                    │ _117213_/A0                │ met3  │
│ 1.17  │ 3864.00 │ 3312.80  │ net32258                                                                    │ _106154_/A0                │ met3  │
│ 1.16  │ 465.78  │ 400.00   │ net31093                                                                    │ _077812_/A3                │ met3  │
│ 1.16  │ 465.78  │ 400.00   │ net31093                                                                    │ wire6823/A                 │ met3  │
│ 1.16  │ 3433.16 │ 2956.40  │ GPIO_wdata[4\]                                                              │ fanout3148/A               │ met3  │
│ 1.16  │ 464.25  │ 400.00   │ yz_bram_ctrl_inst.yz_ram.u_mem.u_mem.g_2k[2\].u_cell.rdata[13\]             │ _064795_/A2                │ met4  │
│ 1.16  │ 462.51  │ 400.00   │ net30666                                                                    │ _074558_/B2                │ met3  │
│ 1.16  │ 462.51  │ 400.00   │ net30666                                                                    │ _075684_/A2                │ met3  │
│ 1.16  │ 462.51  │ 400.00   │ net30666                                                                    │ _076931_/A2                │ met3  │
│ 1.16  │ 4242.42 │ 3669.20  │ net31602                                                                    │ _075803_/B2                │ met4  │
│ 1.16  │ 4242.04 │ 3669.20  │ net6505                                                                     │ _076250_/B2                │ met4  │
│ 1.15  │ 461.75  │ 400.00   │ net30793                                                                    │ _074098_/A2                │ met3  │
│ 1.15  │ 461.75  │ 400.00   │ net30793                                                                    │ _078553_/A2                │ met3  │
│ 1.15  │ 461.75  │ 400.00   │ net30793                                                                    │ _078881_/A1                │ met3  │
│ 1.15  │ 459.89  │ 400.00   │ net4950                                                                     │ _076560_/A1                │ met3  │
│ 1.15  │ 459.54  │ 400.00   │ net4277                                                                     │ _073791_/A2                │ met3  │
│ 1.15  │ 4214.48 │ 3669.20  │ net30468                                                                    │ _078416_/D                 │ met4  │
│ 1.15  │ 3394.52 │ 2956.40  │ _021611_                                                                    │ _072945_/A3                │ met3  │
│ 1.15  │ 458.62  │ 400.00   │ instr_bram_ctrl_inst.instr_ram.u_mem.g_2k[1\].u_cell.rdata[17\]             │ _114276_/A1                │ met4  │
│ 1.15  │ 458.58  │ 400.00   │ net30927                                                                    │ _076387_/A2                │ met3  │
│ 1.15  │ 458.58  │ 400.00   │ net30927                                                                    │ wire6324/A                 │ met3  │
│ 1.14  │ 4197.43 │ 3669.20  │ net2599                                                                     │ _075849_/A3                │ met4  │
│ 1.14  │ 4197.43 │ 3669.20  │ net30646                                                                    │ _076496_/B2                │ met4  │
│ 1.14  │ 3785.14 │ 3312.80  │ net9998                                                                     │ _073296_/C                 │ met3  │
│ 1.14  │ 3171.81 │ 2778.20  │ _057862_                                                                    │ _116951_/A1                │ met3  │
│ 1.14  │ 456.41  │ 400.00   │ net31432                                                                    │ _079106_/A2                │ met2  │
│ 1.14  │ 456.15  │ 400.00   │ net7915                                                                     │ _073687_/A1                │ met2  │
│ 1.14  │ 456.13  │ 400.00   │ net14640                                                                    │ _072707_/B                 │ met3  │
│ 1.14  │ 456.06  │ 400.00   │ net6261                                                                     │ _075316_/B                 │ met3  │
│ 1.14  │ 3776.38 │ 3312.80  │ net10925                                                                    │ _075895_/C                 │ met3  │
│ 1.14  │ 455.24  │ 400.00   │ net4750                                                                     │ _071001_/A2                │ met3  │
│ 1.14  │ 455.21  │ 400.00   │ net11150                                                                    │ _071979_/A                 │ met3  │
│ 1.14  │ 455.21  │ 400.00   │ net31297                                                                    │ _074266_/A1                │ met3  │
│ 1.14  │ 455.08  │ 400.00   │ net2407                                                                     │ _072119_/B1                │ met3  │
│ 1.14  │ 455.08  │ 400.00   │ net6240                                                                     │ _078343_/A3                │ met3  │
│ 1.14  │ 455.08  │ 400.00   │ net14343                                                                    │ _076386_/A1                │ met3  │
│ 1.14  │ 455.05  │ 400.00   │ net30977                                                                    │ _071178_/B2                │ met3  │
│ 1.14  │ 455.05  │ 400.00   │ net30977                                                                    │ _076202_/A1                │ met3  │
│ 1.14  │ 4172.98 │ 3669.20  │ net32513                                                                    │ wire22385/A                │ met4  │
│ 1.14  │ 3163.05 │ 2781.50  │ _026318_                                                                    │ _077672_/D                 │ met3  │
│ 1.14  │ 3163.05 │ 2781.50  │ _056834_                                                                    │ _115810_/A0                │ met3  │
│ 1.14  │ 454.39  │ 400.00   │ instr_bram_ctrl_inst.instr_ram.u_mem.g_2k[1\].u_cell.rdata[9\]              │ _114260_/A1                │ met4  │
│ 1.13  │ 3756.38 │ 3312.80  │ net30938                                                                    │ _073846_/A2_N              │ met4  │
│ 1.13  │ 4152.82 │ 3669.20  │ net31965                                                                    │ _071231_/A2                │ met4  │
│ 1.13  │ 452.28  │ 400.00   │ data_bram_ctrl_inst.data_ram.u_mem.g_2k[1\].u_cell.rdata[7\]                │ _113656_/A1                │ met4  │
│ 1.13  │ 4135.08 │ 3669.20  │ net2063                                                                     │ wire2061/A                 │ met4  │
│ 1.13  │ 4135.08 │ 3669.20  │ net2063                                                                     │ load_slew2062/A            │ met4  │
│ 1.13  │ 450.75  │ 400.00   │ _018603_                                                                    │ _070001_/A                 │ met3  │
│ 1.13  │ 450.75  │ 400.00   │ net31311                                                                    │ _074531_/A3                │ met3  │
│ 1.13  │ 450.62  │ 400.00   │ _013604_                                                                    │ _064178_/B1                │ met3  │
│ 1.13  │ 450.62  │ 400.00   │ _019195_                                                                    │ _070525_/B1                │ met3  │
│ 1.13  │ 450.62  │ 400.00   │ net5014                                                                     │ _074037_/A1                │ met3  │
│ 1.13  │ 450.62  │ 400.00   │ net6309                                                                     │ _072171_/B1                │ met3  │
│ 1.13  │ 450.62  │ 400.00   │ net6387                                                                     │ _072613_/B1                │ met3  │
│ 1.13  │ 450.62  │ 400.00   │ net7058                                                                     │ _076083_/A1                │ met3  │
│ 1.13  │ 450.62  │ 400.00   │ net12444                                                                    │ _078262_/B1                │ met3  │
│ 1.13  │ 450.62  │ 400.00   │ net30620                                                                    │ _076767_/B1                │ met3  │
│ 1.13  │ 450.62  │ 400.00   │ net30944                                                                    │ _070521_/A3                │ met3  │
│ 1.13  │ 450.62  │ 400.00   │ net32220                                                                    │ _074704_/A1                │ met3  │
│ 1.13  │ 450.59  │ 400.00   │ net7725                                                                     │ _074374_/A1                │ met3  │
│ 1.13  │ 450.59  │ 400.00   │ net7725                                                                     │ _076171_/B2                │ met3  │
│ 1.12  │ 4127.17 │ 3669.20  │ net9964                                                                     │ _077254_/A                 │ met3  │
│ 1.12  │ 449.19  │ 400.00   │ net5203                                                                     │ _073555_/A1                │ met3  │
│ 1.12  │ 449.19  │ 400.00   │ net5203                                                                     │ _077790_/B2                │ met3  │
│ 1.12  │ 449.19  │ 400.00   │ net5203                                                                     │ _078250_/A2                │ met3  │
│ 1.12  │ 3715.68 │ 3312.80  │ net11461                                                                    │ _072087_/A2                │ met3  │
│ 1.12  │ 3713.71 │ 3312.80  │ net16316                                                                    │ wire16315/A                │ met4  │
│ 1.12  │ 448.36  │ 400.00   │ net4333                                                                     │ _076304_/B1                │ met3  │
│ 1.12  │ 448.36  │ 400.00   │ net4333                                                                     │ _077915_/A2                │ met3  │
│ 1.12  │ 3513.52 │ 3134.60  │ net2602                                                                     │ _075647_/A                 │ met3  │
│ 1.12  │ 3513.52 │ 3134.60  │ net2855                                                                     │ _078208_/B                 │ met4  │
│ 1.12  │ 448.34  │ 400.00   │ _019516_                                                                    │ _078358_/A2                │ met3  │
│ 1.12  │ 448.34  │ 400.00   │ net30622                                                                    │ _075387_/C1                │ met3  │
│ 1.12  │ 448.05  │ 400.00   │ data_bram_ctrl_inst.data_ram.u_mem.g_2k[1\].u_cell.rdata[1\]                │ wire22617/A                │ met4  │
│ 1.12  │ 447.59  │ 400.00   │ net10862                                                                    │ _070546_/B                 │ met3  │
│ 1.12  │ 447.59  │ 400.00   │ net10862                                                                    │ _072222_/B1                │ met3  │
│ 1.12  │ 447.58  │ 400.00   │ net3626                                                                     │ wire3625/A                 │ met3  │
│ 1.12  │ 447.58  │ 400.00   │ net6356                                                                     │ wire6355/A                 │ met3  │
│ 1.12  │ 447.55  │ 400.00   │ instr_bram_ctrl_inst.instr_ram.u_mem.g_2k[1\].u_cell.rdata[23\]             │ _114288_/A1                │ met4  │
│ 1.12  │ 4103.55 │ 3669.20  │ net32708                                                                    │ wire22578/A                │ met4  │
│ 1.12  │ 447.30  │ 400.00   │ net30892                                                                    │ _073307_/A                 │ met3  │
│ 1.12  │ 447.20  │ 400.00   │ net3989                                                                     │ wire32102/A                │ met3  │
│ 1.12  │ 447.20  │ 400.00   │ net10677                                                                    │ wire10676/A                │ met3  │
│ 1.12  │ 447.05  │ 400.00   │ _027104_                                                                    │ _078461_/C                 │ met3  │
│ 1.12  │ 447.05  │ 400.00   │ net5158                                                                     │ _075881_/A                 │ met3  │
│ 1.11  │ 3688.76 │ 3312.80  │ net30624                                                                    │ _071244_/B                 │ met3  │
│ 1.11  │ 445.03  │ 400.00   │ data_bram_ctrl_inst.data_ram.u_mem.g_2k[1\].u_cell.rdata[2\]                │ wire22616/A                │ met4  │
│ 1.11  │ 4081.75 │ 3669.20  │ net31396                                                                    │ _071041_/A2                │ met3  │
│ 1.11  │ 3478.64 │ 3134.60  │ net2915                                                                     │ _078430_/B1                │ met4  │
│ 1.11  │ 3084.19 │ 2784.80  │ _024599_                                                                    │ _075978_/B                 │ met4  │
│ 1.11  │ 442.84  │ 400.00   │ net7495                                                                     │ _075151_/A2                │ met3  │
│ 1.11  │ 442.84  │ 400.00   │ net7495                                                                     │ load_slew7493/A            │ met3  │
│ 1.11  │ 3075.43 │ 2778.20  │ _023493_                                                                    │ _074834_/C_N               │ met4  │
│ 1.11  │ 3075.43 │ 2778.20  │ _024949_                                                                    │ _076307_/B                 │ met4  │
│ 1.11  │ 3075.43 │ 2778.20  │ _027104_                                                                    │ _078461_/C                 │ met4  │
│ 1.11  │ 442.32  │ 400.00   │ net31312                                                                    │ _072880_/B1                │ met3  │
│ 1.11  │ 442.32  │ 400.00   │ net31312                                                                    │ _075479_/B                 │ met3  │
│ 1.11  │ 3075.43 │ 2781.50  │ _018212_                                                                    │ _069479_/A                 │ met3  │
│ 1.10  │ 440.93  │ 400.00   │ net31132                                                                    │ _072102_/B                 │ met3  │
│ 1.10  │ 440.93  │ 400.00   │ net31132                                                                    │ _073876_/A1                │ met3  │
│ 1.10  │ 440.93  │ 400.00   │ net31132                                                                    │ _074062_/A1                │ met3  │
│ 1.10  │ 4039.24 │ 3669.20  │ net1633                                                                     │ _128311_/D                 │ met4  │
│ 1.10  │ 440.05  │ 400.00   │ net7059                                                                     │ _070891_/A2                │ met3  │
│ 1.10  │ 440.05  │ 400.00   │ net7059                                                                     │ _076302_/A1_N              │ met3  │
│ 1.10  │ 439.49  │ 400.00   │ net31466                                                                    │ _072780_/B                 │ met3  │
│ 1.10  │ 439.49  │ 400.00   │ net31466                                                                    │ _074361_/A3                │ met3  │
│ 1.10  │ 439.49  │ 400.00   │ net31466                                                                    │ _076785_/A2                │ met3  │
│ 1.10  │ 438.94  │ 400.00   │ net31696                                                                    │ _073766_/A1                │ met3  │
│ 1.10  │ 438.94  │ 400.00   │ net31696                                                                    │ wire4795/A                 │ met3  │
│ 1.10  │ 438.59  │ 400.00   │ data_bram_ctrl_inst.data_ram.u_mem.g_2k[1\].u_cell.rdata[13\]               │ _113668_/A1                │ met4  │
│ 1.09  │ 3425.90 │ 3134.60  │ net5974                                                                     │ _078875_/C                 │ met3  │
│ 1.09  │ 3425.90 │ 3134.60  │ net30605                                                                    │ _074980_/B                 │ met3  │
│ 1.09  │ 436.05  │ 400.00   │ net6623                                                                     │ _072444_/A2                │ met3  │
│ 1.09  │ 436.05  │ 400.00   │ net6623                                                                     │ _076195_/A1                │ met3  │
│ 1.09  │ 436.05  │ 400.00   │ net6623                                                                     │ _077621_/A1                │ met3  │
│ 1.09  │ 435.70  │ 400.00   │ net30701                                                                    │ _077728_/A2                │ met3  │
│ 1.09  │ 435.70  │ 400.00   │ net30701                                                                    │ _077729_/B1                │ met3  │
│ 1.09  │ 3601.14 │ 3312.80  │ net2636                                                                     │ _072571_/B                 │ met3  │
│ 1.09  │ 3601.14 │ 3312.80  │ net30479                                                                    │ _078230_/B                 │ met3  │
│ 1.09  │ 3601.14 │ 3312.80  │ net30656                                                                    │ _076468_/B                 │ met3  │
│ 1.09  │ 434.16  │ 400.00   │ data_bram_ctrl_inst.data_ram.u_mem.g_2k[1\].u_cell.rdata[16\]               │ _113674_/A1                │ met4  │
│ 1.08  │ 433.94  │ 400.00   │ cpu_inst.CORE.core_i.ex_stage_i.mult_i.op_b_i[5\]                           │ _108365_/C                 │ met3  │
│ 1.08  │ 433.94  │ 400.00   │ cpu_inst.CORE.core_i.ex_stage_i.mult_i.op_b_i[5\]                           │ _108366_/A1_N              │ met3  │
│ 1.08  │ 432.71  │ 400.00   │ net6226                                                                     │ wire6225/A                 │ met3  │
│ 1.08  │ 3964.68 │ 3669.20  │ net32652                                                                    │ wire22587/A                │ met4  │
│ 1.08  │ 432.15  │ 400.00   │ data_bram_ctrl_inst.data_ram.u_mem.g_2k[1\].u_cell.rdata[24\]               │ _113690_/A1                │ met4  │
│ 1.08  │ 431.95  │ 400.00   │ data_bram_ctrl_inst.data_ram.u_mem.g_2k[1\].u_cell.rdata[11\]               │ _113664_/A1                │ met4  │
│ 1.08  │ 2996.57 │ 2778.20  │ _050662_                                                                    │ _107736_/B                 │ met4  │
│ 1.08  │ 430.66  │ 400.00   │ net31500                                                                    │ _077800_/B                 │ met3  │
│ 1.08  │ 2987.81 │ 2778.20  │ _022543_                                                                    │ _073881_/C                 │ met3  │
│ 1.08  │ 2987.81 │ 2778.20  │ _025304_                                                                    │ _076654_/B                 │ met4  │
│ 1.08  │ 2987.81 │ 2778.20  │ _056023_                                                                    │ _114971_/B                 │ met4  │
│ 1.08  │ 2987.81 │ 2778.20  │ _056271_                                                                    │ _115225_/B                 │ met3  │
│ 1.07  │ 3175.95 │ 2956.40  │ _024598_                                                                    │ _075944_/B1                │ met4  │
│ 1.07  │ 3548.08 │ 3312.80  │ net1645                                                                     │ _072479_/A0                │ met3  │
│ 1.07  │ 428.33  │ 400.00   │ net3768                                                                     │ _074520_/B2                │ met3  │
│ 1.07  │ 428.33  │ 400.00   │ net3768                                                                     │ _076948_/A2                │ met3  │
│ 1.07  │ 3171.49 │ 2964.40  │ _020244_                                                                    │ _071648_/B1                │ met4  │
│ 1.07  │ 3916.58 │ 3669.20  │ net7152                                                                     │ _077862_/A2_N              │ met3  │
│ 1.07  │ 426.13  │ 400.00   │ net30846                                                                    │ _075473_/B2                │ met3  │
│ 1.07  │ 426.13  │ 400.00   │ net30846                                                                    │ _078195_/B1                │ met3  │
│ 1.07  │ 426.07  │ 400.00   │ net31580                                                                    │ _075857_/A2                │ met3  │
│ 1.07  │ 426.07  │ 400.00   │ net31580                                                                    │ _077238_/B1                │ met3  │
│ 1.07  │ 426.04  │ 400.00   │ net31953                                                                    │ _076765_/B                 │ met3  │
│ 1.07  │ 426.02  │ 400.00   │ net7368                                                                     │ _073806_/A2                │ met3  │
│ 1.07  │ 426.02  │ 400.00   │ net7368                                                                     │ _076013_/A1                │ met3  │
│ 1.07  │ 426.02  │ 400.00   │ net7368                                                                     │ _076028_/A2                │ met3  │
│ 1.07  │ 426.02  │ 400.00   │ net7368                                                                     │ _078268_/A2                │ met3  │
│ 1.07  │ 426.02  │ 400.00   │ net31057                                                                    │ wire31056/A                │ met3  │
│ 1.06  │ 3338.29 │ 3134.60  │ net2556                                                                     │ _078919_/C                 │ met3  │
│ 1.06  │ 3338.29 │ 3134.60  │ net3506                                                                     │ _075512_/B                 │ met3  │
│ 1.06  │ 425.28  │ 400.00   │ net31902                                                                    │ _072078_/A2                │ met3  │
│ 1.06  │ 425.28  │ 400.00   │ net31902                                                                    │ _074494_/B1                │ met3  │
│ 1.06  │ 425.28  │ 400.00   │ net31902                                                                    │ max_cap6306/A              │ met3  │
│ 1.06  │ 424.90  │ 400.00   │ net30819                                                                    │ wire30818/A                │ met3  │
│ 1.06  │ 423.70  │ 400.00   │ data_bram_ctrl_inst.data_ram.u_mem.g_2k[0\].u_cell.rdata[24\]               │ wire23213/A                │ met3  │
│ 1.06  │ 423.70  │ 400.00   │ instr_bram_ctrl_inst.instr_ram.u_mem.g_2k[0\].u_cell.rdata[23\]             │ wire21991/A                │ met3  │
│ 1.06  │ 423.70  │ 400.00   │ instr_bram_ctrl_inst.instr_ram.u_mem.g_2k[0\].u_cell.rdata[28\]             │ wire21950/A                │ met3  │
│ 1.06  │ 423.70  │ 400.00   │ yz_bram_ctrl_inst.yz_ram.u_mem.u_mem.g_1k.u_cell.rdata[7\]                  │ wire21050/A                │ met3  │
│ 1.06  │ 423.70  │ 400.00   │ yz_bram_ctrl_inst.yz_ram.u_mem.u_mem.g_1k.u_cell.rdata[9\]                  │ wire21046/A                │ met3  │
│ 1.06  │ 423.70  │ 400.00   │ yz_bram_ctrl_inst.yz_ram.u_mem.u_mem.g_2k[0\].u_cell.rdata[0\]              │ wire21043/A                │ met3  │
│ 1.06  │ 423.70  │ 400.00   │ yz_bram_ctrl_inst.yz_ram.u_mem.u_mem.g_2k[0\].u_cell.rdata[21\]             │ wire20838/A                │ met3  │
│ 1.06  │ 423.70  │ 400.00   │ yz_bram_ctrl_inst.yz_ram.u_mem.u_mem.g_2k[0\].u_cell.rdata[3\]              │ wire20645/A                │ met3  │
│ 1.06  │ 423.70  │ 400.00   │ yz_bram_ctrl_inst.yz_ram.u_mem.u_mem.g_2k[0\].u_cell.rdata[7\]              │ wire20588/A                │ met3  │
│ 1.06  │ 423.70  │ 400.00   │ yz_bram_ctrl_inst.yz_ram.u_mem.u_mem.g_2k[1\].u_cell.rdata[25\]             │ wire20412/A                │ met3  │
│ 1.06  │ 423.70  │ 400.00   │ yz_bram_ctrl_inst.yz_ram.u_mem.u_mem.g_2k[2\].u_cell.rdata[12\]             │ _064789_/A2                │ met3  │
│ 1.06  │ 423.70  │ 400.00   │ yz_bram_ctrl_inst.yz_ram.u_mem.u_mem.g_2k[2\].u_cell.rdata[17\]             │ _064816_/A2                │ met3  │
│ 1.06  │ 423.70  │ 400.00   │ net5173                                                                     │ _074352_/B2                │ met3  │
│ 1.06  │ 3885.19 │ 3669.20  │ net30612                                                                    │ _071666_/B1                │ met3  │
│ 1.06  │ 423.37  │ 400.00   │ net4721                                                                     │ _073708_/C                 │ met3  │
│ 1.06  │ 423.37  │ 400.00   │ net4721                                                                     │ _073986_/A2                │ met3  │
│ 1.06  │ 423.37  │ 400.00   │ net4721                                                                     │ _074101_/B1                │ met3  │
│ 1.06  │ 423.37  │ 400.00   │ net4721                                                                     │ _074839_/A2                │ met3  │
│ 1.06  │ 3131.35 │ 2964.40  │ _021669_                                                                    │ _073093_/C1                │ met3  │
│ 1.05  │ 421.11  │ 400.00   │ net6078                                                                     │ _079062_/B1                │ met3  │
│ 1.05  │ 421.11  │ 400.00   │ net6078                                                                     │ wire6077/A                 │ met3  │
│ 1.05  │ 420.93  │ 400.00   │ net31790                                                                    │ _076926_/A1                │ met3  │
│ 1.05  │ 420.93  │ 400.00   │ net31790                                                                    │ _077453_/B2                │ met3  │
│ 1.05  │ 2923.17 │ 2778.20  │ _011345_                                                                    │ _061599_/A2                │ met3  │
│ 1.05  │ 420.21  │ 400.00   │ _018582_                                                                    │ _069986_/A1                │ met3  │
│ 1.05  │ 420.21  │ 400.00   │ _018582_                                                                    │ _071866_/B                 │ met3  │
│ 1.05  │ 3840.71 │ 3669.20  │ net31591                                                                    │ _076000_/B2                │ met3  │
│ 1.04  │ 2903.85 │ 2780.80  │ _026295_                                                                    │ _077856_/A2                │ met4  │
│ 1.04  │ 2900.19 │ 2778.20  │ _021826_                                                                    │ _073161_/B                 │ met4  │
│ 1.04  │ 2900.19 │ 2778.20  │ _022341_                                                                    │ _073679_/C                 │ met3  │
│ 1.04  │ 2900.19 │ 2778.20  │ _024993_                                                                    │ _076346_/B                 │ met3  │
│ 1.04  │ 417.26  │ 400.00   │ net10427                                                                    │ _074791_/A2                │ met2  │
│ 1.04  │ 416.86  │ 400.00   │ net2055                                                                     │ _062492_/C                 │ met3  │
│ 1.04  │ 416.86  │ 400.00   │ net2055                                                                     │ _115992_/B1                │ met3  │
│ 1.04  │ 416.84  │ 400.00   │ net4345                                                                     │ _072377_/B                 │ met3  │
│ 1.04  │ 416.84  │ 400.00   │ net4345                                                                     │ _076185_/B1                │ met3  │
│ 1.04  │ 415.98  │ 400.00   │ net31618                                                                    │ wire10201/A                │ met3  │
│ 1.04  │ 415.06  │ 400.00   │ net4582                                                                     │ _073260_/B2                │ met3  │
│ 1.04  │ 415.06  │ 400.00   │ net6852                                                                     │ _077865_/A2                │ met3  │
│ 1.04  │ 3434.67 │ 3312.80  │ net2535                                                                     │ _105228_/A0                │ met3  │
│ 1.03  │ 413.76  │ 400.00   │ net4587                                                                     │ _073392_/A1                │ met3  │
│ 1.03  │ 413.76  │ 400.00   │ net4587                                                                     │ _075479_/A                 │ met3  │
│ 1.03  │ 413.75  │ 400.00   │ net10792                                                                    │ wire31753/A                │ met3  │
│ 1.03  │ 412.19  │ 400.00   │ net10644                                                                    │ _075514_/A1                │ met3  │
│ 1.03  │ 412.19  │ 400.00   │ net10644                                                                    │ _076937_/A1                │ met3  │
│ 1.03  │ 412.19  │ 400.00   │ net10644                                                                    │ _078117_/A2                │ met3  │
│ 1.03  │ 412.18  │ 400.00   │ net31984                                                                    │ _071067_/A                 │ met3  │
│ 1.03  │ 412.18  │ 400.00   │ net31984                                                                    │ _077520_/A1                │ met3  │
│ 1.03  │ 2860.68 │ 2778.20  │ _011338_                                                                    │ _061599_/A3                │ met3  │
│ 1.03  │ 2860.68 │ 2778.20  │ _024310_                                                                    │ _075720_/A0                │ met4  │
│ 1.03  │ 2859.25 │ 2778.20  │ _027175_                                                                    │ _078538_/C1                │ met4  │
│ 1.03  │ 3409.21 │ 3312.80  │ net3425                                                                     │ _114533_/B1                │ met3  │
│ 1.03  │ 3409.21 │ 3312.80  │ net3491                                                                     │ _076345_/A2_N              │ met3  │
│ 1.03  │ 410.60  │ 400.00   │ net3619                                                                     │ _071945_/B1                │ met3  │
│ 1.03  │ 410.60  │ 400.00   │ net30859                                                                    │ _076842_/A1                │ met3  │
│ 1.03  │ 410.60  │ 400.00   │ net31760                                                                    │ _077763_/A2                │ met3  │
│ 1.03  │ 410.57  │ 400.00   │ net31118                                                                    │ _074466_/A3                │ met3  │
│ 1.03  │ 410.51  │ 400.00   │ net6577                                                                     │ _071424_/A3                │ met3  │
│ 1.03  │ 410.47  │ 400.00   │ net2635                                                                     │ _072650_/B1                │ met3  │
│ 1.03  │ 410.47  │ 400.00   │ net7317                                                                     │ _070626_/A2                │ met3  │
│ 1.03  │ 410.47  │ 400.00   │ net31459                                                                    │ _071763_/B1                │ met3  │
│ 1.02  │ 3755.83 │ 3669.20  │ net2258                                                                     │ _071659_/B1                │ met4  │
│ 1.02  │ 408.26  │ 400.00   │ net30609                                                                    │ _073733_/A2                │ met3  │
│ 1.02  │ 408.26  │ 400.00   │ net30609                                                                    │ _075299_/B2                │ met3  │
│ 1.02  │ 408.23  │ 400.00   │ net6898                                                                     │ _075913_/B2                │ met3  │
│ 1.02  │ 408.23  │ 400.00   │ net6898                                                                     │ _077153_/A1                │ met3  │
│ 1.02  │ 407.48  │ 400.00   │ net4475                                                                     │ _074242_/B1                │ met3  │
│ 1.02  │ 407.48  │ 400.00   │ net4475                                                                     │ _074259_/A2                │ met3  │
│ 1.02  │ 3733.75 │ 3669.20  │ net10815                                                                    │ _077702_/A2                │ met3  │
│ 1.02  │ 406.11  │ 400.00   │ net30634                                                                    │ _076884_/B2                │ met3  │
│ 1.02  │ 406.11  │ 400.00   │ net30634                                                                    │ _077662_/B1                │ met3  │
│ 1.02  │ 406.03  │ 400.00   │ net31486                                                                    │ _071230_/B1                │ met3  │
│ 1.02  │ 406.03  │ 400.00   │ net31486                                                                    │ _076203_/A2                │ met3  │
│ 1.02  │ 406.01  │ 400.00   │ _020540_                                                                    │ _071871_/B1                │ met3  │
│ 1.02  │ 406.01  │ 400.00   │ net2368                                                                     │ _077572_/B1                │ met3  │
│ 1.02  │ 406.01  │ 400.00   │ net2382                                                                     │ _076222_/A2                │ met3  │
│ 1.02  │ 406.01  │ 400.00   │ net3636                                                                     │ _075083_/A2                │ met3  │
│ 1.02  │ 406.01  │ 400.00   │ net4583                                                                     │ _072882_/B1                │ met3  │
│ 1.02  │ 406.01  │ 400.00   │ net4917                                                                     │ _073018_/B2                │ met3  │
│ 1.02  │ 406.01  │ 400.00   │ net6912                                                                     │ _076390_/B1                │ met3  │
│ 1.02  │ 406.01  │ 400.00   │ net7073                                                                     │ _079049_/B2                │ met3  │
│ 1.02  │ 406.01  │ 400.00   │ net10411                                                                    │ _076418_/A3                │ met3  │
│ 1.02  │ 406.01  │ 400.00   │ net11091                                                                    │ _076664_/A2                │ met3  │
│ 1.02  │ 406.01  │ 400.00   │ net11338                                                                    │ _077011_/A3                │ met3  │
│ 1.02  │ 406.01  │ 400.00   │ net11691                                                                    │ _076398_/A1                │ met3  │
│ 1.02  │ 406.01  │ 400.00   │ net16359                                                                    │ _074870_/B1                │ met3  │
│ 1.02  │ 406.01  │ 400.00   │ net30833                                                                    │ _074510_/A1                │ met3  │
│ 1.02  │ 406.01  │ 400.00   │ net31734                                                                    │ _072766_/A2                │ met3  │
│ 1.02  │ 406.01  │ 400.00   │ net31856                                                                    │ _072941_/A3                │ met3  │
│ 1.01  │ 405.96  │ 400.00   │ net2593                                                                     │ wire2592/A                 │ met3  │
│ 1.01  │ 405.96  │ 400.00   │ net4545                                                                     │ _075588_/B1                │ met3  │
│ 1.01  │ 405.96  │ 400.00   │ net4545                                                                     │ _078813_/A2                │ met3  │
│ 1.01  │ 405.96  │ 400.00   │ net7695                                                                     │ _076370_/B2                │ met3  │
│ 1.01  │ 405.96  │ 400.00   │ net7695                                                                     │ _076618_/A1                │ met3  │
│ 1.01  │ 2814.64 │ 2778.20  │ _022372_                                                                    │ _073775_/C1                │ met4  │
│ 1.01  │ 3715.68 │ 3669.20  │ net6189                                                                     │ _072327_/B2                │ met3  │
│ 1.01  │ 2812.57 │ 2778.20  │ _024852_                                                                    │ _076199_/A                 │ met3  │
│ 1.01  │ 2812.57 │ 2778.20  │ _025313_                                                                    │ _076662_/B                 │ met3  │
│ 1.01  │ 3713.71 │ 3669.20  │ net32286                                                                    │ wire5231/A                 │ met4  │
│ 1.01  │ 3713.71 │ 3669.20  │ net32523                                                                    │ wire16312/A                │ met4  │
│ 1.01  │ 404.82  │ 400.00   │ _026310_                                                                    │ wire2366/A                 │ met3  │
│ 1.01  │ 404.47  │ 400.00   │ net6907                                                                     │ _071022_/B1                │ met3  │
│ 1.01  │ 404.47  │ 400.00   │ net6907                                                                     │ _079072_/C                 │ met3  │
│ 1.01  │ 2812.57 │ 2781.50  │ _048433_                                                                    │ _105584_/A0                │ met3  │
│ 1.01  │ 404.46  │ 400.00   │ net11269                                                                    │ wire11268/A                │ met3  │
│ 1.01  │ 3347.05 │ 3312.80  │ net7929                                                                     │ _076750_/A                 │ met4  │
│ 1.01  │ 3706.76 │ 3669.20  │ net2133                                                                     │ _074121_/B1                │ met4  │
│ 1.01  │ 3706.76 │ 3669.20  │ net30685                                                                    │ _078200_/A2                │ met3  │
│ 1.01  │ 3706.76 │ 3669.20  │ net32071                                                                    │ _078377_/C1                │ met4  │
│ 1.01  │ 403.88  │ 400.00   │ net31802                                                                    │ _073363_/A1                │ met3  │
│ 1.01  │ 403.76  │ 400.00   │ net10291                                                                    │ _073994_/A3                │ met3  │
│ 1.01  │ 403.76  │ 400.00   │ net10291                                                                    │ wire10290/A                │ met3  │
│ 1.01  │ 403.73  │ 400.00   │ net10282                                                                    │ _076090_/A2                │ met3  │
│ 1.01  │ 403.73  │ 400.00   │ net28975                                                                    │ _076598_/A                 │ met3  │
│ 1.01  │ 3163.05 │ 3134.60  │ net30599                                                                    │ _078349_/C                 │ met4  │
│ 1.01  │ 403.26  │ 400.00   │ net6736                                                                     │ _075614_/B1                │ met3  │
│ 1.01  │ 403.26  │ 400.00   │ net6736                                                                     │ wire6735/A                 │ met3  │
│ 1.01  │ 3338.29 │ 3312.80  │ net6362                                                                     │ _071869_/B                 │ met3  │
│ 1.01  │ 3693.89 │ 3669.20  │ net32589                                                                    │ wire22353/A                │ met3  │
│ 1.01  │ 402.60  │ 400.00   │ conv_accelerator_inst.u_conv_buf_ram.u_mem.u_mem.g_2k[1\].u_cell.rdata[12\] │ _066678_/A1                │ met4  │
│ 1.01  │ 402.59  │ 400.00   │ _019233_                                                                    │ wire31338/A                │ met3  │
│ 1.00  │ 3671.08 │ 3669.20  │ net30885                                                                    │ _071527_/B1                │ met4  │
└───────┴─────────┴──────────┴─────────────────────────────────────────────────────────────────────────────┴────────────────────────────┴───────┘
