
===========================================================================
report_checks -unconstrained
===========================================================================
======================= max_ss_100C_1v60 Corner ===================================

Startpoint: _129115_ (rising edge-triggered flip-flop clocked by clk_i)
Endpoint: _128963_ (recovery check against rising-edge clock clk_i)
Path Group: asynchronous
Path Type: max

Fanout         Cap        Slew       Delay        Time   Description
---------------------------------------------------------------------------------------------
                                  0.000000    0.000000   clock clk_i (rise edge)
                                  0.000000    0.000000   clock source latency
     1    0.045273    0.100356    0.077481    0.077481 ^ clk_i (in)
                                                         clk_i (net)
                      0.101122    0.000000    0.077481 ^ wire30560/A (sky130_fd_sc_hd__buf_12)
     1    0.082708    0.163271    0.269959    0.347440 ^ wire30560/X (sky130_fd_sc_hd__buf_12)
                                                         net30560 (net)
                      0.169280    0.025696    0.373136 ^ wire30559/A (sky130_fd_sc_hd__buf_12)
     1    0.076063    0.151198    0.301278    0.674414 ^ wire30559/X (sky130_fd_sc_hd__buf_12)
                                                         net30559 (net)
                      0.153115    0.014178    0.688592 ^ wire30558/A (sky130_fd_sc_hd__buf_12)
     2    0.100683    0.193911    0.317041    1.005633 ^ wire30558/X (sky130_fd_sc_hd__buf_12)
                                                         net30558 (net)
                      0.199224    0.026623    1.032256 ^ wire30557/A (sky130_fd_sc_hd__buf_12)
     1    0.050980    0.110058    0.284566    1.316822 ^ wire30557/X (sky130_fd_sc_hd__buf_12)
                                                         net30557 (net)
                      0.111194    0.009204    1.326026 ^ wire30556/A (sky130_fd_sc_hd__buf_12)
     1    0.068702    0.138724    0.265583    1.591610 ^ wire30556/X (sky130_fd_sc_hd__buf_12)
                                                         net30556 (net)
                      0.140406    0.012696    1.604306 ^ wire30555/A (sky130_fd_sc_hd__buf_12)
     1    0.077994    0.154188    0.289139    1.893445 ^ wire30555/X (sky130_fd_sc_hd__buf_12)
                                                         net30555 (net)
                      0.156555    0.015898    1.909343 ^ clkbuf_regs_0_clk_i/A (sky130_fd_sc_hd__clkbuf_16)
     1    0.009602    0.054413    0.258750    2.168092 ^ clkbuf_regs_0_clk_i/X (sky130_fd_sc_hd__clkbuf_16)
                                                         clk_i_regs (net)
                      0.054416    0.000837    2.168929 ^ clkbuf_0_clk_i_regs/A (sky130_fd_sc_hd__clkbuf_16)
     2    0.118415    0.203042    0.340946    2.509876 ^ clkbuf_0_clk_i_regs/X (sky130_fd_sc_hd__clkbuf_16)
                                                         clknet_0_clk_i_regs (net)
                      0.203605    0.009083    2.518958 ^ clkbuf_1_1_0_clk_i_regs/A (sky130_fd_sc_hd__clkbuf_8)
     1    0.121940    0.333896    0.504305    3.023263 ^ clkbuf_1_1_0_clk_i_regs/X (sky130_fd_sc_hd__clkbuf_8)
                                                         clknet_1_1_0_clk_i_regs (net)
                      0.336155    0.023405    3.046668 ^ clkbuf_1_1_1_clk_i_regs/A (sky130_fd_sc_hd__clkbuf_8)
     2    0.128242    0.346410    0.579372    3.626040 ^ clkbuf_1_1_1_clk_i_regs/X (sky130_fd_sc_hd__clkbuf_8)
                                                         clknet_1_1_1_clk_i_regs (net)
                      0.347387    0.014709    3.640750 ^ clkbuf_2_3_0_clk_i_regs/A (sky130_fd_sc_hd__clkbuf_8)
     1    0.070946    0.207299    0.476891    4.117640 ^ clkbuf_2_3_0_clk_i_regs/X (sky130_fd_sc_hd__clkbuf_8)
                                                         clknet_2_3_0_clk_i_regs (net)
                      0.207886    0.008492    4.126132 ^ clkbuf_2_3_1_clk_i_regs/A (sky130_fd_sc_hd__clkbuf_8)
     2    0.106827    0.296074    0.478896    4.605029 ^ clkbuf_2_3_1_clk_i_regs/X (sky130_fd_sc_hd__clkbuf_8)
                                                         clknet_2_3_1_clk_i_regs (net)
                      0.297637    0.018366    4.623394 ^ clkbuf_3_6_0_clk_i_regs/A (sky130_fd_sc_hd__clkbuf_8)
     2    0.072843    0.211409    0.458496    5.081891 ^ clkbuf_3_6_0_clk_i_regs/X (sky130_fd_sc_hd__clkbuf_8)
                                                         clknet_3_6_0_clk_i_regs (net)
                      0.212287    0.010690    5.092580 ^ clkbuf_4_13_0_clk_i_regs/A (sky130_fd_sc_hd__clkbuf_8)
     2    0.128070    0.345985    0.516300    5.608881 ^ clkbuf_4_13_0_clk_i_regs/X (sky130_fd_sc_hd__clkbuf_8)
                                                         clknet_4_13_0_clk_i_regs (net)
                      0.348429    0.024822    5.633703 ^ clkbuf_5_26_0_clk_i_regs/A (sky130_fd_sc_hd__clkbuf_8)
     2    0.066922    0.197496    0.469178    6.102881 ^ clkbuf_5_26_0_clk_i_regs/X (sky130_fd_sc_hd__clkbuf_8)
                                                         clknet_5_26_0_clk_i_regs (net)
                      0.198137    0.008736    6.111617 ^ clkbuf_6_53__f_clk_i_regs/A (sky130_fd_sc_hd__clkbuf_16)
     5    0.148798    0.248192    0.435298    6.546915 ^ clkbuf_6_53__f_clk_i_regs/X (sky130_fd_sc_hd__clkbuf_16)
                                                         clknet_6_53__leaf_clk_i_regs (net)
                      0.253588    0.030483    6.577398 ^ clkbuf_leaf_118_clk_i_regs/A (sky130_fd_sc_hd__clkbuf_8)
     3    0.024849    0.095724    0.346324    6.923722 ^ clkbuf_leaf_118_clk_i_regs/X (sky130_fd_sc_hd__clkbuf_8)
                                                         clknet_leaf_118_clk_i_regs (net)
                      0.095724    0.000385    6.924107 ^ _129115_/CLK (sky130_fd_sc_hd__dfrtp_4)
     1    0.002648    0.086179    0.828112    7.752219 ^ _129115_/Q (sky130_fd_sc_hd__dfrtp_4)
                                                         rst_sync_q[1] (net)
                      0.086180    0.000170    7.752388 ^ hold62253/A (sky130_fd_sc_hd__dlygate4sd3_1)
     1    0.006661    0.143548    1.153975    8.906363 ^ hold62253/X (sky130_fd_sc_hd__dlygate4sd3_1)
                                                         net62253 (net)
                      0.143548    0.000565    8.906928 ^ wire49339/A (sky130_fd_sc_hd__buf_6)
     2    0.058851    0.195968    0.320073    9.227001 ^ wire49339/X (sky130_fd_sc_hd__buf_6)
                                                         net49339 (net)
                      0.196816    0.010927    9.237928 ^ wire49338/A (sky130_fd_sc_hd__buf_4)
     1    0.034879    0.168147    0.354984    9.592912 ^ wire49338/X (sky130_fd_sc_hd__buf_4)
                                                         net49338 (net)
                      0.168840    0.008349    9.601260 ^ wire49337/A (sky130_fd_sc_hd__clkbuf_4)
     1    0.025115    0.139749    0.360322    9.961583 ^ wire49337/X (sky130_fd_sc_hd__clkbuf_4)
                                                         net49337 (net)
                      0.139903    0.004332    9.965915 ^ wire49336/A (sky130_fd_sc_hd__buf_6)
     1    0.036530    0.129782    0.268927   10.234841 ^ wire49336/X (sky130_fd_sc_hd__buf_6)
                                                         net49336 (net)
                      0.130546    0.008316   10.243157 ^ wire49335/A (sky130_fd_sc_hd__buf_4)
     1    0.030628    0.149892    0.310680   10.553838 ^ wire49335/X (sky130_fd_sc_hd__buf_4)
                                                         net49335 (net)
                      0.150136    0.004251   10.558089 ^ wire25716/A (sky130_fd_sc_hd__buf_12)
     1    0.017951    0.058956    0.217014   10.775103 ^ wire25716/X (sky130_fd_sc_hd__buf_12)
                                                         net25716 (net)
                      0.058993    0.002431   10.777534 ^ wire48931/A (sky130_fd_sc_hd__clkbuf_4)
     1    0.016972    0.107587    0.275704   11.053238 ^ wire48931/X (sky130_fd_sc_hd__clkbuf_4)
                                                         net48931 (net)
                      0.107633    0.002207   11.055445 ^ wire48930/A (sky130_fd_sc_hd__buf_4)
     1    0.029899    0.146900    0.296804   11.352249 ^ wire48930/X (sky130_fd_sc_hd__buf_4)
                                                         net48930 (net)
                      0.147229    0.005841   11.358089 ^ wire48929/A (sky130_fd_sc_hd__buf_6)
     1    0.035824    0.127686    0.271324   11.629415 ^ wire48929/X (sky130_fd_sc_hd__buf_6)
                                                         net48929 (net)
                      0.128385    0.007869   11.637283 ^ wire25715/A (sky130_fd_sc_hd__buf_12)
     2    0.016031    0.056006    0.204109   11.841393 ^ wire25715/X (sky130_fd_sc_hd__buf_12)
                                                         net25715 (net)
                      0.056025    0.001635   11.843027 ^ wire48407/A (sky130_fd_sc_hd__buf_6)
     1    0.037503    0.132486    0.231603   12.074631 ^ wire48407/X (sky130_fd_sc_hd__buf_6)
                                                         net48407 (net)
                      0.133137    0.007764   12.082395 ^ wire48406/A (sky130_fd_sc_hd__buf_4)
     2    0.038247    0.182067    0.334501   12.416896 ^ wire48406/X (sky130_fd_sc_hd__buf_4)
                                                         net48406 (net)
                      0.182309    0.004461   12.421357 ^ max_length48405/A (sky130_fd_sc_hd__buf_6)
     1    0.041509    0.144682    0.299976   12.721334 ^ max_length48405/X (sky130_fd_sc_hd__buf_6)
                                                         net48405 (net)
                      0.145464    0.008932   12.730266 ^ fanout25418/A (sky130_fd_sc_hd__buf_1)
     2    0.012928    0.254551    0.329346   13.059612 ^ fanout25418/X (sky130_fd_sc_hd__buf_1)
                                                         net25418 (net)
                      0.254554    0.001446   13.061058 ^ wire25438/A (sky130_fd_sc_hd__buf_4)
     2    0.037177    0.177975    0.389436   13.450495 ^ wire25438/X (sky130_fd_sc_hd__buf_4)
                                                         net25438 (net)
                      0.178391    0.006440   13.456935 ^ wire25437/A (sky130_fd_sc_hd__buf_4)
     2    0.030026    0.148053    0.331966   13.788901 ^ wire25437/X (sky130_fd_sc_hd__buf_4)
                                                         net25437 (net)
                      0.148381    0.005118   13.794019 ^ wire25433/A (sky130_fd_sc_hd__buf_4)
     1    0.026807    0.134231    0.307601   14.101620 ^ wire25433/X (sky130_fd_sc_hd__buf_4)
                                                         net25433 (net)
                      0.134479    0.003962   14.105582 ^ wire25432/A (sky130_fd_sc_hd__buf_4)
     2    0.029726    0.146188    0.309881   14.415463 ^ wire25432/X (sky130_fd_sc_hd__buf_4)
                                                         net25432 (net)
                      0.146473    0.004630   14.420094 ^ wire25431/A (sky130_fd_sc_hd__buf_4)
     1    0.026716    0.133858    0.306192   14.726286 ^ wire25431/X (sky130_fd_sc_hd__buf_4)
                                                         net25431 (net)
                      0.134140    0.004414   14.730700 ^ wire25430/A (sky130_fd_sc_hd__buf_4)
     2    0.032443    0.157983    0.317489   15.048189 ^ wire25430/X (sky130_fd_sc_hd__buf_4)
                                                         net25430 (net)
                      0.158280    0.004887   15.053076 ^ fanout25248/A (sky130_fd_sc_hd__buf_1)
     3    0.014022    0.274308    0.350354   15.403430 ^ fanout25248/X (sky130_fd_sc_hd__buf_1)
                                                         net25248 (net)
                      0.274308    0.000410   15.403840 ^ load_slew25254/A (sky130_fd_sc_hd__clkbuf_4)
     1    0.027085    0.148815    0.417206   15.821046 ^ load_slew25254/X (sky130_fd_sc_hd__clkbuf_4)
                                                         net25254 (net)
                      0.148934    0.004023   15.825069 ^ wire25253/A (sky130_fd_sc_hd__buf_4)
     1    0.029929    0.147115    0.318414   16.143484 ^ wire25253/X (sky130_fd_sc_hd__buf_4)
                                                         net25253 (net)
                      0.147163    0.002647   16.146130 ^ fanout25156/A (sky130_fd_sc_hd__buf_1)
     2    0.007476    0.155588    0.256131   16.402262 ^ fanout25156/X (sky130_fd_sc_hd__buf_1)
                                                         net25156 (net)
                      0.155588    0.000478   16.402739 ^ wire25162/A (sky130_fd_sc_hd__buf_4)
     3    0.046527    0.216642    0.370187   16.772926 ^ wire25162/X (sky130_fd_sc_hd__buf_4)
                                                         net25162 (net)
                      0.216822    0.005432   16.778358 ^ load_slew25161/A (sky130_fd_sc_hd__clkbuf_4)
     1    0.030224    0.161831    0.401526   17.179884 ^ load_slew25161/X (sky130_fd_sc_hd__clkbuf_4)
                                                         net25161 (net)
                      0.161881    0.002862   17.182747 ^ wire25160/A (sky130_fd_sc_hd__buf_4)
     4    0.040740    0.191558    0.357685   17.540432 ^ wire25160/X (sky130_fd_sc_hd__buf_4)
                                                         net25160 (net)
                      0.191844    0.005310   17.545742 ^ wire25157/A (sky130_fd_sc_hd__buf_4)
     4    0.043952    0.205819    0.380568   17.926310 ^ wire25157/X (sky130_fd_sc_hd__buf_4)
                                                         net25157 (net)
                      0.206545    0.009617   17.935926 ^ fanout25070/A (sky130_fd_sc_hd__buf_1)
     3    0.032959    0.618378    0.628486   18.564413 ^ fanout25070/X (sky130_fd_sc_hd__buf_1)
                                                         net25070 (net)
                      0.618389    0.002309   18.566723 ^ fanout25049/A (sky130_fd_sc_hd__buf_1)
     2    0.009867    0.201535    0.437572   19.004293 ^ fanout25049/X (sky130_fd_sc_hd__buf_1)
                                                         net25049 (net)
                      0.201535    0.000638   19.004932 ^ fanout25044/A (sky130_fd_sc_hd__buf_1)
     7    0.031319    0.589483    0.603919   19.608850 ^ fanout25044/X (sky130_fd_sc_hd__buf_1)
                                                         net25044 (net)
                      0.589489    0.001739   19.610590 ^ load_slew25048/A (sky130_fd_sc_hd__clkbuf_2)
     5    0.026605    0.235952    0.544325   20.154915 ^ load_slew25048/X (sky130_fd_sc_hd__clkbuf_2)
                                                         net25048 (net)
                      0.235973    0.002546   20.157461 ^ load_slew25045/A (sky130_fd_sc_hd__clkbuf_4)
     5    0.030492    0.163100    0.411191   20.568651 ^ load_slew25045/X (sky130_fd_sc_hd__clkbuf_4)
                                                         net25045 (net)
                      0.163150    0.002904   20.571556 ^ fanout25039/A (sky130_fd_sc_hd__buf_1)
     3    0.011059    0.220327    0.311893   20.883448 ^ fanout25039/X (sky130_fd_sc_hd__buf_1)
                                                         net25039 (net)
                      0.220327    0.000629   20.884077 ^ load_slew25042/A (sky130_fd_sc_hd__clkbuf_4)
     7    0.035026    0.182576    0.418453   21.302530 ^ load_slew25042/X (sky130_fd_sc_hd__clkbuf_4)
                                                         net25042 (net)
                      0.182687    0.004350   21.306881 ^ load_slew25041/A (sky130_fd_sc_hd__buf_2)
     6    0.027631    0.223336    0.377947   21.684828 ^ load_slew25041/X (sky130_fd_sc_hd__buf_2)
                                                         net25041 (net)
                      0.223363    0.002663   21.687490 ^ load_slew25040/A (sky130_fd_sc_hd__clkbuf_4)
     7    0.033765    0.177114    0.415801   22.103291 ^ load_slew25040/X (sky130_fd_sc_hd__clkbuf_4)
                                                         net25040 (net)
                      0.177212    0.004055   22.107346 ^ _128963_/RESET_B (sky130_fd_sc_hd__dfrtp_4)
                                             22.107346   data arrival time

                                 35.714283   35.714283   clock clk_i (rise edge)
                                  0.000000   35.714283   clock source latency
     1    0.045273    0.100356    0.070102   35.784386 ^ clk_i (in)
                                                         clk_i (net)
                      0.101122    0.000000   35.784386 ^ wire30560/A (sky130_fd_sc_hd__buf_12)
     1    0.082708    0.163271    0.244249   36.028637 ^ wire30560/X (sky130_fd_sc_hd__buf_12)
                                                         net30560 (net)
                      0.169280    0.023249   36.051884 ^ wire30559/A (sky130_fd_sc_hd__buf_12)
     1    0.076063    0.151198    0.272586   36.324471 ^ wire30559/X (sky130_fd_sc_hd__buf_12)
                                                         net30559 (net)
                      0.153115    0.012825   36.337296 ^ wire30558/A (sky130_fd_sc_hd__buf_12)
     2    0.100683    0.193911    0.286846   36.624142 ^ wire30558/X (sky130_fd_sc_hd__buf_12)
                                                         net30558 (net)
                      0.199224    0.024087   36.648228 ^ wire30557/A (sky130_fd_sc_hd__buf_12)
     1    0.050980    0.110058    0.257465   36.905693 ^ wire30557/X (sky130_fd_sc_hd__buf_12)
                                                         net30557 (net)
                      0.111194    0.008328   36.914021 ^ wire30556/A (sky130_fd_sc_hd__buf_12)
     1    0.068702    0.138724    0.240291   37.154312 ^ wire30556/X (sky130_fd_sc_hd__buf_12)
                                                         net30556 (net)
                      0.140406    0.011486   37.165798 ^ wire30555/A (sky130_fd_sc_hd__buf_12)
     1    0.077994    0.154188    0.261601   37.427399 ^ wire30555/X (sky130_fd_sc_hd__buf_12)
                                                         net30555 (net)
                      0.156555    0.014385   37.441784 ^ clkbuf_regs_0_clk_i/A (sky130_fd_sc_hd__clkbuf_16)
     1    0.009602    0.054413    0.234106   37.675892 ^ clkbuf_regs_0_clk_i/X (sky130_fd_sc_hd__clkbuf_16)
                                                         clk_i_regs (net)
                      0.054416    0.000760   37.676651 ^ clkbuf_0_clk_i_regs/A (sky130_fd_sc_hd__clkbuf_16)
     2    0.118415    0.203042    0.308475   37.985126 ^ clkbuf_0_clk_i_regs/X (sky130_fd_sc_hd__clkbuf_16)
                                                         clknet_0_clk_i_regs (net)
                      0.203480    0.007280   37.992405 ^ clkbuf_1_0_0_clk_i_regs/A (sky130_fd_sc_hd__clkbuf_8)
     1    0.075608    0.219588    0.372118   38.364525 ^ clkbuf_1_0_0_clk_i_regs/X (sky130_fd_sc_hd__clkbuf_8)
                                                         clknet_1_0_0_clk_i_regs (net)
                      0.224429    0.024528   38.389050 ^ clkbuf_1_0_1_clk_i_regs/A (sky130_fd_sc_hd__clkbuf_8)
     2    0.102733    0.285282    0.430770   38.819820 ^ clkbuf_1_0_1_clk_i_regs/X (sky130_fd_sc_hd__clkbuf_8)
                                                         clknet_1_0_1_clk_i_regs (net)
                      0.287310    0.018577   38.838398 ^ clkbuf_2_1_0_clk_i_regs/A (sky130_fd_sc_hd__clkbuf_8)
     1    0.088716    0.250841    0.435254   39.273651 ^ clkbuf_2_1_0_clk_i_regs/X (sky130_fd_sc_hd__clkbuf_8)
                                                         clknet_2_1_0_clk_i_regs (net)
                      0.252129    0.013191   39.286842 ^ clkbuf_2_1_1_clk_i_regs/A (sky130_fd_sc_hd__clkbuf_8)
     2    0.118749    0.322922    0.476412   39.763256 ^ clkbuf_2_1_1_clk_i_regs/X (sky130_fd_sc_hd__clkbuf_8)
                                                         clknet_2_1_1_clk_i_regs (net)
                      0.323382    0.008406   39.771660 ^ clkbuf_3_3_0_clk_i_regs/A (sky130_fd_sc_hd__clkbuf_8)
     2    0.099452    0.275883    0.472067   40.243729 ^ clkbuf_3_3_0_clk_i_regs/X (sky130_fd_sc_hd__clkbuf_8)
                                                         clknet_3_3_0_clk_i_regs (net)
                      0.276202    0.007930   40.251656 ^ clkbuf_4_7_0_clk_i_regs/A (sky130_fd_sc_hd__clkbuf_8)
     2    0.080097    0.227974    0.419728   40.671387 ^ clkbuf_4_7_0_clk_i_regs/X (sky130_fd_sc_hd__clkbuf_8)
                                                         clknet_4_7_0_clk_i_regs (net)
                      0.228087    0.004523   40.675907 ^ clkbuf_5_14_0_clk_i_regs/A (sky130_fd_sc_hd__clkbuf_8)
     2    0.077364    0.221901    0.394859   41.070766 ^ clkbuf_5_14_0_clk_i_regs/X (sky130_fd_sc_hd__clkbuf_8)
                                                         clknet_5_14_0_clk_i_regs (net)
                      0.222435    0.007613   41.078381 ^ clkbuf_6_28__f_clk_i_regs/A (sky130_fd_sc_hd__clkbuf_16)
     8    0.118252    0.205638    0.369880   41.448261 ^ clkbuf_6_28__f_clk_i_regs/X (sky130_fd_sc_hd__clkbuf_16)
                                                         clknet_6_28__leaf_clk_i_regs (net)
                      0.208990    0.019860   41.468121 ^ clkbuf_leaf_57_clk_i_regs/A (sky130_fd_sc_hd__clkbuf_8)
    17    0.064204    0.188443    0.365482   41.833603 ^ clkbuf_leaf_57_clk_i_regs/X (sky130_fd_sc_hd__clkbuf_8)
                                                         clknet_leaf_57_clk_i_regs (net)
                      0.188457    0.001808   41.835411 ^ _128963_/CLK (sky130_fd_sc_hd__dfrtp_4)
                                 -0.250000   41.585411   clock uncertainty
                                  0.239036   41.824448   clock reconvergence pessimism
                                  0.433523   42.257969   library recovery time
                                             42.257969   data required time
---------------------------------------------------------------------------------------------
                                             42.257969   data required time
                                            -22.107346   data arrival time
---------------------------------------------------------------------------------------------
                                             20.150625   slack (MET)


Startpoint: _125567_ (rising edge-triggered flip-flop clocked by clk_i)
Endpoint: _129734_ (rising edge-triggered flip-flop clocked by clk_i)
Path Group: clk_i
Path Type: max

Fanout         Cap        Slew       Delay        Time   Description
---------------------------------------------------------------------------------------------
                                  0.000000    0.000000   clock clk_i (rise edge)
                                  0.000000    0.000000   clock source latency
     1    0.045273    0.100356    0.077481    0.077481 ^ clk_i (in)
                                                         clk_i (net)
                      0.101122    0.000000    0.077481 ^ wire30560/A (sky130_fd_sc_hd__buf_12)
     1    0.082708    0.163271    0.269959    0.347440 ^ wire30560/X (sky130_fd_sc_hd__buf_12)
                                                         net30560 (net)
                      0.169280    0.025696    0.373136 ^ wire30559/A (sky130_fd_sc_hd__buf_12)
     1    0.076063    0.151198    0.301278    0.674414 ^ wire30559/X (sky130_fd_sc_hd__buf_12)
                                                         net30559 (net)
                      0.153115    0.014178    0.688592 ^ wire30558/A (sky130_fd_sc_hd__buf_12)
     2    0.100683    0.193911    0.317041    1.005633 ^ wire30558/X (sky130_fd_sc_hd__buf_12)
                                                         net30558 (net)
                      0.199224    0.026623    1.032256 ^ wire30557/A (sky130_fd_sc_hd__buf_12)
     1    0.050980    0.110058    0.284566    1.316822 ^ wire30557/X (sky130_fd_sc_hd__buf_12)
                                                         net30557 (net)
                      0.111194    0.009204    1.326026 ^ wire30556/A (sky130_fd_sc_hd__buf_12)
     1    0.068702    0.138724    0.265583    1.591610 ^ wire30556/X (sky130_fd_sc_hd__buf_12)
                                                         net30556 (net)
                      0.140406    0.012696    1.604306 ^ wire30555/A (sky130_fd_sc_hd__buf_12)
     1    0.077994    0.154188    0.289139    1.893445 ^ wire30555/X (sky130_fd_sc_hd__buf_12)
                                                         net30555 (net)
                      0.156555    0.015898    1.909343 ^ clkbuf_regs_0_clk_i/A (sky130_fd_sc_hd__clkbuf_16)
     1    0.009602    0.054413    0.258750    2.168092 ^ clkbuf_regs_0_clk_i/X (sky130_fd_sc_hd__clkbuf_16)
                                                         clk_i_regs (net)
                      0.054416    0.000837    2.168929 ^ clkbuf_0_clk_i_regs/A (sky130_fd_sc_hd__clkbuf_16)
     2    0.118415    0.203042    0.340946    2.509876 ^ clkbuf_0_clk_i_regs/X (sky130_fd_sc_hd__clkbuf_16)
                                                         clknet_0_clk_i_regs (net)
                      0.203605    0.009083    2.518958 ^ clkbuf_1_1_0_clk_i_regs/A (sky130_fd_sc_hd__clkbuf_8)
     1    0.121940    0.333896    0.504305    3.023263 ^ clkbuf_1_1_0_clk_i_regs/X (sky130_fd_sc_hd__clkbuf_8)
                                                         clknet_1_1_0_clk_i_regs (net)
                      0.336155    0.023405    3.046668 ^ clkbuf_1_1_1_clk_i_regs/A (sky130_fd_sc_hd__clkbuf_8)
     2    0.128242    0.346410    0.579372    3.626040 ^ clkbuf_1_1_1_clk_i_regs/X (sky130_fd_sc_hd__clkbuf_8)
                                                         clknet_1_1_1_clk_i_regs (net)
                      0.347078    0.011781    3.637822 ^ clkbuf_2_2_0_clk_i_regs/A (sky130_fd_sc_hd__clkbuf_8)
     1    0.120043    0.331181    0.560562    4.198384 ^ clkbuf_2_2_0_clk_i_regs/X (sky130_fd_sc_hd__clkbuf_8)
                                                         clknet_2_2_0_clk_i_regs (net)
                      0.334146    0.026694    4.225078 ^ clkbuf_2_2_1_clk_i_regs/A (sky130_fd_sc_hd__clkbuf_8)
     2    0.119933    0.329185    0.561274    4.786352 ^ clkbuf_2_2_1_clk_i_regs/X (sky130_fd_sc_hd__clkbuf_8)
                                                         clknet_2_2_1_clk_i_regs (net)
                      0.330370    0.017007    4.803359 ^ clkbuf_3_5_0_clk_i_regs/A (sky130_fd_sc_hd__clkbuf_8)
     2    0.110475    0.304841    0.544007    5.347366 ^ clkbuf_3_5_0_clk_i_regs/X (sky130_fd_sc_hd__clkbuf_8)
                                                         clknet_3_5_0_clk_i_regs (net)
                      0.305471    0.010951    5.358317 ^ clkbuf_4_11_0_clk_i_regs/A (sky130_fd_sc_hd__clkbuf_8)
     2    0.146808    0.393069    0.593011    5.951328 ^ clkbuf_4_11_0_clk_i_regs/X (sky130_fd_sc_hd__clkbuf_8)
                                                         clknet_4_11_0_clk_i_regs (net)
                      0.395938    0.028656    5.979983 ^ clkbuf_5_23_0_clk_i_regs/A (sky130_fd_sc_hd__clkbuf_8)
     2    0.113542    0.311005    0.580594    6.560577 ^ clkbuf_5_23_0_clk_i_regs/X (sky130_fd_sc_hd__clkbuf_8)
                                                         clknet_5_23_0_clk_i_regs (net)
                      0.311370    0.009948    6.570525 ^ clkbuf_6_47__f_clk_i_regs/A (sky130_fd_sc_hd__clkbuf_16)
     5    0.146526    0.244325    0.485373    7.055897 ^ clkbuf_6_47__f_clk_i_regs/X (sky130_fd_sc_hd__clkbuf_16)
                                                         clknet_6_47__leaf_clk_i_regs (net)
                      0.246294    0.018635    7.074533 ^ clkbuf_leaf_217_clk_i_regs/A (sky130_fd_sc_hd__clkbuf_8)
     5    0.038824    0.127200    0.372228    7.446761 ^ clkbuf_leaf_217_clk_i_regs/X (sky130_fd_sc_hd__clkbuf_8)
                                                         clknet_leaf_217_clk_i_regs (net)
                      0.127308    0.003455    7.450216 ^ _125567_/CLK (sky130_fd_sc_hd__dfrtp_2)
     1    0.005574    0.089227    0.763237    8.213452 ^ _125567_/Q (sky130_fd_sc_hd__dfrtp_2)
                                                         conv_accelerator_inst.cbuf_raddr[1] (net)
                      0.089227    0.000444    8.213897 ^ fanout30201/A (sky130_fd_sc_hd__buf_6)
     3    0.038888    0.135974    0.252161    8.466058 ^ fanout30201/X (sky130_fd_sc_hd__buf_6)
                                                         net30201 (net)
                      0.136071    0.001442    8.467500 ^ fanout30180/A (sky130_fd_sc_hd__buf_6)
     2    0.024047    0.094424    0.240413    8.707912 ^ fanout30180/X (sky130_fd_sc_hd__buf_6)
                                                         net30180 (net)
                      0.094427    0.000743    8.708655 ^ load_slew30200/A (sky130_fd_sc_hd__buf_6)
     4    0.041684    0.144868    0.259717    8.968372 ^ load_slew30200/X (sky130_fd_sc_hd__buf_6)
                                                         net30200 (net)
                      0.145000    0.003746    8.972118 ^ _060590_/A (sky130_fd_sc_hd__inv_2)
     1    0.002912    0.035641    0.080665    9.052784 v _060590_/Y (sky130_fd_sc_hd__inv_2)
                                                         _009632_ (net)
                      0.035641    0.000184    9.052967 v fanout18398/A (sky130_fd_sc_hd__buf_2)
     3    0.022942    0.121528    0.306547    9.359514 v fanout18398/X (sky130_fd_sc_hd__buf_2)
                                                         net18398 (net)
                      0.121553    0.001840    9.361355 v load_slew18419/A (sky130_fd_sc_hd__buf_6)
     2    0.032316    0.073636    0.282005    9.643359 v load_slew18419/X (sky130_fd_sc_hd__buf_6)
                                                         net18419 (net)
                      0.073851    0.003507    9.646867 v wire18418/A (sky130_fd_sc_hd__buf_6)
     1    0.037890    0.081076    0.262151    9.909018 v wire18418/X (sky130_fd_sc_hd__buf_6)
                                                         net18418 (net)
                      0.082667    0.009235    9.918253 v wire18417/A (sky130_fd_sc_hd__buf_6)
     2    0.041414    0.085586    0.271949   10.190202 v wire18417/X (sky130_fd_sc_hd__buf_6)
                                                         net18417 (net)
                      0.086405    0.006472   10.196674 v wire18416/A (sky130_fd_sc_hd__buf_6)
     1    0.041776    0.086042    0.274691   10.471365 v wire18416/X (sky130_fd_sc_hd__buf_6)
                                                         net18416 (net)
                      0.086621    0.005440   10.476805 v wire18415/A (sky130_fd_sc_hd__buf_6)
     2    0.039524    0.083117    0.271576   10.748381 v wire18415/X (sky130_fd_sc_hd__buf_6)
                                                         net18415 (net)
                      0.083902    0.006222   10.754602 v wire18414/A (sky130_fd_sc_hd__buf_6)
     2    0.043014    0.087781    0.274370   11.028972 v wire18414/X (sky130_fd_sc_hd__buf_6)
                                                         net18414 (net)
                      0.088285    0.005041   11.034013 v wire18407/A (sky130_fd_sc_hd__buf_6)
     2    0.043734    0.088786    0.276931   11.310945 v wire18407/X (sky130_fd_sc_hd__buf_6)
                                                         net18407 (net)
                      0.089831    0.007566   11.318511 v wire18406/A (sky130_fd_sc_hd__buf_6)
     2    0.041015    0.085132    0.274556   11.593066 v wire18406/X (sky130_fd_sc_hd__buf_6)
                                                         net18406 (net)
                      0.085928    0.006274   11.599340 v load_slew18405/A (sky130_fd_sc_hd__buf_6)
     2    0.032060    0.073307    0.262897   11.862238 v load_slew18405/X (sky130_fd_sc_hd__buf_6)
                                                         net18405 (net)
                      0.073717    0.004681   11.866919 v load_slew18404/A (sky130_fd_sc_hd__buf_4)
     1    0.028162    0.091803    0.309729   12.176647 v load_slew18404/X (sky130_fd_sc_hd__buf_4)
                                                         net18404 (net)
                      0.092007    0.003856   12.180503 v wire18403/A (sky130_fd_sc_hd__buf_6)
     2    0.037413    0.080287    0.272071   12.452575 v wire18403/X (sky130_fd_sc_hd__buf_6)
                                                         net18403 (net)
                      0.080879    0.005128   12.457703 v load_slew18402/A (sky130_fd_sc_hd__buf_6)
     3    0.038453    0.081667    0.268023   12.725726 v load_slew18402/X (sky130_fd_sc_hd__buf_6)
                                                         net18402 (net)
                      0.081802    0.003074   12.728800 v _071298_/A (sky130_fd_sc_hd__nor2_4)
     2    0.026724    0.301787    0.334954   13.063754 ^ _071298_/Y (sky130_fd_sc_hd__nor2_4)
                                                         _019199_ (net)
                      0.301842    0.003472   13.067225 ^ fanout14038/A (sky130_fd_sc_hd__buf_8)
     2    0.039591    0.118857    0.321723   13.388949 ^ fanout14038/X (sky130_fd_sc_hd__buf_8)
                                                         net14038 (net)
                      0.119540    0.007065   13.396013 ^ wire14059/A (sky130_fd_sc_hd__buf_8)
     2    0.047038    0.135107    0.259503   13.655517 ^ wire14059/X (sky130_fd_sc_hd__buf_8)
                                                         net14059 (net)
                      0.135822    0.008311   13.663827 ^ wire14058/A (sky130_fd_sc_hd__buf_12)
     2    0.046823    0.105201    0.249623   13.913450 ^ wire14058/X (sky130_fd_sc_hd__buf_12)
                                                         net14058 (net)
                      0.105967    0.007119   13.920569 ^ wire14057/A (sky130_fd_sc_hd__buf_12)
     4    0.050049    0.108223    0.241075   14.161644 ^ wire14057/X (sky130_fd_sc_hd__buf_12)
                                                         net14057 (net)
                      0.108788    0.006438   14.168081 ^ wire14056/A (sky130_fd_sc_hd__buf_12)
     2    0.043928    0.100218    0.233501   14.401583 ^ wire14056/X (sky130_fd_sc_hd__buf_12)
                                                         net14056 (net)
                      0.100898    0.006897   14.408480 ^ wire14055/A (sky130_fd_sc_hd__buf_8)
     2    0.047866    0.137015    0.252564   14.661043 ^ wire14055/X (sky130_fd_sc_hd__buf_8)
                                                         net14055 (net)
                      0.137555    0.007305   14.668348 ^ wire14054/A (sky130_fd_sc_hd__buf_12)
     2    0.046255    0.104299    0.249443   14.917792 ^ wire14054/X (sky130_fd_sc_hd__buf_12)
                                                         net14054 (net)
                      0.105270    0.008065   14.925857 ^ wire14053/A (sky130_fd_sc_hd__buf_12)
     3    0.043587    0.098972    0.232522   15.158378 ^ wire14053/X (sky130_fd_sc_hd__buf_12)
                                                         net14053 (net)
                      0.099072    0.002977   15.161355 ^ load_slew14052/A (sky130_fd_sc_hd__buf_8)
     2    0.041414    0.121739    0.239352   15.400707 ^ load_slew14052/X (sky130_fd_sc_hd__buf_8)
                                                         net14052 (net)
                      0.122215    0.005958   15.406665 ^ wire14050/A (sky130_fd_sc_hd__buf_12)
     2    0.021298    0.063701    0.208644   15.615309 ^ wire14050/X (sky130_fd_sc_hd__buf_12)
                                                         net14050 (net)
                      0.063804    0.002213   15.617522 ^ load_slew14049/A (sky130_fd_sc_hd__buf_6)
     2    0.030013    0.110062    0.220242   15.837764 ^ load_slew14049/X (sky130_fd_sc_hd__buf_6)
                                                         net14049 (net)
                      0.110296    0.003601   15.841364 ^ wire14048/A (sky130_fd_sc_hd__buf_8)
     2    0.044688    0.129527    0.250509   16.091873 ^ wire14048/X (sky130_fd_sc_hd__buf_8)
                                                         net14048 (net)
                      0.130051    0.006496   16.098370 ^ _071342_/B (sky130_fd_sc_hd__nor2_4)
     1    0.014153    0.094032    0.099412   16.197781 v _071342_/Y (sky130_fd_sc_hd__nor2_4)
                                                         _019243_ (net)
                      0.094052    0.001281   16.199062 v wire11620/A (sky130_fd_sc_hd__buf_8)
     1    0.016225    0.047730    0.239250   16.438313 v wire11620/X (sky130_fd_sc_hd__buf_8)
                                                         net11620 (net)
                      0.047731    0.001549   16.439861 v wire35788/A (sky130_fd_sc_hd__buf_8)
     2    0.074633    0.109426    0.278687   16.718550 v wire35788/X (sky130_fd_sc_hd__buf_8)
                                                         net35788 (net)
                      0.110113    0.007176   16.725725 v fanout11579/A (sky130_fd_sc_hd__buf_4)
     4    0.014888    0.065655    0.296751   17.022476 v fanout11579/X (sky130_fd_sc_hd__buf_4)
                                                         net11579 (net)
                      0.065659    0.000584   17.023060 v wire11603/A (sky130_fd_sc_hd__buf_6)
     2    0.041390    0.085597    0.263467   17.286528 v wire11603/X (sky130_fd_sc_hd__buf_6)
                                                         net11603 (net)
                      0.086388    0.006386   17.292913 v wire11602/A (sky130_fd_sc_hd__buf_8)
     3    0.042976    0.079594    0.266780   17.559694 v wire11602/X (sky130_fd_sc_hd__buf_8)
                                                         net11602 (net)
                      0.080256    0.006406   17.566101 v wire11601/A (sky130_fd_sc_hd__buf_6)
     2    0.040653    0.084752    0.268622   17.834723 v wire11601/X (sky130_fd_sc_hd__buf_6)
                                                         net11601 (net)
                      0.086299    0.009340   17.844063 v load_slew11600/A (sky130_fd_sc_hd__buf_6)
     2    0.040574    0.084398    0.273246   18.117310 v load_slew11600/X (sky130_fd_sc_hd__buf_6)
                                                         net11600 (net)
                      0.085020    0.005480   18.122789 v wire11599/A (sky130_fd_sc_hd__buf_6)
     1    0.037364    0.080240    0.267896   18.390684 v wire11599/X (sky130_fd_sc_hd__buf_6)
                                                         net11599 (net)
                      0.081288    0.007006   18.397692 v wire11598/A (sky130_fd_sc_hd__buf_6)
     2    0.043414    0.088259    0.273515   18.671206 v wire11598/X (sky130_fd_sc_hd__buf_6)
                                                         net11598 (net)
                      0.089187    0.007066   18.678272 v wire11597/A (sky130_fd_sc_hd__buf_6)
     1    0.046056    0.092077    0.279291   18.957563 v wire11597/X (sky130_fd_sc_hd__buf_6)
                                                         net11597 (net)
                      0.093658    0.009958   18.967522 v wire11596/A (sky130_fd_sc_hd__buf_6)
     2    0.041005    0.085057    0.276607   19.244129 v wire11596/X (sky130_fd_sc_hd__buf_6)
                                                         net11596 (net)
                      0.086097    0.007242   19.251371 v _071454_/B (sky130_fd_sc_hd__or2_4)
     2    0.025491    0.131639    0.542922   19.794292 v _071454_/X (sky130_fd_sc_hd__or2_4)
                                                         _019355_ (net)
                      0.131639    0.001368   19.795660 v load_slew8166/A (sky130_fd_sc_hd__clkbuf_16)
     1    0.035087    0.072299    0.318572   20.114233 v load_slew8166/X (sky130_fd_sc_hd__clkbuf_16)
                                                         net8166 (net)
                      0.072776    0.005022   20.119255 v wire32321/A (sky130_fd_sc_hd__buf_6)
     2    0.064307    0.116937    0.292879   20.412132 v wire32321/X (sky130_fd_sc_hd__buf_6)
                                                         net32321 (net)
                      0.117833    0.008280   20.420412 v wire8162/A (sky130_fd_sc_hd__buf_12)
     1    0.024884    0.051285    0.263928   20.684340 v wire8162/X (sky130_fd_sc_hd__buf_12)
                                                         net8162 (net)
                      0.051626    0.003109   20.687449 v wire32097/A (sky130_fd_sc_hd__buf_8)
     3    0.076153    0.111935    0.278821   20.966269 v wire32097/X (sky130_fd_sc_hd__buf_8)
                                                         net32097 (net)
                      0.115437    0.016286   20.982555 v wire32096/A (sky130_fd_sc_hd__buf_12)
     2    0.042643    0.067859    0.278000   21.260555 v wire32096/X (sky130_fd_sc_hd__buf_12)
                                                         net32096 (net)
                      0.069422    0.008241   21.268795 v _071721_/B (sky130_fd_sc_hd__nand2_8)
     3    0.053309    0.175652    0.189369   21.458164 ^ _071721_/Y (sky130_fd_sc_hd__nand2_8)
                                                         _019622_ (net)
                      0.175826    0.003380   21.461544 ^ wire32092/A (sky130_fd_sc_hd__buf_12)
     2    0.054921    0.116254    0.278865   21.740410 ^ wire32092/X (sky130_fd_sc_hd__buf_12)
                                                         net32092 (net)
                      0.117627    0.010418   21.750828 ^ wire32091/A (sky130_fd_sc_hd__buf_12)
     3    0.059343    0.123209    0.255980   22.006807 ^ wire32091/X (sky130_fd_sc_hd__buf_12)
                                                         net32091 (net)
                      0.124933    0.012045   22.018852 ^ max_cap5162/A (sky130_fd_sc_hd__buf_12)
     1    0.049379    0.108306    0.249463   22.268316 ^ max_cap5162/X (sky130_fd_sc_hd__buf_12)
                                                         net5162 (net)
                      0.108669    0.004786   22.273102 ^ wire31903/A (sky130_fd_sc_hd__buf_12)
     1    0.059858    0.124628    0.250703   22.523804 ^ wire31903/X (sky130_fd_sc_hd__buf_12)
                                                         net31903 (net)
                      0.127908    0.016595   22.540400 ^ wire31902/A (sky130_fd_sc_hd__buf_12)
     1    0.042784    0.098622    0.239140   22.779539 ^ wire31902/X (sky130_fd_sc_hd__buf_12)
                                                         net31902 (net)
                      0.099759    0.008795   22.788334 ^ wire31901/A (sky130_fd_sc_hd__buf_12)
     1    0.049818    0.108086    0.236307   23.024641 ^ wire31901/X (sky130_fd_sc_hd__buf_12)
                                                         net31901 (net)
                      0.109406    0.009846   23.034487 ^ wire31900/A (sky130_fd_sc_hd__buf_12)
     2    0.035020    0.085615    0.220574   23.255060 ^ wire31900/X (sky130_fd_sc_hd__buf_12)
                                                         net31900 (net)
                      0.086334    0.006468   23.261528 ^ _072164_/A (sky130_fd_sc_hd__nor2_4)
     2    0.041511    0.112604    0.133189   23.394718 v _072164_/Y (sky130_fd_sc_hd__nor2_4)
                                                         _020065_ (net)
                      0.113276    0.007400   23.402119 v wire3702/A (sky130_fd_sc_hd__buf_8)
     1    0.022217    0.054026    0.255987   23.658106 v wire3702/X (sky130_fd_sc_hd__buf_8)
                                                         net3702 (net)
                      0.054318    0.003377   23.661482 v wire31655/A (sky130_fd_sc_hd__buf_8)
     2    0.068898    0.103790    0.275366   23.936848 v wire31655/X (sky130_fd_sc_hd__buf_8)
                                                         net31655 (net)
                      0.106174    0.012930   23.949778 v wire3701/A (sky130_fd_sc_hd__buf_8)
     1    0.016233    0.047754    0.245365   24.195143 v wire3701/X (sky130_fd_sc_hd__buf_8)
                                                         net3701 (net)
                      0.047756    0.001686   24.196829 v wire31555/A (sky130_fd_sc_hd__buf_8)
     3    0.076254    0.111044    0.280814   24.477642 v wire31555/X (sky130_fd_sc_hd__buf_8)
                                                         net31555 (net)
                      0.111665    0.006375   24.484016 v wire3700/A (sky130_fd_sc_hd__buf_8)
     1    0.019770    0.051274    0.252461   24.736479 v wire3700/X (sky130_fd_sc_hd__buf_8)
                                                         net3700 (net)
                      0.051451    0.002233   24.738710 v wire31485/A (sky130_fd_sc_hd__buf_6)
     3    0.061180    0.113974    0.275696   25.014408 v wire31485/X (sky130_fd_sc_hd__buf_6)
                                                         net31485 (net)
                      0.117210    0.015898   25.030306 v wire3698/A (sky130_fd_sc_hd__buf_8)
     1    0.019425    0.050947    0.254797   25.285103 v wire3698/X (sky130_fd_sc_hd__buf_8)
                                                         net3698 (net)
                      0.051111    0.002295   25.287397 v wire31414/A (sky130_fd_sc_hd__buf_8)
     2    0.067607    0.102582    0.272072   25.559469 v wire31414/X (sky130_fd_sc_hd__buf_8)
                                                         net31414 (net)
                      0.104975    0.012777   25.572247 v load_slew3697/A (sky130_fd_sc_hd__buf_8)
     1    0.008187    0.038597    0.232914   25.805161 v load_slew3697/X (sky130_fd_sc_hd__buf_8)
                                                         net3697 (net)
                      0.038597    0.000442   25.805603 v wire31391/A (sky130_fd_sc_hd__buf_6)
     3    0.073289    0.132233    0.279165   26.084768 v wire31391/X (sky130_fd_sc_hd__buf_6)
                                                         net31391 (net)
                      0.138655    0.023942   26.108711 v wire3696/A (sky130_fd_sc_hd__buf_8)
     1    0.042771    0.079106    0.293657   26.402367 v wire3696/X (sky130_fd_sc_hd__buf_8)
                                                         net3696 (net)
                      0.079526    0.005157   26.407524 v wire31248/A (sky130_fd_sc_hd__buf_6)
     2    0.051031    0.098908    0.279808   26.687332 v wire31248/X (sky130_fd_sc_hd__buf_6)
                                                         net31248 (net)
                      0.100534    0.010516   26.697847 v _073569_/A (sky130_fd_sc_hd__or2_4)
     3    0.028882    0.137700    0.592705   27.290552 v _073569_/X (sky130_fd_sc_hd__or2_4)
                                                         _021468_ (net)
                      0.137903    0.003439   27.293991 v wire3004/A (sky130_fd_sc_hd__buf_12)
     1    0.036385    0.061505    0.284674   27.578665 v wire3004/X (sky130_fd_sc_hd__buf_12)
                                                         net3004 (net)
                      0.062199    0.005649   27.584314 v wire31093/A (sky130_fd_sc_hd__buf_8)
     2    0.068563    0.102769    0.280762   27.865076 v wire31093/X (sky130_fd_sc_hd__buf_8)
                                                         net31093 (net)
                      0.103840    0.008232   27.873308 v wire31092/A (sky130_fd_sc_hd__buf_12)
     2    0.053502    0.072342    0.282373   28.155682 v wire31092/X (sky130_fd_sc_hd__buf_12)
                                                         net31092 (net)
                      0.074917    0.011195   28.166876 v wire3003/A (sky130_fd_sc_hd__buf_12)
     2    0.037111    0.062131    0.253376   28.420252 v wire3003/X (sky130_fd_sc_hd__buf_12)
                                                         net3003 (net)
                      0.062732    0.004649   28.424900 v max_length31032/A (sky130_fd_sc_hd__buf_6)
     2    0.050824    0.098635    0.271154   28.696054 v max_length31032/X (sky130_fd_sc_hd__buf_6)
                                                         net31032 (net)
                      0.100463    0.011109   28.707163 v wire3002/A (sky130_fd_sc_hd__buf_12)
     1    0.024897    0.051361    0.254550   28.961714 v wire3002/X (sky130_fd_sc_hd__buf_12)
                                                         net3002 (net)
                      0.051996    0.004531   28.966246 v wire30990/A (sky130_fd_sc_hd__buf_12)
     3    0.090486    0.100097    0.279947   29.246193 v wire30990/X (sky130_fd_sc_hd__buf_12)
                                                         net30990 (net)
                      0.101170    0.008493   29.254684 v wire3001/A (sky130_fd_sc_hd__buf_12)
     2    0.049996    0.069780    0.277828   29.532513 v wire3001/X (sky130_fd_sc_hd__buf_12)
                                                         net3001 (net)
                      0.071915    0.010191   29.542704 v wire30954/A (sky130_fd_sc_hd__buf_12)
     1    0.069993    0.084828    0.276229   29.818932 v wire30954/X (sky130_fd_sc_hd__buf_12)
                                                         net30954 (net)
                      0.087785    0.012815   29.831747 v wire30953/A (sky130_fd_sc_hd__buf_12)
     2    0.069524    0.084052    0.284469   30.116217 v wire30953/X (sky130_fd_sc_hd__buf_12)
                                                         net30953 (net)
                      0.084928    0.006569   30.122786 v _076261_/C (sky130_fd_sc_hd__and3_4)
     2    0.016962    0.082423    0.380975   30.503761 v _076261_/X (sky130_fd_sc_hd__and3_4)
                                                         _024150_ (net)
                      0.082435    0.001091   30.504850 v _076267_/A1 (sky130_fd_sc_hd__o32a_4)
     1    0.009608    0.117079    0.718387   31.223238 v _076267_/X (sky130_fd_sc_hd__o32a_4)
                                                         _024156_ (net)
                      0.117079    0.000544   31.223782 v _076268_/C1 (sky130_fd_sc_hd__o221a_4)
     1    0.046701    0.185641    0.347121   31.570904 v _076268_/X (sky130_fd_sc_hd__o221a_4)
                                                         _024157_ (net)
                      0.185751    0.004356   31.575258 v _076284_/B2 (sky130_fd_sc_hd__o32a_4)
     1    0.011852    0.124734    0.443553   32.018810 v _076284_/X (sky130_fd_sc_hd__o32a_4)
                                                         _024173_ (net)
                      0.124734    0.001080   32.019890 v wire30895/A (sky130_fd_sc_hd__buf_12)
     1    0.062869    0.079331    0.300883   32.320774 v wire30895/X (sky130_fd_sc_hd__buf_12)
                                                         net30895 (net)
                      0.080088    0.005770   32.326546 v wire30894/A (sky130_fd_sc_hd__buf_8)
     1    0.048701    0.087539    0.269665   32.596210 v wire30894/X (sky130_fd_sc_hd__buf_8)
                                                         net30894 (net)
                      0.088505    0.007645   32.603855 v wire30893/A (sky130_fd_sc_hd__buf_6)
     1    0.036835    0.079507    0.270255   32.874111 v wire30893/X (sky130_fd_sc_hd__buf_6)
                                                         net30893 (net)
                      0.079749    0.003890   32.877998 v wire2128/A (sky130_fd_sc_hd__buf_12)
     1    0.026846    0.052943    0.246050   33.124050 v wire2128/X (sky130_fd_sc_hd__buf_12)
                                                         net2128 (net)
                      0.053464    0.004309   33.128361 v wire30865/A (sky130_fd_sc_hd__buf_6)
     1    0.056722    0.106234    0.276028   33.404388 v wire30865/X (sky130_fd_sc_hd__buf_6)
                                                         net30865 (net)
                      0.106836    0.006334   33.410721 v wire30864/A (sky130_fd_sc_hd__buf_12)
     1    0.053788    0.072605    0.282977   33.693699 v wire30864/X (sky130_fd_sc_hd__buf_12)
                                                         net30864 (net)
                      0.076221    0.013156   33.706856 v wire30863/A (sky130_fd_sc_hd__buf_8)
     1    0.055200    0.088803    0.270951   33.977806 v wire30863/X (sky130_fd_sc_hd__buf_8)
                                                         net30863 (net)
                      0.093222    0.015802   33.993610 v wire30862/A (sky130_fd_sc_hd__buf_12)
     1    0.039505    0.065150    0.263451   34.257061 v wire30862/X (sky130_fd_sc_hd__buf_12)
                                                         net30862 (net)
                      0.067016    0.008768   34.265827 v wire30861/A (sky130_fd_sc_hd__buf_8)
     1    0.037268    0.072572    0.249781   34.515610 v wire30861/X (sky130_fd_sc_hd__buf_8)
                                                         net30861 (net)
                      0.073895    0.007880   34.523491 v wire30860/A (sky130_fd_sc_hd__buf_6)
     1    0.037696    0.080760    0.262435   34.785923 v wire30860/X (sky130_fd_sc_hd__buf_6)
                                                         net30860 (net)
                      0.082012    0.008136   34.794060 v wire30859/A (sky130_fd_sc_hd__buf_12)
     1    0.047336    0.073264    0.264098   35.058159 v wire30859/X (sky130_fd_sc_hd__buf_12)
                                                         net30859 (net)
                      0.075610    0.010594   35.068752 v wire30858/A (sky130_fd_sc_hd__buf_8)
     1    0.053287    0.086625    0.274767   35.343521 v wire30858/X (sky130_fd_sc_hd__buf_8)
                                                         net30858 (net)
                      0.087245    0.005553   35.349072 v wire30857/A (sky130_fd_sc_hd__buf_8)
     1    0.058122    0.091960    0.281627   35.630699 v wire30857/X (sky130_fd_sc_hd__buf_8)
                                                         net30857 (net)
                      0.095204    0.014005   35.644703 v wire30856/A (sky130_fd_sc_hd__buf_12)
     1    0.063332    0.079619    0.286306   35.931011 v wire30856/X (sky130_fd_sc_hd__buf_12)
                                                         net30856 (net)
                      0.080321    0.005567   35.936577 v _076285_/D (sky130_fd_sc_hd__and4_4)
     1    0.019920    0.092388    0.407919   36.344498 v _076285_/X (sky130_fd_sc_hd__and4_4)
                                                         _024174_ (net)
                      0.092451    0.002327   36.346825 v _076308_/B1 (sky130_fd_sc_hd__a211o_2)
     1    0.005634    0.098483    0.635026   36.981850 v _076308_/X (sky130_fd_sc_hd__a211o_2)
                                                         _024197_ (net)
                      0.098483    0.000409   36.982258 v _076383_/A1 (sky130_fd_sc_hd__a31o_4)
     1    0.041079    0.140864    0.518600   37.500858 v _076383_/X (sky130_fd_sc_hd__a31o_4)
                                                         _000067_ (net)
                      0.141371    0.007613   37.508472 v wire30788/A (sky130_fd_sc_hd__buf_12)
     1    0.057805    0.075500    0.306152   37.814625 v wire30788/X (sky130_fd_sc_hd__buf_12)
                                                         net30788 (net)
                      0.076684    0.006327   37.820950 v wire1586/A (sky130_fd_sc_hd__buf_12)
     1    0.025077    0.051396    0.243048   38.063999 v wire1586/X (sky130_fd_sc_hd__buf_12)
                                                         net1586 (net)
                      0.051822    0.003432   38.067432 v wire30784/A (sky130_fd_sc_hd__buf_6)
     1    0.058319    0.108781    0.275211   38.342644 v wire30784/X (sky130_fd_sc_hd__buf_6)
                                                         net30784 (net)
                      0.110077    0.009589   38.352230 v wire30783/A (sky130_fd_sc_hd__buf_12)
     1    0.053228    0.071944    0.283151   38.635384 v wire30783/X (sky130_fd_sc_hd__buf_12)
                                                         net30783 (net)
                      0.076163    0.013976   38.649357 v wire30782/A (sky130_fd_sc_hd__buf_6)
     1    0.032893    0.074333    0.258602   38.907959 v wire30782/X (sky130_fd_sc_hd__buf_6)
                                                         net30782 (net)
                      0.075285    0.006359   38.914318 v wire30781/A (sky130_fd_sc_hd__buf_8)
     1    0.043645    0.081420    0.260389   39.174709 v wire30781/X (sky130_fd_sc_hd__buf_8)
                                                         net30781 (net)
                      0.082996    0.009479   39.184189 v wire30780/A (sky130_fd_sc_hd__buf_8)
     1    0.040216    0.076866    0.260279   39.444466 v wire30780/X (sky130_fd_sc_hd__buf_8)
                                                         net30780 (net)
                      0.078559    0.009265   39.453732 v wire30779/A (sky130_fd_sc_hd__buf_6)
     1    0.029632    0.069654    0.255206   39.708939 v wire30779/X (sky130_fd_sc_hd__buf_6)
                                                         net30779 (net)
                      0.070893    0.006079   39.715015 v _129734_/D (sky130_fd_sc_hd__dfxtp_2)
                                             39.715015   data arrival time

                                 35.714283   35.714283   clock clk_i (rise edge)
                                  0.000000   35.714283   clock source latency
     1    0.045273    0.100356    0.070102   35.784386 ^ clk_i (in)
                                                         clk_i (net)
                      0.101122    0.000000   35.784386 ^ wire30560/A (sky130_fd_sc_hd__buf_12)
     1    0.082708    0.163271    0.244249   36.028637 ^ wire30560/X (sky130_fd_sc_hd__buf_12)
                                                         net30560 (net)
                      0.169280    0.023249   36.051884 ^ wire30559/A (sky130_fd_sc_hd__buf_12)
     1    0.076063    0.151198    0.272586   36.324471 ^ wire30559/X (sky130_fd_sc_hd__buf_12)
                                                         net30559 (net)
                      0.153115    0.012825   36.337296 ^ wire30558/A (sky130_fd_sc_hd__buf_12)
     2    0.100683    0.193911    0.286846   36.624142 ^ wire30558/X (sky130_fd_sc_hd__buf_12)
                                                         net30558 (net)
                      0.199224    0.024087   36.648228 ^ wire30557/A (sky130_fd_sc_hd__buf_12)
     1    0.050980    0.110058    0.257465   36.905693 ^ wire30557/X (sky130_fd_sc_hd__buf_12)
                                                         net30557 (net)
                      0.111194    0.008328   36.914021 ^ wire30556/A (sky130_fd_sc_hd__buf_12)
     1    0.068702    0.138724    0.240291   37.154312 ^ wire30556/X (sky130_fd_sc_hd__buf_12)
                                                         net30556 (net)
                      0.140406    0.011486   37.165798 ^ wire30555/A (sky130_fd_sc_hd__buf_12)
     1    0.077994    0.154188    0.261601   37.427399 ^ wire30555/X (sky130_fd_sc_hd__buf_12)
                                                         net30555 (net)
                      0.156555    0.014385   37.441784 ^ clkbuf_regs_0_clk_i/A (sky130_fd_sc_hd__clkbuf_16)
     1    0.009602    0.054413    0.234106   37.675892 ^ clkbuf_regs_0_clk_i/X (sky130_fd_sc_hd__clkbuf_16)
                                                         clk_i_regs (net)
                      0.054416    0.000760   37.676651 ^ clkbuf_0_clk_i_regs/A (sky130_fd_sc_hd__clkbuf_16)
     2    0.118415    0.203042    0.308475   37.985126 ^ clkbuf_0_clk_i_regs/X (sky130_fd_sc_hd__clkbuf_16)
                                                         clknet_0_clk_i_regs (net)
                      0.203605    0.008214   37.993340 ^ clkbuf_1_1_0_clk_i_regs/A (sky130_fd_sc_hd__clkbuf_8)
     1    0.121940    0.333896    0.456279   38.449619 ^ clkbuf_1_1_0_clk_i_regs/X (sky130_fd_sc_hd__clkbuf_8)
                                                         clknet_1_1_0_clk_i_regs (net)
                      0.336155    0.021174   38.470791 ^ clkbuf_1_1_1_clk_i_regs/A (sky130_fd_sc_hd__clkbuf_8)
     2    0.128242    0.346410    0.524196   38.994987 ^ clkbuf_1_1_1_clk_i_regs/X (sky130_fd_sc_hd__clkbuf_8)
                                                         clknet_1_1_1_clk_i_regs (net)
                      0.347078    0.010658   39.005646 ^ clkbuf_2_2_0_clk_i_regs/A (sky130_fd_sc_hd__clkbuf_8)
     1    0.120043    0.331181    0.507175   39.512821 ^ clkbuf_2_2_0_clk_i_regs/X (sky130_fd_sc_hd__clkbuf_8)
                                                         clknet_2_2_0_clk_i_regs (net)
                      0.334146    0.024151   39.536972 ^ clkbuf_2_2_1_clk_i_regs/A (sky130_fd_sc_hd__clkbuf_8)
     2    0.119933    0.329185    0.507821   40.044792 ^ clkbuf_2_2_1_clk_i_regs/X (sky130_fd_sc_hd__clkbuf_8)
                                                         clknet_2_2_1_clk_i_regs (net)
                      0.330669    0.017142   40.061935 ^ clkbuf_3_4_0_clk_i_regs/A (sky130_fd_sc_hd__clkbuf_8)
     2    0.087809    0.248822    0.452829   40.514763 ^ clkbuf_3_4_0_clk_i_regs/X (sky130_fd_sc_hd__clkbuf_8)
                                                         clknet_3_4_0_clk_i_regs (net)
                      0.249465    0.008939   40.523705 ^ clkbuf_4_9_0_clk_i_regs/A (sky130_fd_sc_hd__clkbuf_8)
     2    0.095949    0.268385    0.432998   40.956699 ^ clkbuf_4_9_0_clk_i_regs/X (sky130_fd_sc_hd__clkbuf_8)
                                                         clknet_4_9_0_clk_i_regs (net)
                      0.269796    0.014325   40.971024 ^ clkbuf_5_19_0_clk_i_regs/A (sky130_fd_sc_hd__clkbuf_8)
     2    0.076058    0.217986    0.410154   41.381180 ^ clkbuf_5_19_0_clk_i_regs/X (sky130_fd_sc_hd__clkbuf_8)
                                                         clknet_5_19_0_clk_i_regs (net)
                      0.218527    0.007560   41.388741 ^ clkbuf_6_39__f_clk_i_regs/A (sky130_fd_sc_hd__clkbuf_16)
    12    0.174533    0.284013    0.433594   41.822334 ^ clkbuf_6_39__f_clk_i_regs/X (sky130_fd_sc_hd__clkbuf_16)
                                                         clknet_6_39__leaf_clk_i_regs (net)
                      0.285319    0.014257   41.836590 ^ clkbuf_leaf_265_clk_i_regs/A (sky130_fd_sc_hd__clkbuf_8)
     4    0.049395    0.153195    0.370516   42.207108 ^ clkbuf_leaf_265_clk_i_regs/X (sky130_fd_sc_hd__clkbuf_8)
                                                         clknet_leaf_265_clk_i_regs (net)
                      0.153334    0.003926   42.211033 ^ _129734_/CLK (sky130_fd_sc_hd__dfxtp_2)
                                 -0.250000   41.961033   clock uncertainty
                                  0.455843   42.416874   clock reconvergence pessimism
                                 -0.252188   42.164688   library setup time
                                             42.164688   data required time
---------------------------------------------------------------------------------------------
                                             42.164688   data required time
                                            -39.715015   data arrival time
---------------------------------------------------------------------------------------------
                                              2.449671   slack (MET)




===========================================================================
report_checks --slack_max -0.01
============================================================================
======================= max_ss_100C_1v60 Corner ===================================

No paths found.


===========================================================================
 report_check_types -max_slew -max_cap -max_fanout -violators
============================================================================
======================= max_ss_100C_1v60 Corner ===================================

max slew

Pin                                        Limit        Slew       Slack
------------------------------------------------------------------------
QSPI_IO2                                0.750000    2.162427   -1.412427 (VIOLATED)
QSPI_IO0                                0.750000    2.150557   -1.400556 (VIOLATED)
QSPI_IO3                                0.750000    1.962700   -1.212700 (VIOLATED)
load_slew30514/A                        0.750000    1.919706   -1.169706 (VIOLATED)
hold30721/A                             0.750000    1.906873   -1.156873 (VIOLATED)
_129790_/Z                              0.750000    1.864957   -1.114957 (VIOLATED)
_129792_/Z                              0.750000    1.856508   -1.106508 (VIOLATED)
QSPI_IO1                                0.750000    1.842409   -1.092409 (VIOLATED)
load_slew30512/A                        0.750000    1.720601   -0.970601 (VIOLATED)
_129789_/Z                              0.750000    1.683933   -0.933933 (VIOLATED)
hold30719/A                             0.750000    1.614304   -0.864304 (VIOLATED)
_129791_/Z                              0.750000    1.580575   -0.830575 (VIOLATED)
I2C_SDA                                 0.750000    1.477484   -0.727484 (VIOLATED)
hold30678/A                             0.750000    1.289940   -0.539940 (VIOLATED)
_129788_/Z                              0.750000    1.269168   -0.519168 (VIOLATED)
data_bram_ctrl_inst.data_ram.u_mem.g_2k[2].u_cell.u_sram/addr1[5]    0.040000    0.334776   -0.294776 (VIOLATED)
instr_bram_ctrl_inst.instr_ram.u_mem.g_2k[1].u_cell.u_sram/addr0[8]    0.040000    0.311945   -0.271945 (VIOLATED)
data_bram_ctrl_inst.data_ram.u_mem.g_2k[2].u_cell.u_sram/addr1[6]    0.040000    0.308667   -0.268667 (VIOLATED)
data_bram_ctrl_inst.data_ram.u_mem.g_2k[2].u_cell.u_sram/addr1[4]    0.040000    0.306090   -0.266090 (VIOLATED)
instr_bram_ctrl_inst.instr_ram.u_mem.g_2k[1].u_cell.u_sram/addr0[0]    0.040000    0.305818   -0.265818 (VIOLATED)
yz_bram_ctrl_inst.yz_ram.u_mem.u_mem.g_2k[3].u_cell.u_sram/wmask0[0]    0.040000    0.304568   -0.264568 (VIOLATED)
instr_bram_ctrl_inst.instr_ram.u_mem.g_2k[1].u_cell.u_sram/addr0[1]    0.040000    0.302654   -0.262654 (VIOLATED)
instr_bram_ctrl_inst.instr_ram.u_mem.g_2k[3].u_cell.u_sram/addr0[0]    0.040000    0.299861   -0.259861 (VIOLATED)
instr_bram_ctrl_inst.instr_ram.u_mem.g_2k[1].u_cell.u_sram/addr0[5]    0.040000    0.299507   -0.259507 (VIOLATED)
conv_accelerator_inst.u_conv_buf_ram.u_mem.u_mem.g_2k[1].u_cell.u_sram/wmask0[0]    0.040000    0.298087   -0.258087 (VIOLATED)
data_bram_ctrl_inst.data_ram.u_mem.g_2k[3].u_cell.u_sram/addr1[5]    0.040000    0.297655   -0.257655 (VIOLATED)
yz_bram_ctrl_inst.yz_ram.u_mem.u_mem.g_2k[1].u_cell.u_sram/wmask0[0]    0.040000    0.296230   -0.256230 (VIOLATED)
instr_bram_ctrl_inst.instr_ram.u_mem.g_2k[3].u_cell.u_sram/addr0[1]    0.040000    0.295558   -0.255558 (VIOLATED)
instr_bram_ctrl_inst.instr_ram.u_mem.g_2k[1].u_cell.u_sram/addr0[2]    0.040000    0.294140   -0.254140 (VIOLATED)
data_bram_ctrl_inst.data_ram.u_mem.g_2k[2].u_cell.u_sram/addr0[6]    0.040000    0.293969   -0.253969 (VIOLATED)
yz_bram_ctrl_inst.yz_ram.u_mem.u_mem.g_2k[0].u_cell.u_sram/addr1[8]    0.040000    0.293472   -0.253472 (VIOLATED)
yz_bram_ctrl_inst.yz_ram.u_mem.u_mem.g_2k[2].u_cell.u_sram/addr1[8]    0.040000    0.292646   -0.252646 (VIOLATED)
data_bram_ctrl_inst.data_ram.u_mem.g_2k[2].u_cell.u_sram/addr0[4]    0.040000    0.292306   -0.252306 (VIOLATED)
instr_bram_ctrl_inst.instr_ram.u_mem.g_2k[2].u_cell.u_sram/addr1[8]    0.040000    0.291589   -0.251589 (VIOLATED)
conv_accelerator_inst.u_conv_buf_ram.u_mem.u_mem.g_2k[1].u_cell.u_sram/addr1[5]    0.040000    0.291148   -0.251148 (VIOLATED)
data_bram_ctrl_inst.data_ram.u_mem.g_2k[1].u_cell.u_sram/addr1[8]    0.040000    0.290740   -0.250740 (VIOLATED)
yz_bram_ctrl_inst.yz_ram.u_mem.u_mem.g_2k[3].u_cell.u_sram/addr1[7]    0.040000    0.290287   -0.250287 (VIOLATED)
instr_bram_ctrl_inst.instr_ram.u_mem.g_2k[1].u_cell.u_sram/addr0[4]    0.040000    0.289926   -0.249926 (VIOLATED)
conv_accelerator_inst.u_conv_buf_ram.u_mem.u_mem.g_2k[0].u_cell.u_sram/addr1[7]    0.040000    0.289550   -0.249550 (VIOLATED)
data_bram_ctrl_inst.data_ram.u_mem.g_2k[2].u_cell.u_sram/addr0[2]    0.040000    0.289065   -0.249065 (VIOLATED)
data_bram_ctrl_inst.data_ram.u_mem.g_2k[2].u_cell.u_sram/wmask0[0]    0.040000    0.288996   -0.248996 (VIOLATED)
instr_bram_ctrl_inst.instr_ram.u_mem.g_2k[1].u_cell.u_sram/addr0[7]    0.040000    0.288992   -0.248992 (VIOLATED)
instr_bram_ctrl_inst.instr_ram.u_mem.g_2k[1].u_cell.u_sram/wmask0[3]    0.040000    0.287573   -0.247573 (VIOLATED)
data_bram_ctrl_inst.data_ram.u_mem.g_2k[1].u_cell.u_sram/addr1[7]    0.040000    0.287009   -0.247009 (VIOLATED)
data_bram_ctrl_inst.data_ram.u_mem.g_2k[1].u_cell.u_sram/addr0[1]    0.040000    0.286921   -0.246921 (VIOLATED)
conv_accelerator_inst.u_conv_buf_ram.u_mem.u_mem.g_2k[0].u_cell.u_sram/addr0[5]    0.040000    0.286526   -0.246526 (VIOLATED)
data_bram_ctrl_inst.data_ram.u_mem.g_2k[2].u_cell.u_sram/addr0[3]    0.040000    0.286516   -0.246516 (VIOLATED)
yz_bram_ctrl_inst.yz_ram.u_mem.u_mem.g_2k[3].u_cell.u_sram/addr0[0]    0.040000    0.286375   -0.246375 (VIOLATED)
instr_bram_ctrl_inst.instr_ram.u_mem.g_2k[1].u_cell.u_sram/wmask0[0]    0.040000    0.286343   -0.246343 (VIOLATED)
data_bram_ctrl_inst.data_ram.u_mem.g_2k[2].u_cell.u_sram/addr0[1]    0.040000    0.285851   -0.245851 (VIOLATED)
yz_bram_ctrl_inst.yz_ram.u_mem.u_mem.g_1k.u_cell.u_sram/addr1[5]    0.040000    0.285619   -0.245619 (VIOLATED)
conv_accelerator_inst.u_conv_buf_ram.u_mem.u_mem.g_2k[1].u_cell.u_sram/wmask0[1]    0.040000    0.285584   -0.245584 (VIOLATED)
yz_bram_ctrl_inst.yz_ram.u_mem.u_mem.g_2k[0].u_cell.u_sram/addr1[7]    0.040000    0.284352   -0.244352 (VIOLATED)
data_bram_ctrl_inst.data_ram.u_mem.g_2k[0].u_cell.u_sram/wmask0[0]    0.040000    0.283925   -0.243925 (VIOLATED)
data_bram_ctrl_inst.data_ram.u_mem.g_2k[1].u_cell.u_sram/wmask0[3]    0.040000    0.282737   -0.242737 (VIOLATED)
yz_bram_ctrl_inst.yz_ram.u_mem.u_mem.g_1k.u_cell.u_sram/wmask0[3]    0.040000    0.282711   -0.242711 (VIOLATED)
data_bram_ctrl_inst.data_ram.u_mem.g_2k[1].u_cell.u_sram/addr0[0]    0.040000    0.282237   -0.242237 (VIOLATED)
yz_bram_ctrl_inst.yz_ram.u_mem.u_mem.g_2k[1].u_cell.u_sram/wmask0[2]    0.040000    0.281948   -0.241948 (VIOLATED)
wire2692/A                              0.750000    0.991934   -0.241934 (VIOLATED)
data_bram_ctrl_inst.data_ram.u_mem.g_2k[2].u_cell.u_sram/addr1[0]    0.040000    0.281924   -0.241924 (VIOLATED)
data_bram_ctrl_inst.data_ram.u_mem.g_2k[2].u_cell.u_sram/addr1[8]    0.040000    0.281901   -0.241901 (VIOLATED)
yz_bram_ctrl_inst.yz_ram.u_mem.u_mem.g_1k.u_cell.u_sram/addr1[6]    0.040000    0.281061   -0.241061 (VIOLATED)
conv_accelerator_inst.u_conv_buf_ram.u_mem.u_mem.g_2k[0].u_cell.u_sram/wmask0[3]    0.040000    0.281014   -0.241014 (VIOLATED)
instr_bram_ctrl_inst.instr_ram.u_mem.g_2k[1].u_cell.u_sram/addr1[1]    0.040000    0.280905   -0.240905 (VIOLATED)
_075241_/X                              0.750000    0.990789   -0.240789 (VIOLATED)
data_bram_ctrl_inst.data_ram.u_mem.g_2k[1].u_cell.u_sram/addr1[6]    0.040000    0.280609   -0.240609 (VIOLATED)
yz_bram_ctrl_inst.yz_ram.u_mem.u_mem.g_2k[3].u_cell.u_sram/addr1[8]    0.040000    0.280213   -0.240213 (VIOLATED)
instr_bram_ctrl_inst.instr_ram.u_mem.g_2k[1].u_cell.u_sram/addr1[7]    0.040000    0.279959   -0.239959 (VIOLATED)
conv_accelerator_inst.u_conv_buf_ram.u_mem.u_mem.g_2k[1].u_cell.u_sram/addr1[6]    0.040000    0.279926   -0.239926 (VIOLATED)
data_bram_ctrl_inst.data_ram.u_mem.g_2k[0].u_cell.u_sram/wmask0[2]    0.040000    0.279898   -0.239898 (VIOLATED)
yz_bram_ctrl_inst.yz_ram.u_mem.u_mem.g_2k[2].u_cell.u_sram/addr1[0]    0.040000    0.279820   -0.239820 (VIOLATED)
yz_bram_ctrl_inst.yz_ram.u_mem.u_mem.g_2k[2].u_cell.u_sram/addr1[7]    0.040000    0.279724   -0.239724 (VIOLATED)
instr_bram_ctrl_inst.instr_ram.u_mem.g_2k[3].u_cell.u_sram/addr1[7]    0.040000    0.279695   -0.239695 (VIOLATED)
wire19818/A                             0.750000    0.989476   -0.239476 (VIOLATED)
_071215_/A                              0.750000    0.989386   -0.239386 (VIOLATED)
rebuffer49849/X                         0.750000    0.989344   -0.239344 (VIOLATED)
instr_bram_ctrl_inst.instr_ram.u_mem.g_2k[2].u_cell.u_sram/addr1[7]    0.040000    0.279249   -0.239249 (VIOLATED)
yz_bram_ctrl_inst.yz_ram.u_mem.u_mem.g_2k[1].u_cell.u_sram/addr0[1]    0.040000    0.279204   -0.239204 (VIOLATED)
data_bram_ctrl_inst.data_ram.u_mem.g_2k[2].u_cell.u_sram/addr0[8]    0.040000    0.278970   -0.238970 (VIOLATED)
instr_bram_ctrl_inst.instr_ram.u_mem.g_2k[0].u_cell.u_sram/addr1[7]    0.040000    0.278950   -0.238950 (VIOLATED)
data_bram_ctrl_inst.data_ram.u_mem.g_2k[2].u_cell.u_sram/addr0[7]    0.040000    0.278729   -0.238729 (VIOLATED)
data_bram_ctrl_inst.data_ram.u_mem.g_2k[2].u_cell.u_sram/addr1[3]    0.040000    0.278556   -0.238556 (VIOLATED)
data_bram_ctrl_inst.data_ram.u_mem.g_2k[1].u_cell.u_sram/wmask0[0]    0.040000    0.278081   -0.238081 (VIOLATED)
yz_bram_ctrl_inst.yz_ram.u_mem.u_mem.g_2k[1].u_cell.u_sram/addr1[7]    0.040000    0.277836   -0.237836 (VIOLATED)
instr_bram_ctrl_inst.instr_ram.u_mem.g_2k[3].u_cell.u_sram/wmask0[3]    0.040000    0.277448   -0.237448 (VIOLATED)
instr_bram_ctrl_inst.instr_ram.u_mem.g_2k[3].u_cell.u_sram/wmask0[2]    0.040000    0.277406   -0.237406 (VIOLATED)
instr_bram_ctrl_inst.instr_ram.u_mem.g_2k[2].u_cell.u_sram/wmask0[1]    0.040000    0.277402   -0.237402 (VIOLATED)
conv_accelerator_inst.u_conv_buf_ram.u_mem.u_mem.g_2k[0].u_cell.u_sram/addr0[3]    0.040000    0.277384   -0.237384 (VIOLATED)
data_bram_ctrl_inst.data_ram.u_mem.g_2k[2].u_cell.u_sram/addr1[1]    0.040000    0.277349   -0.237349 (VIOLATED)
data_bram_ctrl_inst.data_ram.u_mem.g_2k[2].u_cell.u_sram/wmask0[3]    0.040000    0.277254   -0.237254 (VIOLATED)
data_bram_ctrl_inst.data_ram.u_mem.g_2k[3].u_cell.u_sram/addr1[8]    0.040000    0.277160   -0.237160 (VIOLATED)
yz_bram_ctrl_inst.yz_ram.u_mem.u_mem.g_2k[3].u_cell.u_sram/wmask0[1]    0.040000    0.277092   -0.237092 (VIOLATED)
yz_bram_ctrl_inst.yz_ram.u_mem.u_mem.g_2k[1].u_cell.u_sram/wmask0[1]    0.040000    0.276822   -0.236822 (VIOLATED)
data_bram_ctrl_inst.data_ram.u_mem.g_2k[0].u_cell.u_sram/addr0[1]    0.040000    0.275960   -0.235960 (VIOLATED)
data_bram_ctrl_inst.data_ram.u_mem.g_2k[0].u_cell.u_sram/wmask0[3]    0.040000    0.275812   -0.235812 (VIOLATED)
yz_bram_ctrl_inst.yz_ram.u_mem.u_mem.g_2k[3].u_cell.u_sram/addr0[1]    0.040000    0.275791   -0.235791 (VIOLATED)
yz_bram_ctrl_inst.yz_ram.u_mem.u_mem.g_2k[1].u_cell.u_sram/addr1[8]    0.040000    0.275699   -0.235699 (VIOLATED)
data_bram_ctrl_inst.data_ram.u_mem.g_2k[1].u_cell.u_sram/wmask0[2]    0.040000    0.275698   -0.235698 (VIOLATED)
data_bram_ctrl_inst.data_ram.u_mem.g_2k[2].u_cell.u_sram/addr1[7]    0.040000    0.275421   -0.235421 (VIOLATED)
yz_bram_ctrl_inst.yz_ram.u_mem.u_mem.g_1k.u_cell.u_sram/addr1[7]    0.040000    0.275294   -0.235294 (VIOLATED)
instr_bram_ctrl_inst.instr_ram.u_mem.g_2k[3].u_cell.u_sram/addr1[8]    0.040000    0.275232   -0.235232 (VIOLATED)
data_bram_ctrl_inst.data_ram.u_mem.g_2k[1].u_cell.u_sram/addr1[1]    0.040000    0.275229   -0.235229 (VIOLATED)
data_bram_ctrl_inst.data_ram.u_mem.g_2k[3].u_cell.u_sram/addr1[3]    0.040000    0.275215   -0.235215 (VIOLATED)
data_bram_ctrl_inst.data_ram.u_mem.g_2k[0].u_cell.u_sram/wmask0[1]    0.040000    0.275185   -0.235185 (VIOLATED)
yz_bram_ctrl_inst.yz_ram.u_mem.u_mem.g_2k[1].u_cell.u_sram/addr1[1]    0.040000    0.275113   -0.235113 (VIOLATED)
data_bram_ctrl_inst.data_ram.u_mem.g_2k[2].u_cell.u_sram/addr0[5]    0.040000    0.274925   -0.234925 (VIOLATED)
yz_bram_ctrl_inst.yz_ram.u_mem.u_mem.g_2k[3].u_cell.u_sram/wmask0[2]    0.040000    0.274753   -0.234753 (VIOLATED)
data_bram_ctrl_inst.data_ram.u_mem.g_2k[1].u_cell.u_sram/wmask0[1]    0.040000    0.274382   -0.234382 (VIOLATED)
yz_bram_ctrl_inst.yz_ram.u_mem.u_mem.g_2k[2].u_cell.u_sram/wmask0[3]    0.040000    0.274281   -0.234281 (VIOLATED)
yz_bram_ctrl_inst.yz_ram.u_mem.u_mem.g_2k[0].u_cell.u_sram/addr0[0]    0.040000    0.274250   -0.234250 (VIOLATED)
yz_bram_ctrl_inst.yz_ram.u_mem.u_mem.g_2k[1].u_cell.u_sram/wmask0[3]    0.040000    0.273652   -0.233652 (VIOLATED)
data_bram_ctrl_inst.data_ram.u_mem.g_2k[3].u_cell.u_sram/addr1[0]    0.040000    0.273627   -0.233627 (VIOLATED)
data_bram_ctrl_inst.data_ram.u_mem.g_2k[2].u_cell.u_sram/addr1[2]    0.040000    0.273624   -0.233624 (VIOLATED)
data_bram_ctrl_inst.data_ram.u_mem.g_2k[0].u_cell.u_sram/addr0[0]    0.040000    0.273561   -0.233561 (VIOLATED)
instr_bram_ctrl_inst.instr_ram.u_mem.g_2k[0].u_cell.u_sram/addr1[8]    0.040000    0.273478   -0.233478 (VIOLATED)
instr_bram_ctrl_inst.instr_ram.u_mem.g_2k[1].u_cell.u_sram/addr0[6]    0.040000    0.273432   -0.233432 (VIOLATED)
yz_bram_ctrl_inst.yz_ram.u_mem.u_mem.g_2k[3].u_cell.u_sram/wmask0[3]    0.040000    0.273406   -0.233406 (VIOLATED)
data_bram_ctrl_inst.data_ram.u_mem.g_2k[3].u_cell.u_sram/addr1[7]    0.040000    0.273372   -0.233372 (VIOLATED)
conv_accelerator_inst.u_conv_buf_ram.u_mem.u_mem.g_2k[0].u_cell.u_sram/wmask0[2]    0.040000    0.273347   -0.233347 (VIOLATED)
instr_bram_ctrl_inst.instr_ram.u_mem.g_2k[1].u_cell.u_sram/addr1[8]    0.040000    0.272691   -0.232691 (VIOLATED)
conv_accelerator_inst.u_conv_buf_ram.u_mem.u_mem.g_2k[1].u_cell.u_sram/addr1[8]    0.040000    0.272174   -0.232174 (VIOLATED)
yz_bram_ctrl_inst.yz_ram.u_mem.u_mem.g_2k[3].u_cell.u_sram/addr1[0]    0.040000    0.272016   -0.232016 (VIOLATED)
conv_accelerator_inst.u_conv_buf_ram.u_mem.u_mem.g_2k[1].u_cell.u_sram/wmask0[3]    0.040000    0.271798   -0.231798 (VIOLATED)
yz_bram_ctrl_inst.yz_ram.u_mem.u_mem.g_2k[2].u_cell.u_sram/addr0[0]    0.040000    0.271515   -0.231515 (VIOLATED)
data_bram_ctrl_inst.data_ram.u_mem.g_2k[3].u_cell.u_sram/addr1[4]    0.040000    0.271435   -0.231435 (VIOLATED)
instr_bram_ctrl_inst.instr_ram.u_mem.g_2k[3].u_cell.u_sram/wmask0[1]    0.040000    0.271431   -0.231431 (VIOLATED)
instr_bram_ctrl_inst.instr_ram.u_mem.g_2k[2].u_cell.u_sram/addr1[6]    0.040000    0.271346   -0.231346 (VIOLATED)
instr_bram_ctrl_inst.instr_ram.u_mem.g_2k[2].u_cell.u_sram/wmask0[0]    0.040000    0.270714   -0.230714 (VIOLATED)
data_bram_ctrl_inst.data_ram.u_mem.g_2k[2].u_cell.u_sram/wmask0[2]    0.040000    0.270670   -0.230670 (VIOLATED)
instr_bram_ctrl_inst.instr_ram.u_mem.g_2k[1].u_cell.u_sram/wmask0[2]    0.040000    0.270637   -0.230637 (VIOLATED)
data_bram_ctrl_inst.data_ram.u_mem.g_2k[1].u_cell.u_sram/addr1[0]    0.040000    0.270627   -0.230627 (VIOLATED)
instr_bram_ctrl_inst.instr_ram.u_mem.g_2k[1].u_cell.u_sram/addr0[3]    0.040000    0.270523   -0.230523 (VIOLATED)
yz_bram_ctrl_inst.yz_ram.u_mem.u_mem.g_1k.u_cell.u_sram/addr0[0]    0.040000    0.270398   -0.230398 (VIOLATED)
yz_bram_ctrl_inst.yz_ram.u_mem.u_mem.g_2k[0].u_cell.u_sram/addr0[1]    0.040000    0.270368   -0.230368 (VIOLATED)
yz_bram_ctrl_inst.yz_ram.u_mem.u_mem.g_2k[0].u_cell.u_sram/wmask0[2]    0.040000    0.270204   -0.230204 (VIOLATED)
instr_bram_ctrl_inst.instr_ram.u_mem.g_2k[3].u_cell.u_sram/addr1[0]    0.040000    0.270004   -0.230004 (VIOLATED)
conv_accelerator_inst.u_conv_buf_ram.u_mem.u_mem.g_2k[0].u_cell.u_sram/addr1[8]    0.040000    0.269946   -0.229946 (VIOLATED)
instr_bram_ctrl_inst.instr_ram.u_mem.g_2k[0].u_cell.u_sram/addr0[1]    0.040000    0.269870   -0.229870 (VIOLATED)
conv_accelerator_inst.u_conv_buf_ram.u_mem.u_mem.g_2k[0].u_cell.u_sram/addr0[7]    0.040000    0.269718   -0.229718 (VIOLATED)
instr_bram_ctrl_inst.instr_ram.u_mem.g_2k[1].u_cell.u_sram/addr1[3]    0.040000    0.269358   -0.229358 (VIOLATED)
data_bram_ctrl_inst.data_ram.u_mem.g_2k[0].u_cell.u_sram/addr1[7]    0.040000    0.269346   -0.229346 (VIOLATED)
conv_accelerator_inst.u_conv_buf_ram.u_mem.u_mem.g_2k[1].u_cell.u_sram/wmask0[2]    0.040000    0.268882   -0.228882 (VIOLATED)
yz_bram_ctrl_inst.yz_ram.u_mem.u_mem.g_1k.u_cell.u_sram/addr1[4]    0.040000    0.268845   -0.228845 (VIOLATED)
data_bram_ctrl_inst.data_ram.u_mem.g_2k[2].u_cell.u_sram/addr0[0]    0.040000    0.268699   -0.228699 (VIOLATED)
yz_bram_ctrl_inst.yz_ram.u_mem.u_mem.g_2k[2].u_cell.u_sram/wmask0[2]    0.040000    0.268681   -0.228681 (VIOLATED)
data_bram_ctrl_inst.data_ram.u_mem.g_2k[1].u_cell.u_sram/addr0[4]    0.040000    0.268616   -0.228616 (VIOLATED)
yz_bram_ctrl_inst.yz_ram.u_mem.u_mem.g_2k[3].u_cell.u_sram/addr0[2]    0.040000    0.268568   -0.228568 (VIOLATED)
data_bram_ctrl_inst.data_ram.u_mem.g_2k[1].u_cell.u_sram/addr1[5]    0.040000    0.268222   -0.228222 (VIOLATED)
conv_accelerator_inst.u_conv_buf_ram.u_mem.u_mem.g_2k[1].u_cell.u_sram/addr0[2]    0.040000    0.268126   -0.228126 (VIOLATED)
instr_bram_ctrl_inst.instr_ram.u_mem.g_2k[1].u_cell.u_sram/addr1[5]    0.040000    0.268007   -0.228007 (VIOLATED)
conv_accelerator_inst.u_conv_buf_ram.u_mem.u_mem.g_2k[1].u_cell.u_sram/addr0[3]    0.040000    0.267972   -0.227972 (VIOLATED)
conv_accelerator_inst.u_conv_buf_ram.u_mem.u_mem.g_2k[0].u_cell.u_sram/addr0[4]    0.040000    0.267910   -0.227910 (VIOLATED)
data_bram_ctrl_inst.data_ram.u_mem.g_2k[0].u_cell.u_sram/addr1[8]    0.040000    0.267622   -0.227622 (VIOLATED)
instr_bram_ctrl_inst.instr_ram.u_mem.g_2k[1].u_cell.u_sram/addr1[0]    0.040000    0.267563   -0.227563 (VIOLATED)
instr_bram_ctrl_inst.instr_ram.u_mem.g_2k[0].u_cell.u_sram/wmask0[0]    0.040000    0.267448   -0.227448 (VIOLATED)
conv_accelerator_inst.u_conv_buf_ram.u_mem.u_mem.g_2k[1].u_cell.u_sram/addr1[7]    0.040000    0.267296   -0.227296 (VIOLATED)
conv_accelerator_inst.u_conv_buf_ram.u_mem.u_mem.g_2k[1].u_cell.u_sram/addr0[7]    0.040000    0.267118   -0.227118 (VIOLATED)
conv_accelerator_inst.u_conv_buf_ram.u_mem.u_mem.g_2k[1].u_cell.u_sram/addr0[8]    0.040000    0.267100   -0.227100 (VIOLATED)
instr_bram_ctrl_inst.instr_ram.u_mem.g_2k[1].u_cell.u_sram/wmask0[1]    0.040000    0.267056   -0.227056 (VIOLATED)
data_bram_ctrl_inst.data_ram.u_mem.g_2k[1].u_cell.u_sram/addr1[3]    0.040000    0.267030   -0.227030 (VIOLATED)
yz_bram_ctrl_inst.yz_ram.u_mem.u_mem.g_2k[3].u_cell.u_sram/addr0[3]    0.040000    0.266924   -0.226924 (VIOLATED)
yz_bram_ctrl_inst.yz_ram.u_mem.u_mem.g_2k[1].u_cell.u_sram/addr0[5]    0.040000    0.266885   -0.226885 (VIOLATED)
data_bram_ctrl_inst.data_ram.u_mem.g_2k[3].u_cell.u_sram/addr1[1]    0.040000    0.266744   -0.226744 (VIOLATED)
data_bram_ctrl_inst.data_ram.u_mem.g_2k[3].u_cell.u_sram/addr1[6]    0.040000    0.266498   -0.226498 (VIOLATED)
instr_bram_ctrl_inst.instr_ram.u_mem.g_2k[2].u_cell.u_sram/addr1[4]    0.040000    0.266336   -0.226336 (VIOLATED)
conv_accelerator_inst.u_conv_buf_ram.u_mem.u_mem.g_2k[1].u_cell.u_sram/addr0[1]    0.040000    0.266276   -0.226276 (VIOLATED)
conv_accelerator_inst.u_conv_buf_ram.u_mem.u_mem.g_2k[0].u_cell.u_sram/addr1[3]    0.040000    0.266254   -0.226254 (VIOLATED)
data_bram_ctrl_inst.data_ram.u_mem.g_2k[3].u_cell.u_sram/addr1[2]    0.040000    0.266223   -0.226223 (VIOLATED)
yz_bram_ctrl_inst.yz_ram.u_mem.u_mem.g_2k[0].u_cell.u_sram/wmask0[3]    0.040000    0.266212   -0.226212 (VIOLATED)
instr_bram_ctrl_inst.instr_ram.u_mem.g_2k[2].u_cell.u_sram/wmask0[2]    0.040000    0.266209   -0.226209 (VIOLATED)
instr_bram_ctrl_inst.instr_ram.u_mem.g_2k[1].u_cell.u_sram/addr1[6]    0.040000    0.265942   -0.225942 (VIOLATED)
data_bram_ctrl_inst.data_ram.u_mem.g_2k[0].u_cell.u_sram/addr0[6]    0.040000    0.265612   -0.225612 (VIOLATED)
instr_bram_ctrl_inst.instr_ram.u_mem.g_2k[1].u_cell.u_sram/addr1[2]    0.040000    0.265335   -0.225335 (VIOLATED)
yz_bram_ctrl_inst.yz_ram.u_mem.u_mem.g_2k[3].u_cell.u_sram/addr0[6]    0.040000    0.265320   -0.225320 (VIOLATED)
yz_bram_ctrl_inst.yz_ram.u_mem.u_mem.g_2k[1].u_cell.u_sram/addr0[0]    0.040000    0.265230   -0.225230 (VIOLATED)
conv_accelerator_inst.u_conv_buf_ram.u_mem.u_mem.g_2k[0].u_cell.u_sram/addr0[0]    0.040000    0.265065   -0.225065 (VIOLATED)
data_bram_ctrl_inst.data_ram.u_mem.g_2k[0].u_cell.u_sram/addr1[4]    0.040000    0.265043   -0.225043 (VIOLATED)
yz_bram_ctrl_inst.yz_ram.u_mem.u_mem.g_2k[3].u_cell.u_sram/addr0[5]    0.040000    0.264982   -0.224982 (VIOLATED)
data_bram_ctrl_inst.data_ram.u_mem.g_2k[0].u_cell.u_sram/addr0[4]    0.040000    0.264979   -0.224979 (VIOLATED)
instr_bram_ctrl_inst.instr_ram.u_mem.g_2k[1].u_cell.u_sram/addr1[4]    0.040000    0.264865   -0.224865 (VIOLATED)
conv_accelerator_inst.u_conv_buf_ram.u_mem.u_mem.g_2k[0].u_cell.u_sram/addr1[6]    0.040000    0.264742   -0.224742 (VIOLATED)
data_bram_ctrl_inst.data_ram.u_mem.g_2k[2].u_cell.u_sram/wmask0[1]    0.040000    0.264713   -0.224713 (VIOLATED)
yz_bram_ctrl_inst.yz_ram.u_mem.u_mem.g_2k[0].u_cell.u_sram/addr1[1]    0.040000    0.264560   -0.224560 (VIOLATED)
conv_accelerator_inst.u_conv_buf_ram.u_mem.u_mem.g_2k[1].u_cell.u_sram/addr0[4]    0.040000    0.264506   -0.224506 (VIOLATED)
data_bram_ctrl_inst.data_ram.u_mem.g_2k[3].u_cell.u_sram/addr0[1]    0.040000    0.264479   -0.224479 (VIOLATED)
yz_bram_ctrl_inst.yz_ram.u_mem.u_mem.g_2k[2].u_cell.u_sram/wmask0[1]    0.040000    0.264476   -0.224476 (VIOLATED)
data_bram_ctrl_inst.data_ram.u_mem.g_2k[3].u_cell.u_sram/addr0[0]    0.040000    0.264301   -0.224301 (VIOLATED)
yz_bram_ctrl_inst.yz_ram.u_mem.u_mem.g_2k[1].u_cell.u_sram/addr1[0]    0.040000    0.264117   -0.224117 (VIOLATED)
conv_accelerator_inst.u_conv_buf_ram.u_mem.u_mem.g_2k[1].u_cell.u_sram/addr0[0]    0.040000    0.264058   -0.224058 (VIOLATED)
yz_bram_ctrl_inst.yz_ram.u_mem.u_mem.g_1k.u_cell.u_sram/wmask0[0]    0.040000    0.263703   -0.223703 (VIOLATED)
conv_accelerator_inst.u_conv_buf_ram.u_mem.u_mem.g_2k[1].u_cell.u_sram/addr0[6]    0.040000    0.263523   -0.223523 (VIOLATED)
instr_bram_ctrl_inst.instr_ram.u_mem.g_2k[2].u_cell.u_sram/addr1[2]    0.040000    0.263203   -0.223203 (VIOLATED)
yz_bram_ctrl_inst.yz_ram.u_mem.u_mem.g_2k[2].u_cell.u_sram/addr0[1]    0.040000    0.263089   -0.223089 (VIOLATED)
instr_bram_ctrl_inst.instr_ram.u_mem.g_2k[3].u_cell.u_sram/addr1[1]    0.040000    0.263021   -0.223021 (VIOLATED)
instr_bram_ctrl_inst.instr_ram.u_mem.g_2k[2].u_cell.u_sram/addr0[6]    0.040000    0.262923   -0.222923 (VIOLATED)
yz_bram_ctrl_inst.yz_ram.u_mem.u_mem.g_2k[2].u_cell.u_sram/addr1[1]    0.040000    0.262807   -0.222807 (VIOLATED)
conv_accelerator_inst.u_conv_buf_ram.u_mem.u_mem.g_2k[0].u_cell.u_sram/addr0[6]    0.040000    0.262751   -0.222751 (VIOLATED)
instr_bram_ctrl_inst.instr_ram.u_mem.g_2k[3].u_cell.u_sram/wmask0[0]    0.040000    0.262524   -0.222524 (VIOLATED)
yz_bram_ctrl_inst.yz_ram.u_mem.u_mem.g_2k[3].u_cell.u_sram/addr0[4]    0.040000    0.262511   -0.222511 (VIOLATED)
data_bram_ctrl_inst.data_ram.u_mem.g_2k[0].u_cell.u_sram/addr0[8]    0.040000    0.262254   -0.222254 (VIOLATED)
yz_bram_ctrl_inst.yz_ram.u_mem.u_mem.g_2k[3].u_cell.u_sram/addr1[5]    0.040000    0.262135   -0.222135 (VIOLATED)
data_bram_ctrl_inst.data_ram.u_mem.g_2k[3].u_cell.u_sram/addr0[7]    0.040000    0.262129   -0.222129 (VIOLATED)
instr_bram_ctrl_inst.instr_ram.u_mem.g_2k[0].u_cell.u_sram/addr0[4]    0.040000    0.262125   -0.222125 (VIOLATED)
yz_bram_ctrl_inst.yz_ram.u_mem.u_mem.g_2k[0].u_cell.u_sram/wmask0[0]    0.040000    0.262061   -0.222061 (VIOLATED)
conv_accelerator_inst.u_conv_buf_ram.u_mem.u_mem.g_2k[1].u_cell.u_sram/addr0[5]    0.040000    0.262032   -0.222032 (VIOLATED)
yz_bram_ctrl_inst.yz_ram.u_mem.u_mem.g_2k[2].u_cell.u_sram/addr0[4]    0.040000    0.261977   -0.221977 (VIOLATED)
data_bram_ctrl_inst.data_ram.u_mem.g_2k[3].u_cell.u_sram/wmask0[3]    0.040000    0.261972   -0.221972 (VIOLATED)
data_bram_ctrl_inst.data_ram.u_mem.g_2k[1].u_cell.u_sram/addr0[6]    0.040000    0.261826   -0.221826 (VIOLATED)
yz_bram_ctrl_inst.yz_ram.u_mem.u_mem.g_2k[2].u_cell.u_sram/addr0[6]    0.040000    0.261822   -0.221822 (VIOLATED)
conv_accelerator_inst.u_conv_buf_ram.u_mem.u_mem.g_2k[0].u_cell.u_sram/addr1[4]    0.040000    0.261780   -0.221780 (VIOLATED)
instr_bram_ctrl_inst.instr_ram.u_mem.g_2k[0].u_cell.u_sram/addr0[6]    0.040000    0.261728   -0.221728 (VIOLATED)
yz_bram_ctrl_inst.yz_ram.u_mem.u_mem.g_2k[1].u_cell.u_sram/addr0[4]    0.040000    0.261715   -0.221715 (VIOLATED)
instr_bram_ctrl_inst.instr_ram.u_mem.g_2k[2].u_cell.u_sram/addr0[4]    0.040000    0.261473   -0.221473 (VIOLATED)
yz_bram_ctrl_inst.yz_ram.u_mem.u_mem.g_2k[0].u_cell.u_sram/addr1[5]    0.040000    0.261276   -0.221276 (VIOLATED)
yz_bram_ctrl_inst.yz_ram.u_mem.u_mem.g_2k[2].u_cell.u_sram/wmask0[0]    0.040000    0.261204   -0.221204 (VIOLATED)
data_bram_ctrl_inst.data_ram.u_mem.g_2k[3].u_cell.u_sram/addr0[4]    0.040000    0.261091   -0.221091 (VIOLATED)
data_bram_ctrl_inst.data_ram.u_mem.g_2k[1].u_cell.u_sram/addr0[3]    0.040000    0.261037   -0.221038 (VIOLATED)
instr_bram_ctrl_inst.instr_ram.u_mem.g_2k[3].u_cell.u_sram/addr0[4]    0.040000    0.260789   -0.220789 (VIOLATED)
instr_bram_ctrl_inst.instr_ram.u_mem.g_2k[3].u_cell.u_sram/addr0[6]    0.040000    0.260788   -0.220788 (VIOLATED)
yz_bram_ctrl_inst.yz_ram.u_mem.u_mem.g_2k[0].u_cell.u_sram/addr1[0]    0.040000    0.260554   -0.220554 (VIOLATED)
instr_bram_ctrl_inst.instr_ram.u_mem.g_2k[0].u_cell.u_sram/addr0[8]    0.040000    0.260438   -0.220438 (VIOLATED)
data_bram_ctrl_inst.data_ram.u_mem.g_2k[1].u_cell.u_sram/addr1[2]    0.040000    0.260421   -0.220421 (VIOLATED)
yz_bram_ctrl_inst.yz_ram.u_mem.u_mem.g_2k[0].u_cell.u_sram/addr1[6]    0.040000    0.260411   -0.220411 (VIOLATED)
yz_bram_ctrl_inst.yz_ram.u_mem.u_mem.g_2k[0].u_cell.u_sram/wmask0[1]    0.040000    0.260260   -0.220260 (VIOLATED)
data_bram_ctrl_inst.data_ram.u_mem.g_2k[1].u_cell.u_sram/addr0[7]    0.040000    0.260213   -0.220213 (VIOLATED)
conv_accelerator_inst.u_conv_buf_ram.u_mem.u_mem.g_2k[0].u_cell.u_sram/addr0[2]    0.040000    0.260140   -0.220140 (VIOLATED)
data_bram_ctrl_inst.data_ram.u_mem.g_2k[0].u_cell.u_sram/addr1[6]    0.040000    0.260098   -0.220098 (VIOLATED)
data_bram_ctrl_inst.data_ram.u_mem.g_2k[3].u_cell.u_sram/addr0[3]    0.040000    0.260034   -0.220034 (VIOLATED)
data_bram_ctrl_inst.data_ram.u_mem.g_2k[1].u_cell.u_sram/addr0[8]    0.040000    0.260007   -0.220007 (VIOLATED)
data_bram_ctrl_inst.data_ram.u_mem.g_2k[3].u_cell.u_sram/wmask0[0]    0.040000    0.259968   -0.219968 (VIOLATED)
yz_bram_ctrl_inst.yz_ram.u_mem.u_mem.g_2k[1].u_cell.u_sram/addr1[5]    0.040000    0.259851   -0.219851 (VIOLATED)
yz_bram_ctrl_inst.yz_ram.u_mem.u_mem.g_2k[3].u_cell.u_sram/addr1[6]    0.040000    0.259775   -0.219775 (VIOLATED)
yz_bram_ctrl_inst.yz_ram.u_mem.u_mem.g_2k[3].u_cell.u_sram/addr0[7]    0.040000    0.259723   -0.219723 (VIOLATED)
instr_bram_ctrl_inst.instr_ram.u_mem.g_2k[0].u_cell.u_sram/addr0[0]    0.040000    0.259651   -0.219651 (VIOLATED)
yz_bram_ctrl_inst.yz_ram.u_mem.u_mem.g_2k[1].u_cell.u_sram/addr1[6]    0.040000    0.259610   -0.219610 (VIOLATED)
yz_bram_ctrl_inst.yz_ram.u_mem.u_mem.g_2k[3].u_cell.u_sram/addr1[2]    0.040000    0.259605   -0.219605 (VIOLATED)
conv_accelerator_inst.u_conv_buf_ram.u_mem.u_mem.g_2k[1].u_cell.u_sram/addr1[3]    0.040000    0.259508   -0.219508 (VIOLATED)
data_bram_ctrl_inst.data_ram.u_mem.g_2k[0].u_cell.u_sram/addr0[2]    0.040000    0.259434   -0.219434 (VIOLATED)
yz_bram_ctrl_inst.yz_ram.u_mem.u_mem.g_2k[0].u_cell.u_sram/addr1[4]    0.040000    0.259215   -0.219215 (VIOLATED)
yz_bram_ctrl_inst.yz_ram.u_mem.u_mem.g_1k.u_cell.u_sram/addr1[2]    0.040000    0.259213   -0.219213 (VIOLATED)
data_bram_ctrl_inst.data_ram.u_mem.g_2k[1].u_cell.u_sram/addr1[4]    0.040000    0.258752   -0.218752 (VIOLATED)
yz_bram_ctrl_inst.yz_ram.u_mem.u_mem.g_2k[3].u_cell.u_sram/addr1[4]    0.040000    0.258656   -0.218656 (VIOLATED)
yz_bram_ctrl_inst.yz_ram.u_mem.u_mem.g_2k[1].u_cell.u_sram/addr0[2]    0.040000    0.258620   -0.218620 (VIOLATED)
data_bram_ctrl_inst.data_ram.u_mem.g_2k[0].u_cell.u_sram/addr1[5]    0.040000    0.258608   -0.218608 (VIOLATED)
instr_bram_ctrl_inst.instr_ram.u_mem.g_2k[0].u_cell.u_sram/addr0[2]    0.040000    0.258497   -0.218497 (VIOLATED)
instr_bram_ctrl_inst.instr_ram.u_mem.g_2k[3].u_cell.u_sram/addr1[3]    0.040000    0.258477   -0.218477 (VIOLATED)
yz_bram_ctrl_inst.yz_ram.u_mem.u_mem.g_2k[2].u_cell.u_sram/addr0[2]    0.040000    0.258421   -0.218421 (VIOLATED)
data_bram_ctrl_inst.data_ram.u_mem.g_2k[0].u_cell.u_sram/addr0[5]    0.040000    0.258403   -0.218403 (VIOLATED)
yz_bram_ctrl_inst.yz_ram.u_mem.u_mem.g_1k.u_cell.u_sram/addr0[7]    0.040000    0.258361   -0.218361 (VIOLATED)
conv_accelerator_inst.u_conv_buf_ram.u_mem.u_mem.g_2k[0].u_cell.u_sram/addr1[5]    0.040000    0.258302   -0.218302 (VIOLATED)
data_bram_ctrl_inst.data_ram.u_mem.g_2k[3].u_cell.u_sram/addr0[8]    0.040000    0.258084   -0.218084 (VIOLATED)
instr_bram_ctrl_inst.instr_ram.u_mem.g_2k[2].u_cell.u_sram/addr0[1]    0.040000    0.258076   -0.218076 (VIOLATED)
conv_accelerator_inst.u_conv_buf_ram.u_mem.u_mem.g_2k[1].u_cell.u_sram/addr1[1]    0.040000    0.258056   -0.218056 (VIOLATED)
instr_bram_ctrl_inst.instr_ram.u_mem.g_2k[3].u_cell.u_sram/addr1[6]    0.040000    0.258021   -0.218021 (VIOLATED)
yz_bram_ctrl_inst.yz_ram.u_mem.u_mem.g_2k[1].u_cell.u_sram/addr1[4]    0.040000    0.257997   -0.217997 (VIOLATED)
instr_bram_ctrl_inst.instr_ram.u_mem.g_2k[2].u_cell.u_sram/addr0[8]    0.040000    0.257887   -0.217887 (VIOLATED)
data_bram_ctrl_inst.data_ram.u_mem.g_2k[0].u_cell.u_sram/addr0[3]    0.040000    0.257882   -0.217882 (VIOLATED)
yz_bram_ctrl_inst.yz_ram.u_mem.u_mem.g_2k[1].u_cell.u_sram/addr0[6]    0.040000    0.257874   -0.217874 (VIOLATED)
instr_bram_ctrl_inst.instr_ram.u_mem.g_2k[0].u_cell.u_sram/addr0[3]    0.040000    0.257789   -0.217789 (VIOLATED)
yz_bram_ctrl_inst.yz_ram.u_mem.u_mem.g_1k.u_cell.u_sram/addr1[3]    0.040000    0.257775   -0.217775 (VIOLATED)
instr_bram_ctrl_inst.instr_ram.u_mem.g_2k[0].u_cell.u_sram/addr1[5]    0.040000    0.257631   -0.217631 (VIOLATED)
instr_bram_ctrl_inst.instr_ram.u_mem.g_2k[3].u_cell.u_sram/addr1[4]    0.040000    0.257623   -0.217623 (VIOLATED)
yz_bram_ctrl_inst.yz_ram.u_mem.u_mem.g_2k[2].u_cell.u_sram/addr1[5]    0.040000    0.257516   -0.217516 (VIOLATED)
conv_accelerator_inst.u_conv_buf_ram.u_mem.u_mem.g_2k[0].u_cell.u_sram/addr0[1]    0.040000    0.257375   -0.217375 (VIOLATED)
yz_bram_ctrl_inst.yz_ram.u_mem.u_mem.g_2k[0].u_cell.u_sram/addr0[4]    0.040000    0.257368   -0.217368 (VIOLATED)
yz_bram_ctrl_inst.yz_ram.u_mem.u_mem.g_2k[2].u_cell.u_sram/addr1[6]    0.040000    0.257296   -0.217296 (VIOLATED)
yz_bram_ctrl_inst.yz_ram.u_mem.u_mem.g_2k[3].u_cell.u_sram/addr1[3]    0.040000    0.257281   -0.217281 (VIOLATED)
data_bram_ctrl_inst.data_ram.u_mem.g_2k[0].u_cell.u_sram/addr1[2]    0.040000    0.257058   -0.217058 (VIOLATED)
instr_bram_ctrl_inst.instr_ram.u_mem.g_2k[3].u_cell.u_sram/addr1[5]    0.040000    0.256824   -0.216824 (VIOLATED)
instr_bram_ctrl_inst.instr_ram.u_mem.g_2k[2].u_cell.u_sram/addr0[2]    0.040000    0.256732   -0.216733 (VIOLATED)
yz_bram_ctrl_inst.yz_ram.u_mem.u_mem.g_2k[0].u_cell.u_sram/addr0[2]    0.040000    0.256495   -0.216495 (VIOLATED)
data_bram_ctrl_inst.data_ram.u_mem.g_2k[1].u_cell.u_sram/addr0[5]    0.040000    0.256493   -0.216493 (VIOLATED)
conv_accelerator_inst.u_conv_buf_ram.u_mem.u_mem.g_2k[0].u_cell.u_sram/addr1[2]    0.040000    0.256479   -0.216479 (VIOLATED)
yz_bram_ctrl_inst.yz_ram.u_mem.u_mem.g_2k[0].u_cell.u_sram/addr0[6]    0.040000    0.256473   -0.216473 (VIOLATED)
instr_bram_ctrl_inst.instr_ram.u_mem.g_2k[2].u_cell.u_sram/addr1[5]    0.040000    0.256458   -0.216458 (VIOLATED)
data_bram_ctrl_inst.data_ram.u_mem.g_2k[3].u_cell.u_sram/addr0[5]    0.040000    0.256337   -0.216337 (VIOLATED)
conv_accelerator_inst.u_conv_buf_ram.u_mem.u_mem.g_2k[1].u_cell.u_sram/addr1[4]    0.040000    0.256321   -0.216321 (VIOLATED)
instr_bram_ctrl_inst.instr_ram.u_mem.g_2k[3].u_cell.u_sram/addr0[2]    0.040000    0.256317   -0.216317 (VIOLATED)
conv_accelerator_inst.u_conv_buf_ram.u_mem.u_mem.g_2k[0].u_cell.u_sram/wmask0[1]    0.040000    0.256255   -0.216255 (VIOLATED)
data_bram_ctrl_inst.data_ram.u_mem.g_2k[3].u_cell.u_sram/wmask0[1]    0.040000    0.256149   -0.216149 (VIOLATED)
instr_bram_ctrl_inst.instr_ram.u_mem.g_2k[0].u_cell.u_sram/addr1[1]    0.040000    0.256120   -0.216120 (VIOLATED)
yz_bram_ctrl_inst.yz_ram.u_mem.u_mem.g_2k[3].u_cell.u_sram/addr1[1]    0.040000    0.256063   -0.216063 (VIOLATED)
data_bram_ctrl_inst.data_ram.u_mem.g_2k[3].u_cell.u_sram/wmask0[2]    0.040000    0.255990   -0.215990 (VIOLATED)
yz_bram_ctrl_inst.yz_ram.u_mem.u_mem.g_1k.u_cell.u_sram/addr0[1]    0.040000    0.255958   -0.215958 (VIOLATED)
instr_bram_ctrl_inst.instr_ram.u_mem.g_2k[3].u_cell.u_sram/addr1[2]    0.040000    0.255794   -0.215794 (VIOLATED)
instr_bram_ctrl_inst.instr_ram.u_mem.g_2k[2].u_cell.u_sram/addr0[3]    0.040000    0.255756   -0.215756 (VIOLATED)
conv_accelerator_inst.u_conv_buf_ram.u_mem.u_mem.g_2k[0].u_cell.u_sram/addr0[8]    0.040000    0.255598   -0.215598 (VIOLATED)
instr_bram_ctrl_inst.instr_ram.u_mem.g_2k[2].u_cell.u_sram/addr0[0]    0.040000    0.255444   -0.215444 (VIOLATED)
yz_bram_ctrl_inst.yz_ram.u_mem.u_mem.g_1k.u_cell.u_sram/addr0[5]    0.040000    0.255381   -0.215381 (VIOLATED)
yz_bram_ctrl_inst.yz_ram.u_mem.u_mem.g_1k.u_cell.u_sram/addr0[4]    0.040000    0.255381   -0.215381 (VIOLATED)
yz_bram_ctrl_inst.yz_ram.u_mem.u_mem.g_1k.u_cell.u_sram/addr0[3]    0.040000    0.255350   -0.215350 (VIOLATED)
instr_bram_ctrl_inst.instr_ram.u_mem.g_2k[0].u_cell.u_sram/addr1[6]    0.040000    0.255303   -0.215303 (VIOLATED)
conv_accelerator_inst.u_conv_buf_ram.u_mem.u_mem.g_2k[0].u_cell.u_sram/wmask0[0]    0.040000    0.255287   -0.215287 (VIOLATED)
data_bram_ctrl_inst.data_ram.u_mem.g_2k[0].u_cell.u_sram/addr1[3]    0.040000    0.255269   -0.215269 (VIOLATED)
instr_bram_ctrl_inst.instr_ram.u_mem.g_2k[2].u_cell.u_sram/addr0[5]    0.040000    0.255020   -0.215020 (VIOLATED)
instr_bram_ctrl_inst.instr_ram.u_mem.g_2k[2].u_cell.u_sram/wmask0[3]    0.040000    0.255017   -0.215017 (VIOLATED)
yz_bram_ctrl_inst.yz_ram.u_mem.u_mem.g_2k[2].u_cell.u_sram/addr0[7]    0.040000    0.255013   -0.215013 (VIOLATED)
instr_bram_ctrl_inst.instr_ram.u_mem.g_2k[0].u_cell.u_sram/addr0[5]    0.040000    0.254927   -0.214927 (VIOLATED)
instr_bram_ctrl_inst.instr_ram.u_mem.g_2k[0].u_cell.u_sram/addr1[4]    0.040000    0.254894   -0.214894 (VIOLATED)
yz_bram_ctrl_inst.yz_ram.u_mem.u_mem.g_2k[2].u_cell.u_sram/addr0[8]    0.040000    0.254879   -0.214879 (VIOLATED)
instr_bram_ctrl_inst.instr_ram.u_mem.g_2k[0].u_cell.u_sram/addr1[0]    0.040000    0.254842   -0.214842 (VIOLATED)
instr_bram_ctrl_inst.instr_ram.u_mem.g_2k[3].u_cell.u_sram/addr0[3]    0.040000    0.254824   -0.214824 (VIOLATED)
data_bram_ctrl_inst.data_ram.u_mem.g_2k[0].u_cell.u_sram/addr0[7]    0.040000    0.254696   -0.214696 (VIOLATED)
instr_bram_ctrl_inst.instr_ram.u_mem.g_2k[0].u_cell.u_sram/wmask0[1]    0.040000    0.254622   -0.214621 (VIOLATED)
data_bram_ctrl_inst.data_ram.u_mem.g_2k[0].u_cell.u_sram/addr1[1]    0.040000    0.254568   -0.214568 (VIOLATED)
yz_bram_ctrl_inst.yz_ram.u_mem.u_mem.g_2k[3].u_cell.u_sram/addr0[8]    0.040000    0.254537   -0.214537 (VIOLATED)
instr_bram_ctrl_inst.instr_ram.u_mem.g_2k[2].u_cell.u_sram/addr1[3]    0.040000    0.254536   -0.214536 (VIOLATED)
instr_bram_ctrl_inst.instr_ram.u_mem.g_2k[0].u_cell.u_sram/addr1[3]    0.040000    0.254535   -0.214535 (VIOLATED)
data_bram_ctrl_inst.data_ram.u_mem.g_2k[3].u_cell.u_sram/addr0[6]    0.040000    0.254340   -0.214340 (VIOLATED)
yz_bram_ctrl_inst.yz_ram.u_mem.u_mem.g_2k[2].u_cell.u_sram/addr0[3]    0.040000    0.254265   -0.214265 (VIOLATED)
yz_bram_ctrl_inst.yz_ram.u_mem.u_mem.g_1k.u_cell.u_sram/addr1[0]    0.040000    0.254255   -0.214255 (VIOLATED)
conv_accelerator_inst.u_conv_buf_ram.u_mem.u_mem.g_2k[0].u_cell.u_sram/addr1[1]    0.040000    0.254123   -0.214123 (VIOLATED)
conv_accelerator_inst.u_conv_buf_ram.u_mem.u_mem.g_2k[1].u_cell.u_sram/addr1[0]    0.040000    0.254117   -0.214117 (VIOLATED)
instr_bram_ctrl_inst.instr_ram.u_mem.g_2k[2].u_cell.u_sram/addr1[1]    0.040000    0.254111   -0.214111 (VIOLATED)
yz_bram_ctrl_inst.yz_ram.u_mem.u_mem.g_1k.u_cell.u_sram/addr0[2]    0.040000    0.253876   -0.213876 (VIOLATED)
yz_bram_ctrl_inst.yz_ram.u_mem.u_mem.g_1k.u_cell.u_sram/addr0[6]    0.040000    0.253870   -0.213870 (VIOLATED)
instr_bram_ctrl_inst.instr_ram.u_mem.g_2k[2].u_cell.u_sram/addr1[0]    0.040000    0.253666   -0.213666 (VIOLATED)
data_bram_ctrl_inst.data_ram.u_mem.g_2k[1].u_cell.u_sram/addr0[2]    0.040000    0.253441   -0.213441 (VIOLATED)
yz_bram_ctrl_inst.yz_ram.u_mem.u_mem.g_1k.u_cell.u_sram/wmask0[2]    0.040000    0.253362   -0.213362 (VIOLATED)
yz_bram_ctrl_inst.yz_ram.u_mem.u_mem.g_1k.u_cell.u_sram/wmask0[1]    0.040000    0.253352   -0.213352 (VIOLATED)
instr_bram_ctrl_inst.instr_ram.u_mem.g_2k[3].u_cell.u_sram/addr0[5]    0.040000    0.253336   -0.213336 (VIOLATED)
data_bram_ctrl_inst.data_ram.u_mem.g_2k[3].u_cell.u_sram/addr0[2]    0.040000    0.253282   -0.213282 (VIOLATED)
yz_bram_ctrl_inst.yz_ram.u_mem.u_mem.g_2k[1].u_cell.u_sram/addr0[7]    0.040000    0.253044   -0.213044 (VIOLATED)
conv_accelerator_inst.u_conv_buf_ram.u_mem.u_mem.g_2k[1].u_cell.u_sram/addr1[2]    0.040000    0.252773   -0.212773 (VIOLATED)
yz_bram_ctrl_inst.yz_ram.u_mem.u_mem.g_2k[2].u_cell.u_sram/addr1[3]    0.040000    0.252659   -0.212659 (VIOLATED)
yz_bram_ctrl_inst.yz_ram.u_mem.u_mem.g_2k[1].u_cell.u_sram/addr1[3]    0.040000    0.252657   -0.212657 (VIOLATED)
yz_bram_ctrl_inst.yz_ram.u_mem.u_mem.g_2k[1].u_cell.u_sram/addr0[3]    0.040000    0.252537   -0.212537 (VIOLATED)
yz_bram_ctrl_inst.yz_ram.u_mem.u_mem.g_2k[2].u_cell.u_sram/addr1[4]    0.040000    0.252385   -0.212385 (VIOLATED)
yz_bram_ctrl_inst.yz_ram.u_mem.u_mem.g_2k[1].u_cell.u_sram/addr0[8]    0.040000    0.252357   -0.212357 (VIOLATED)
yz_bram_ctrl_inst.yz_ram.u_mem.u_mem.g_2k[0].u_cell.u_sram/addr0[8]    0.040000    0.252180   -0.212180 (VIOLATED)
yz_bram_ctrl_inst.yz_ram.u_mem.u_mem.g_2k[0].u_cell.u_sram/addr0[3]    0.040000    0.252155   -0.212155 (VIOLATED)
yz_bram_ctrl_inst.yz_ram.u_mem.u_mem.g_2k[2].u_cell.u_sram/addr0[5]    0.040000    0.252008   -0.212008 (VIOLATED)
instr_bram_ctrl_inst.instr_ram.u_mem.g_2k[3].u_cell.u_sram/addr0[8]    0.040000    0.251980   -0.211980 (VIOLATED)
yz_bram_ctrl_inst.yz_ram.u_mem.u_mem.g_2k[0].u_cell.u_sram/addr1[3]    0.040000    0.251928   -0.211928 (VIOLATED)
instr_bram_ctrl_inst.instr_ram.u_mem.g_2k[0].u_cell.u_sram/wmask0[3]    0.040000    0.251799   -0.211799 (VIOLATED)
yz_bram_ctrl_inst.yz_ram.u_mem.u_mem.g_2k[0].u_cell.u_sram/addr0[7]    0.040000    0.251763   -0.211763 (VIOLATED)
conv_accelerator_inst.u_conv_buf_ram.u_mem.u_mem.g_2k[0].u_cell.u_sram/addr1[0]    0.040000    0.251629   -0.211629 (VIOLATED)
data_bram_ctrl_inst.data_ram.u_mem.g_2k[0].u_cell.u_sram/addr1[0]    0.040000    0.251496   -0.211495 (VIOLATED)
instr_bram_ctrl_inst.instr_ram.u_mem.g_2k[0].u_cell.u_sram/addr0[7]    0.040000    0.251240   -0.211240 (VIOLATED)
instr_bram_ctrl_inst.instr_ram.u_mem.g_2k[0].u_cell.u_sram/wmask0[2]    0.040000    0.251101   -0.211101 (VIOLATED)
yz_bram_ctrl_inst.yz_ram.u_mem.u_mem.g_1k.u_cell.u_sram/addr1[1]    0.040000    0.250982   -0.210982 (VIOLATED)
yz_bram_ctrl_inst.yz_ram.u_mem.u_mem.g_2k[0].u_cell.u_sram/addr1[2]    0.040000    0.250982   -0.210982 (VIOLATED)
instr_bram_ctrl_inst.instr_ram.u_mem.g_2k[3].u_cell.u_sram/addr0[7]    0.040000    0.250912   -0.210912 (VIOLATED)
yz_bram_ctrl_inst.yz_ram.u_mem.u_mem.g_2k[1].u_cell.u_sram/addr1[2]    0.040000    0.250710   -0.210710 (VIOLATED)
yz_bram_ctrl_inst.yz_ram.u_mem.u_mem.g_2k[2].u_cell.u_sram/addr1[2]    0.040000    0.250538   -0.210538 (VIOLATED)
instr_bram_ctrl_inst.instr_ram.u_mem.g_2k[2].u_cell.u_sram/addr0[7]    0.040000    0.250521   -0.210521 (VIOLATED)
instr_bram_ctrl_inst.instr_ram.u_mem.g_2k[0].u_cell.u_sram/addr1[2]    0.040000    0.248869   -0.208869 (VIOLATED)
yz_bram_ctrl_inst.yz_ram.u_mem.u_mem.g_2k[0].u_cell.u_sram/addr0[5]    0.040000    0.248609   -0.208609 (VIOLATED)
_079251_/A1                             0.750000    0.870729   -0.120729 (VIOLATED)
wire16697/A                             0.750000    0.870723   -0.120723 (VIOLATED)
_076799_/A1                             0.750000    0.870621   -0.120621 (VIOLATED)
fanout16687/X                           0.750000    0.870615   -0.120615 (VIOLATED)
wire8097/A                              0.750000    0.861561   -0.111561 (VIOLATED)
wire8100/A                              0.750000    0.861404   -0.111404 (VIOLATED)
_071504_/Y                              0.750000    0.861278   -0.111278 (VIOLATED)
wire16350/A                             0.750000    0.859932   -0.109932 (VIOLATED)
fanout16301/A                           0.750000    0.859910   -0.109910 (VIOLATED)
fanout16337/X                           0.750000    0.859907   -0.109907 (VIOLATED)
wire19309/A                             0.750000    0.858606   -0.108606 (VIOLATED)
wire19322/A                             0.750000    0.858561   -0.108561 (VIOLATED)
fanout19294/A                           0.750000    0.858541   -0.108541 (VIOLATED)
fanout19307/X                           0.750000    0.858536   -0.108536 (VIOLATED)
_073659_/A2_N                           0.750000    0.855884   -0.105884 (VIOLATED)
_073658_/Y                              0.750000    0.855856   -0.105856 (VIOLATED)
_063838_/B                              0.750000    0.852284   -0.102284 (VIOLATED)
_063846_/A1                             0.750000    0.852269   -0.102269 (VIOLATED)
_112225_/B                              0.750000    0.852261   -0.102261 (VIOLATED)
_063836_/D_N                            0.750000    0.852255   -0.102255 (VIOLATED)
_063757_/A                              0.750000    0.852251   -0.102251 (VIOLATED)
_063750_/B                              0.750000    0.852213   -0.102213 (VIOLATED)
rebuffer49761/X                         0.750000    0.852185   -0.102186 (VIOLATED)
wire12591/A                             0.750000    0.844359   -0.094359 (VIOLATED)
load_slew12600/A                        0.750000    0.844356   -0.094356 (VIOLATED)
_075377_/C1                             0.750000    0.844302   -0.094302 (VIOLATED)
_079930_/C1                             0.750000    0.844231   -0.094231 (VIOLATED)
fanout12589/X                           0.750000    0.844220   -0.094220 (VIOLATED)
wire28887/A                             0.750000    0.839200   -0.089200 (VIOLATED)
_073706_/A1                             0.750000    0.839176   -0.089176 (VIOLATED)
load_slew28888/A                        0.750000    0.839146   -0.089146 (VIOLATED)
fanout28878/X                           0.750000    0.839125   -0.089125 (VIOLATED)
wire6944/A                              0.750000    0.837457   -0.087457 (VIOLATED)
wire6949/A                              0.750000    0.837456   -0.087456 (VIOLATED)
_074607_/B                              0.750000    0.837440   -0.087440 (VIOLATED)
_072651_/Y                              0.750000    0.837409   -0.087409 (VIOLATED)
wire31228/A                             0.750000    0.836680   -0.086680 (VIOLATED)
_077520_/A2                             0.750000    0.836613   -0.086613 (VIOLATED)
_074721_/B1                             0.750000    0.836562   -0.086562 (VIOLATED)
rebuffer49737/X                         0.750000    0.836549   -0.086549 (VIOLATED)
wire8010/A                              0.750000    0.830065   -0.080065 (VIOLATED)
wire8014/A                              0.750000    0.830057   -0.080057 (VIOLATED)
_077964_/A1                             0.750000    0.830017   -0.080017 (VIOLATED)
_071589_/Y                              0.750000    0.829897   -0.079897 (VIOLATED)
wire1511/A                              0.750000    0.829158   -0.079159 (VIOLATED)
_114325_/B2                             0.750000    0.829157   -0.079157 (VIOLATED)
_112499_/B2                             0.750000    0.829155   -0.079155 (VIOLATED)
_113720_/B2                             0.750000    0.829142   -0.079142 (VIOLATED)
load_slew1509/A                         0.750000    0.829142   -0.079142 (VIOLATED)
_112981_/B2                             0.750000    0.829141   -0.079141 (VIOLATED)
_113990_/B2                             0.750000    0.829137   -0.079137 (VIOLATED)
_113921_/B2                             0.750000    0.829136   -0.079136 (VIOLATED)
fanout1508/X                            0.750000    0.829133   -0.079133 (VIOLATED)
wire11578/A                             0.750000    0.828081   -0.078081 (VIOLATED)
wire11577/A                             0.750000    0.828055   -0.078055 (VIOLATED)
_071344_/Y                              0.750000    0.828012   -0.078012 (VIOLATED)
wire19654/A                             0.750000    0.824665   -0.074666 (VIOLATED)
_074321_/A                              0.750000    0.824658   -0.074659 (VIOLATED)
wire19652/A                             0.750000    0.824656   -0.074656 (VIOLATED)
_072955_/A                              0.750000    0.824655   -0.074655 (VIOLATED)
fanout19642/X                           0.750000    0.824651   -0.074651 (VIOLATED)
_060642_/B1                             0.750000    0.823203   -0.073203 (VIOLATED)
_060620_/S0                             0.750000    0.823203   -0.073203 (VIOLATED)
load_slew11899/A                        0.750000    0.823198   -0.073198 (VIOLATED)
load_slew11900/A                        0.750000    0.823198   -0.073198 (VIOLATED)
_060657_/B1                             0.750000    0.823188   -0.073188 (VIOLATED)
_060645_/B1                             0.750000    0.823186   -0.073186 (VIOLATED)
_060687_/B1                             0.750000    0.823185   -0.073185 (VIOLATED)
_060617_/B                              0.750000    0.823184   -0.073184 (VIOLATED)
_060639_/B1                             0.750000    0.823183   -0.073183 (VIOLATED)
fanout11897/X                           0.750000    0.823179   -0.073179 (VIOLATED)
_076147_/A2                             0.750000    0.822730   -0.072730 (VIOLATED)
_076142_/A1                             0.750000    0.822695   -0.072695 (VIOLATED)
_075145_/B1                             0.750000    0.822150   -0.072150 (VIOLATED)
_073787_/A                              0.750000    0.821832   -0.071832 (VIOLATED)
load_slew10643/A                        0.750000    0.821748   -0.071748 (VIOLATED)
_072134_/Y                              0.750000    0.821706   -0.071706 (VIOLATED)
wire7275/A                              0.750000    0.819474   -0.069474 (VIOLATED)
wire7281/A                              0.750000    0.819468   -0.069468 (VIOLATED)
wire7297/A                              0.750000    0.819465   -0.069465 (VIOLATED)
_073001_/B                              0.750000    0.819463   -0.069463 (VIOLATED)
fanout7268/X                            0.750000    0.819459   -0.069459 (VIOLATED)
wire6349/A                              0.750000    0.817831   -0.067831 (VIOLATED)
_074710_/A2                             0.750000    0.817791   -0.067791 (VIOLATED)
load_slew6350/A                         0.750000    0.817418   -0.067418 (VIOLATED)
_073926_/Y                              0.750000    0.817394   -0.067394 (VIOLATED)
wire17118/A                             0.750000    0.812580   -0.062580 (VIOLATED)
wire17127/A                             0.750000    0.812525   -0.062525 (VIOLATED)
_078465_/B2                             0.750000    0.812524   -0.062524 (VIOLATED)
fanout17114/X                           0.750000    0.812521   -0.062521 (VIOLATED)
wire32190/A                             0.750000    0.812165   -0.062165 (VIOLATED)
_077457_/X                              0.750000    0.812005   -0.062005 (VIOLATED)
load_slew29284/A                        0.750000    0.808716   -0.058716 (VIOLATED)
wire29283/A                             0.750000    0.808710   -0.058710 (VIOLATED)
wire29285/A                             0.750000    0.808681   -0.058681 (VIOLATED)
_080169_/B1                             0.750000    0.808669   -0.058669 (VIOLATED)
fanout29276/X                           0.750000    0.808656   -0.058656 (VIOLATED)
_075175_/A2                             0.750000    0.808129   -0.058130 (VIOLATED)
_075418_/B1                             0.750000    0.807887   -0.057887 (VIOLATED)
_075461_/A1                             0.750000    0.807477   -0.057477 (VIOLATED)
_075432_/A2                             0.750000    0.807168   -0.057168 (VIOLATED)
_072848_/Y                              0.750000    0.806931   -0.056931 (VIOLATED)
wire13996/A                             0.750000    0.806484   -0.056484 (VIOLATED)
wire13992/A                             0.750000    0.806477   -0.056477 (VIOLATED)
_075352_/A1                             0.750000    0.806469   -0.056469 (VIOLATED)
fanout13981/X                           0.750000    0.806466   -0.056466 (VIOLATED)
_075723_/A2                             0.750000    0.801033   -0.051033 (VIOLATED)
wire7589/A                              0.750000    0.800969   -0.050969 (VIOLATED)
_071979_/Y                              0.750000    0.800962   -0.050962 (VIOLATED)
wire7057/A                              0.750000    0.799968   -0.049968 (VIOLATED)
_080705_/A2                             0.750000    0.799907   -0.049907 (VIOLATED)
wire19266/A                             0.750000    0.799601   -0.049601 (VIOLATED)
_073212_/C1                             0.750000    0.799591   -0.049591 (VIOLATED)
wire19268/A                             0.750000    0.799591   -0.049591 (VIOLATED)
_075596_/C1                             0.750000    0.799589   -0.049589 (VIOLATED)
fanout19258/X                           0.750000    0.799589   -0.049589 (VIOLATED)
load_slew7061/A                         0.750000    0.799588   -0.049588 (VIOLATED)
_072543_/Y                              0.750000    0.799568   -0.049568 (VIOLATED)
_076959_/B1                             0.750000    0.799494   -0.049494 (VIOLATED)
_076958_/Y                              0.750000    0.799475   -0.049476 (VIOLATED)
wire11369/A                             0.750000    0.799327   -0.049327 (VIOLATED)
load_slew11370/A                        0.750000    0.798975   -0.048975 (VIOLATED)
_074436_/A2                             0.750000    0.798937   -0.048937 (VIOLATED)
wire11373/A                             0.750000    0.798856   -0.048856 (VIOLATED)
_071488_/Y                              0.750000    0.798826   -0.048826 (VIOLATED)
_075555_/A1                             0.750000    0.797938   -0.047938 (VIOLATED)
_079991_/A1                             0.750000    0.797925   -0.047925 (VIOLATED)
load_slew14891/A                        0.750000    0.797870   -0.047870 (VIOLATED)
_077958_/B1                             0.750000    0.797865   -0.047865 (VIOLATED)
fanout14885/X                           0.750000    0.797859   -0.047859 (VIOLATED)
wire13409/A                             0.750000    0.797662   -0.047662 (VIOLATED)
wire13420/A                             0.750000    0.797631   -0.047631 (VIOLATED)
_078528_/A1                             0.750000    0.797629   -0.047629 (VIOLATED)
fanout13400/X                           0.750000    0.797617   -0.047617 (VIOLATED)
wire8171/A                              0.750000    0.797518   -0.047518 (VIOLATED)
wire8173/A                              0.750000    0.797494   -0.047494 (VIOLATED)
_071453_/Y                              0.750000    0.797459   -0.047459 (VIOLATED)
wire9297/A                              0.750000    0.797173   -0.047173 (VIOLATED)
_083037_/S                              0.750000    0.797163   -0.047163 (VIOLATED)
_083027_/S                              0.750000    0.797116   -0.047116 (VIOLATED)
load_slew9298/A                         0.750000    0.797116   -0.047116 (VIOLATED)
fanout9291/X                            0.750000    0.797113   -0.047113 (VIOLATED)
_091562_/A2                             0.750000    0.796535   -0.046535 (VIOLATED)
_091561_/C                              0.750000    0.796526   -0.046526 (VIOLATED)
_091576_/D                              0.750000    0.796457   -0.046457 (VIOLATED)
_091577_/B1                             0.750000    0.796451   -0.046451 (VIOLATED)
_091611_/D                              0.750000    0.796418   -0.046419 (VIOLATED)
_091612_/B1                             0.750000    0.796400   -0.046400 (VIOLATED)
_091642_/B1                             0.750000    0.796349   -0.046349 (VIOLATED)
_091784_/B                              0.750000    0.796340   -0.046340 (VIOLATED)
_091786_/C                              0.750000    0.796337   -0.046337 (VIOLATED)
_091752_/D                              0.750000    0.796325   -0.046325 (VIOLATED)
_091753_/B1                             0.750000    0.796315   -0.046315 (VIOLATED)
_091717_/B1                             0.750000    0.796296   -0.046296 (VIOLATED)
_091716_/D                              0.750000    0.796290   -0.046290 (VIOLATED)
_091641_/D                              0.750000    0.796286   -0.046286 (VIOLATED)
_091680_/D                              0.750000    0.796261   -0.046261 (VIOLATED)
_091681_/B1                             0.750000    0.796250   -0.046250 (VIOLATED)
_092629_/A0                             0.750000    0.796214   -0.046214 (VIOLATED)
_125589_/Q                              0.750000    0.796203   -0.046203 (VIOLATED)
_072863_/A                              0.750000    0.794016   -0.044016 (VIOLATED)
_072823_/A                              0.750000    0.794001   -0.044001 (VIOLATED)
_077682_/A1                             0.750000    0.793951   -0.043951 (VIOLATED)
wire29721/A                             0.750000    0.793942   -0.043942 (VIOLATED)
_077681_/A1                             0.750000    0.793937   -0.043937 (VIOLATED)
fanout29715/X                           0.750000    0.793911   -0.043911 (VIOLATED)
wire16271/A                             0.750000    0.793894   -0.043894 (VIOLATED)
wire16281/A                             0.750000    0.793877   -0.043877 (VIOLATED)
_076400_/C1                             0.750000    0.793874   -0.043874 (VIOLATED)
fanout16261/X                           0.750000    0.793872   -0.043872 (VIOLATED)
wire19408/A                             0.750000    0.793770   -0.043771 (VIOLATED)
wire19402/A                             0.750000    0.793770   -0.043770 (VIOLATED)
load_slew19409/A                        0.750000    0.793765   -0.043765 (VIOLATED)
_074328_/C1                             0.750000    0.793762   -0.043762 (VIOLATED)
fanout19401/X                           0.750000    0.793754   -0.043754 (VIOLATED)
_106716_/A                              0.750000    0.793522   -0.043522 (VIOLATED)
_106997_/A2                             0.750000    0.793519   -0.043519 (VIOLATED)
_106856_/A2                             0.750000    0.793513   -0.043513 (VIOLATED)
_107245_/A2                             0.750000    0.793513   -0.043513 (VIOLATED)
_107004_/A2                             0.750000    0.793512   -0.043512 (VIOLATED)
_106713_/B1                             0.750000    0.793509   -0.043509 (VIOLATED)
_106767_/A2                             0.750000    0.793493   -0.043493 (VIOLATED)
_063293_/Y                              0.750000    0.793444   -0.043444 (VIOLATED)
wire17191/A                             0.750000    0.791599   -0.041599 (VIOLATED)
_072755_/A1                             0.750000    0.791584   -0.041584 (VIOLATED)
load_slew17192/A                        0.750000    0.791575   -0.041576 (VIOLATED)
_076217_/D1                             0.750000    0.791564   -0.041564 (VIOLATED)
fanout17178/X                           0.750000    0.791562   -0.041562 (VIOLATED)
wire11246/A                             0.750000    0.791116   -0.041116 (VIOLATED)
_071627_/B                              0.750000    0.790957   -0.040957 (VIOLATED)
_074159_/A2                             0.750000    0.790908   -0.040908 (VIOLATED)
wire11243/A                             0.750000    0.790897   -0.040897 (VIOLATED)
_071561_/Y                              0.750000    0.790855   -0.040855 (VIOLATED)
wire9847/A                              0.750000    0.789686   -0.039686 (VIOLATED)
wire9845/A                              0.750000    0.789659   -0.039659 (VIOLATED)
_075825_/Y                              0.750000    0.789582   -0.039582 (VIOLATED)
_078407_/A1                             0.750000    0.789465   -0.039466 (VIOLATED)
_078643_/B2                             0.750000    0.789431   -0.039431 (VIOLATED)
_079625_/A                              0.750000    0.789407   -0.039407 (VIOLATED)
load_slew29581/A                        0.750000    0.789407   -0.039407 (VIOLATED)
fanout29578/X                           0.750000    0.789404   -0.039404 (VIOLATED)
_074213_/A2                             0.750000    0.789133   -0.039133 (VIOLATED)
_074209_/Y                              0.750000    0.789110   -0.039110 (VIOLATED)
_112538_/A2                             0.750000    0.788620   -0.038620 (VIOLATED)
wire4942/A                              0.750000    0.788587   -0.038587 (VIOLATED)
load_slew4943/A                         0.750000    0.788571   -0.038571 (VIOLATED)
_112550_/A2                             0.750000    0.788563   -0.038563 (VIOLATED)
_112570_/A2                             0.750000    0.788498   -0.038498 (VIOLATED)
_112544_/A2                             0.750000    0.788462   -0.038462 (VIOLATED)
fanout4138/A                            0.750000    0.788460   -0.038460 (VIOLATED)
max_cap4146/A                           0.750000    0.788369   -0.038369 (VIOLATED)
_112514_/Y                              0.750000    0.788349   -0.038349 (VIOLATED)
_074326_/B2                             0.750000    0.787793   -0.037793 (VIOLATED)
_072403_/Y                              0.750000    0.787719   -0.037719 (VIOLATED)
wire4623/A                              0.750000    0.785704   -0.035704 (VIOLATED)
wire4631/A                              0.750000    0.785436   -0.035436 (VIOLATED)
_073324_/Y                              0.750000    0.785432   -0.035432 (VIOLATED)
wire10562/A                             0.750000    0.785361   -0.035361 (VIOLATED)
_076089_/C1                             0.750000    0.785328   -0.035328 (VIOLATED)
_077002_/D1                             0.750000    0.785320   -0.035320 (VIOLATED)
wire29211/A                             0.750000    0.785308   -0.035308 (VIOLATED)
_078305_/B1                             0.750000    0.785302   -0.035302 (VIOLATED)
_077017_/D1                             0.750000    0.785296   -0.035296 (VIOLATED)
_074543_/A2                             0.750000    0.785293   -0.035293 (VIOLATED)
_078296_/B2                             0.750000    0.785187   -0.035187 (VIOLATED)
_076589_/A2                             0.750000    0.785185   -0.035185 (VIOLATED)
_076587_/A                              0.750000    0.785182   -0.035182 (VIOLATED)
_072205_/Y                              0.750000    0.785133   -0.035133 (VIOLATED)
fanout29202/X                           0.750000    0.785087   -0.035087 (VIOLATED)
wire10194/A                             0.750000    0.781756   -0.031756 (VIOLATED)
load_slew10195/A                        0.750000    0.781610   -0.031610 (VIOLATED)
wire29246/A                             0.750000    0.781469   -0.031469 (VIOLATED)
_072843_/Y                              0.750000    0.781460   -0.031460 (VIOLATED)
_079505_/C1                             0.750000    0.781441   -0.031441 (VIOLATED)
load_slew29249/A                        0.750000    0.781410   -0.031410 (VIOLATED)
_080586_/B                              0.750000    0.781394   -0.031394 (VIOLATED)
fanout29240/X                           0.750000    0.781387   -0.031387 (VIOLATED)
_079326_/B1                             0.750000    0.780999   -0.030999 (VIOLATED)
_074197_/B2                             0.750000    0.780981   -0.030981 (VIOLATED)
wire10847/A                             0.750000    0.780972   -0.030972 (VIOLATED)
_073664_/A2                             0.750000    0.780944   -0.030944 (VIOLATED)
_076801_/A3                             0.750000    0.780940   -0.030940 (VIOLATED)
_072749_/B2                             0.750000    0.780916   -0.030916 (VIOLATED)
_071932_/Y                              0.750000    0.780869   -0.030869 (VIOLATED)
wire10849/A                             0.750000    0.780869   -0.030869 (VIOLATED)
_073966_/B1                             0.750000    0.780578   -0.030578 (VIOLATED)
_075910_/B2                             0.750000    0.780574   -0.030574 (VIOLATED)
_079489_/B1                             0.750000    0.780531   -0.030532 (VIOLATED)
wire12741/A                             0.750000    0.780523   -0.030523 (VIOLATED)
_073135_/B                              0.750000    0.780518   -0.030518 (VIOLATED)
_072599_/Y                              0.750000    0.780501   -0.030501 (VIOLATED)
_079549_/A2                             0.750000    0.780493   -0.030493 (VIOLATED)
_075143_/A1                             0.750000    0.780478   -0.030478 (VIOLATED)
fanout12733/X                           0.750000    0.780478   -0.030478 (VIOLATED)
wire12758/A                             0.750000    0.780478   -0.030478 (VIOLATED)
_072748_/Y                              0.750000    0.780464   -0.030464 (VIOLATED)
_072159_/B1                             0.750000    0.779301   -0.029301 (VIOLATED)
wire29790/A                             0.750000    0.779292   -0.029292 (VIOLATED)
load_slew29791/A                        0.750000    0.779271   -0.029271 (VIOLATED)
_072882_/A                              0.750000    0.779264   -0.029264 (VIOLATED)
load_slew29792/A                        0.750000    0.779264   -0.029264 (VIOLATED)
fanout29785/X                           0.750000    0.779258   -0.029258 (VIOLATED)
_072194_/B                              0.750000    0.779149   -0.029149 (VIOLATED)
_078559_/C                              0.750000    0.779148   -0.029148 (VIOLATED)
_079570_/A1                             0.750000    0.779108   -0.029108 (VIOLATED)
wire13031/A                             0.750000    0.779088   -0.029088 (VIOLATED)
_071635_/Y                              0.750000    0.779069   -0.029069 (VIOLATED)
wire748/A                               0.750000    0.778693   -0.028693 (VIOLATED)
_115829_/A                              0.750000    0.778655   -0.028655 (VIOLATED)
_115832_/B1                             0.750000    0.778655   -0.028655 (VIOLATED)
fanout745/X                             0.750000    0.778649   -0.028649 (VIOLATED)
_112653_/A1                             0.750000    0.778376   -0.028376 (VIOLATED)
_112654_/B1                             0.750000    0.778369   -0.028369 (VIOLATED)
max_cap16043/A                          0.750000    0.778357   -0.028357 (VIOLATED)
_112722_/A1                             0.750000    0.778355   -0.028355 (VIOLATED)
_112723_/C                              0.750000    0.778351   -0.028351 (VIOLATED)
_112928_/B                              0.750000    0.778344   -0.028344 (VIOLATED)
_112651_/Y                              0.750000    0.778337   -0.028337 (VIOLATED)
wire29114/A                             0.750000    0.776900   -0.026900 (VIOLATED)
_074098_/D1                             0.750000    0.776869   -0.026869 (VIOLATED)
fanout29102/X                           0.750000    0.776869   -0.026869 (VIOLATED)
wire6536/A                              0.750000    0.775942   -0.025942 (VIOLATED)
wire6534/A                              0.750000    0.775869   -0.025869 (VIOLATED)
_073282_/Y                              0.750000    0.775830   -0.025830 (VIOLATED)
wire7415/A                              0.750000    0.775683   -0.025683 (VIOLATED)
load_slew7416/A                         0.750000    0.775445   -0.025445 (VIOLATED)
_072175_/Y                              0.750000    0.775435   -0.025435 (VIOLATED)
wire16820/A                             0.750000    0.775366   -0.025366 (VIOLATED)
_080227_/A1                             0.750000    0.775355   -0.025355 (VIOLATED)
wire16827/A                             0.750000    0.775352   -0.025352 (VIOLATED)
_076548_/A2                             0.750000    0.775317   -0.025317 (VIOLATED)
fanout16819/X                           0.750000    0.775314   -0.025314 (VIOLATED)
_112675_/B1                             0.750000    0.773902   -0.023902 (VIOLATED)
wire8578/A                              0.750000    0.773901   -0.023901 (VIOLATED)
load_slew8573/A                         0.750000    0.773899   -0.023899 (VIOLATED)
_112677_/B1                             0.750000    0.773898   -0.023898 (VIOLATED)
_112655_/B1                             0.750000    0.773897   -0.023897 (VIOLATED)
fanout8570/X                            0.750000    0.773888   -0.023889 (VIOLATED)
wire14817/A                             0.750000    0.773521   -0.023521 (VIOLATED)
fanout14764/A                           0.750000    0.773412   -0.023412 (VIOLATED)
fanout14807/X                           0.750000    0.773402   -0.023402 (VIOLATED)
wire10916/A                             0.750000    0.773071   -0.023071 (VIOLATED)
load_slew10917/A                        0.750000    0.772957   -0.022957 (VIOLATED)
_077498_/A1                             0.750000    0.772853   -0.022853 (VIOLATED)
_071837_/Y                              0.750000    0.772818   -0.022818 (VIOLATED)
wire6213/A                              0.750000    0.771267   -0.021267 (VIOLATED)
wire6216/A                              0.750000    0.771239   -0.021239 (VIOLATED)
_074984_/Y                              0.750000    0.771147   -0.021147 (VIOLATED)
wire5557/A                              0.750000    0.769529   -0.019529 (VIOLATED)
load_slew5558/A                         0.750000    0.769519   -0.019519 (VIOLATED)
_114229_/A2                             0.750000    0.769488   -0.019488 (VIOLATED)
_114206_/B1                             0.750000    0.769475   -0.019475 (VIOLATED)
fanout5549/X                            0.750000    0.769468   -0.019468 (VIOLATED)
_079804_/C1                             0.750000    0.766069   -0.016069 (VIOLATED)
_079788_/Y                              0.750000    0.765985   -0.015985 (VIOLATED)
_079254_/A3                             0.750000    0.765103   -0.015103 (VIOLATED)
_076429_/A1                             0.750000    0.765042   -0.015042 (VIOLATED)
_072414_/Y                              0.750000    0.765040   -0.015040 (VIOLATED)
wire12337/A                             0.750000    0.764686   -0.014686 (VIOLATED)
fanout12300/A                           0.750000    0.764547   -0.014547 (VIOLATED)
_072223_/Y                              0.750000    0.764507   -0.014508 (VIOLATED)
_069401_/A2                             0.750000    0.764126   -0.014126 (VIOLATED)
_069861_/A2                             0.750000    0.764118   -0.014118 (VIOLATED)
_069809_/A2                             0.750000    0.764097   -0.014097 (VIOLATED)
_069556_/A2                             0.750000    0.764094   -0.014094 (VIOLATED)
_069400_/Y                              0.750000    0.764087   -0.014087 (VIOLATED)
_074427_/B                              0.750000    0.763943   -0.013943 (VIOLATED)
_073118_/A2                             0.750000    0.763934   -0.013934 (VIOLATED)
_075793_/A2                             0.750000    0.763931   -0.013931 (VIOLATED)
_076652_/A2                             0.750000    0.763924   -0.013924 (VIOLATED)
_073116_/Y                              0.750000    0.763874   -0.013874 (VIOLATED)
_113490_/A1                             0.750000    0.763272   -0.013272 (VIOLATED)
_113423_/A1                             0.750000    0.763268   -0.013268 (VIOLATED)
_113356_/A1                             0.750000    0.763261   -0.013261 (VIOLATED)
_112952_/A1                             0.750000    0.763251   -0.013251 (VIOLATED)
load_slew369/A                          0.750000    0.763251   -0.013251 (VIOLATED)
_108019_/A2                             0.750000    0.763247   -0.013247 (VIOLATED)
fanout366/X                             0.750000    0.763245   -0.013245 (VIOLATED)
wire13276/A                             0.750000    0.762904   -0.012904 (VIOLATED)
fanout13249/A                           0.750000    0.762843   -0.012843 (VIOLATED)
_071522_/Y                              0.750000    0.762832   -0.012832 (VIOLATED)
wire4737/A                              0.750000    0.762395   -0.012395 (VIOLATED)
wire13128/A                             0.750000    0.762366   -0.012366 (VIOLATED)
wire13120/A                             0.750000    0.762364   -0.012364 (VIOLATED)
_078197_/B1                             0.750000    0.762351   -0.012351 (VIOLATED)
fanout13117/X                           0.750000    0.762346   -0.012346 (VIOLATED)
_072945_/Y                              0.750000    0.762321   -0.012321 (VIOLATED)
wire29404/A                             0.750000    0.762065   -0.012065 (VIOLATED)
_078364_/A1                             0.750000    0.762056   -0.012056 (VIOLATED)
_078363_/C1                             0.750000    0.762047   -0.012047 (VIOLATED)
_077772_/A1                             0.750000    0.762020   -0.012020 (VIOLATED)
wire29411/A                             0.750000    0.762019   -0.012019 (VIOLATED)
fanout29403/X                           0.750000    0.762014   -0.012014 (VIOLATED)
_071798_/A                              0.750000    0.761888   -0.011888 (VIOLATED)
load_slew19386/A                        0.750000    0.761880   -0.011880 (VIOLATED)
load_slew19391/A                        0.750000    0.761860   -0.011860 (VIOLATED)
_077696_/A1                             0.750000    0.761823   -0.011823 (VIOLATED)
wire19385/A                             0.750000    0.761819   -0.011819 (VIOLATED)
fanout19381/X                           0.750000    0.761814   -0.011814 (VIOLATED)
load_slew9405/A                         0.750000    0.761651   -0.011651 (VIOLATED)
_082661_/S                              0.750000    0.761650   -0.011650 (VIOLATED)
_082665_/S                              0.750000    0.761642   -0.011642 (VIOLATED)
load_slew9406/A                         0.750000    0.761598   -0.011598 (VIOLATED)
_082663_/S                              0.750000    0.761587   -0.011587 (VIOLATED)
fanout9398/X                            0.750000    0.761587   -0.011587 (VIOLATED)
wire12293/A                             0.750000    0.760679   -0.010679 (VIOLATED)
_072565_/C1                             0.750000    0.760675   -0.010675 (VIOLATED)
_075611_/C1                             0.750000    0.760643   -0.010643 (VIOLATED)
_073622_/C1                             0.750000    0.760640   -0.010640 (VIOLATED)
fanout12289/X                           0.750000    0.760638   -0.010638 (VIOLATED)
load_slew12299/A                        0.750000    0.760638   -0.010638 (VIOLATED)
_074732_/A                              0.750000    0.760582   -0.010582 (VIOLATED)
_075112_/C1                             0.750000    0.760572   -0.010572 (VIOLATED)
_074730_/Y                              0.750000    0.760530   -0.010530 (VIOLATED)
wire28657/A                             0.750000    0.758605   -0.008605 (VIOLATED)
_075251_/C1                             0.750000    0.758538   -0.008538 (VIOLATED)
load_slew28646/A                        0.750000    0.758538   -0.008538 (VIOLATED)
fanout28637/X                           0.750000    0.758525   -0.008525 (VIOLATED)
wire13553/A                             0.750000    0.758053   -0.008053 (VIOLATED)
fanout13539/A                           0.750000    0.758007   -0.008007 (VIOLATED)
load_slew13565/A                        0.750000    0.758007   -0.008007 (VIOLATED)
fanout13551/X                           0.750000    0.758002   -0.008002 (VIOLATED)
_068003_/B                              0.750000    0.757338   -0.007338 (VIOLATED)
_067994_/B                              0.750000    0.757336   -0.007337 (VIOLATED)
_067995_/B                              0.750000    0.757335   -0.007335 (VIOLATED)
_068010_/B1                             0.750000    0.757334   -0.007334 (VIOLATED)
_067999_/A                              0.750000    0.757331   -0.007331 (VIOLATED)
_068008_/B                              0.750000    0.757328   -0.007328 (VIOLATED)
load_slew28617/A                        0.750000    0.757328   -0.007328 (VIOLATED)
fanout28614/X                           0.750000    0.757324   -0.007324 (VIOLATED)
wire4897/A                              0.750000    0.756397   -0.006397 (VIOLATED)
_073235_/A2                             0.750000    0.756374   -0.006374 (VIOLATED)
wire4898/A                              0.750000    0.756366   -0.006366 (VIOLATED)
_072480_/Y                              0.750000    0.756291   -0.006291 (VIOLATED)
wire17159/A                             0.750000    0.756215   -0.006215 (VIOLATED)
load_slew17160/A                        0.750000    0.756207   -0.006207 (VIOLATED)
_076282_/A1                             0.750000    0.756165   -0.006165 (VIOLATED)
fanout17147/X                           0.750000    0.756165   -0.006165 (VIOLATED)
wire29737/A                             0.750000    0.756152   -0.006152 (VIOLATED)
load_slew29738/A                        0.750000    0.756137   -0.006137 (VIOLATED)
_079812_/A1                             0.750000    0.756068   -0.006068 (VIOLATED)
_078076_/A1                             0.750000    0.756059   -0.006059 (VIOLATED)
fanout29728/X                           0.750000    0.756053   -0.006053 (VIOLATED)
_073341_/C1                             0.750000    0.755784   -0.005784 (VIOLATED)
wire4618/A                              0.750000    0.755741   -0.005741 (VIOLATED)
_073340_/Y                              0.750000    0.755725   -0.005725 (VIOLATED)
wire3525/A                              0.750000    0.755387   -0.005387 (VIOLATED)
wire29908/A                             0.750000    0.755348   -0.005348 (VIOLATED)
_080657_/B1                             0.750000    0.755346   -0.005346 (VIOLATED)
wire29911/A                             0.750000    0.755345   -0.005345 (VIOLATED)
_080656_/B2                             0.750000    0.755331   -0.005331 (VIOLATED)
_076679_/A1                             0.750000    0.755309   -0.005309 (VIOLATED)
_079702_/A1                             0.750000    0.755281   -0.005281 (VIOLATED)
wire29913/A                             0.750000    0.755280   -0.005280 (VIOLATED)
fanout29906/X                           0.750000    0.755275   -0.005275 (VIOLATED)
_075419_/Y                              0.750000    0.755251   -0.005251 (VIOLATED)
wire4859/A                              0.750000    0.755067   -0.005067 (VIOLATED)
load_slew4860/A                         0.750000    0.754945   -0.004945 (VIOLATED)
_072580_/Y                              0.750000    0.754924   -0.004924 (VIOLATED)
wire10556/A                             0.750000    0.754691   -0.004691 (VIOLATED)
_061768_/S                              0.750000    0.754669   -0.004669 (VIOLATED)
load_slew27509/A                        0.750000    0.754666   -0.004666 (VIOLATED)
_061679_/S0                             0.750000    0.754654   -0.004654 (VIOLATED)
_061684_/S                              0.750000    0.754653   -0.004653 (VIOLATED)
_061680_/S                              0.750000    0.754641   -0.004641 (VIOLATED)
fanout27503/X                           0.750000    0.754634   -0.004634 (VIOLATED)
wire10551/A                             0.750000    0.754631   -0.004631 (VIOLATED)
_072218_/Y                              0.750000    0.754615   -0.004615 (VIOLATED)
wire10227/A                             0.750000    0.753806   -0.003806 (VIOLATED)
load_slew10228/A                        0.750000    0.753755   -0.003755 (VIOLATED)
_072770_/Y                              0.750000    0.753586   -0.003586 (VIOLATED)
_118572_/B1                             0.750000    0.753091   -0.003091 (VIOLATED)
wire15512/A                             0.750000    0.753091   -0.003091 (VIOLATED)
load_slew15513/A                        0.750000    0.753090   -0.003090 (VIOLATED)
load_slew15514/A                        0.750000    0.753080   -0.003080 (VIOLATED)
_118040_/A2                             0.750000    0.753067   -0.003067 (VIOLATED)
load_slew15515/A                        0.750000    0.753061   -0.003061 (VIOLATED)
_118038_/B1                             0.750000    0.753055   -0.003055 (VIOLATED)
_118033_/A2                             0.750000    0.753042   -0.003042 (VIOLATED)
_118035_/A2                             0.750000    0.753038   -0.003038 (VIOLATED)
fanout15510/X                           0.750000    0.753032   -0.003032 (VIOLATED)
wire17274/A                             0.750000    0.752963   -0.002963 (VIOLATED)
wire17276/A                             0.750000    0.752942   -0.002942 (VIOLATED)
_071902_/A                              0.750000    0.752941   -0.002941 (VIOLATED)
fanout17249/X                           0.750000    0.752938   -0.002938 (VIOLATED)
wire14840/A                             0.750000    0.752431   -0.002431 (VIOLATED)
wire14836/A                             0.750000    0.752402   -0.002402 (VIOLATED)
_076955_/B1                             0.750000    0.752373   -0.002373 (VIOLATED)
fanout14833/X                           0.750000    0.752370   -0.002370 (VIOLATED)
_078249_/A1                             0.750000    0.752273   -0.002273 (VIOLATED)
load_slew14719/A                        0.750000    0.752258   -0.002258 (VIOLATED)
load_slew14720/A                        0.750000    0.752246   -0.002246 (VIOLATED)
_079138_/B1                             0.750000    0.752237   -0.002237 (VIOLATED)
fanout14709/X                           0.750000    0.752237   -0.002237 (VIOLATED)
_069538_/B1                             0.750000    0.751969   -0.001969 (VIOLATED)
_069491_/B1                             0.750000    0.751960   -0.001960 (VIOLATED)
_069689_/A1                             0.750000    0.751950   -0.001950 (VIOLATED)
_069490_/Y                              0.750000    0.751942   -0.001942 (VIOLATED)
wire16886/A                             0.750000    0.751727   -0.001727 (VIOLATED)
wire16876/A                             0.750000    0.751702   -0.001702 (VIOLATED)
fanout16860/A                           0.750000    0.751686   -0.001686 (VIOLATED)
fanout16872/X                           0.750000    0.751684   -0.001684 (VIOLATED)
_066291_/A1                             0.750000    0.750837   -0.000837 (VIOLATED)
wire18536/A                             0.750000    0.750836   -0.000836 (VIOLATED)
_066294_/A1                             0.750000    0.750832   -0.000833 (VIOLATED)
load_slew18537/A                        0.750000    0.750828   -0.000828 (VIOLATED)
_066199_/A                              0.750000    0.750826   -0.000826 (VIOLATED)
_066273_/A1                             0.750000    0.750822   -0.000822 (VIOLATED)
_066276_/A1                             0.750000    0.750817   -0.000817 (VIOLATED)
fanout18534/X                           0.750000    0.750814   -0.000814 (VIOLATED)
wire3453/A                              0.750000    0.750494   -0.000494 (VIOLATED)
_079271_/Y                              0.750000    0.750436   -0.000436 (VIOLATED)
_069364_/A2                             0.750000    0.750318   -0.000318 (VIOLATED)
_069363_/A2                             0.750000    0.750315   -0.000315 (VIOLATED)
_069166_/A                              0.750000    0.750299   -0.000299 (VIOLATED)
_069609_/A                              0.750000    0.750293   -0.000293 (VIOLATED)
_069577_/A1                             0.750000    0.750281   -0.000281 (VIOLATED)
_069268_/A                              0.750000    0.750280   -0.000280 (VIOLATED)
_069656_/A1                             0.750000    0.750269   -0.000270 (VIOLATED)
_069372_/A                              0.750000    0.750264   -0.000264 (VIOLATED)
_069783_/A1                             0.750000    0.750175   -0.000175 (VIOLATED)
_069159_/Y                              0.750000    0.750140   -0.000140 (VIOLATED)

max capacitance

Pin                                        Limit         Cap       Slack
------------------------------------------------------------------------
QSPI_IO2                                0.200000    0.302985   -0.102985 (VIOLATED)
_129790_/Z                              0.200000    0.302985   -0.102985 (VIOLATED)
QSPI_IO0                                0.200000    0.300949   -0.100949 (VIOLATED)
_129792_/Z                              0.200000    0.300949   -0.100949 (VIOLATED)
QSPI_IO3                                0.200000    0.274369   -0.074369 (VIOLATED)
_129789_/Z                              0.200000    0.274369   -0.074369 (VIOLATED)
QSPI_IO1                                0.200000    0.256710   -0.056710 (VIOLATED)
_129791_/Z                              0.200000    0.256710   -0.056710 (VIOLATED)
clkbuf_6_1__f_clk_i_regs/X              0.200000    0.237017   -0.037017 (VIOLATED)
clkbuf_6_0__f_clk_i_regs/X              0.200000    0.225736   -0.025736 (VIOLATED)
yz_bram_ctrl_inst.yz_ram.u_mem.u_mem.g_1k.u_cell.u_sram/dout1[1]    0.027560    0.051368   -0.023808 (VIOLATED)
clkbuf_6_14__f_clk_i_regs/X             0.200000    0.219033   -0.019033 (VIOLATED)
clkbuf_6_36__f_clk_i_regs/X             0.200000    0.217756   -0.017756 (VIOLATED)
yz_bram_ctrl_inst.yz_ram.u_mem.u_mem.g_2k[3].u_cell.u_sram/dout1[4]    0.027560    0.045315   -0.017755 (VIOLATED)
yz_bram_ctrl_inst.yz_ram.u_mem.u_mem.g_2k[1].u_cell.u_sram/dout1[25]    0.027560    0.038119   -0.010559 (VIOLATED)
clkbuf_6_15__f_clk_i_regs/X             0.200000    0.209114   -0.009114 (VIOLATED)
I2C_SDA                                 0.200000    0.206694   -0.006694 (VIOLATED)
_129788_/Z                              0.200000    0.206694   -0.006694 (VIOLATED)
clkbuf_6_37__f_clk_i_regs/X             0.200000    0.204422   -0.004422 (VIOLATED)
max_length30598/X                       0.200000    0.202698   -0.002698 (VIOLATED)
clkbuf_6_4__f_clk_i_regs/X              0.200000    0.200968   -0.000968 (VIOLATED)



===========================================================================
report_parasitic_annotation -report_unannotated
============================================================================
Found 872 unannotated drivers.
 _120461__30553/LO
 _129114__30554/LO
 _129788__30522/HI
 clkload0/Y
 clkload1/Y
 clkload10/Y
 clkload100/Y
 clkload101/X
 clkload102/X
 clkload103/X
 clkload104/Y
 clkload105/X
 clkload106/X
 clkload107/X
 clkload108/X
 clkload109/X
 clkload11/Y
 clkload110/X
 clkload111/Y
 clkload112/X
 clkload113/X
 clkload114/Y
 clkload115/Y
 clkload116/Y
 clkload117/Y
 clkload118/Y
 clkload119/Y
 clkload12/Y
 clkload120/Y
 clkload121/Y
 clkload122/Y
 clkload123/Y
 clkload124/X
 clkload125/Y
 clkload126/Y
 clkload127/Y
 clkload128/X
 clkload129/X
 clkload13/Y
 clkload130/Y
 clkload131/Y
 clkload132/Y
 clkload133/Y
 clkload134/X
 clkload135/X
 clkload136/X
 clkload137/X
 clkload138/Y
 clkload139/Y
 clkload14/X
 clkload140/Y
 clkload141/Y
 clkload142/Y
 clkload143/X
 clkload144/X
 clkload145/Y
 clkload146/Y
 clkload147/Y
 clkload148/Y
 clkload149/Y
 clkload15/Y
 clkload150/Y
 clkload151/X
 clkload152/Y
 clkload153/Y
 clkload154/Y
 clkload155/X
 clkload156/Y
 clkload157/X
 clkload158/Y
 clkload159/X
 clkload16/Y
 clkload160/Y
 clkload161/Y
 clkload162/Y
 clkload163/Y
 clkload164/Y
 clkload165/Y
 clkload166/Y
 clkload167/Y
 clkload168/X
 clkload169/Y
 clkload17/Y
 clkload170/Y
 clkload171/X
 clkload172/Y
 clkload173/Y
 clkload174/X
 clkload175/Y
 clkload176/X
 clkload177/X
 clkload178/Y
 clkload179/X
 clkload18/Y
 clkload180/Y
 clkload181/X
 clkload182/Y
 clkload183/Y
 clkload184/Y
 clkload185/Y
 clkload186/X
 clkload187/Y
 clkload188/X
 clkload189/Y
 clkload19/Y
 clkload190/Y
 clkload191/Y
 clkload192/Y
 clkload193/Y
 clkload194/Y
 clkload195/Y
 clkload196/X
 clkload197/X
 clkload198/X
 clkload199/X
 clkload2/Y
 clkload20/Y
 clkload200/X
 clkload201/Y
 clkload202/X
 clkload203/X
 clkload204/X
 clkload205/X
 clkload206/Y
 clkload207/Y
 clkload208/Y
 clkload209/Y
 clkload21/Y
 clkload210/X
 clkload211/Y
 clkload212/X
 clkload213/Y
 clkload214/Y
 clkload215/X
 clkload216/Y
 clkload217/Y
 clkload218/Y
 clkload219/Y
 clkload22/Y
 clkload220/Y
 clkload221/X
 clkload222/Y
 clkload223/Y
 clkload224/Y
 clkload225/Y
 clkload226/Y
 clkload227/Y
 clkload228/Y
 clkload229/Y
 clkload23/Y
 clkload230/Y
 clkload231/Y
 clkload232/Y
 clkload233/Y
 clkload234/Y
 clkload235/Y
 clkload236/Y
 clkload237/Y
 clkload238/Y
 clkload239/Y
 clkload24/Y
 clkload240/Y
 clkload241/Y
 clkload242/Y
 clkload243/Y
 clkload244/X
 clkload245/Y
 clkload246/Y
 clkload247/Y
 clkload248/Y
 clkload249/Y
 clkload25/Y
 clkload250/Y
 clkload251/X
 clkload252/Y
 clkload253/Y
 clkload254/Y
 clkload255/X
 clkload256/Y
 clkload257/X
 clkload258/Y
 clkload259/Y
 clkload26/X
 clkload260/Y
 clkload261/Y
 clkload262/Y
 clkload263/Y
 clkload264/Y
 clkload265/Y
 clkload266/X
 clkload267/X
 clkload268/Y
 clkload269/Y
 clkload27/X
 clkload270/Y
 clkload271/Y
 clkload272/X
 clkload273/Y
 clkload274/Y
 clkload275/Y
 clkload276/Y
 clkload277/Y
 clkload278/Y
 clkload279/Y
 clkload28/X
 clkload280/Y
 clkload281/Y
 clkload282/Y
 clkload283/Y
 clkload284/Y
 clkload285/Y
 clkload286/Y
 clkload287/Y
 clkload288/Y
 clkload289/Y
 clkload29/X
 clkload290/Y
 clkload291/Y
 clkload292/Y
 clkload293/Y
 clkload294/Y
 clkload295/Y
 clkload296/Y
 clkload297/Y
 clkload298/Y
 clkload299/Y
 clkload3/Y
 clkload30/Y
 clkload300/Y
 clkload301/Y
 clkload302/Y
 clkload303/Y
 clkload304/Y
 clkload305/Y
 clkload306/X
 clkload307/Y
 clkload308/Y
 clkload309/Y
 clkload31/Y
 clkload310/Y
 clkload311/Y
 clkload312/Y
 clkload313/Y
 clkload314/Y
 clkload315/Y
 clkload316/Y
 clkload317/Y
 clkload318/Y
 clkload319/Y
 clkload32/Y
 clkload320/Y
 clkload321/Y
 clkload322/Y
 clkload323/Y
 clkload324/Y
 clkload325/X
 clkload326/Y
 clkload327/X
 clkload328/Y
 clkload329/Y
 clkload33/X
 clkload330/Y
 clkload331/Y
 clkload332/Y
 clkload333/X
 clkload334/Y
 clkload335/Y
 clkload336/Y
 clkload337/Y
 clkload338/Y
 clkload339/Y
 clkload34/X
 clkload340/Y
 clkload341/X
 clkload342/Y
 clkload343/Y
 clkload344/Y
 clkload345/Y
 clkload346/Y
 clkload347/Y
 clkload348/Y
 clkload349/Y
 clkload35/Y
 clkload350/Y
 clkload351/Y
 clkload352/Y
 clkload353/Y
 clkload354/Y
 clkload355/Y
 clkload356/Y
 clkload357/Y
 clkload36/X
 clkload37/X
 clkload38/Y
 clkload39/X
 clkload4/Y
 clkload40/X
 clkload41/X
 clkload42/X
 clkload43/Y
 clkload44/Y
 clkload45/X
 clkload46/Y
 clkload47/X
 clkload48/X
 clkload49/X
 clkload5/Y
 clkload50/X
 clkload51/X
 clkload52/X
 clkload53/X
 clkload54/X
 clkload55/X
 clkload56/X
 clkload57/X
 clkload58/X
 clkload59/X
 clkload6/Y
 clkload60/Y
 clkload61/Y
 clkload62/X
 clkload63/X
 clkload64/X
 clkload65/Y
 clkload66/Y
 clkload67/Y
 clkload68/Y
 clkload69/Y
 clkload7/Y
 clkload70/Y
 clkload71/X
 clkload72/X
 clkload73/X
 clkload74/X
 clkload75/X
 clkload76/Y
 clkload77/X
 clkload78/X
 clkload79/X
 clkload8/X
 clkload80/X
 clkload81/Y
 clkload82/X
 clkload83/X
 clkload84/X
 clkload85/X
 clkload86/X
 clkload87/Y
 clkload88/Y
 clkload89/Y
 clkload9/Y
 clkload90/X
 clkload91/Y
 clkload92/X
 clkload93/Y
 clkload94/Y
 clkload95/Y
 clkload96/Y
 clkload97/Y
 clkload98/Y
 clkload99/Y
 conv_accelerator_inst.u_conv_buf_ram.u_mem.u_mem.g_2k\[0\].u_cell.u_sram/dout0[0]
 conv_accelerator_inst.u_conv_buf_ram.u_mem.u_mem.g_2k\[0\].u_cell.u_sram/dout0[10]
 conv_accelerator_inst.u_conv_buf_ram.u_mem.u_mem.g_2k\[0\].u_cell.u_sram/dout0[11]
 conv_accelerator_inst.u_conv_buf_ram.u_mem.u_mem.g_2k\[0\].u_cell.u_sram/dout0[12]
 conv_accelerator_inst.u_conv_buf_ram.u_mem.u_mem.g_2k\[0\].u_cell.u_sram/dout0[13]
 conv_accelerator_inst.u_conv_buf_ram.u_mem.u_mem.g_2k\[0\].u_cell.u_sram/dout0[14]
 conv_accelerator_inst.u_conv_buf_ram.u_mem.u_mem.g_2k\[0\].u_cell.u_sram/dout0[15]
 conv_accelerator_inst.u_conv_buf_ram.u_mem.u_mem.g_2k\[0\].u_cell.u_sram/dout0[16]
 conv_accelerator_inst.u_conv_buf_ram.u_mem.u_mem.g_2k\[0\].u_cell.u_sram/dout0[17]
 conv_accelerator_inst.u_conv_buf_ram.u_mem.u_mem.g_2k\[0\].u_cell.u_sram/dout0[18]
 conv_accelerator_inst.u_conv_buf_ram.u_mem.u_mem.g_2k\[0\].u_cell.u_sram/dout0[19]
 conv_accelerator_inst.u_conv_buf_ram.u_mem.u_mem.g_2k\[0\].u_cell.u_sram/dout0[1]
 conv_accelerator_inst.u_conv_buf_ram.u_mem.u_mem.g_2k\[0\].u_cell.u_sram/dout0[20]
 conv_accelerator_inst.u_conv_buf_ram.u_mem.u_mem.g_2k\[0\].u_cell.u_sram/dout0[21]
 conv_accelerator_inst.u_conv_buf_ram.u_mem.u_mem.g_2k\[0\].u_cell.u_sram/dout0[22]
 conv_accelerator_inst.u_conv_buf_ram.u_mem.u_mem.g_2k\[0\].u_cell.u_sram/dout0[23]
 conv_accelerator_inst.u_conv_buf_ram.u_mem.u_mem.g_2k\[0\].u_cell.u_sram/dout0[24]
 conv_accelerator_inst.u_conv_buf_ram.u_mem.u_mem.g_2k\[0\].u_cell.u_sram/dout0[25]
 conv_accelerator_inst.u_conv_buf_ram.u_mem.u_mem.g_2k\[0\].u_cell.u_sram/dout0[26]
 conv_accelerator_inst.u_conv_buf_ram.u_mem.u_mem.g_2k\[0\].u_cell.u_sram/dout0[27]
 conv_accelerator_inst.u_conv_buf_ram.u_mem.u_mem.g_2k\[0\].u_cell.u_sram/dout0[28]
 conv_accelerator_inst.u_conv_buf_ram.u_mem.u_mem.g_2k\[0\].u_cell.u_sram/dout0[29]
 conv_accelerator_inst.u_conv_buf_ram.u_mem.u_mem.g_2k\[0\].u_cell.u_sram/dout0[2]
 conv_accelerator_inst.u_conv_buf_ram.u_mem.u_mem.g_2k\[0\].u_cell.u_sram/dout0[30]
 conv_accelerator_inst.u_conv_buf_ram.u_mem.u_mem.g_2k\[0\].u_cell.u_sram/dout0[31]
 conv_accelerator_inst.u_conv_buf_ram.u_mem.u_mem.g_2k\[0\].u_cell.u_sram/dout0[3]
 conv_accelerator_inst.u_conv_buf_ram.u_mem.u_mem.g_2k\[0\].u_cell.u_sram/dout0[4]
 conv_accelerator_inst.u_conv_buf_ram.u_mem.u_mem.g_2k\[0\].u_cell.u_sram/dout0[5]
 conv_accelerator_inst.u_conv_buf_ram.u_mem.u_mem.g_2k\[0\].u_cell.u_sram/dout0[6]
 conv_accelerator_inst.u_conv_buf_ram.u_mem.u_mem.g_2k\[0\].u_cell.u_sram/dout0[7]
 conv_accelerator_inst.u_conv_buf_ram.u_mem.u_mem.g_2k\[0\].u_cell.u_sram/dout0[8]
 conv_accelerator_inst.u_conv_buf_ram.u_mem.u_mem.g_2k\[0\].u_cell.u_sram/dout0[9]
 conv_accelerator_inst.u_conv_buf_ram.u_mem.u_mem.g_2k\[0\].u_cell.u_sram_30523/HI
 conv_accelerator_inst.u_conv_buf_ram.u_mem.u_mem.g_2k\[1\].u_cell.u_sram/dout0[0]
 conv_accelerator_inst.u_conv_buf_ram.u_mem.u_mem.g_2k\[1\].u_cell.u_sram/dout0[10]
 conv_accelerator_inst.u_conv_buf_ram.u_mem.u_mem.g_2k\[1\].u_cell.u_sram/dout0[11]
 conv_accelerator_inst.u_conv_buf_ram.u_mem.u_mem.g_2k\[1\].u_cell.u_sram/dout0[12]
 conv_accelerator_inst.u_conv_buf_ram.u_mem.u_mem.g_2k\[1\].u_cell.u_sram/dout0[13]
 conv_accelerator_inst.u_conv_buf_ram.u_mem.u_mem.g_2k\[1\].u_cell.u_sram/dout0[14]
 conv_accelerator_inst.u_conv_buf_ram.u_mem.u_mem.g_2k\[1\].u_cell.u_sram/dout0[15]
 conv_accelerator_inst.u_conv_buf_ram.u_mem.u_mem.g_2k\[1\].u_cell.u_sram/dout0[16]
 conv_accelerator_inst.u_conv_buf_ram.u_mem.u_mem.g_2k\[1\].u_cell.u_sram/dout0[17]
 conv_accelerator_inst.u_conv_buf_ram.u_mem.u_mem.g_2k\[1\].u_cell.u_sram/dout0[18]
 conv_accelerator_inst.u_conv_buf_ram.u_mem.u_mem.g_2k\[1\].u_cell.u_sram/dout0[19]
 conv_accelerator_inst.u_conv_buf_ram.u_mem.u_mem.g_2k\[1\].u_cell.u_sram/dout0[1]
 conv_accelerator_inst.u_conv_buf_ram.u_mem.u_mem.g_2k\[1\].u_cell.u_sram/dout0[20]
 conv_accelerator_inst.u_conv_buf_ram.u_mem.u_mem.g_2k\[1\].u_cell.u_sram/dout0[21]
 conv_accelerator_inst.u_conv_buf_ram.u_mem.u_mem.g_2k\[1\].u_cell.u_sram/dout0[22]
 conv_accelerator_inst.u_conv_buf_ram.u_mem.u_mem.g_2k\[1\].u_cell.u_sram/dout0[23]
 conv_accelerator_inst.u_conv_buf_ram.u_mem.u_mem.g_2k\[1\].u_cell.u_sram/dout0[24]
 conv_accelerator_inst.u_conv_buf_ram.u_mem.u_mem.g_2k\[1\].u_cell.u_sram/dout0[25]
 conv_accelerator_inst.u_conv_buf_ram.u_mem.u_mem.g_2k\[1\].u_cell.u_sram/dout0[26]
 conv_accelerator_inst.u_conv_buf_ram.u_mem.u_mem.g_2k\[1\].u_cell.u_sram/dout0[27]
 conv_accelerator_inst.u_conv_buf_ram.u_mem.u_mem.g_2k\[1\].u_cell.u_sram/dout0[28]
 conv_accelerator_inst.u_conv_buf_ram.u_mem.u_mem.g_2k\[1\].u_cell.u_sram/dout0[29]
 conv_accelerator_inst.u_conv_buf_ram.u_mem.u_mem.g_2k\[1\].u_cell.u_sram/dout0[2]
 conv_accelerator_inst.u_conv_buf_ram.u_mem.u_mem.g_2k\[1\].u_cell.u_sram/dout0[30]
 conv_accelerator_inst.u_conv_buf_ram.u_mem.u_mem.g_2k\[1\].u_cell.u_sram/dout0[31]
 conv_accelerator_inst.u_conv_buf_ram.u_mem.u_mem.g_2k\[1\].u_cell.u_sram/dout0[3]
 conv_accelerator_inst.u_conv_buf_ram.u_mem.u_mem.g_2k\[1\].u_cell.u_sram/dout0[4]
 conv_accelerator_inst.u_conv_buf_ram.u_mem.u_mem.g_2k\[1\].u_cell.u_sram/dout0[5]
 conv_accelerator_inst.u_conv_buf_ram.u_mem.u_mem.g_2k\[1\].u_cell.u_sram/dout0[6]
 conv_accelerator_inst.u_conv_buf_ram.u_mem.u_mem.g_2k\[1\].u_cell.u_sram/dout0[7]
 conv_accelerator_inst.u_conv_buf_ram.u_mem.u_mem.g_2k\[1\].u_cell.u_sram/dout0[8]
 conv_accelerator_inst.u_conv_buf_ram.u_mem.u_mem.g_2k\[1\].u_cell.u_sram/dout0[9]
 conv_accelerator_inst.u_conv_buf_ram.u_mem.u_mem.g_2k\[1\].u_cell.u_sram_30524/HI
 data_bram_ctrl_inst.data_ram.u_mem.g_2k\[0\].u_cell.u_sram/dout0[0]
 data_bram_ctrl_inst.data_ram.u_mem.g_2k\[0\].u_cell.u_sram/dout0[10]
 data_bram_ctrl_inst.data_ram.u_mem.g_2k\[0\].u_cell.u_sram/dout0[11]
 data_bram_ctrl_inst.data_ram.u_mem.g_2k\[0\].u_cell.u_sram/dout0[12]
 data_bram_ctrl_inst.data_ram.u_mem.g_2k\[0\].u_cell.u_sram/dout0[13]
 data_bram_ctrl_inst.data_ram.u_mem.g_2k\[0\].u_cell.u_sram/dout0[14]
 data_bram_ctrl_inst.data_ram.u_mem.g_2k\[0\].u_cell.u_sram/dout0[15]
 data_bram_ctrl_inst.data_ram.u_mem.g_2k\[0\].u_cell.u_sram/dout0[16]
 data_bram_ctrl_inst.data_ram.u_mem.g_2k\[0\].u_cell.u_sram/dout0[17]
 data_bram_ctrl_inst.data_ram.u_mem.g_2k\[0\].u_cell.u_sram/dout0[18]
 data_bram_ctrl_inst.data_ram.u_mem.g_2k\[0\].u_cell.u_sram/dout0[19]
 data_bram_ctrl_inst.data_ram.u_mem.g_2k\[0\].u_cell.u_sram/dout0[1]
 data_bram_ctrl_inst.data_ram.u_mem.g_2k\[0\].u_cell.u_sram/dout0[20]
 data_bram_ctrl_inst.data_ram.u_mem.g_2k\[0\].u_cell.u_sram/dout0[21]
 data_bram_ctrl_inst.data_ram.u_mem.g_2k\[0\].u_cell.u_sram/dout0[22]
 data_bram_ctrl_inst.data_ram.u_mem.g_2k\[0\].u_cell.u_sram/dout0[23]
 data_bram_ctrl_inst.data_ram.u_mem.g_2k\[0\].u_cell.u_sram/dout0[24]
 data_bram_ctrl_inst.data_ram.u_mem.g_2k\[0\].u_cell.u_sram/dout0[25]
 data_bram_ctrl_inst.data_ram.u_mem.g_2k\[0\].u_cell.u_sram/dout0[26]
 data_bram_ctrl_inst.data_ram.u_mem.g_2k\[0\].u_cell.u_sram/dout0[27]
 data_bram_ctrl_inst.data_ram.u_mem.g_2k\[0\].u_cell.u_sram/dout0[28]
 data_bram_ctrl_inst.data_ram.u_mem.g_2k\[0\].u_cell.u_sram/dout0[29]
 data_bram_ctrl_inst.data_ram.u_mem.g_2k\[0\].u_cell.u_sram/dout0[2]
 data_bram_ctrl_inst.data_ram.u_mem.g_2k\[0\].u_cell.u_sram/dout0[30]
 data_bram_ctrl_inst.data_ram.u_mem.g_2k\[0\].u_cell.u_sram/dout0[31]
 data_bram_ctrl_inst.data_ram.u_mem.g_2k\[0\].u_cell.u_sram/dout0[3]
 data_bram_ctrl_inst.data_ram.u_mem.g_2k\[0\].u_cell.u_sram/dout0[4]
 data_bram_ctrl_inst.data_ram.u_mem.g_2k\[0\].u_cell.u_sram/dout0[5]
 data_bram_ctrl_inst.data_ram.u_mem.g_2k\[0\].u_cell.u_sram/dout0[6]
 data_bram_ctrl_inst.data_ram.u_mem.g_2k\[0\].u_cell.u_sram/dout0[7]
 data_bram_ctrl_inst.data_ram.u_mem.g_2k\[0\].u_cell.u_sram/dout0[8]
 data_bram_ctrl_inst.data_ram.u_mem.g_2k\[0\].u_cell.u_sram/dout0[9]
 data_bram_ctrl_inst.data_ram.u_mem.g_2k\[0\].u_cell.u_sram_30525/HI
 data_bram_ctrl_inst.data_ram.u_mem.g_2k\[1\].u_cell.u_sram/dout0[0]
 data_bram_ctrl_inst.data_ram.u_mem.g_2k\[1\].u_cell.u_sram/dout0[10]
 data_bram_ctrl_inst.data_ram.u_mem.g_2k\[1\].u_cell.u_sram/dout0[11]
 data_bram_ctrl_inst.data_ram.u_mem.g_2k\[1\].u_cell.u_sram/dout0[12]
 data_bram_ctrl_inst.data_ram.u_mem.g_2k\[1\].u_cell.u_sram/dout0[13]
 data_bram_ctrl_inst.data_ram.u_mem.g_2k\[1\].u_cell.u_sram/dout0[14]
 data_bram_ctrl_inst.data_ram.u_mem.g_2k\[1\].u_cell.u_sram/dout0[15]
 data_bram_ctrl_inst.data_ram.u_mem.g_2k\[1\].u_cell.u_sram/dout0[16]
 data_bram_ctrl_inst.data_ram.u_mem.g_2k\[1\].u_cell.u_sram/dout0[17]
 data_bram_ctrl_inst.data_ram.u_mem.g_2k\[1\].u_cell.u_sram/dout0[18]
 data_bram_ctrl_inst.data_ram.u_mem.g_2k\[1\].u_cell.u_sram/dout0[19]
 data_bram_ctrl_inst.data_ram.u_mem.g_2k\[1\].u_cell.u_sram/dout0[1]
 data_bram_ctrl_inst.data_ram.u_mem.g_2k\[1\].u_cell.u_sram/dout0[20]
 data_bram_ctrl_inst.data_ram.u_mem.g_2k\[1\].u_cell.u_sram/dout0[21]
 data_bram_ctrl_inst.data_ram.u_mem.g_2k\[1\].u_cell.u_sram/dout0[22]
 data_bram_ctrl_inst.data_ram.u_mem.g_2k\[1\].u_cell.u_sram/dout0[23]
 data_bram_ctrl_inst.data_ram.u_mem.g_2k\[1\].u_cell.u_sram/dout0[24]
 data_bram_ctrl_inst.data_ram.u_mem.g_2k\[1\].u_cell.u_sram/dout0[25]
 data_bram_ctrl_inst.data_ram.u_mem.g_2k\[1\].u_cell.u_sram/dout0[26]
 data_bram_ctrl_inst.data_ram.u_mem.g_2k\[1\].u_cell.u_sram/dout0[27]
 data_bram_ctrl_inst.data_ram.u_mem.g_2k\[1\].u_cell.u_sram/dout0[28]
 data_bram_ctrl_inst.data_ram.u_mem.g_2k\[1\].u_cell.u_sram/dout0[29]
 data_bram_ctrl_inst.data_ram.u_mem.g_2k\[1\].u_cell.u_sram/dout0[2]
 data_bram_ctrl_inst.data_ram.u_mem.g_2k\[1\].u_cell.u_sram/dout0[30]
 data_bram_ctrl_inst.data_ram.u_mem.g_2k\[1\].u_cell.u_sram/dout0[31]
 data_bram_ctrl_inst.data_ram.u_mem.g_2k\[1\].u_cell.u_sram/dout0[3]
 data_bram_ctrl_inst.data_ram.u_mem.g_2k\[1\].u_cell.u_sram/dout0[4]
 data_bram_ctrl_inst.data_ram.u_mem.g_2k\[1\].u_cell.u_sram/dout0[5]
 data_bram_ctrl_inst.data_ram.u_mem.g_2k\[1\].u_cell.u_sram/dout0[6]
 data_bram_ctrl_inst.data_ram.u_mem.g_2k\[1\].u_cell.u_sram/dout0[7]
 data_bram_ctrl_inst.data_ram.u_mem.g_2k\[1\].u_cell.u_sram/dout0[8]
 data_bram_ctrl_inst.data_ram.u_mem.g_2k\[1\].u_cell.u_sram/dout0[9]
 data_bram_ctrl_inst.data_ram.u_mem.g_2k\[1\].u_cell.u_sram_30526/HI
 data_bram_ctrl_inst.data_ram.u_mem.g_2k\[2\].u_cell.u_sram/dout0[0]
 data_bram_ctrl_inst.data_ram.u_mem.g_2k\[2\].u_cell.u_sram/dout0[10]
 data_bram_ctrl_inst.data_ram.u_mem.g_2k\[2\].u_cell.u_sram/dout0[11]
 data_bram_ctrl_inst.data_ram.u_mem.g_2k\[2\].u_cell.u_sram/dout0[12]
 data_bram_ctrl_inst.data_ram.u_mem.g_2k\[2\].u_cell.u_sram/dout0[13]
 data_bram_ctrl_inst.data_ram.u_mem.g_2k\[2\].u_cell.u_sram/dout0[14]
 data_bram_ctrl_inst.data_ram.u_mem.g_2k\[2\].u_cell.u_sram/dout0[15]
 data_bram_ctrl_inst.data_ram.u_mem.g_2k\[2\].u_cell.u_sram/dout0[16]
 data_bram_ctrl_inst.data_ram.u_mem.g_2k\[2\].u_cell.u_sram/dout0[17]
 data_bram_ctrl_inst.data_ram.u_mem.g_2k\[2\].u_cell.u_sram/dout0[18]
 data_bram_ctrl_inst.data_ram.u_mem.g_2k\[2\].u_cell.u_sram/dout0[19]
 data_bram_ctrl_inst.data_ram.u_mem.g_2k\[2\].u_cell.u_sram/dout0[1]
 data_bram_ctrl_inst.data_ram.u_mem.g_2k\[2\].u_cell.u_sram/dout0[20]
 data_bram_ctrl_inst.data_ram.u_mem.g_2k\[2\].u_cell.u_sram/dout0[21]
 data_bram_ctrl_inst.data_ram.u_mem.g_2k\[2\].u_cell.u_sram/dout0[22]
 data_bram_ctrl_inst.data_ram.u_mem.g_2k\[2\].u_cell.u_sram/dout0[23]
 data_bram_ctrl_inst.data_ram.u_mem.g_2k\[2\].u_cell.u_sram/dout0[24]
 data_bram_ctrl_inst.data_ram.u_mem.g_2k\[2\].u_cell.u_sram/dout0[25]
 data_bram_ctrl_inst.data_ram.u_mem.g_2k\[2\].u_cell.u_sram/dout0[26]
 data_bram_ctrl_inst.data_ram.u_mem.g_2k\[2\].u_cell.u_sram/dout0[27]
 data_bram_ctrl_inst.data_ram.u_mem.g_2k\[2\].u_cell.u_sram/dout0[28]
 data_bram_ctrl_inst.data_ram.u_mem.g_2k\[2\].u_cell.u_sram/dout0[29]
 data_bram_ctrl_inst.data_ram.u_mem.g_2k\[2\].u_cell.u_sram/dout0[2]
 data_bram_ctrl_inst.data_ram.u_mem.g_2k\[2\].u_cell.u_sram/dout0[30]
 data_bram_ctrl_inst.data_ram.u_mem.g_2k\[2\].u_cell.u_sram/dout0[31]
 data_bram_ctrl_inst.data_ram.u_mem.g_2k\[2\].u_cell.u_sram/dout0[3]
 data_bram_ctrl_inst.data_ram.u_mem.g_2k\[2\].u_cell.u_sram/dout0[4]
 data_bram_ctrl_inst.data_ram.u_mem.g_2k\[2\].u_cell.u_sram/dout0[5]
 data_bram_ctrl_inst.data_ram.u_mem.g_2k\[2\].u_cell.u_sram/dout0[6]
 data_bram_ctrl_inst.data_ram.u_mem.g_2k\[2\].u_cell.u_sram/dout0[7]
 data_bram_ctrl_inst.data_ram.u_mem.g_2k\[2\].u_cell.u_sram/dout0[8]
 data_bram_ctrl_inst.data_ram.u_mem.g_2k\[2\].u_cell.u_sram/dout0[9]
 data_bram_ctrl_inst.data_ram.u_mem.g_2k\[2\].u_cell.u_sram_30527/HI
 data_bram_ctrl_inst.data_ram.u_mem.g_2k\[3\].u_cell.u_sram/dout0[0]
 data_bram_ctrl_inst.data_ram.u_mem.g_2k\[3\].u_cell.u_sram/dout0[10]
 data_bram_ctrl_inst.data_ram.u_mem.g_2k\[3\].u_cell.u_sram/dout0[11]
 data_bram_ctrl_inst.data_ram.u_mem.g_2k\[3\].u_cell.u_sram/dout0[12]
 data_bram_ctrl_inst.data_ram.u_mem.g_2k\[3\].u_cell.u_sram/dout0[13]
 data_bram_ctrl_inst.data_ram.u_mem.g_2k\[3\].u_cell.u_sram/dout0[14]
 data_bram_ctrl_inst.data_ram.u_mem.g_2k\[3\].u_cell.u_sram/dout0[15]
 data_bram_ctrl_inst.data_ram.u_mem.g_2k\[3\].u_cell.u_sram/dout0[16]
 data_bram_ctrl_inst.data_ram.u_mem.g_2k\[3\].u_cell.u_sram/dout0[17]
 data_bram_ctrl_inst.data_ram.u_mem.g_2k\[3\].u_cell.u_sram/dout0[18]
 data_bram_ctrl_inst.data_ram.u_mem.g_2k\[3\].u_cell.u_sram/dout0[19]
 data_bram_ctrl_inst.data_ram.u_mem.g_2k\[3\].u_cell.u_sram/dout0[1]
 data_bram_ctrl_inst.data_ram.u_mem.g_2k\[3\].u_cell.u_sram/dout0[20]
 data_bram_ctrl_inst.data_ram.u_mem.g_2k\[3\].u_cell.u_sram/dout0[21]
 data_bram_ctrl_inst.data_ram.u_mem.g_2k\[3\].u_cell.u_sram/dout0[22]
 data_bram_ctrl_inst.data_ram.u_mem.g_2k\[3\].u_cell.u_sram/dout0[23]
 data_bram_ctrl_inst.data_ram.u_mem.g_2k\[3\].u_cell.u_sram/dout0[24]
 data_bram_ctrl_inst.data_ram.u_mem.g_2k\[3\].u_cell.u_sram/dout0[25]
 data_bram_ctrl_inst.data_ram.u_mem.g_2k\[3\].u_cell.u_sram/dout0[26]
 data_bram_ctrl_inst.data_ram.u_mem.g_2k\[3\].u_cell.u_sram/dout0[27]
 data_bram_ctrl_inst.data_ram.u_mem.g_2k\[3\].u_cell.u_sram/dout0[28]
 data_bram_ctrl_inst.data_ram.u_mem.g_2k\[3\].u_cell.u_sram/dout0[29]
 data_bram_ctrl_inst.data_ram.u_mem.g_2k\[3\].u_cell.u_sram/dout0[2]
 data_bram_ctrl_inst.data_ram.u_mem.g_2k\[3\].u_cell.u_sram/dout0[30]
 data_bram_ctrl_inst.data_ram.u_mem.g_2k\[3\].u_cell.u_sram/dout0[31]
 data_bram_ctrl_inst.data_ram.u_mem.g_2k\[3\].u_cell.u_sram/dout0[3]
 data_bram_ctrl_inst.data_ram.u_mem.g_2k\[3\].u_cell.u_sram/dout0[4]
 data_bram_ctrl_inst.data_ram.u_mem.g_2k\[3\].u_cell.u_sram/dout0[5]
 data_bram_ctrl_inst.data_ram.u_mem.g_2k\[3\].u_cell.u_sram/dout0[6]
 data_bram_ctrl_inst.data_ram.u_mem.g_2k\[3\].u_cell.u_sram/dout0[7]
 data_bram_ctrl_inst.data_ram.u_mem.g_2k\[3\].u_cell.u_sram/dout0[8]
 data_bram_ctrl_inst.data_ram.u_mem.g_2k\[3\].u_cell.u_sram/dout0[9]
 data_bram_ctrl_inst.data_ram.u_mem.g_2k\[3\].u_cell.u_sram_30528/HI
 instr_bram_ctrl_inst.instr_ram.u_mem.g_2k\[0\].u_cell.u_sram/dout0[0]
 instr_bram_ctrl_inst.instr_ram.u_mem.g_2k\[0\].u_cell.u_sram/dout0[10]
 instr_bram_ctrl_inst.instr_ram.u_mem.g_2k\[0\].u_cell.u_sram/dout0[11]
 instr_bram_ctrl_inst.instr_ram.u_mem.g_2k\[0\].u_cell.u_sram/dout0[12]
 instr_bram_ctrl_inst.instr_ram.u_mem.g_2k\[0\].u_cell.u_sram/dout0[13]
 instr_bram_ctrl_inst.instr_ram.u_mem.g_2k\[0\].u_cell.u_sram/dout0[14]
 instr_bram_ctrl_inst.instr_ram.u_mem.g_2k\[0\].u_cell.u_sram/dout0[15]
 instr_bram_ctrl_inst.instr_ram.u_mem.g_2k\[0\].u_cell.u_sram/dout0[16]
 instr_bram_ctrl_inst.instr_ram.u_mem.g_2k\[0\].u_cell.u_sram/dout0[17]
 instr_bram_ctrl_inst.instr_ram.u_mem.g_2k\[0\].u_cell.u_sram/dout0[18]
 instr_bram_ctrl_inst.instr_ram.u_mem.g_2k\[0\].u_cell.u_sram/dout0[19]
 instr_bram_ctrl_inst.instr_ram.u_mem.g_2k\[0\].u_cell.u_sram/dout0[1]
 instr_bram_ctrl_inst.instr_ram.u_mem.g_2k\[0\].u_cell.u_sram/dout0[20]
 instr_bram_ctrl_inst.instr_ram.u_mem.g_2k\[0\].u_cell.u_sram/dout0[21]
 instr_bram_ctrl_inst.instr_ram.u_mem.g_2k\[0\].u_cell.u_sram/dout0[22]
 instr_bram_ctrl_inst.instr_ram.u_mem.g_2k\[0\].u_cell.u_sram/dout0[23]
 instr_bram_ctrl_inst.instr_ram.u_mem.g_2k\[0\].u_cell.u_sram/dout0[24]
 instr_bram_ctrl_inst.instr_ram.u_mem.g_2k\[0\].u_cell.u_sram/dout0[25]
 instr_bram_ctrl_inst.instr_ram.u_mem.g_2k\[0\].u_cell.u_sram/dout0[26]
 instr_bram_ctrl_inst.instr_ram.u_mem.g_2k\[0\].u_cell.u_sram/dout0[27]
 instr_bram_ctrl_inst.instr_ram.u_mem.g_2k\[0\].u_cell.u_sram/dout0[28]
 instr_bram_ctrl_inst.instr_ram.u_mem.g_2k\[0\].u_cell.u_sram/dout0[29]
 instr_bram_ctrl_inst.instr_ram.u_mem.g_2k\[0\].u_cell.u_sram/dout0[2]
 instr_bram_ctrl_inst.instr_ram.u_mem.g_2k\[0\].u_cell.u_sram/dout0[30]
 instr_bram_ctrl_inst.instr_ram.u_mem.g_2k\[0\].u_cell.u_sram/dout0[31]
 instr_bram_ctrl_inst.instr_ram.u_mem.g_2k\[0\].u_cell.u_sram/dout0[3]
 instr_bram_ctrl_inst.instr_ram.u_mem.g_2k\[0\].u_cell.u_sram/dout0[4]
 instr_bram_ctrl_inst.instr_ram.u_mem.g_2k\[0\].u_cell.u_sram/dout0[5]
 instr_bram_ctrl_inst.instr_ram.u_mem.g_2k\[0\].u_cell.u_sram/dout0[6]
 instr_bram_ctrl_inst.instr_ram.u_mem.g_2k\[0\].u_cell.u_sram/dout0[7]
 instr_bram_ctrl_inst.instr_ram.u_mem.g_2k\[0\].u_cell.u_sram/dout0[8]
 instr_bram_ctrl_inst.instr_ram.u_mem.g_2k\[0\].u_cell.u_sram/dout0[9]
 instr_bram_ctrl_inst.instr_ram.u_mem.g_2k\[0\].u_cell.u_sram_30529/HI
 instr_bram_ctrl_inst.instr_ram.u_mem.g_2k\[1\].u_cell.u_sram/dout0[0]
 instr_bram_ctrl_inst.instr_ram.u_mem.g_2k\[1\].u_cell.u_sram/dout0[10]
 instr_bram_ctrl_inst.instr_ram.u_mem.g_2k\[1\].u_cell.u_sram/dout0[11]
 instr_bram_ctrl_inst.instr_ram.u_mem.g_2k\[1\].u_cell.u_sram/dout0[12]
 instr_bram_ctrl_inst.instr_ram.u_mem.g_2k\[1\].u_cell.u_sram/dout0[13]
 instr_bram_ctrl_inst.instr_ram.u_mem.g_2k\[1\].u_cell.u_sram/dout0[14]
 instr_bram_ctrl_inst.instr_ram.u_mem.g_2k\[1\].u_cell.u_sram/dout0[15]
 instr_bram_ctrl_inst.instr_ram.u_mem.g_2k\[1\].u_cell.u_sram/dout0[16]
 instr_bram_ctrl_inst.instr_ram.u_mem.g_2k\[1\].u_cell.u_sram/dout0[17]
 instr_bram_ctrl_inst.instr_ram.u_mem.g_2k\[1\].u_cell.u_sram/dout0[18]
 instr_bram_ctrl_inst.instr_ram.u_mem.g_2k\[1\].u_cell.u_sram/dout0[19]
 instr_bram_ctrl_inst.instr_ram.u_mem.g_2k\[1\].u_cell.u_sram/dout0[1]
 instr_bram_ctrl_inst.instr_ram.u_mem.g_2k\[1\].u_cell.u_sram/dout0[20]
 instr_bram_ctrl_inst.instr_ram.u_mem.g_2k\[1\].u_cell.u_sram/dout0[21]
 instr_bram_ctrl_inst.instr_ram.u_mem.g_2k\[1\].u_cell.u_sram/dout0[22]
 instr_bram_ctrl_inst.instr_ram.u_mem.g_2k\[1\].u_cell.u_sram/dout0[23]
 instr_bram_ctrl_inst.instr_ram.u_mem.g_2k\[1\].u_cell.u_sram/dout0[24]
 instr_bram_ctrl_inst.instr_ram.u_mem.g_2k\[1\].u_cell.u_sram/dout0[25]
 instr_bram_ctrl_inst.instr_ram.u_mem.g_2k\[1\].u_cell.u_sram/dout0[26]
 instr_bram_ctrl_inst.instr_ram.u_mem.g_2k\[1\].u_cell.u_sram/dout0[27]
 instr_bram_ctrl_inst.instr_ram.u_mem.g_2k\[1\].u_cell.u_sram/dout0[28]
 instr_bram_ctrl_inst.instr_ram.u_mem.g_2k\[1\].u_cell.u_sram/dout0[29]
 instr_bram_ctrl_inst.instr_ram.u_mem.g_2k\[1\].u_cell.u_sram/dout0[2]
 instr_bram_ctrl_inst.instr_ram.u_mem.g_2k\[1\].u_cell.u_sram/dout0[30]
 instr_bram_ctrl_inst.instr_ram.u_mem.g_2k\[1\].u_cell.u_sram/dout0[31]
 instr_bram_ctrl_inst.instr_ram.u_mem.g_2k\[1\].u_cell.u_sram/dout0[3]
 instr_bram_ctrl_inst.instr_ram.u_mem.g_2k\[1\].u_cell.u_sram/dout0[4]
 instr_bram_ctrl_inst.instr_ram.u_mem.g_2k\[1\].u_cell.u_sram/dout0[5]
 instr_bram_ctrl_inst.instr_ram.u_mem.g_2k\[1\].u_cell.u_sram/dout0[6]
 instr_bram_ctrl_inst.instr_ram.u_mem.g_2k\[1\].u_cell.u_sram/dout0[7]
 instr_bram_ctrl_inst.instr_ram.u_mem.g_2k\[1\].u_cell.u_sram/dout0[8]
 instr_bram_ctrl_inst.instr_ram.u_mem.g_2k\[1\].u_cell.u_sram/dout0[9]
 instr_bram_ctrl_inst.instr_ram.u_mem.g_2k\[1\].u_cell.u_sram_30530/HI
 instr_bram_ctrl_inst.instr_ram.u_mem.g_2k\[2\].u_cell.u_sram/dout0[0]
 instr_bram_ctrl_inst.instr_ram.u_mem.g_2k\[2\].u_cell.u_sram/dout0[10]
 instr_bram_ctrl_inst.instr_ram.u_mem.g_2k\[2\].u_cell.u_sram/dout0[11]
 instr_bram_ctrl_inst.instr_ram.u_mem.g_2k\[2\].u_cell.u_sram/dout0[12]
 instr_bram_ctrl_inst.instr_ram.u_mem.g_2k\[2\].u_cell.u_sram/dout0[13]
 instr_bram_ctrl_inst.instr_ram.u_mem.g_2k\[2\].u_cell.u_sram/dout0[14]
 instr_bram_ctrl_inst.instr_ram.u_mem.g_2k\[2\].u_cell.u_sram/dout0[15]
 instr_bram_ctrl_inst.instr_ram.u_mem.g_2k\[2\].u_cell.u_sram/dout0[16]
 instr_bram_ctrl_inst.instr_ram.u_mem.g_2k\[2\].u_cell.u_sram/dout0[17]
 instr_bram_ctrl_inst.instr_ram.u_mem.g_2k\[2\].u_cell.u_sram/dout0[18]
 instr_bram_ctrl_inst.instr_ram.u_mem.g_2k\[2\].u_cell.u_sram/dout0[19]
 instr_bram_ctrl_inst.instr_ram.u_mem.g_2k\[2\].u_cell.u_sram/dout0[1]
 instr_bram_ctrl_inst.instr_ram.u_mem.g_2k\[2\].u_cell.u_sram/dout0[20]
 instr_bram_ctrl_inst.instr_ram.u_mem.g_2k\[2\].u_cell.u_sram/dout0[21]
 instr_bram_ctrl_inst.instr_ram.u_mem.g_2k\[2\].u_cell.u_sram/dout0[22]
 instr_bram_ctrl_inst.instr_ram.u_mem.g_2k\[2\].u_cell.u_sram/dout0[23]
 instr_bram_ctrl_inst.instr_ram.u_mem.g_2k\[2\].u_cell.u_sram/dout0[24]
 instr_bram_ctrl_inst.instr_ram.u_mem.g_2k\[2\].u_cell.u_sram/dout0[25]
 instr_bram_ctrl_inst.instr_ram.u_mem.g_2k\[2\].u_cell.u_sram/dout0[26]
 instr_bram_ctrl_inst.instr_ram.u_mem.g_2k\[2\].u_cell.u_sram/dout0[27]
 instr_bram_ctrl_inst.instr_ram.u_mem.g_2k\[2\].u_cell.u_sram/dout0[28]
 instr_bram_ctrl_inst.instr_ram.u_mem.g_2k\[2\].u_cell.u_sram/dout0[29]
 instr_bram_ctrl_inst.instr_ram.u_mem.g_2k\[2\].u_cell.u_sram/dout0[2]
 instr_bram_ctrl_inst.instr_ram.u_mem.g_2k\[2\].u_cell.u_sram/dout0[30]
 instr_bram_ctrl_inst.instr_ram.u_mem.g_2k\[2\].u_cell.u_sram/dout0[31]
 instr_bram_ctrl_inst.instr_ram.u_mem.g_2k\[2\].u_cell.u_sram/dout0[3]
 instr_bram_ctrl_inst.instr_ram.u_mem.g_2k\[2\].u_cell.u_sram/dout0[4]
 instr_bram_ctrl_inst.instr_ram.u_mem.g_2k\[2\].u_cell.u_sram/dout0[5]
 instr_bram_ctrl_inst.instr_ram.u_mem.g_2k\[2\].u_cell.u_sram/dout0[6]
 instr_bram_ctrl_inst.instr_ram.u_mem.g_2k\[2\].u_cell.u_sram/dout0[7]
 instr_bram_ctrl_inst.instr_ram.u_mem.g_2k\[2\].u_cell.u_sram/dout0[8]
 instr_bram_ctrl_inst.instr_ram.u_mem.g_2k\[2\].u_cell.u_sram/dout0[9]
 instr_bram_ctrl_inst.instr_ram.u_mem.g_2k\[2\].u_cell.u_sram_30531/HI
 instr_bram_ctrl_inst.instr_ram.u_mem.g_2k\[3\].u_cell.u_sram/dout0[0]
 instr_bram_ctrl_inst.instr_ram.u_mem.g_2k\[3\].u_cell.u_sram/dout0[10]
 instr_bram_ctrl_inst.instr_ram.u_mem.g_2k\[3\].u_cell.u_sram/dout0[11]
 instr_bram_ctrl_inst.instr_ram.u_mem.g_2k\[3\].u_cell.u_sram/dout0[12]
 instr_bram_ctrl_inst.instr_ram.u_mem.g_2k\[3\].u_cell.u_sram/dout0[13]
 instr_bram_ctrl_inst.instr_ram.u_mem.g_2k\[3\].u_cell.u_sram/dout0[14]
 instr_bram_ctrl_inst.instr_ram.u_mem.g_2k\[3\].u_cell.u_sram/dout0[15]
 instr_bram_ctrl_inst.instr_ram.u_mem.g_2k\[3\].u_cell.u_sram/dout0[16]
 instr_bram_ctrl_inst.instr_ram.u_mem.g_2k\[3\].u_cell.u_sram/dout0[17]
 instr_bram_ctrl_inst.instr_ram.u_mem.g_2k\[3\].u_cell.u_sram/dout0[18]
 instr_bram_ctrl_inst.instr_ram.u_mem.g_2k\[3\].u_cell.u_sram/dout0[19]
 instr_bram_ctrl_inst.instr_ram.u_mem.g_2k\[3\].u_cell.u_sram/dout0[1]
 instr_bram_ctrl_inst.instr_ram.u_mem.g_2k\[3\].u_cell.u_sram/dout0[20]
 instr_bram_ctrl_inst.instr_ram.u_mem.g_2k\[3\].u_cell.u_sram/dout0[21]
 instr_bram_ctrl_inst.instr_ram.u_mem.g_2k\[3\].u_cell.u_sram/dout0[22]
 instr_bram_ctrl_inst.instr_ram.u_mem.g_2k\[3\].u_cell.u_sram/dout0[23]
 instr_bram_ctrl_inst.instr_ram.u_mem.g_2k\[3\].u_cell.u_sram/dout0[24]
 instr_bram_ctrl_inst.instr_ram.u_mem.g_2k\[3\].u_cell.u_sram/dout0[25]
 instr_bram_ctrl_inst.instr_ram.u_mem.g_2k\[3\].u_cell.u_sram/dout0[26]
 instr_bram_ctrl_inst.instr_ram.u_mem.g_2k\[3\].u_cell.u_sram/dout0[27]
 instr_bram_ctrl_inst.instr_ram.u_mem.g_2k\[3\].u_cell.u_sram/dout0[28]
 instr_bram_ctrl_inst.instr_ram.u_mem.g_2k\[3\].u_cell.u_sram/dout0[29]
 instr_bram_ctrl_inst.instr_ram.u_mem.g_2k\[3\].u_cell.u_sram/dout0[2]
 instr_bram_ctrl_inst.instr_ram.u_mem.g_2k\[3\].u_cell.u_sram/dout0[30]
 instr_bram_ctrl_inst.instr_ram.u_mem.g_2k\[3\].u_cell.u_sram/dout0[31]
 instr_bram_ctrl_inst.instr_ram.u_mem.g_2k\[3\].u_cell.u_sram/dout0[3]
 instr_bram_ctrl_inst.instr_ram.u_mem.g_2k\[3\].u_cell.u_sram/dout0[4]
 instr_bram_ctrl_inst.instr_ram.u_mem.g_2k\[3\].u_cell.u_sram/dout0[5]
 instr_bram_ctrl_inst.instr_ram.u_mem.g_2k\[3\].u_cell.u_sram/dout0[6]
 instr_bram_ctrl_inst.instr_ram.u_mem.g_2k\[3\].u_cell.u_sram/dout0[7]
 instr_bram_ctrl_inst.instr_ram.u_mem.g_2k\[3\].u_cell.u_sram/dout0[8]
 instr_bram_ctrl_inst.instr_ram.u_mem.g_2k\[3\].u_cell.u_sram/dout0[9]
 instr_bram_ctrl_inst.instr_ram.u_mem.g_2k\[3\].u_cell.u_sram_30532/HI
 top_module/HI
 top_module_30538/HI
 top_module_30539/HI
 top_module_30540/HI
 top_module_30541/HI
 top_module_30542/HI
 top_module_30543/HI
 top_module_30544/HI
 top_module_30545/HI
 top_module_30546/HI
 top_module_30547/HI
 top_module_30548/HI
 top_module_30549/HI
 top_module_30550/HI
 top_module_30551/HI
 top_module_30552/HI
 yz_bram_ctrl_inst.yz_ram.u_mem.u_mem.g_1k.u_cell.u_sram/dout0[0]
 yz_bram_ctrl_inst.yz_ram.u_mem.u_mem.g_1k.u_cell.u_sram/dout0[10]
 yz_bram_ctrl_inst.yz_ram.u_mem.u_mem.g_1k.u_cell.u_sram/dout0[11]
 yz_bram_ctrl_inst.yz_ram.u_mem.u_mem.g_1k.u_cell.u_sram/dout0[12]
 yz_bram_ctrl_inst.yz_ram.u_mem.u_mem.g_1k.u_cell.u_sram/dout0[13]
 yz_bram_ctrl_inst.yz_ram.u_mem.u_mem.g_1k.u_cell.u_sram/dout0[14]
 yz_bram_ctrl_inst.yz_ram.u_mem.u_mem.g_1k.u_cell.u_sram/dout0[15]
 yz_bram_ctrl_inst.yz_ram.u_mem.u_mem.g_1k.u_cell.u_sram/dout0[16]
 yz_bram_ctrl_inst.yz_ram.u_mem.u_mem.g_1k.u_cell.u_sram/dout0[17]
 yz_bram_ctrl_inst.yz_ram.u_mem.u_mem.g_1k.u_cell.u_sram/dout0[18]
 yz_bram_ctrl_inst.yz_ram.u_mem.u_mem.g_1k.u_cell.u_sram/dout0[19]
 yz_bram_ctrl_inst.yz_ram.u_mem.u_mem.g_1k.u_cell.u_sram/dout0[1]
 yz_bram_ctrl_inst.yz_ram.u_mem.u_mem.g_1k.u_cell.u_sram/dout0[20]
 yz_bram_ctrl_inst.yz_ram.u_mem.u_mem.g_1k.u_cell.u_sram/dout0[21]
 yz_bram_ctrl_inst.yz_ram.u_mem.u_mem.g_1k.u_cell.u_sram/dout0[22]
 yz_bram_ctrl_inst.yz_ram.u_mem.u_mem.g_1k.u_cell.u_sram/dout0[23]
 yz_bram_ctrl_inst.yz_ram.u_mem.u_mem.g_1k.u_cell.u_sram/dout0[24]
 yz_bram_ctrl_inst.yz_ram.u_mem.u_mem.g_1k.u_cell.u_sram/dout0[25]
 yz_bram_ctrl_inst.yz_ram.u_mem.u_mem.g_1k.u_cell.u_sram/dout0[26]
 yz_bram_ctrl_inst.yz_ram.u_mem.u_mem.g_1k.u_cell.u_sram/dout0[27]
 yz_bram_ctrl_inst.yz_ram.u_mem.u_mem.g_1k.u_cell.u_sram/dout0[28]
 yz_bram_ctrl_inst.yz_ram.u_mem.u_mem.g_1k.u_cell.u_sram/dout0[29]
 yz_bram_ctrl_inst.yz_ram.u_mem.u_mem.g_1k.u_cell.u_sram/dout0[2]
 yz_bram_ctrl_inst.yz_ram.u_mem.u_mem.g_1k.u_cell.u_sram/dout0[30]
 yz_bram_ctrl_inst.yz_ram.u_mem.u_mem.g_1k.u_cell.u_sram/dout0[31]
 yz_bram_ctrl_inst.yz_ram.u_mem.u_mem.g_1k.u_cell.u_sram/dout0[3]
 yz_bram_ctrl_inst.yz_ram.u_mem.u_mem.g_1k.u_cell.u_sram/dout0[4]
 yz_bram_ctrl_inst.yz_ram.u_mem.u_mem.g_1k.u_cell.u_sram/dout0[5]
 yz_bram_ctrl_inst.yz_ram.u_mem.u_mem.g_1k.u_cell.u_sram/dout0[6]
 yz_bram_ctrl_inst.yz_ram.u_mem.u_mem.g_1k.u_cell.u_sram/dout0[7]
 yz_bram_ctrl_inst.yz_ram.u_mem.u_mem.g_1k.u_cell.u_sram/dout0[8]
 yz_bram_ctrl_inst.yz_ram.u_mem.u_mem.g_1k.u_cell.u_sram/dout0[9]
 yz_bram_ctrl_inst.yz_ram.u_mem.u_mem.g_1k.u_cell.u_sram_30533/HI
 yz_bram_ctrl_inst.yz_ram.u_mem.u_mem.g_2k\[0\].u_cell.u_sram/dout0[0]
 yz_bram_ctrl_inst.yz_ram.u_mem.u_mem.g_2k\[0\].u_cell.u_sram/dout0[10]
 yz_bram_ctrl_inst.yz_ram.u_mem.u_mem.g_2k\[0\].u_cell.u_sram/dout0[11]
 yz_bram_ctrl_inst.yz_ram.u_mem.u_mem.g_2k\[0\].u_cell.u_sram/dout0[12]
 yz_bram_ctrl_inst.yz_ram.u_mem.u_mem.g_2k\[0\].u_cell.u_sram/dout0[13]
 yz_bram_ctrl_inst.yz_ram.u_mem.u_mem.g_2k\[0\].u_cell.u_sram/dout0[14]
 yz_bram_ctrl_inst.yz_ram.u_mem.u_mem.g_2k\[0\].u_cell.u_sram/dout0[15]
 yz_bram_ctrl_inst.yz_ram.u_mem.u_mem.g_2k\[0\].u_cell.u_sram/dout0[16]
 yz_bram_ctrl_inst.yz_ram.u_mem.u_mem.g_2k\[0\].u_cell.u_sram/dout0[17]
 yz_bram_ctrl_inst.yz_ram.u_mem.u_mem.g_2k\[0\].u_cell.u_sram/dout0[18]
 yz_bram_ctrl_inst.yz_ram.u_mem.u_mem.g_2k\[0\].u_cell.u_sram/dout0[19]
 yz_bram_ctrl_inst.yz_ram.u_mem.u_mem.g_2k\[0\].u_cell.u_sram/dout0[1]
 yz_bram_ctrl_inst.yz_ram.u_mem.u_mem.g_2k\[0\].u_cell.u_sram/dout0[20]
 yz_bram_ctrl_inst.yz_ram.u_mem.u_mem.g_2k\[0\].u_cell.u_sram/dout0[21]
 yz_bram_ctrl_inst.yz_ram.u_mem.u_mem.g_2k\[0\].u_cell.u_sram/dout0[22]
 yz_bram_ctrl_inst.yz_ram.u_mem.u_mem.g_2k\[0\].u_cell.u_sram/dout0[23]
 yz_bram_ctrl_inst.yz_ram.u_mem.u_mem.g_2k\[0\].u_cell.u_sram/dout0[24]
 yz_bram_ctrl_inst.yz_ram.u_mem.u_mem.g_2k\[0\].u_cell.u_sram/dout0[25]
 yz_bram_ctrl_inst.yz_ram.u_mem.u_mem.g_2k\[0\].u_cell.u_sram/dout0[26]
 yz_bram_ctrl_inst.yz_ram.u_mem.u_mem.g_2k\[0\].u_cell.u_sram/dout0[27]
 yz_bram_ctrl_inst.yz_ram.u_mem.u_mem.g_2k\[0\].u_cell.u_sram/dout0[28]
 yz_bram_ctrl_inst.yz_ram.u_mem.u_mem.g_2k\[0\].u_cell.u_sram/dout0[29]
 yz_bram_ctrl_inst.yz_ram.u_mem.u_mem.g_2k\[0\].u_cell.u_sram/dout0[2]
 yz_bram_ctrl_inst.yz_ram.u_mem.u_mem.g_2k\[0\].u_cell.u_sram/dout0[30]
 yz_bram_ctrl_inst.yz_ram.u_mem.u_mem.g_2k\[0\].u_cell.u_sram/dout0[31]
 yz_bram_ctrl_inst.yz_ram.u_mem.u_mem.g_2k\[0\].u_cell.u_sram/dout0[3]
 yz_bram_ctrl_inst.yz_ram.u_mem.u_mem.g_2k\[0\].u_cell.u_sram/dout0[4]
 yz_bram_ctrl_inst.yz_ram.u_mem.u_mem.g_2k\[0\].u_cell.u_sram/dout0[5]
 yz_bram_ctrl_inst.yz_ram.u_mem.u_mem.g_2k\[0\].u_cell.u_sram/dout0[6]
 yz_bram_ctrl_inst.yz_ram.u_mem.u_mem.g_2k\[0\].u_cell.u_sram/dout0[7]
 yz_bram_ctrl_inst.yz_ram.u_mem.u_mem.g_2k\[0\].u_cell.u_sram/dout0[8]
 yz_bram_ctrl_inst.yz_ram.u_mem.u_mem.g_2k\[0\].u_cell.u_sram/dout0[9]
 yz_bram_ctrl_inst.yz_ram.u_mem.u_mem.g_2k\[0\].u_cell.u_sram_30534/HI
 yz_bram_ctrl_inst.yz_ram.u_mem.u_mem.g_2k\[1\].u_cell.u_sram/dout0[0]
 yz_bram_ctrl_inst.yz_ram.u_mem.u_mem.g_2k\[1\].u_cell.u_sram/dout0[10]
 yz_bram_ctrl_inst.yz_ram.u_mem.u_mem.g_2k\[1\].u_cell.u_sram/dout0[11]
 yz_bram_ctrl_inst.yz_ram.u_mem.u_mem.g_2k\[1\].u_cell.u_sram/dout0[12]
 yz_bram_ctrl_inst.yz_ram.u_mem.u_mem.g_2k\[1\].u_cell.u_sram/dout0[13]
 yz_bram_ctrl_inst.yz_ram.u_mem.u_mem.g_2k\[1\].u_cell.u_sram/dout0[14]
 yz_bram_ctrl_inst.yz_ram.u_mem.u_mem.g_2k\[1\].u_cell.u_sram/dout0[15]
 yz_bram_ctrl_inst.yz_ram.u_mem.u_mem.g_2k\[1\].u_cell.u_sram/dout0[16]
 yz_bram_ctrl_inst.yz_ram.u_mem.u_mem.g_2k\[1\].u_cell.u_sram/dout0[17]
 yz_bram_ctrl_inst.yz_ram.u_mem.u_mem.g_2k\[1\].u_cell.u_sram/dout0[18]
 yz_bram_ctrl_inst.yz_ram.u_mem.u_mem.g_2k\[1\].u_cell.u_sram/dout0[19]
 yz_bram_ctrl_inst.yz_ram.u_mem.u_mem.g_2k\[1\].u_cell.u_sram/dout0[1]
 yz_bram_ctrl_inst.yz_ram.u_mem.u_mem.g_2k\[1\].u_cell.u_sram/dout0[20]
 yz_bram_ctrl_inst.yz_ram.u_mem.u_mem.g_2k\[1\].u_cell.u_sram/dout0[21]
 yz_bram_ctrl_inst.yz_ram.u_mem.u_mem.g_2k\[1\].u_cell.u_sram/dout0[22]
 yz_bram_ctrl_inst.yz_ram.u_mem.u_mem.g_2k\[1\].u_cell.u_sram/dout0[23]
 yz_bram_ctrl_inst.yz_ram.u_mem.u_mem.g_2k\[1\].u_cell.u_sram/dout0[24]
 yz_bram_ctrl_inst.yz_ram.u_mem.u_mem.g_2k\[1\].u_cell.u_sram/dout0[25]
 yz_bram_ctrl_inst.yz_ram.u_mem.u_mem.g_2k\[1\].u_cell.u_sram/dout0[26]
 yz_bram_ctrl_inst.yz_ram.u_mem.u_mem.g_2k\[1\].u_cell.u_sram/dout0[27]
 yz_bram_ctrl_inst.yz_ram.u_mem.u_mem.g_2k\[1\].u_cell.u_sram/dout0[28]
 yz_bram_ctrl_inst.yz_ram.u_mem.u_mem.g_2k\[1\].u_cell.u_sram/dout0[29]
 yz_bram_ctrl_inst.yz_ram.u_mem.u_mem.g_2k\[1\].u_cell.u_sram/dout0[2]
 yz_bram_ctrl_inst.yz_ram.u_mem.u_mem.g_2k\[1\].u_cell.u_sram/dout0[30]
 yz_bram_ctrl_inst.yz_ram.u_mem.u_mem.g_2k\[1\].u_cell.u_sram/dout0[31]
 yz_bram_ctrl_inst.yz_ram.u_mem.u_mem.g_2k\[1\].u_cell.u_sram/dout0[3]
 yz_bram_ctrl_inst.yz_ram.u_mem.u_mem.g_2k\[1\].u_cell.u_sram/dout0[4]
 yz_bram_ctrl_inst.yz_ram.u_mem.u_mem.g_2k\[1\].u_cell.u_sram/dout0[5]
 yz_bram_ctrl_inst.yz_ram.u_mem.u_mem.g_2k\[1\].u_cell.u_sram/dout0[6]
 yz_bram_ctrl_inst.yz_ram.u_mem.u_mem.g_2k\[1\].u_cell.u_sram/dout0[7]
 yz_bram_ctrl_inst.yz_ram.u_mem.u_mem.g_2k\[1\].u_cell.u_sram/dout0[8]
 yz_bram_ctrl_inst.yz_ram.u_mem.u_mem.g_2k\[1\].u_cell.u_sram/dout0[9]
 yz_bram_ctrl_inst.yz_ram.u_mem.u_mem.g_2k\[1\].u_cell.u_sram_30535/HI
 yz_bram_ctrl_inst.yz_ram.u_mem.u_mem.g_2k\[2\].u_cell.u_sram/dout0[0]
 yz_bram_ctrl_inst.yz_ram.u_mem.u_mem.g_2k\[2\].u_cell.u_sram/dout0[10]
 yz_bram_ctrl_inst.yz_ram.u_mem.u_mem.g_2k\[2\].u_cell.u_sram/dout0[11]
 yz_bram_ctrl_inst.yz_ram.u_mem.u_mem.g_2k\[2\].u_cell.u_sram/dout0[12]
 yz_bram_ctrl_inst.yz_ram.u_mem.u_mem.g_2k\[2\].u_cell.u_sram/dout0[13]
 yz_bram_ctrl_inst.yz_ram.u_mem.u_mem.g_2k\[2\].u_cell.u_sram/dout0[14]
 yz_bram_ctrl_inst.yz_ram.u_mem.u_mem.g_2k\[2\].u_cell.u_sram/dout0[15]
 yz_bram_ctrl_inst.yz_ram.u_mem.u_mem.g_2k\[2\].u_cell.u_sram/dout0[16]
 yz_bram_ctrl_inst.yz_ram.u_mem.u_mem.g_2k\[2\].u_cell.u_sram/dout0[17]
 yz_bram_ctrl_inst.yz_ram.u_mem.u_mem.g_2k\[2\].u_cell.u_sram/dout0[18]
 yz_bram_ctrl_inst.yz_ram.u_mem.u_mem.g_2k\[2\].u_cell.u_sram/dout0[19]
 yz_bram_ctrl_inst.yz_ram.u_mem.u_mem.g_2k\[2\].u_cell.u_sram/dout0[1]
 yz_bram_ctrl_inst.yz_ram.u_mem.u_mem.g_2k\[2\].u_cell.u_sram/dout0[20]
 yz_bram_ctrl_inst.yz_ram.u_mem.u_mem.g_2k\[2\].u_cell.u_sram/dout0[21]
 yz_bram_ctrl_inst.yz_ram.u_mem.u_mem.g_2k\[2\].u_cell.u_sram/dout0[22]
 yz_bram_ctrl_inst.yz_ram.u_mem.u_mem.g_2k\[2\].u_cell.u_sram/dout0[23]
 yz_bram_ctrl_inst.yz_ram.u_mem.u_mem.g_2k\[2\].u_cell.u_sram/dout0[24]
 yz_bram_ctrl_inst.yz_ram.u_mem.u_mem.g_2k\[2\].u_cell.u_sram/dout0[25]
 yz_bram_ctrl_inst.yz_ram.u_mem.u_mem.g_2k\[2\].u_cell.u_sram/dout0[26]
 yz_bram_ctrl_inst.yz_ram.u_mem.u_mem.g_2k\[2\].u_cell.u_sram/dout0[27]
 yz_bram_ctrl_inst.yz_ram.u_mem.u_mem.g_2k\[2\].u_cell.u_sram/dout0[28]
 yz_bram_ctrl_inst.yz_ram.u_mem.u_mem.g_2k\[2\].u_cell.u_sram/dout0[29]
 yz_bram_ctrl_inst.yz_ram.u_mem.u_mem.g_2k\[2\].u_cell.u_sram/dout0[2]
 yz_bram_ctrl_inst.yz_ram.u_mem.u_mem.g_2k\[2\].u_cell.u_sram/dout0[30]
 yz_bram_ctrl_inst.yz_ram.u_mem.u_mem.g_2k\[2\].u_cell.u_sram/dout0[31]
 yz_bram_ctrl_inst.yz_ram.u_mem.u_mem.g_2k\[2\].u_cell.u_sram/dout0[3]
 yz_bram_ctrl_inst.yz_ram.u_mem.u_mem.g_2k\[2\].u_cell.u_sram/dout0[4]
 yz_bram_ctrl_inst.yz_ram.u_mem.u_mem.g_2k\[2\].u_cell.u_sram/dout0[5]
 yz_bram_ctrl_inst.yz_ram.u_mem.u_mem.g_2k\[2\].u_cell.u_sram/dout0[6]
 yz_bram_ctrl_inst.yz_ram.u_mem.u_mem.g_2k\[2\].u_cell.u_sram/dout0[7]
 yz_bram_ctrl_inst.yz_ram.u_mem.u_mem.g_2k\[2\].u_cell.u_sram/dout0[8]
 yz_bram_ctrl_inst.yz_ram.u_mem.u_mem.g_2k\[2\].u_cell.u_sram/dout0[9]
 yz_bram_ctrl_inst.yz_ram.u_mem.u_mem.g_2k\[2\].u_cell.u_sram_30536/HI
 yz_bram_ctrl_inst.yz_ram.u_mem.u_mem.g_2k\[3\].u_cell.u_sram/dout0[0]
 yz_bram_ctrl_inst.yz_ram.u_mem.u_mem.g_2k\[3\].u_cell.u_sram/dout0[10]
 yz_bram_ctrl_inst.yz_ram.u_mem.u_mem.g_2k\[3\].u_cell.u_sram/dout0[11]
 yz_bram_ctrl_inst.yz_ram.u_mem.u_mem.g_2k\[3\].u_cell.u_sram/dout0[12]
 yz_bram_ctrl_inst.yz_ram.u_mem.u_mem.g_2k\[3\].u_cell.u_sram/dout0[13]
 yz_bram_ctrl_inst.yz_ram.u_mem.u_mem.g_2k\[3\].u_cell.u_sram/dout0[14]
 yz_bram_ctrl_inst.yz_ram.u_mem.u_mem.g_2k\[3\].u_cell.u_sram/dout0[15]
 yz_bram_ctrl_inst.yz_ram.u_mem.u_mem.g_2k\[3\].u_cell.u_sram/dout0[16]
 yz_bram_ctrl_inst.yz_ram.u_mem.u_mem.g_2k\[3\].u_cell.u_sram/dout0[17]
 yz_bram_ctrl_inst.yz_ram.u_mem.u_mem.g_2k\[3\].u_cell.u_sram/dout0[18]
 yz_bram_ctrl_inst.yz_ram.u_mem.u_mem.g_2k\[3\].u_cell.u_sram/dout0[19]
 yz_bram_ctrl_inst.yz_ram.u_mem.u_mem.g_2k\[3\].u_cell.u_sram/dout0[1]
 yz_bram_ctrl_inst.yz_ram.u_mem.u_mem.g_2k\[3\].u_cell.u_sram/dout0[20]
 yz_bram_ctrl_inst.yz_ram.u_mem.u_mem.g_2k\[3\].u_cell.u_sram/dout0[21]
 yz_bram_ctrl_inst.yz_ram.u_mem.u_mem.g_2k\[3\].u_cell.u_sram/dout0[22]
 yz_bram_ctrl_inst.yz_ram.u_mem.u_mem.g_2k\[3\].u_cell.u_sram/dout0[23]
 yz_bram_ctrl_inst.yz_ram.u_mem.u_mem.g_2k\[3\].u_cell.u_sram/dout0[24]
 yz_bram_ctrl_inst.yz_ram.u_mem.u_mem.g_2k\[3\].u_cell.u_sram/dout0[25]
 yz_bram_ctrl_inst.yz_ram.u_mem.u_mem.g_2k\[3\].u_cell.u_sram/dout0[26]
 yz_bram_ctrl_inst.yz_ram.u_mem.u_mem.g_2k\[3\].u_cell.u_sram/dout0[27]
 yz_bram_ctrl_inst.yz_ram.u_mem.u_mem.g_2k\[3\].u_cell.u_sram/dout0[28]
 yz_bram_ctrl_inst.yz_ram.u_mem.u_mem.g_2k\[3\].u_cell.u_sram/dout0[29]
 yz_bram_ctrl_inst.yz_ram.u_mem.u_mem.g_2k\[3\].u_cell.u_sram/dout0[2]
 yz_bram_ctrl_inst.yz_ram.u_mem.u_mem.g_2k\[3\].u_cell.u_sram/dout0[30]
 yz_bram_ctrl_inst.yz_ram.u_mem.u_mem.g_2k\[3\].u_cell.u_sram/dout0[31]
 yz_bram_ctrl_inst.yz_ram.u_mem.u_mem.g_2k\[3\].u_cell.u_sram/dout0[3]
 yz_bram_ctrl_inst.yz_ram.u_mem.u_mem.g_2k\[3\].u_cell.u_sram/dout0[4]
 yz_bram_ctrl_inst.yz_ram.u_mem.u_mem.g_2k\[3\].u_cell.u_sram/dout0[5]
 yz_bram_ctrl_inst.yz_ram.u_mem.u_mem.g_2k\[3\].u_cell.u_sram/dout0[6]
 yz_bram_ctrl_inst.yz_ram.u_mem.u_mem.g_2k\[3\].u_cell.u_sram/dout0[7]
 yz_bram_ctrl_inst.yz_ram.u_mem.u_mem.g_2k\[3\].u_cell.u_sram/dout0[8]
 yz_bram_ctrl_inst.yz_ram.u_mem.u_mem.g_2k\[3\].u_cell.u_sram/dout0[9]
 yz_bram_ctrl_inst.yz_ram.u_mem.u_mem.g_2k\[3\].u_cell.u_sram_30537/HI
Found 0 partially unannotated drivers.

===========================================================================
max slew violation count 830
max fanout violation count 0
max cap violation count 21
============================================================================

===========================================================================
check_setup -verbose -unconstrained_endpoints -multiple_clock -no_clock -no_input_delay -loops -generated_clocks
===========================================================================
