┏━━━━━━━┳━━━━━━━━━━┳━━━━━━━━━━┳━━━━━━━━━━━━━━━━━━━━━━━━━━━━━━━━━━━━━━━━━━━━━━━━━━━━━━━━━━━━━━━━━━━━━━━━━┳━━━━━━━━━━━━━━━━━━━━━━━━━━━━┳━━━━━━━┓
┃ P / R ┃ Partial  ┃ Required ┃ Net                                                                     ┃ Pin                        ┃ Layer ┃
┡━━━━━━━╇━━━━━━━━━━╇━━━━━━━━━━╇━━━━━━━━━━━━━━━━━━━━━━━━━━━━━━━━━━━━━━━━━━━━━━━━━━━━━━━━━━━━━━━━━━━━━━━━━╇━━━━━━━━━━━━━━━━━━━━━━━━━━━━╇━━━━━━━┩
│ 10.44 │ 4176.70  │ 400.00   │ QSPI_IO1                                                                │ hold30268/A                │ met3  │
│ 6.54  │ 2614.03  │ 400.00   │ net32357                                                                │ _077525_/B                 │ met3  │
│ 6.29  │ 2517.78  │ 400.00   │ net31088                                                                │ _076184_/B1_N              │ met3  │
│ 6.18  │ 2471.05  │ 400.00   │ net7708                                                                 │ _073952_/B                 │ met3  │
│ 5.94  │ 2376.23  │ 400.00   │ yz_bram_ctrl_inst.yz_ram.u_mem.u_mem.g_2k[3\].u_cell.rdata[4\]          │ wire48700/A                │ met3  │
│ 5.58  │ 2230.29  │ 400.00   │ yz_bram_ctrl_inst.yz_ram.u_mem.u_mem.g_1k.u_cell.rdata[6\]              │ wire20577/A                │ met3  │
│ 5.51  │ 2202.10  │ 400.00   │ net36289                                                                │ _073605_/C                 │ met3  │
│ 5.26  │ 2103.05  │ 400.00   │ net27702                                                                │ _101949_/A1                │ met3  │
│ 5.04  │ 2015.43  │ 400.00   │ net33085                                                                │ _072133_/C_N               │ met3  │
│ 4.79  │ 1916.13  │ 400.00   │ _028650_                                                                │ _084490_/B1_N              │ met3  │
│ 4.76  │ 1904.19  │ 400.00   │ net32369                                                                │ _074367_/B                 │ met3  │
│ 4.35  │ 1740.76  │ 400.00   │ net43014                                                                │ _072630_/A                 │ met3  │
│ 4.29  │ 1717.38  │ 400.00   │ net36572                                                                │ _073973_/A2_N              │ met3  │
│ 4.25  │ 1700.00  │ 400.00   │ net40660                                                                │ _075178_/C                 │ met3  │
│ 4.15  │ 1661.94  │ 400.00   │ net42129                                                                │ _071145_/A2_N              │ met3  │
│ 3.99  │ 1597.65  │ 400.00   │ net32245                                                                │ _078666_/B                 │ met3  │
│ 3.96  │ 1585.33  │ 400.00   │ net30956                                                                │ _073153_/B                 │ met3  │
│ 3.67  │ 1469.14  │ 400.00   │ net31462                                                                │ _078251_/A                 │ met3  │
│ 3.66  │ 1463.18  │ 400.00   │ net42341                                                                │ _075900_/B1                │ met3  │
│ 3.60  │ 1439.39  │ 400.00   │ net31474                                                                │ _075831_/A3                │ met3  │
│ 3.53  │ 1410.97  │ 400.00   │ yz_bram_ctrl_inst.yz_ram.u_mem.u_mem.g_2k[1\].u_cell.rdata[31\]         │ wire47691/A                │ met3  │
│ 3.48  │ 1391.81  │ 400.00   │ net35705                                                                │ wire35704/A                │ met3  │
│ 3.44  │ 1375.32  │ 400.00   │ net34267                                                                │ _077724_/A2                │ met3  │
│ 3.40  │ 1360.95  │ 400.00   │ net32786                                                                │ _077531_/C                 │ met3  │
│ 3.38  │ 11182.48 │ 3312.80  │ QSPI_IO1                                                                │ hold30268/A                │ met4  │
│ 3.36  │ 1342.08  │ 400.00   │ net46230                                                                │ _089667_/A1                │ met1  │
│ 3.33  │ 1330.72  │ 400.00   │ net38841                                                                │ _077841_/A1                │ met3  │
│ 3.32  │ 1326.99  │ 400.00   │ net48379                                                                │ wire48378/A                │ met3  │
│ 3.32  │ 1326.08  │ 400.00   │ net46239                                                                │ _089679_/A1                │ met1  │
│ 3.29  │ 1317.14  │ 400.00   │ _020944_                                                                │ _072301_/B                 │ met3  │
│ 3.29  │ 1316.03  │ 400.00   │ net46233                                                                │ _089671_/A1                │ met1  │
│ 3.29  │ 1314.77  │ 400.00   │ net22444                                                                │ wire22443/A                │ met3  │
│ 3.27  │ 1308.41  │ 400.00   │ _026836_                                                                │ _078209_/A2                │ met3  │
│ 3.23  │ 1290.70  │ 400.00   │ net34439                                                                │ wire34438/A                │ met3  │
│ 3.22  │ 1289.21  │ 400.00   │ net37390                                                                │ _078693_/A1                │ met3  │
│ 3.21  │ 1283.33  │ 400.00   │ net3856                                                                 │ _077394_/B2                │ met3  │
│ 3.16  │ 1263.85  │ 400.00   │ net37696                                                                │ _072822_/B2                │ met3  │
│ 3.12  │ 1249.07  │ 400.00   │ net39765                                                                │ _070116_/C1                │ met3  │
│ 3.12  │ 1247.30  │ 400.00   │ net45933                                                                │ _074831_/A                 │ met3  │
│ 3.09  │ 1234.20  │ 400.00   │ net40569                                                                │ wire40568/A                │ met3  │
│ 3.08  │ 1231.22  │ 400.00   │ net30442                                                                │ wire30441/A                │ met3  │
│ 3.07  │ 1228.12  │ 400.00   │ net33099                                                                │ _076916_/B2                │ met3  │
│ 3.03  │ 1213.19  │ 400.00   │ net42837                                                                │ _077673_/A2                │ met3  │
│ 3.03  │ 1212.13  │ 400.00   │ net41547                                                                │ _078516_/B                 │ met3  │
│ 3.03  │ 1211.83  │ 400.00   │ net37243                                                                │ _076191_/A1                │ met3  │
│ 3.02  │ 1209.99  │ 400.00   │ net35901                                                                │ _072132_/B2                │ met3  │
│ 3.02  │ 1206.05  │ 400.00   │ net46505                                                                │ wire46504/A                │ met3  │
│ 3.01  │ 1204.33  │ 400.00   │ net10453                                                                │ _071420_/B                 │ met3  │
│ 2.99  │ 1195.54  │ 400.00   │ net2753                                                                 │ wire31978/A                │ met3  │
│ 2.98  │ 1193.73  │ 400.00   │ net31463                                                                │ _077201_/B1                │ met3  │
│ 2.94  │ 1177.70  │ 400.00   │ net30650                                                                │ wire30649/A                │ met3  │
│ 2.94  │ 1174.16  │ 400.00   │ net39992                                                                │ _071214_/B                 │ met3  │
│ 2.91  │ 1165.80  │ 400.00   │ net5310                                                                 │ _075668_/A2                │ met3  │
│ 2.91  │ 1165.74  │ 400.00   │ net31311                                                                │ _075841_/A2                │ met3  │
│ 2.90  │ 1161.54  │ 400.00   │ net35339                                                                │ wire35338/A                │ met3  │
│ 2.90  │ 1159.98  │ 400.00   │ net39866                                                                │ wire39865/A                │ met3  │
│ 2.90  │ 1159.94  │ 400.00   │ net5527                                                                 │ _077320_/C                 │ met3  │
│ 2.89  │ 1156.09  │ 400.00   │ net46688                                                                │ wire46687/A                │ met3  │
│ 2.88  │ 1153.91  │ 400.00   │ net39890                                                                │ _074486_/A2                │ met3  │
│ 2.87  │ 1149.38  │ 400.00   │ net38271                                                                │ _076743_/B1                │ met3  │
│ 2.87  │ 1147.96  │ 400.00   │ net43323                                                                │ _078672_/B1                │ met3  │
│ 2.86  │ 1145.79  │ 400.00   │ net5360                                                                 │ _071925_/A2                │ met3  │
│ 2.86  │ 1145.79  │ 400.00   │ net5360                                                                 │ _078308_/B                 │ met3  │
│ 2.85  │ 1139.17  │ 400.00   │ data_bram_ctrl_inst.data_ram.u_mem.g_2k[1\].u_cell.rdata[2\]            │ _113624_/A1                │ met4  │
│ 2.84  │ 1135.94  │ 400.00   │ net36371                                                                │ _073502_/B1                │ met3  │
│ 2.81  │ 1124.62  │ 400.00   │ net31409                                                                │ wire31408/A                │ met3  │
│ 2.80  │ 1121.53  │ 400.00   │ _056605_                                                                │ _115583_/A1                │ met2  │
│ 2.80  │ 1118.29  │ 400.00   │ net41288                                                                │ _075151_/A2                │ met3  │
│ 2.79  │ 1116.74  │ 400.00   │ net32687                                                                │ _073691_/A2                │ met3  │
│ 2.79  │ 1115.72  │ 400.00   │ net22369                                                                │ wire22368/A                │ met3  │
│ 2.79  │ 1115.25  │ 400.00   │ net46530                                                                │ wire46529/A                │ met3  │
│ 2.77  │ 1106.33  │ 400.00   │ net48374                                                                │ wire48373/A                │ met3  │
│ 2.75  │ 1098.89  │ 400.00   │ net38394                                                                │ wire38393/A                │ met3  │
│ 2.73  │ 1092.95  │ 400.00   │ net3141                                                                 │ _071485_/B1                │ met3  │
│ 2.73  │ 1092.02  │ 400.00   │ net33247                                                                │ wire33246/A                │ met3  │
│ 2.73  │ 1091.96  │ 400.00   │ clknet_1_1_0_clk_i                                                      │ clkbuf_1_1_1_clk_i/A       │ met3  │
│ 2.72  │ 1089.91  │ 400.00   │ net37049                                                                │ _078553_/A1                │ met3  │
│ 2.71  │ 1082.54  │ 400.00   │ net40641                                                                │ _075184_/B1                │ met3  │
│ 2.70  │ 1081.56  │ 400.00   │ net43423                                                                │ _074243_/B                 │ met1  │
│ 2.70  │ 1081.41  │ 400.00   │ data_bram_ctrl_inst.data_ram.u_mem.g_2k[1\].u_cell.rdata[6\]            │ _113632_/A1                │ met4  │
│ 2.69  │ 1077.95  │ 400.00   │ net6746                                                                 │ _078535_/B1                │ met3  │
│ 2.68  │ 1070.64  │ 400.00   │ net32682                                                                │ _077291_/A1                │ met3  │
│ 2.68  │ 1070.64  │ 400.00   │ net41320                                                                │ _076114_/A2                │ met3  │
│ 2.66  │ 1064.69  │ 400.00   │ net31152                                                                │ _073467_/B1                │ met3  │
│ 2.66  │ 1064.69  │ 400.00   │ net31958                                                                │ wire31957/A                │ met3  │
│ 2.66  │ 1064.69  │ 400.00   │ net46382                                                                │ wire46381/A                │ met3  │
│ 2.64  │ 1057.20  │ 400.00   │ net31847                                                                │ _072988_/B1                │ met3  │
│ 2.64  │ 1054.14  │ 400.00   │ yz_bram_ctrl_inst.yz_ram.u_mem.u_mem.g_2k[0\].u_cell.rdata[31\]         │ wire20186/A                │ met3  │
│ 2.63  │ 1051.31  │ 400.00   │ net43149                                                                │ _074428_/B2                │ met3  │
│ 2.62  │ 1048.34  │ 400.00   │ _026477_                                                                │ _077849_/D                 │ met3  │
│ 2.62  │ 1046.79  │ 400.00   │ net41822                                                                │ _078203_/A3                │ met3  │
│ 2.60  │ 1040.78  │ 400.00   │ net17                                                                   │ _063871_/A                 │ met1  │
│ 2.59  │ 1037.93  │ 400.00   │ net7319                                                                 │ _077767_/A1                │ met3  │
│ 2.59  │ 1036.38  │ 400.00   │ net35120                                                                │ wire35119/A                │ met3  │
│ 2.58  │ 1033.28  │ 400.00   │ net31985                                                                │ wire31984/A                │ met3  │
│ 2.58  │ 1033.28  │ 400.00   │ net32887                                                                │ wire32886/A                │ met3  │
│ 2.57  │ 1026.04  │ 400.00   │ net35058                                                                │ _073107_/A2                │ met3  │
│ 2.56  │ 1024.64  │ 400.00   │ net3083                                                                 │ wire31557/A                │ met3  │
│ 2.56  │ 1023.06  │ 400.00   │ net32568                                                                │ _073449_/B2                │ met3  │
│ 2.56  │ 1022.93  │ 400.00   │ _024461_                                                                │ wire30496/A                │ met3  │
│ 2.55  │ 1021.38  │ 400.00   │ net42329                                                                │ wire42328/A                │ met3  │
│ 2.55  │ 1020.96  │ 400.00   │ net39010                                                                │ wire39009/A                │ met3  │
│ 2.55  │ 1018.54  │ 400.00   │ net44638                                                                │ _078909_/A2                │ met3  │
│ 2.54  │ 1015.39  │ 400.00   │ net63770                                                                │ _084523_/A0                │ met1  │
│ 2.53  │ 1012.98  │ 400.00   │ data_bram_ctrl_inst.data_ram.u_mem.g_2k[1\].u_cell.rdata[1\]            │ _113622_/A1                │ met4  │
│ 2.53  │ 1010.82  │ 400.00   │ net41090                                                                │ wire41089/A                │ met3  │
│ 2.53  │ 1010.03  │ 400.00   │ net14                                                                   │ _063868_/B                 │ met1  │
│ 2.52  │ 1009.33  │ 400.00   │ net12386                                                                │ wire42575/A                │ met3  │
│ 2.51  │ 1005.48  │ 400.00   │ _027717_                                                                │ wire35760/A                │ met3  │
│ 2.46  │ 985.89   │ 400.00   │ net37948                                                                │ _078495_/A3                │ met3  │
│ 2.45  │ 981.52   │ 400.00   │ _010278_                                                                │ _060550_/C                 │ met3  │
│ 2.45  │ 981.52   │ 400.00   │ net36641                                                                │ _075429_/C                 │ met3  │
│ 2.45  │ 981.37   │ 400.00   │ net31987                                                                │ wire31986/A                │ met3  │
│ 2.45  │ 981.37   │ 400.00   │ net34301                                                                │ _074503_/B1                │ met3  │
│ 2.44  │ 976.91   │ 400.00   │ net36531                                                                │ wire36530/A                │ met3  │
│ 2.44  │ 975.48   │ 400.00   │ net38970                                                                │ _076365_/A1                │ met3  │
│ 2.43  │ 973.93   │ 400.00   │ net35135                                                                │ _078123_/B1                │ met3  │
│ 2.43  │ 971.02   │ 400.00   │ net39918                                                                │ wire39917/A                │ met3  │
│ 2.43  │ 971.02   │ 400.00   │ net42932                                                                │ wire42931/A                │ met3  │
│ 2.42  │ 969.41   │ 400.00   │ net44185                                                                │ wire44184/A                │ met3  │
│ 2.42  │ 968.53   │ 400.00   │ net45773                                                                │ _114244_/A1                │ met2  │
│ 2.42  │ 967.60   │ 400.00   │ net32630                                                                │ _076335_/A4                │ met3  │
│ 2.42  │ 966.67   │ 400.00   │ net30415                                                                │ _128315_/D                 │ met1  │
│ 2.41  │ 962.10   │ 400.00   │ net41195                                                                │ wire41194/A                │ met3  │
│ 2.39  │ 956.15   │ 400.00   │ net41624                                                                │ _078098_/A1                │ met3  │
│ 2.39  │ 954.54   │ 400.00   │ net12343                                                                │ wire42577/A                │ met3  │
│ 2.38  │ 950.14   │ 400.00   │ net45211                                                                │ wire45210/A                │ met3  │
│ 2.37  │ 948.72   │ 400.00   │ net39171                                                                │ _071319_/A                 │ met3  │
│ 2.37  │ 947.23   │ 400.00   │ net38763                                                                │ _078199_/B2                │ met3  │
│ 2.36  │ 943.44   │ 400.00   │ net14421                                                                │ wire35525/A                │ met3  │
│ 2.35  │ 938.31   │ 400.00   │ net31746                                                                │ _075843_/A2                │ met3  │
│ 2.34  │ 936.82   │ 400.00   │ net36288                                                                │ _073121_/B1                │ met3  │
│ 2.34  │ 936.76   │ 400.00   │ net32901                                                                │ wire32900/A                │ met3  │
│ 2.33  │ 933.59   │ 400.00   │ net38218                                                                │ _070856_/B1                │ met3  │
│ 2.33  │ 932.94   │ 400.00   │ axi_data_bram_rdata[16\]                                                │ hold63429/A                │ met1  │
│ 2.32  │ 928.95   │ 400.00   │ net31760                                                                │ _076705_/B1_N              │ met3  │
│ 2.32  │ 927.84   │ 400.00   │ net30754                                                                │ _078190_/C1                │ met3  │
│ 2.32  │ 927.77   │ 400.00   │ net36178                                                                │ _079113_/A3                │ met3  │
│ 2.30  │ 920.86   │ 400.00   │ net47852                                                                │ _101925_/A1                │ met1  │
│ 2.29  │ 917.17   │ 400.00   │ net31396                                                                │ _072573_/B2                │ met3  │
│ 2.29  │ 917.14   │ 400.00   │ net32069                                                                │ _078985_/D_N               │ met3  │
│ 2.29  │ 916.53   │ 400.00   │ net43941                                                                │ _064917_/A0                │ met1  │
│ 2.28  │ 911.19   │ 400.00   │ _055639_                                                                │ _114595_/A1                │ met2  │
│ 2.28  │ 910.61   │ 400.00   │ _027118_                                                                │ wire31002/A                │ met3  │
│ 2.26  │ 905.54   │ 400.00   │ net40554                                                                │ _076466_/B1                │ met3  │
│ 2.26  │ 905.41   │ 400.00   │ net12340                                                                │ _077349_/A3                │ met3  │
│ 2.26  │ 902.63   │ 400.00   │ net44482                                                                │ wire44481/A                │ met3  │
│ 2.24  │ 895.13   │ 400.00   │ net32135                                                                │ _074180_/A2                │ met3  │
│ 2.23  │ 893.77   │ 400.00   │ net7509                                                                 │ _078865_/B2                │ met3  │
│ 2.23  │ 893.71   │ 400.00   │ net37017                                                                │ _076047_/A2                │ met3  │
│ 2.23  │ 890.67   │ 400.00   │ net43445                                                                │ _078459_/B2                │ met3  │
│ 2.21  │ 884.78   │ 400.00   │ net39310                                                                │ _074448_/A2                │ met3  │
│ 2.21  │ 884.14   │ 400.00   │ net34860                                                                │ _073606_/D_N               │ met1  │
│ 2.20  │ 879.65   │ 400.00   │ net47958                                                                │ wire47957/A                │ met3  │
│ 2.18  │ 873.75   │ 400.00   │ _055132_                                                                │ _113633_/A1                │ met1  │
│ 2.18  │ 873.46   │ 400.00   │ net41092                                                                │ _070474_/C                 │ met3  │
│ 2.18  │ 870.42   │ 400.00   │ net47853                                                                │ _101937_/A1                │ met1  │
│ 2.16  │ 865.45   │ 400.00   │ net457                                                                  │ wire456/A                  │ met3  │
│ 2.16  │ 865.39   │ 400.00   │ net4983                                                                 │ _076607_/A2                │ met3  │
│ 2.16  │ 865.39   │ 400.00   │ net30633                                                                │ _072861_/B1                │ met3  │
│ 2.16  │ 865.23   │ 400.00   │ net35946                                                                │ _071392_/A2                │ met3  │
│ 2.16  │ 864.10   │ 400.00   │ net37417                                                                │ _074711_/A1                │ met3  │
│ 2.16  │ 863.90   │ 400.00   │ net37743                                                                │ wire37742/A                │ met3  │
│ 2.16  │ 862.48   │ 400.00   │ net39705                                                                │ _076393_/A2                │ met3  │
│ 2.16  │ 862.48   │ 400.00   │ net41123                                                                │ _075812_/B2                │ met3  │
│ 2.15  │ 860.93   │ 400.00   │ net37297                                                                │ wire37296/A                │ met3  │
│ 2.15  │ 859.38   │ 400.00   │ net2544                                                                 │ _075232_/A3                │ met3  │
│ 2.14  │ 854.09   │ 400.00   │ net19646                                                                │ wire19645/A                │ met3  │
│ 2.13  │ 853.56   │ 400.00   │ net35358                                                                │ _076412_/A2                │ met3  │
│ 2.13  │ 851.87   │ 400.00   │ net20044                                                                │ wire20043/A                │ met3  │
│ 2.13  │ 850.75   │ 400.00   │ net64072                                                                │ _063791_/A                 │ met1  │
│ 2.13  │ 850.72   │ 400.00   │ net39281                                                                │ _078955_/A1                │ met3  │
│ 2.12  │ 847.61   │ 400.00   │ net10190                                                                │ wire34952/A                │ met3  │
│ 2.12  │ 847.42   │ 400.00   │ net35594                                                                │ _077431_/C                 │ met3  │
│ 2.12  │ 847.42   │ 400.00   │ net35594                                                                │ _078725_/A2                │ met3  │
│ 2.11  │ 844.13   │ 400.00   │ net36447                                                                │ _073630_/C                 │ met3  │
│ 2.10  │ 841.66   │ 400.00   │ net37767                                                                │ _074444_/A2                │ met3  │
│ 2.10  │ 841.33   │ 400.00   │ net30352                                                                │ _128318_/D                 │ met3  │
│ 2.10  │ 838.86   │ 400.00   │ _020252_                                                                │ _071613_/C                 │ met2  │
│ 2.09  │ 837.20   │ 400.00   │ net10867                                                                │ wire34919/A                │ met3  │
│ 2.09  │ 835.72   │ 400.00   │ net39459                                                                │ wire39458/A                │ met3  │
│ 2.08  │ 832.68   │ 400.00   │ net10561                                                                │ wire44031/A                │ met3  │
│ 2.07  │ 829.77   │ 400.00   │ net38438                                                                │ _077838_/A1                │ met3  │
│ 2.07  │ 826.80   │ 400.00   │ net13341                                                                │ _076780_/A1                │ met3  │
│ 2.05  │ 819.81   │ 400.00   │ net31159                                                                │ _078492_/B1                │ met3  │
│ 2.05  │ 818.99   │ 400.00   │ clknet_3_3_0_clk_i_regs                                                 │ clkbuf_4_7_0_clk_i_regs/A  │ met3  │
│ 2.04  │ 818.00   │ 400.00   │ net5416                                                                 │ _077527_/A1                │ met3  │
│ 2.04  │ 817.71   │ 400.00   │ net38885                                                                │ _076991_/C                 │ met3  │
│ 2.03  │ 812.47   │ 400.00   │ _045169_                                                                │ _102381_/B                 │ met1  │
│ 2.03  │ 810.44   │ 400.00   │ net31938                                                                │ _073425_/A3                │ met3  │
│ 2.02  │ 808.95   │ 400.00   │ net31203                                                                │ _073041_/B2                │ met3  │
│ 2.02  │ 807.40   │ 400.00   │ net12399                                                                │ wire44942/A                │ met3  │
│ 2.01  │ 805.85   │ 400.00   │ net42288                                                                │ _075341_/B1                │ met3  │
│ 2.01  │ 804.43   │ 400.00   │ net3108                                                                 │ wire30866/A                │ met3  │
│ 2.01  │ 803.01   │ 400.00   │ _009198_                                                                │ _061561_/A1                │ met3  │
│ 2.00  │ 800.96   │ 400.00   │ yz_bram_ctrl_inst.yz_ram.u_mem.u_mem.g_1k.u_cell.rdata[25\]             │ wire20667/A                │ met3  │
│ 1.99  │ 795.75   │ 400.00   │ net11393                                                                │ _074710_/A                 │ met1  │
│ 1.98  │ 793.96   │ 400.00   │ net37106                                                                │ wire37105/A                │ met3  │
│ 1.98  │ 791.78   │ 400.00   │ net43886                                                                │ wire3198/A                 │ met1  │
│ 1.98  │ 791.68   │ 400.00   │ net31066                                                                │ _071475_/B                 │ met3  │
│ 1.97  │ 789.66   │ 400.00   │ net36910                                                                │ _073471_/A2                │ met3  │
│ 1.97  │ 789.56   │ 400.00   │ net7759                                                                 │ wire33148/A                │ met3  │
│ 1.97  │ 788.48   │ 400.00   │ net46828                                                                │ fanout15162/A              │ met3  │
│ 1.97  │ 788.01   │ 400.00   │ net40237                                                                │ _078538_/B1                │ met3  │
│ 1.97  │ 787.07   │ 400.00   │ yz_bram_ctrl_inst.yz_ram.u_mem.u_mem.g_2k[1\].u_cell.rdata[17\]         │ wire20001/A                │ met3  │
│ 1.97  │ 786.46   │ 400.00   │ net32139                                                                │ _076921_/B2                │ met3  │
│ 1.96  │ 782.44   │ 400.00   │ yz_bram_ctrl_inst.yz_ram.u_mem.u_mem.g_2k[0\].u_cell.rdata[5\]          │ wire20139/A                │ met3  │
│ 1.96  │ 782.19   │ 400.00   │ net16455                                                                │ wire16454/A                │ met3  │
│ 1.95  │ 779.22   │ 400.00   │ _048327_                                                                │ _105401_/A2                │ met3  │
│ 1.95  │ 779.22   │ 400.00   │ net35939                                                                │ _073001_/A1                │ met3  │
│ 1.94  │ 777.44   │ 400.00   │ net63548                                                                │ _067353_/B                 │ met1  │
│ 1.94  │ 775.40   │ 400.00   │ yz_bram_ctrl_inst.yz_ram.u_mem.u_mem.g_2k[3\].u_cell.rdata[15\]         │ wire19753/A                │ met3  │
│ 1.94  │ 774.69   │ 400.00   │ _020461_                                                                │ wire34594/A                │ met3  │
│ 1.94  │ 774.16   │ 400.00   │ net33786                                                                │ _073321_/D                 │ met3  │
│ 1.93  │ 772.36   │ 400.00   │ net63561                                                                │ _065713_/B                 │ met1  │
│ 1.92  │ 768.81   │ 400.00   │ net38943                                                                │ _077124_/A2                │ met3  │
│ 1.92  │ 768.55   │ 400.00   │ instr_bram_ctrl_inst.instr_ram.u_mem.g_2k[2\].u_cell.rdata[31\]         │ wire21329/A                │ met3  │
│ 1.91  │ 762.80   │ 400.00   │ net11487                                                                │ wire40610/A                │ met3  │
│ 1.90  │ 761.31   │ 400.00   │ _019864_                                                                │ _076764_/A2                │ met3  │
│ 1.90  │ 759.69   │ 400.00   │ net41626                                                                │ _072541_/A3                │ met3  │
│ 1.90  │ 759.30   │ 400.00   │ instr_bram_ctrl_inst.instr_ram.u_mem.g_2k[3\].u_cell.rdata[6\]          │ wire20856/A                │ met3  │
│ 1.89  │ 756.75   │ 400.00   │ net44615                                                                │ _102894_/A1                │ met1  │
│ 1.89  │ 754.36   │ 400.00   │ net62865                                                                │ _090469_/A0                │ met1  │
│ 1.88  │ 753.87   │ 400.00   │ _020459_                                                                │ wire33958/A                │ met3  │
│ 1.88  │ 752.63   │ 400.00   │ net37984                                                                │ _072659_/B2                │ met2  │
│ 1.88  │ 750.04   │ 400.00   │ instr_bram_ctrl_inst.instr_ram.u_mem.g_2k[0\].u_cell.rdata[12\]         │ wire21753/A                │ met3  │
│ 1.87  │ 749.48   │ 400.00   │ net10450                                                                │ _071119_/A2                │ met3  │
│ 1.87  │ 749.48   │ 400.00   │ net40819                                                                │ _075858_/B2                │ met3  │
│ 1.87  │ 746.51   │ 400.00   │ net39371                                                                │ wire39370/A                │ met3  │
│ 1.86  │ 745.41   │ 400.00   │ yz_bram_ctrl_inst.yz_ram.u_mem.u_mem.g_2k[0\].u_cell.rdata[2\]          │ wire20216/A                │ met3  │
│ 1.86  │ 745.02   │ 400.00   │ net18232                                                                │ _076098_/C1                │ met3  │
│ 1.86  │ 744.76   │ 400.00   │ net34801                                                                │ _077804_/A2                │ met3  │
│ 1.86  │ 743.53   │ 400.00   │ _020618_                                                                │ _071973_/B1                │ met3  │
│ 1.85  │ 741.75   │ 400.00   │ net11045                                                                │ _078252_/B2                │ met3  │
│ 1.85  │ 738.52   │ 400.00   │ net63830                                                                │ _093201_/B1                │ met1  │
│ 1.85  │ 738.47   │ 400.00   │ net22774                                                                │ _113672_/A0                │ met3  │
│ 1.84  │ 734.48   │ 400.00   │ net41072                                                                │ _077828_/A2                │ met3  │
│ 1.83  │ 733.06   │ 400.00   │ net31846                                                                │ _073017_/B                 │ met3  │
│ 1.83  │ 732.23   │ 400.00   │ data_bram_ctrl_inst.data_ram.u_mem.g_2k[1\].u_cell.rdata[4\]            │ _113628_/A1                │ met4  │
│ 1.83  │ 731.97   │ 400.00   │ net48665                                                                │ _063791_/B                 │ met1  │
│ 1.83  │ 731.64   │ 400.00   │ net40316                                                                │ _077836_/B2                │ met3  │
│ 1.83  │ 731.56   │ 400.00   │ net2729                                                                 │ wire2728/A                 │ met3  │
│ 1.83  │ 730.35   │ 400.00   │ net43461                                                                │ _078279_/C                 │ met3  │
│ 1.81  │ 724.93   │ 400.00   │ net34154                                                                │ _072515_/A2                │ met3  │
│ 1.81  │ 724.93   │ 400.00   │ net34154                                                                │ _073724_/A2                │ met3  │
│ 1.80  │ 721.72   │ 400.00   │ net39285                                                                │ _077131_/C                 │ met1  │
│ 1.80  │ 719.74   │ 400.00   │ net3725                                                                 │ wire32221/A                │ met3  │
│ 1.79  │ 717.47   │ 400.00   │ net35526                                                                │ _073417_/A1                │ met3  │
│ 1.79  │ 717.47   │ 400.00   │ net35526                                                                │ _078734_/A                 │ met3  │
│ 1.79  │ 717.43   │ 400.00   │ net7053                                                                 │ _075768_/A2                │ met3  │
│ 1.79  │ 716.77   │ 400.00   │ _057358_                                                                │ _116452_/A2                │ met3  │
│ 1.79  │ 716.19   │ 400.00   │ clknet_4_6_0_clk_i_regs                                                 │ clkbuf_5_13_0_clk_i_regs/A │ met3  │
│ 1.79  │ 715.62   │ 400.00   │ net31485                                                                │ _073189_/C_N               │ met3  │
│ 1.79  │ 715.22   │ 400.00   │ net8041                                                                 │ _072073_/B2                │ met3  │
│ 1.79  │ 714.29   │ 400.00   │ net33437                                                                │ _074280_/A1_N              │ met3  │
│ 1.79  │ 714.29   │ 400.00   │ net33437                                                                │ max_cap6311/A              │ met3  │
│ 1.78  │ 713.79   │ 400.00   │ net32858                                                                │ wire32857/A                │ met3  │
│ 1.78  │ 713.01   │ 400.00   │ yz_bram_ctrl_inst.yz_ram.u_mem.u_mem.g_1k.u_cell.rdata[16\]             │ wire20745/A                │ met3  │
│ 1.78  │ 712.83   │ 400.00   │ net41493                                                                │ _075742_/C                 │ met3  │
│ 1.78  │ 712.19   │ 400.00   │ net44555                                                                │ wire44554/A                │ met3  │
│ 1.78  │ 710.82   │ 400.00   │ net10562                                                                │ _073403_/A1                │ met3  │
│ 1.78  │ 710.82   │ 400.00   │ net34259                                                                │ _075316_/A3                │ met3  │
│ 1.78  │ 710.72   │ 400.00   │ net37561                                                                │ _071624_/A2                │ met3  │
│ 1.78  │ 710.72   │ 400.00   │ net37561                                                                │ _077002_/A1                │ met3  │
│ 1.77  │ 708.38   │ 400.00   │ instr_bram_ctrl_inst.instr_ram.u_mem.g_2k[2\].u_cell.rdata[4\]          │ wire21315/A                │ met3  │
│ 1.77  │ 707.85   │ 400.00   │ net33734                                                                │ _078599_/B1                │ met3  │
│ 1.77  │ 707.72   │ 400.00   │ net10040                                                                │ _077952_/B1                │ met3  │
│ 1.77  │ 706.35   │ 400.00   │ net38510                                                                │ _074300_/C                 │ met3  │
│ 1.76  │ 704.89   │ 400.00   │ net37339                                                                │ _070752_/B                 │ met3  │
│ 1.76  │ 704.89   │ 400.00   │ net37339                                                                │ _071896_/A1                │ met3  │
│ 1.76  │ 704.87   │ 400.00   │ _024106_                                                                │ wire31839/A                │ met3  │
│ 1.76  │ 704.87   │ 400.00   │ net32102                                                                │ wire32101/A                │ met3  │
│ 1.75  │ 698.05   │ 400.00   │ clknet_3_2_0_clk_i_regs                                                 │ clkbuf_4_4_0_clk_i_regs/A  │ met3  │
│ 1.74  │ 697.37   │ 400.00   │ net35008                                                                │ _072232_/A2                │ met3  │
│ 1.74  │ 694.65   │ 400.00   │ net8468                                                                 │ wire39413/A                │ met3  │
│ 1.74  │ 694.59   │ 400.00   │ net6537                                                                 │ wire35416/A                │ met3  │
│ 1.74  │ 694.34   │ 400.00   │ _024336_                                                                │ _075716_/A2                │ met3  │
│ 1.73  │ 693.71   │ 400.00   │ net40811                                                                │ _072000_/B1                │ met3  │
│ 1.73  │ 693.71   │ 400.00   │ net40811                                                                │ wire40810/A                │ met3  │
│ 1.73  │ 693.64   │ 400.00   │ net3737                                                                 │ wire34470/A                │ met3  │
│ 1.73  │ 693.31   │ 400.00   │ net39317                                                                │ _076777_/D                 │ met2  │
│ 1.73  │ 692.98   │ 400.00   │ _021220_                                                                │ wire33081/A                │ met3  │
│ 1.73  │ 692.91   │ 400.00   │ net32305                                                                │ _077830_/B2                │ met3  │
│ 1.73  │ 692.00   │ 400.00   │ net35353                                                                │ wire35352/A                │ met3  │
│ 1.73  │ 691.49   │ 400.00   │ net32992                                                                │ wire32991/A                │ met3  │
│ 1.72  │ 687.74   │ 400.00   │ net39078                                                                │ _070061_/B                 │ met3  │
│ 1.72  │ 687.74   │ 400.00   │ net39078                                                                │ _070906_/A3                │ met3  │
│ 1.71  │ 685.49   │ 400.00   │ net47068                                                                │ wire47067/A                │ met3  │
│ 1.71  │ 685.35   │ 400.00   │ net43147                                                                │ _078127_/A1                │ met3  │
│ 1.71  │ 685.31   │ 400.00   │ net30807                                                                │ _077960_/C                 │ met1  │
│ 1.71  │ 684.06   │ 400.00   │ net31630                                                                │ _076688_/B1                │ met3  │
│ 1.71  │ 683.42   │ 400.00   │ net47848                                                                │ _101848_/A1                │ met1  │
│ 1.71  │ 682.82   │ 400.00   │ yz_bram_ctrl_inst.yz_ram.u_mem.u_mem.g_2k[3\].u_cell.rdata[25\]         │ wire19664/A                │ met3  │
│ 1.71  │ 682.51   │ 400.00   │ net11182                                                                │ _071567_/A2                │ met3  │
│ 1.70  │ 680.60   │ 400.00   │ data_bram_ctrl_inst.data_ram.u_mem.g_2k[0\].u_cell.rdata[4\]            │ wire22513/A                │ met3  │
│ 1.70  │ 680.60   │ 400.00   │ instr_bram_ctrl_inst.instr_ram.u_mem.g_2k[1\].u_cell.rdata[3\]          │ _114223_/A1                │ met3  │
│ 1.70  │ 680.08   │ 400.00   │ net27707                                                                │ _101905_/A1                │ met1  │
│ 1.70  │ 678.11   │ 400.00   │ net42032                                                                │ _074403_/A1                │ met3  │
│ 1.70  │ 678.11   │ 400.00   │ net43126                                                                │ _077247_/A2                │ met3  │
│ 1.69  │ 677.98   │ 400.00   │ net37467                                                                │ _074485_/B1                │ met3  │
│ 1.69  │ 676.67   │ 400.00   │ net4                                                                    │ _063875_/A                 │ met1  │
│ 1.69  │ 676.67   │ 400.00   │ net4                                                                    │ _113729_/A0                │ met1  │
│ 1.69  │ 676.45   │ 400.00   │ net42538                                                                │ wire42537/A                │ met3  │
│ 1.69  │ 676.00   │ 400.00   │ net8                                                                    │ _063872_/A                 │ met1  │
│ 1.68  │ 673.92   │ 400.00   │ net4132                                                                 │ _117157_/A1                │ met1  │
│ 1.68  │ 672.16   │ 400.00   │ net8314                                                                 │ wire38174/A                │ met3  │
│ 1.68  │ 672.16   │ 400.00   │ net33428                                                                │ _075861_/B1                │ met3  │
│ 1.68  │ 672.16   │ 400.00   │ net34488                                                                │ wire34487/A                │ met1  │
│ 1.68  │ 671.97   │ 400.00   │ net32869                                                                │ _077107_/B1                │ met3  │
│ 1.68  │ 671.28   │ 400.00   │ net37580                                                                │ wire37579/A                │ met1  │
│ 1.67  │ 669.12   │ 400.00   │ _024228_                                                                │ wire31313/A                │ met3  │
│ 1.67  │ 667.64   │ 400.00   │ net39039                                                                │ _074725_/B1                │ met3  │
│ 1.67  │ 666.21   │ 400.00   │ net31460                                                                │ _078948_/A3                │ met3  │
│ 1.67  │ 666.21   │ 400.00   │ net31757                                                                │ _078571_/B1                │ met3  │
│ 1.66  │ 665.78   │ 400.00   │ net38480                                                                │ _078983_/B2                │ met1  │
│ 1.66  │ 664.30   │ 400.00   │ yz_bram_ctrl_inst.yz_ram.u_mem.u_mem.g_1k.u_cell.rdata[7\]              │ wire20571/A                │ met3  │
│ 1.66  │ 663.67   │ 400.00   │ net11886                                                                │ _074966_/A                 │ met1  │
│ 1.66  │ 663.19   │ 400.00   │ net30495                                                                │ wire30494/A                │ met3  │
│ 1.66  │ 663.17   │ 400.00   │ net32240                                                                │ _075285_/B                 │ met3  │
│ 1.66  │ 662.16   │ 400.00   │ net45740                                                                │ fanout16657/A              │ met3  │
│ 1.66  │ 662.16   │ 400.00   │ net45740                                                                │ wire45739/A                │ met3  │
│ 1.65  │ 660.90   │ 400.00   │ net34440                                                                │ wire34439/A                │ met3  │
│ 1.65  │ 660.32   │ 400.00   │ net34026                                                                │ _070666_/A1                │ met3  │
│ 1.65  │ 660.32   │ 400.00   │ net34026                                                                │ _074189_/B2                │ met3  │
│ 1.65  │ 660.27   │ 400.00   │ net39801                                                                │ wire39800/A                │ met3  │
│ 1.65  │ 660.14   │ 400.00   │ net39583                                                                │ _073634_/B2                │ met3  │
│ 1.64  │ 657.84   │ 400.00   │ net42619                                                                │ wire42618/A                │ met1  │
│ 1.64  │ 657.29   │ 400.00   │ net36141                                                                │ _077015_/A1                │ met3  │
│ 1.64  │ 657.16   │ 400.00   │ net33184                                                                │ _076175_/B1                │ met3  │
│ 1.64  │ 657.16   │ 400.00   │ net33184                                                                │ max_length33183/A          │ met3  │
│ 1.64  │ 656.69   │ 400.00   │ net65360                                                                │ _108144_/A                 │ met1  │
│ 1.64  │ 654.13   │ 400.00   │ net10916                                                                │ _076662_/A3                │ met3  │
│ 1.63  │ 651.50   │ 400.00   │ cpu_inst.CORE.core_i.ex_stage_i.mult_i.int_op_a_msu[14\]                │ hold63725/A                │ met1  │
│ 1.63  │ 651.28   │ 400.00   │ net12451                                                                │ _076955_/B2                │ met3  │
│ 1.63  │ 651.22   │ 400.00   │ net37754                                                                │ _075097_/A1                │ met3  │
│ 1.62  │ 649.07   │ 400.00   │ net40802                                                                │ wire40801/A                │ met3  │
│ 1.62  │ 649.02   │ 400.00   │ net35639                                                                │ _071111_/A1                │ met3  │
│ 1.62  │ 649.02   │ 400.00   │ net35639                                                                │ _074925_/A1                │ met3  │
│ 1.62  │ 648.57   │ 400.00   │ net45329                                                                │ _075502_/A                 │ met3  │
│ 1.62  │ 647.69   │ 400.00   │ net778                                                                  │ load_slew777/A             │ met1  │
│ 1.62  │ 647.47   │ 400.00   │ net33999                                                                │ wire992/A                  │ met1  │
│ 1.61  │ 645.69   │ 400.00   │ net11440                                                                │ _076552_/B2                │ met3  │
│ 1.61  │ 645.58   │ 400.00   │ net47920                                                                │ _061732_/A                 │ met1  │
│ 1.61  │ 645.42   │ 400.00   │ net38196                                                                │ _075134_/C1                │ met3  │
│ 1.61  │ 645.42   │ 400.00   │ net38196                                                                │ _075430_/B                 │ met3  │
│ 1.61  │ 645.35   │ 400.00   │ net40141                                                                │ wire40140/A                │ met3  │
│ 1.61  │ 643.98   │ 400.00   │ net36340                                                                │ _078902_/A1                │ met3  │
│ 1.61  │ 643.86   │ 400.00   │ net36709                                                                │ wire36708/A                │ met3  │
│ 1.61  │ 642.42   │ 400.00   │ net2509                                                                 │ wire31584/A                │ met3  │
│ 1.61  │ 642.23   │ 400.00   │ net41907                                                                │ wire41905/A                │ met1  │
│ 1.60  │ 639.97   │ 400.00   │ net33040                                                                │ _077800_/B                 │ met1  │
│ 1.60  │ 639.88   │ 400.00   │ cpu_inst.CORE.core_i.alu_operand_a_ex[23\]                              │ _069583_/B2                │ met1  │
│ 1.60  │ 639.45   │ 400.00   │ net31479                                                                │ _074008_/A2                │ met3  │
│ 1.60  │ 639.39   │ 400.00   │ net39037                                                                │ _074645_/B2                │ met3  │
│ 1.59  │ 637.54   │ 400.00   │ net3615                                                                 │ wire34864/A                │ met3  │
│ 1.59  │ 636.48   │ 400.00   │ net11624                                                                │ _078272_/A1                │ met3  │
│ 1.59  │ 634.11   │ 400.00   │ instr_bram_ctrl_inst.instr_ram.u_mem.g_2k[1\].u_cell.rdata[17\]         │ wire21514/A                │ met3  │
│ 1.58  │ 633.50   │ 400.00   │ net38882                                                                │ _072767_/A2                │ met3  │
│ 1.58  │ 632.50   │ 400.00   │ net44765                                                                │ wire44764/A                │ met1  │
│ 1.58  │ 631.95   │ 400.00   │ net43578                                                                │ _074268_/A1                │ met3  │
│ 1.58  │ 630.40   │ 400.00   │ net30803                                                                │ wire30802/A                │ met3  │
│ 1.57  │ 629.69   │ 400.00   │ net21277                                                                │ wire21276/A                │ met3  │
│ 1.57  │ 629.04   │ 400.00   │ net34330                                                                │ _078167_/A2                │ met3  │
│ 1.57  │ 629.04   │ 400.00   │ net37621                                                                │ _075405_/A2                │ met3  │
│ 1.57  │ 628.22   │ 400.00   │ net39473                                                                │ wire39472/A                │ met3  │
│ 1.57  │ 628.00   │ 400.00   │ qspi_master_inst.QSPI_ADR[18\]                                          │ hold63695/A                │ met1  │
│ 1.57  │ 626.07   │ 400.00   │ net36573                                                                │ _077603_/B1                │ met3  │
│ 1.56  │ 625.25   │ 400.00   │ net1153                                                                 │ _090130_/A1                │ met1  │
│ 1.56  │ 625.06   │ 400.00   │ yz_bram_ctrl_inst.yz_ram.u_mem.u_mem.g_2k[0\].u_cell.rdata[17\]         │ wire20429/A                │ met3  │
│ 1.56  │ 625.06   │ 400.00   │ net46452                                                                │ _072659_/B1                │ met3  │
│ 1.56  │ 624.71   │ 400.00   │ net44928                                                                │ _073862_/A1                │ met3  │
│ 1.56  │ 624.44   │ 400.00   │ _022505_                                                                │ _073860_/B1                │ met1  │
│ 1.55  │ 621.48   │ 400.00   │ net32588                                                                │ wire32587/A                │ met3  │
│ 1.55  │ 620.43   │ 400.00   │ instr_bram_ctrl_inst.instr_ram.u_mem.g_2k[2\].u_cell.rdata[17\]         │ wire21449/A                │ met3  │
│ 1.55  │ 620.12   │ 400.00   │ net39114                                                                │ wire39113/A                │ met3  │
│ 1.55  │ 619.42   │ 400.00   │ net31031                                                                │ _128188_/D                 │ met1  │
│ 1.55  │ 619.37   │ 400.00   │ net14379                                                                │ _077531_/B                 │ met3  │
│ 1.55  │ 618.63   │ 400.00   │ net44051                                                                │ _077783_/A3                │ met3  │
│ 1.55  │ 618.56   │ 400.00   │ net35543                                                                │ _078646_/A1                │ met1  │
│ 1.54  │ 617.72   │ 400.00   │ net39467                                                                │ _076009_/B                 │ met1  │
│ 1.54  │ 617.15   │ 400.00   │ net39308                                                                │ _074099_/A2                │ met3  │
│ 1.54  │ 617.08   │ 400.00   │ net7832                                                                 │ _074028_/B2                │ met3  │
│ 1.54  │ 617.08   │ 400.00   │ net36980                                                                │ wire36979/A                │ met3  │
│ 1.54  │ 617.03   │ 400.00   │ net36806                                                                │ wire36805/A                │ met3  │
│ 1.54  │ 616.82   │ 400.00   │ net39195                                                                │ _076366_/B                 │ met3  │
│ 1.54  │ 616.82   │ 400.00   │ net39195                                                                │ max_length39194/A          │ met3  │
│ 1.54  │ 615.79   │ 400.00   │ net30600                                                                │ wire30599/A                │ met1  │
│ 1.54  │ 615.66   │ 400.00   │ net42841                                                                │ wire42840/A                │ met3  │
│ 1.54  │ 615.60   │ 400.00   │ net33053                                                                │ _078394_/C1                │ met3  │
│ 1.54  │ 614.64   │ 400.00   │ net39072                                                                │ _071858_/A2                │ met1  │
│ 1.54  │ 614.14   │ 400.00   │ net44492                                                                │ _073239_/D                 │ met2  │
│ 1.53  │ 612.69   │ 400.00   │ net7600                                                                 │ _075950_/B1                │ met3  │
│ 1.53  │ 611.17   │ 400.00   │ instr_bram_ctrl_inst.instr_ram.u_mem.g_2k[0\].u_cell.rdata[29\]         │ wire21605/A                │ met3  │
│ 1.53  │ 611.17   │ 400.00   │ instr_bram_ctrl_inst.instr_ram.u_mem.g_2k[3\].u_cell.rdata[8\]          │ wire20827/A                │ met3  │
│ 1.52  │ 609.71   │ 400.00   │ net41035                                                                │ _073257_/A3                │ met3  │
│ 1.52  │ 609.36   │ 400.00   │ net39715                                                                │ _075186_/A1                │ met3  │
│ 1.52  │ 607.68   │ 400.00   │ _055942_                                                                │ _116044_/B1                │ met2  │
│ 1.52  │ 606.82   │ 400.00   │ net37094                                                                │ wire37093/A                │ met2  │
│ 1.52  │ 606.74   │ 400.00   │ _021633_                                                                │ wire31647/A                │ met3  │
│ 1.51  │ 605.19   │ 400.00   │ net33558                                                                │ _074909_/B1                │ met3  │
│ 1.51  │ 603.64   │ 400.00   │ net38228                                                                │ _074349_/B2                │ met3  │
│ 1.50  │ 601.84   │ 400.00   │ net30641                                                                │ _072169_/B                 │ met3  │
│ 1.50  │ 600.79   │ 400.00   │ net41183                                                                │ _071821_/A2                │ met3  │
│ 1.50  │ 599.92   │ 400.00   │ net47981                                                                │ _067733_/A0                │ met3  │
│ 1.50  │ 599.86   │ 400.00   │ net24193                                                                │ wire48042/A                │ met1  │
│ 1.50  │ 599.31   │ 400.00   │ net36726                                                                │ _076966_/A2                │ met3  │
│ 1.50  │ 598.51   │ 400.00   │ net34892                                                                │ wire34891/A                │ met3  │
│ 1.49  │ 597.69   │ 400.00   │ net42668                                                                │ _077918_/B1                │ met3  │
│ 1.49  │ 596.33   │ 400.00   │ net39771                                                                │ _073921_/B2                │ met3  │
│ 1.49  │ 596.27   │ 400.00   │ net32361                                                                │ _076492_/B1                │ met3  │
│ 1.49  │ 594.97   │ 400.00   │ data_bram_ctrl_inst.data_ram.u_mem.g_2k[1\].u_cell.rdata[15\]           │ _113650_/A1                │ met4  │
│ 1.49  │ 594.72   │ 400.00   │ net39968                                                                │ _071594_/A1                │ met3  │
│ 1.49  │ 594.72   │ 400.00   │ net39968                                                                │ _075612_/A2                │ met3  │
│ 1.49  │ 594.18   │ 400.00   │ net46056                                                                │ wire46055/A                │ met1  │
│ 1.48  │ 593.99   │ 400.00   │ net31934                                                                │ wire31933/A                │ met3  │
│ 1.48  │ 591.74   │ 400.00   │ net30694                                                                │ _072703_/C1                │ met3  │
│ 1.48  │ 591.18   │ 400.00   │ net42644                                                                │ _072391_/A1                │ met3  │
│ 1.48  │ 591.18   │ 400.00   │ net42644                                                                │ _075749_/B                 │ met3  │
│ 1.48  │ 590.32   │ 400.00   │ net7923                                                                 │ _078336_/A1                │ met3  │
│ 1.48  │ 590.32   │ 400.00   │ net44216                                                                │ _077819_/B1                │ met3  │
│ 1.47  │ 588.90   │ 400.00   │ _018593_                                                                │ wire46473/A                │ met3  │
│ 1.47  │ 588.90   │ 400.00   │ net39775                                                                │ wire39774/A                │ met3  │
│ 1.47  │ 588.03   │ 400.00   │ yz_bram_ctrl_inst.yz_ram.u_mem.u_mem.g_1k.u_cell.rdata[29\]             │ wire20633/A                │ met3  │
│ 1.47  │ 587.05   │ 400.00   │ net46774                                                                │ wire46773/A                │ met1  │
│ 1.47  │ 586.05   │ 400.00   │ net34138                                                                │ _071335_/B1                │ met3  │
│ 1.46  │ 584.32   │ 400.00   │ _020379_                                                                │ _079129_/C                 │ met3  │
│ 1.46  │ 584.31   │ 400.00   │ net31867                                                                │ _075045_/A1                │ met3  │
│ 1.46  │ 584.18   │ 400.00   │ _024201_                                                                │ wire32077/A                │ met3  │
│ 1.46  │ 582.99   │ 400.00   │ instr_bram_ctrl_inst.instr_ram.u_mem.g_2k[1\].u_cell.rdata[21\]         │ _114259_/A1                │ met4  │
│ 1.45  │ 581.84   │ 400.00   │ _009492_                                                                │ fanout18834/A              │ met1  │
│ 1.45  │ 581.27   │ 400.00   │ net38205                                                                │ _074811_/A                 │ met3  │
│ 1.45  │ 580.06   │ 400.00   │ net5032                                                                 │ _071370_/A2                │ met3  │
│ 1.44  │ 577.44   │ 400.00   │ net62659                                                                │ _067136_/B                 │ met1  │
│ 1.44  │ 577.00   │ 400.00   │ net39895                                                                │ _078986_/A1                │ met3  │
│ 1.44  │ 576.89   │ 400.00   │ net32117                                                                │ wire32116/A                │ met3  │
│ 1.44  │ 574.55   │ 400.00   │ net39453                                                                │ _077945_/A1                │ met1  │
│ 1.44  │ 574.03   │ 400.00   │ net32546                                                                │ wire32545/A                │ met3  │
│ 1.43  │ 573.06   │ 400.00   │ net2587                                                                 │ _064687_/B                 │ met1  │
│ 1.43  │ 572.43   │ 400.00   │ net35626                                                                │ wire35625/A                │ met3  │
│ 1.43  │ 571.14   │ 400.00   │ net37280                                                                │ _078360_/C1                │ met1  │
│ 1.43  │ 571.11   │ 400.00   │ net47893                                                                │ _060438_/A                 │ met1  │
│ 1.43  │ 571.05   │ 400.00   │ net45017                                                                │ _074185_/B1                │ met3  │
│ 1.43  │ 570.97   │ 400.00   │ conv_accelerator_inst.fcw_dout[9\]                                      │ hold30285/A                │ met1  │
│ 1.42  │ 569.57   │ 400.00   │ net30512                                                                │ _075241_/B1                │ met3  │
│ 1.42  │ 569.06   │ 400.00   │ net46324                                                                │ _089774_/A2                │ met1  │
│ 1.42  │ 568.78   │ 400.00   │ net42065                                                                │ wire42064/A                │ met3  │
│ 1.42  │ 567.95   │ 400.00   │ _022061_                                                                │ _073415_/A2                │ met3  │
│ 1.42  │ 567.92   │ 400.00   │ conv_accelerator_inst.acc[160\]                                         │ hold64137/A                │ met1  │
│ 1.42  │ 566.51   │ 400.00   │ net43208                                                                │ _076739_/B1                │ met3  │
│ 1.42  │ 566.51   │ 400.00   │ net43208                                                                │ _077280_/B1                │ met3  │
│ 1.42  │ 566.46   │ 400.00   │ net36714                                                                │ _071991_/A2                │ met3  │
│ 1.41  │ 563.95   │ 400.00   │ net46                                                                   │ hold63798/A                │ met1  │
│ 1.41  │ 563.75   │ 400.00   │ net42599                                                                │ _074508_/B                 │ met3  │
│ 1.41  │ 562.11   │ 400.00   │ net43667                                                                │ _077755_/B                 │ met1  │
│ 1.40  │ 561.43   │ 400.00   │ net48093                                                                │ wire22084/A                │ met1  │
│ 1.40  │ 561.42   │ 400.00   │ GPIO_rdata[11\]                                                         │ _113728_/A0                │ met1  │
│ 1.40  │ 560.69   │ 400.00   │ clknet_4_3_0_clk_i_regs                                                 │ clkbuf_5_7_0_clk_i_regs/A  │ met3  │
│ 1.40  │ 560.45   │ 400.00   │ net31153                                                                │ _073162_/A2                │ met3  │
│ 1.40  │ 560.25   │ 400.00   │ data_bram_ctrl_inst.data_ram.u_mem.g_2k[0\].u_cell.rdata[15\]           │ wire23255/A                │ met3  │
│ 1.40  │ 559.85   │ 400.00   │ net37020                                                                │ _074012_/B                 │ met3  │
│ 1.40  │ 559.72   │ 400.00   │ net4710                                                                 │ wire34837/A                │ met3  │
│ 1.39  │ 557.74   │ 400.00   │ _020488_                                                                │ _078653_/B1                │ met3  │
│ 1.39  │ 557.61   │ 400.00   │ net30465                                                                │ _078082_/A2                │ met3  │
│ 1.39  │ 557.48   │ 400.00   │ net38701                                                                │ _078703_/A2                │ met3  │
│ 1.39  │ 554.17   │ 400.00   │ net47022                                                                │ wire23590/A                │ met1  │
│ 1.38  │ 553.91   │ 400.00   │ net13688                                                                │ fanout13666/A              │ met1  │
│ 1.38  │ 553.16   │ 400.00   │ net36076                                                                │ wire4807/A                 │ met3  │
│ 1.38  │ 551.73   │ 400.00   │ net37852                                                                │ _071598_/C1                │ met3  │
│ 1.38  │ 551.73   │ 400.00   │ net41662                                                                │ wire41661/A                │ met3  │
│ 1.38  │ 550.99   │ 400.00   │ instr_bram_ctrl_inst.instr_ram.u_mem.g_2k[3\].u_cell.rdata[29\]         │ wire20960/A                │ met3  │
│ 1.38  │ 550.58   │ 400.00   │ net32880                                                                │ _074718_/C                 │ met1  │
│ 1.38  │ 550.24   │ 400.00   │ net42965                                                                │ wire42964/A                │ met3  │
│ 1.38  │ 550.13   │ 400.00   │ net36832                                                                │ _074029_/A                 │ met3  │
│ 1.37  │ 549.58   │ 400.00   │ net30898                                                                │ wire30897/A                │ met1  │
│ 1.37  │ 549.52   │ 400.00   │ net37086                                                                │ wire37085/A                │ met3  │
│ 1.37  │ 548.86   │ 400.00   │ net46275                                                                │ _073261_/B                 │ met3  │
│ 1.37  │ 548.86   │ 400.00   │ net46275                                                                │ wire46274/A                │ met3  │
│ 1.37  │ 548.28   │ 400.00   │ net23703                                                                │ wire48057/A                │ met1  │
│ 1.37  │ 547.36   │ 400.00   │ _051258_                                                                │ _108352_/B                 │ met1  │
│ 1.37  │ 547.14   │ 400.00   │ net39059                                                                │ _073510_/A1                │ met3  │
│ 1.37  │ 546.75   │ 400.00   │ net3390                                                                 │ _118808_/A0                │ met2  │
│ 1.37  │ 546.07   │ 400.00   │ net33785                                                                │ wire33784/A                │ met3  │
│ 1.36  │ 545.31   │ 400.00   │ net45841                                                                │ _114323_/A0                │ met1  │
│ 1.36  │ 544.42   │ 400.00   │ net32475                                                                │ _073116_/A2                │ met3  │
│ 1.36  │ 544.29   │ 400.00   │ net32306                                                                │ _073279_/A1                │ met3  │
│ 1.36  │ 544.29   │ 400.00   │ net41220                                                                │ wire41219/A                │ met3  │
│ 1.36  │ 544.08   │ 400.00   │ net30220                                                                │ _060433_/A                 │ met1  │
│ 1.36  │ 544.03   │ 400.00   │ net34196                                                                │ _077913_/A2                │ met3  │
│ 1.36  │ 542.80   │ 400.00   │ net41874                                                                │ _075220_/A1                │ met3  │
│ 1.35  │ 541.74   │ 400.00   │ net28097                                                                │ wire47244/A                │ met1  │
│ 1.35  │ 541.32   │ 400.00   │ net40200                                                                │ _074664_/A2                │ met3  │
│ 1.35  │ 541.32   │ 400.00   │ net42053                                                                │ _075296_/A2                │ met3  │
│ 1.35  │ 540.39   │ 400.00   │ axi_instr_mem_araddr[6\]                                                │ _114288_/A1                │ met1  │
│ 1.35  │ 540.12   │ 400.00   │ net34017                                                                │ _076442_/A1                │ met1  │
│ 1.35  │ 539.93   │ 400.00   │ net40662                                                                │ _077278_/A2                │ met3  │
│ 1.35  │ 539.78   │ 400.00   │ net32059                                                                │ _072913_/A2                │ met3  │
│ 1.35  │ 539.78   │ 400.00   │ net41269                                                                │ wire41268/A                │ met3  │
│ 1.35  │ 538.23   │ 400.00   │ net37759                                                                │ wire37758/A                │ met2  │
│ 1.34  │ 537.83   │ 400.00   │ net34859                                                                │ _076815_/B                 │ met1  │
│ 1.34  │ 536.60   │ 400.00   │ net42559                                                                │ _077871_/A1                │ met1  │
│ 1.34  │ 536.32   │ 400.00   │ net5324                                                                 │ wire33368/A                │ met3  │
│ 1.34  │ 536.00   │ 400.00   │ net37907                                                                │ _072250_/A3                │ met3  │
│ 1.34  │ 536.00   │ 400.00   │ net37907                                                                │ _078482_/A2                │ met3  │
│ 1.34  │ 535.66   │ 400.00   │ _050146_                                                                │ _110759_/A1                │ met2  │
│ 1.34  │ 535.55   │ 400.00   │ net12955                                                                │ _076604_/B2                │ met1  │
│ 1.34  │ 535.24   │ 400.00   │ net42984                                                                │ wire42983/A                │ met3  │
│ 1.34  │ 534.58   │ 400.00   │ net20776                                                                │ _064908_/A1                │ met1  │
│ 1.33  │ 533.08   │ 400.00   │ net7084                                                                 │ _073080_/A                 │ met3  │
│ 1.33  │ 533.08   │ 400.00   │ net7084                                                                 │ wire33797/A                │ met3  │
│ 1.33  │ 532.38   │ 400.00   │ net38540                                                                │ _078298_/B2                │ met3  │
│ 1.33  │ 532.38   │ 400.00   │ net38540                                                                │ wire38539/A                │ met3  │
│ 1.33  │ 532.22   │ 400.00   │ net42827                                                                │ _062393_/A_N               │ met1  │
│ 1.33  │ 531.21   │ 400.00   │ net42153                                                                │ wire42152/A                │ met3  │
│ 1.33  │ 530.83   │ 400.00   │ net42262                                                                │ wire42261/A                │ met3  │
│ 1.32  │ 529.31   │ 400.00   │ net20746                                                                │ _064932_/A1                │ met1  │
│ 1.32  │ 529.16   │ 400.00   │ net34476                                                                │ _073116_/A1                │ met3  │
│ 1.32  │ 527.95   │ 400.00   │ data_bram_ctrl_inst.data_ram.u_mem.g_2k[1\].u_cell.rdata[3\]            │ _113626_/A1                │ met4  │
│ 1.32  │ 527.87   │ 400.00   │ net39149                                                                │ _077204_/A3                │ met3  │
│ 1.32  │ 527.86   │ 400.00   │ QSPI_IO0                                                                │ wire30089/A                │ met3  │
│ 1.32  │ 527.85   │ 400.00   │ instr_bram_ctrl_inst.instr_ram.u_mem.g_2k[3\].u_cell.rdata[4\]          │ wire20885/A                │ met3  │
│ 1.32  │ 526.75   │ 400.00   │ net20676                                                                │ _064977_/A1                │ met1  │
│ 1.32  │ 526.40   │ 400.00   │ net30965                                                                │ wire30964/A                │ met3  │
│ 1.32  │ 526.16   │ 400.00   │ net42232                                                                │ _076903_/B2                │ met3  │
│ 1.32  │ 526.16   │ 400.00   │ net42232                                                                │ _077351_/B1                │ met3  │
│ 1.32  │ 526.10   │ 400.00   │ net6775                                                                 │ wire34152/A                │ met3  │
│ 1.31  │ 525.28   │ 400.00   │ net6302                                                                 │ wire39586/A                │ met2  │
│ 1.31  │ 524.91   │ 400.00   │ net30586                                                                │ wire30585/A                │ met3  │
│ 1.31  │ 523.89   │ 400.00   │ _039115_                                                                │ _095845_/C                 │ met1  │
│ 1.31  │ 523.22   │ 400.00   │ instr_bram_ctrl_inst.instr_ram.u_mem.g_2k[2\].u_cell.rdata[0\]          │ wire21507/A                │ met3  │
│ 1.31  │ 523.14   │ 400.00   │ _019678_                                                                │ _071025_/C                 │ met1  │
│ 1.31  │ 522.83   │ 400.00   │ _053512_                                                                │ _112495_/A                 │ met1  │
│ 1.31  │ 522.21   │ 400.00   │ instr_bram_ctrl_inst.instr_ram.u_mem.g_2k[1\].u_cell.rdata[29\]         │ _114275_/A1                │ met4  │
│ 1.30  │ 521.20   │ 400.00   │ net39199                                                                │ _076620_/A1                │ met3  │
│ 1.30  │ 521.20   │ 400.00   │ net39199                                                                │ max_length39198/A          │ met3  │
│ 1.30  │ 520.40   │ 400.00   │ net39287                                                                │ _074058_/A2                │ met1  │
│ 1.30  │ 519.86   │ 400.00   │ net595                                                                  │ wire35429/A                │ met1  │
│ 1.30  │ 518.95   │ 400.00   │ net7922                                                                 │ _076626_/A1                │ met3  │
│ 1.30  │ 518.93   │ 400.00   │ net31904                                                                │ _078669_/A1                │ met3  │
│ 1.30  │ 518.40   │ 400.00   │ net41656                                                                │ _076987_/A2                │ met1  │
│ 1.30  │ 518.11   │ 400.00   │ net16492                                                                │ _079127_/B                 │ met1  │
│ 1.30  │ 518.06   │ 400.00   │ _013580_                                                                │ _064387_/C                 │ met1  │
│ 1.29  │ 517.53   │ 400.00   │ net12753                                                                │ _075271_/C1                │ met3  │
│ 1.29  │ 517.53   │ 400.00   │ net41634                                                                │ _070800_/B2                │ met3  │
│ 1.29  │ 517.25   │ 400.00   │ net41223                                                                │ _072616_/A3                │ met3  │
│ 1.29  │ 517.25   │ 400.00   │ net41223                                                                │ _072797_/B2                │ met3  │
│ 1.29  │ 516.84   │ 400.00   │ net44450                                                                │ _075594_/A2                │ met1  │
│ 1.29  │ 515.99   │ 400.00   │ net41104                                                                │ wire41103/A                │ met3  │
│ 1.29  │ 515.98   │ 400.00   │ net10169                                                                │ _078748_/B2                │ met3  │
│ 1.29  │ 515.98   │ 400.00   │ net41723                                                                │ _075412_/A2                │ met3  │
│ 1.29  │ 515.08   │ 400.00   │ net18249                                                                │ max_length46314/A          │ met1  │
│ 1.29  │ 515.07   │ 400.00   │ net8564                                                                 │ _074214_/A1                │ met1  │
│ 1.29  │ 514.55   │ 400.00   │ net32443                                                                │ _076857_/A2                │ met3  │
│ 1.28  │ 513.07   │ 400.00   │ net42569                                                                │ wire42568/A                │ met3  │
│ 1.28  │ 512.84   │ 400.00   │ net596                                                                  │ wire34786/A                │ met1  │
│ 1.28  │ 511.79   │ 400.00   │ net36978                                                                │ _074600_/A2                │ met1  │
│ 1.28  │ 511.78   │ 400.00   │ axi_data_bram_rdata[9\]                                                 │ hold61189/A                │ met1  │
│ 1.28  │ 510.92   │ 400.00   │ net34835                                                                │ _077132_/A2                │ met1  │
│ 1.28  │ 510.86   │ 400.00   │ conv_accelerator_inst.acc[212\]                                         │ _096825_/A                 │ met1  │
│ 1.28  │ 510.09   │ 400.00   │ net3933                                                                 │ wire3932/A                 │ met3  │
│ 1.27  │ 509.64   │ 400.00   │ net18813                                                                │ _077894_/A                 │ met1  │
│ 1.27  │ 509.53   │ 400.00   │ net12971                                                                │ _070153_/B                 │ met2  │
│ 1.27  │ 509.40   │ 400.00   │ net35736                                                                │ _075868_/A2                │ met3  │
│ 1.27  │ 509.40   │ 400.00   │ net35736                                                                │ _077590_/A2                │ met3  │
│ 1.27  │ 509.35   │ 400.00   │ net30163                                                                │ clkbuf_leaf_4_clk_i/A      │ met3  │
│ 1.27  │ 509.35   │ 400.00   │ net30163                                                                │ max_length30162/A          │ met3  │
│ 1.27  │ 509.19   │ 400.00   │ net47888                                                                │ _060458_/B                 │ met1  │
│ 1.27  │ 509.14   │ 400.00   │ net20754                                                                │ _064926_/A1                │ met1  │
│ 1.27  │ 508.91   │ 400.00   │ net8815                                                                 │ wire46006/A                │ met1  │
│ 1.27  │ 508.61   │ 400.00   │ net44142                                                                │ _073820_/B2                │ met3  │
│ 1.27  │ 508.56   │ 400.00   │ net10149                                                                │ wire39979/A                │ met3  │
│ 1.27  │ 508.06   │ 400.00   │ net34840                                                                │ wire34839/A                │ met3  │
│ 1.27  │ 507.01   │ 400.00   │ net39158                                                                │ wire39157/A                │ met3  │
│ 1.26  │ 505.99   │ 400.00   │ net7545                                                                 │ wire37107/A                │ met1  │
│ 1.26  │ 505.63   │ 400.00   │ net30943                                                                │ _072503_/A2                │ met3  │
│ 1.26  │ 505.17   │ 400.00   │ net38983                                                                │ wire38981/A                │ met2  │
│ 1.26  │ 504.70   │ 400.00   │ net1411                                                                 │ _062256_/A1                │ met3  │
│ 1.26  │ 503.94   │ 400.00   │ net23791                                                                │ _096812_/A                 │ met1  │
│ 1.26  │ 503.42   │ 400.00   │ net35967                                                                │ wire35966/A                │ met3  │
│ 1.25  │ 501.87   │ 400.00   │ net33795                                                                │ wire33794/A                │ met3  │
│ 1.25  │ 501.44   │ 400.00   │ cpu_inst.CORE.core_i.ex_stage_i.alu_i.alu_div_i.AReg_DP[27\]            │ hold65240/A                │ met1  │
│ 1.25  │ 500.85   │ 400.00   │ net26540                                                                │ fanout26535/A              │ met1  │
│ 1.25  │ 499.42   │ 400.00   │ _020878_                                                                │ _072233_/B                 │ met1  │
│ 1.25  │ 498.64   │ 400.00   │ net26937                                                                │ _061672_/A                 │ met1  │
│ 1.25  │ 498.13   │ 400.00   │ net32594                                                                │ _073187_/B1                │ met3  │
│ 1.25  │ 498.13   │ 400.00   │ net43462                                                                │ wire43461/A                │ met3  │
│ 1.24  │ 496.58   │ 400.00   │ net40223                                                                │ wire40222/A                │ met3  │
│ 1.24  │ 495.83   │ 400.00   │ net31185                                                                │ _078130_/A                 │ met2  │
│ 1.24  │ 495.79   │ 400.00   │ net38710                                                                │ _072655_/C                 │ met3  │
│ 1.24  │ 495.79   │ 400.00   │ net38710                                                                │ _074874_/B1                │ met3  │
│ 1.24  │ 495.27   │ 400.00   │ net8102                                                                 │ wire37641/A                │ met3  │
│ 1.24  │ 495.27   │ 400.00   │ net8102                                                                 │ max_length37643/A          │ met3  │
│ 1.24  │ 495.22   │ 400.00   │ net44563                                                                │ _071064_/A1                │ met3  │
│ 1.24  │ 495.16   │ 400.00   │ net39888                                                                │ _078400_/A3                │ met3  │
│ 1.24  │ 494.94   │ 400.00   │ net30089                                                                │ wire47177/A                │ met1  │
│ 1.24  │ 494.60   │ 400.00   │ net17369                                                                │ wire43932/A                │ met1  │
│ 1.23  │ 492.45   │ 400.00   │ net46068                                                                │ _073785_/A1                │ met2  │
│ 1.23  │ 490.86   │ 400.00   │ net6541                                                                 │ _076996_/A                 │ met3  │
│ 1.23  │ 490.81   │ 400.00   │ net45305                                                                │ wire45304/A                │ met2  │
│ 1.23  │ 490.70   │ 400.00   │ net44052                                                                │ wire44051/A                │ met3  │
│ 1.23  │ 490.63   │ 400.00   │ net31514                                                                │ _073821_/B2                │ met3  │
│ 1.22  │ 489.44   │ 400.00   │ net38132                                                                │ _070987_/A                 │ met1  │
│ 1.22  │ 489.41   │ 400.00   │ yz_bram_ctrl_inst.yz_ram.u_mem.u_mem.g_2k[2\].u_cell.rdata[8\]          │ _064889_/A2                │ met4  │
│ 1.22  │ 487.32   │ 400.00   │ net6427                                                                 │ wire39914/A                │ met3  │
│ 1.22  │ 487.31   │ 400.00   │ QSPI_rdata[23\]                                                         │ _116097_/A0                │ met1  │
│ 1.22  │ 487.09   │ 400.00   │ net37512                                                                │ _077036_/B1                │ met3  │
│ 1.22  │ 487.09   │ 400.00   │ net37512                                                                │ _078384_/B1                │ met3  │
│ 1.22  │ 486.78   │ 400.00   │ net38969                                                                │ _072746_/C                 │ met1  │
│ 1.22  │ 486.19   │ 400.00   │ instr_bram_ctrl_inst.instr_ram.u_mem.g_2k[0\].u_cell.rdata[17\]         │ wire21711/A                │ met3  │
│ 1.22  │ 486.19   │ 400.00   │ yz_bram_ctrl_inst.yz_ram.u_mem.u_mem.g_2k[0\].u_cell.rdata[15\]         │ wire20460/A                │ met3  │
│ 1.22  │ 486.19   │ 400.00   │ yz_bram_ctrl_inst.yz_ram.u_mem.u_mem.g_2k[2\].u_cell.rdata[15\]         │ _064931_/A2                │ met4  │
│ 1.22  │ 486.06   │ 400.00   │ net47876                                                                │ _079479_/A1                │ met1  │
│ 1.21  │ 485.68   │ 400.00   │ net42549                                                                │ wire13028/A                │ met3  │
│ 1.21  │ 485.05   │ 400.00   │ net769                                                                  │ load_slew768/A             │ met1  │
│ 1.21  │ 484.82   │ 400.00   │ net36674                                                                │ _077210_/B2                │ met3  │
│ 1.21  │ 484.17   │ 400.00   │ net64308                                                                │ _100461_/A1                │ met1  │
│ 1.21  │ 483.31   │ 400.00   │ net34805                                                                │ _070920_/A2                │ met3  │
│ 1.21  │ 483.31   │ 400.00   │ net34805                                                                │ _076622_/A2                │ met3  │
│ 1.21  │ 483.26   │ 400.00   │ _020673_                                                                │ _077602_/A1                │ met3  │
│ 1.21  │ 483.18   │ 400.00   │ net38614                                                                │ wire38613/A                │ met3  │
│ 1.21  │ 482.95   │ 400.00   │ clknet_4_3_0_clk_i_regs                                                 │ clkbuf_5_6_0_clk_i_regs/A  │ met3  │
│ 1.21  │ 482.67   │ 400.00   │ net11519                                                                │ _076305_/A1                │ met1  │
│ 1.21  │ 482.63   │ 400.00   │ net28141                                                                │ wire47493/A                │ met1  │
│ 1.21  │ 482.45   │ 400.00   │ net48414                                                                │ wire22223/A                │ met1  │
│ 1.21  │ 482.44   │ 400.00   │ net36562                                                                │ _076206_/A2                │ met3  │
│ 1.21  │ 482.44   │ 400.00   │ net36562                                                                │ _076212_/A1                │ met3  │
│ 1.20  │ 481.84   │ 400.00   │ _019013_                                                                │ wire36457/A                │ met3  │
│ 1.20  │ 481.84   │ 400.00   │ _024085_                                                                │ _075446_/A3                │ met3  │
│ 1.20  │ 481.79   │ 400.00   │ net11722                                                                │ wire42090/A                │ met3  │
│ 1.20  │ 481.76   │ 400.00   │ yz_bram_ctrl_inst.yz_ram.u_mem.u_mem.g_2k[2\].u_cell.rdata[0\]          │ _064884_/A2                │ met4  │
│ 1.20  │ 481.76   │ 400.00   │ net32818                                                                │ _073723_/B2                │ met3  │
│ 1.20  │ 481.76   │ 400.00   │ net32818                                                                │ _074378_/A1                │ met3  │
│ 1.20  │ 481.61   │ 400.00   │ net38494                                                                │ _075425_/B                 │ met1  │
│ 1.20  │ 481.53   │ 400.00   │ net12559                                                                │ wire40932/A                │ met2  │
│ 1.20  │ 481.25   │ 400.00   │ _033607_                                                                │ wire46356/A                │ met1  │
│ 1.20  │ 481.03   │ 400.00   │ _019765_                                                                │ _071126_/A                 │ met1  │
│ 1.20  │ 480.60   │ 400.00   │ net48040                                                                │ _066836_/S                 │ met1  │
│ 1.20  │ 480.29   │ 400.00   │ net34441                                                                │ _071317_/A2                │ met3  │
│ 1.20  │ 480.24   │ 400.00   │ net44056                                                                │ wire44055/A                │ met3  │
│ 1.20  │ 480.23   │ 400.00   │ net41247                                                                │ _074558_/A3                │ met3  │
│ 1.19  │ 477.64   │ 400.00   │ _000054_                                                                │ _128185_/D                 │ met1  │
│ 1.19  │ 477.50   │ 400.00   │ net16755                                                                │ _077811_/B                 │ met1  │
│ 1.19  │ 476.44   │ 400.00   │ net36650                                                                │ wire36649/A                │ met2  │
│ 1.19  │ 475.62   │ 400.00   │ net36520                                                                │ _072277_/A2                │ met1  │
│ 1.19  │ 475.58   │ 400.00   │ net36695                                                                │ _078295_/A2                │ met1  │
│ 1.19  │ 475.57   │ 400.00   │ _028173_                                                                │ fanout9372/A               │ met1  │
│ 1.19  │ 474.11   │ 400.00   │ net38330                                                                │ _071104_/A                 │ met1  │
│ 1.18  │ 473.62   │ 400.00   │ net36294                                                                │ wire36293/A                │ met3  │
│ 1.18  │ 473.62   │ 400.00   │ net44048                                                                │ wire44047/A                │ met3  │
│ 1.18  │ 472.58   │ 400.00   │ net44929                                                                │ _075051_/A2                │ met2  │
│ 1.18  │ 472.42   │ 400.00   │ net10955                                                                │ _077196_/C                 │ met2  │
│ 1.18  │ 471.52   │ 400.00   │ net8817                                                                 │ wire46220/A                │ met1  │
│ 1.18  │ 471.36   │ 400.00   │ net3667                                                                 │ _075037_/B                 │ met1  │
│ 1.18  │ 471.21   │ 400.00   │ net48384                                                                │ wire48383/A                │ met1  │
│ 1.18  │ 470.22   │ 400.00   │ net48749                                                                │ _113740_/A1                │ met1  │
│ 1.17  │ 469.95   │ 400.00   │ net31532                                                                │ _073145_/A1                │ met3  │
│ 1.17  │ 469.95   │ 400.00   │ net33739                                                                │ _072807_/A2                │ met3  │
│ 1.17  │ 469.95   │ 400.00   │ net42123                                                                │ _077762_/B1                │ met3  │
│ 1.17  │ 469.90   │ 400.00   │ net40261                                                                │ wire40260/A                │ met3  │
│ 1.17  │ 469.42   │ 400.00   │ net2687                                                                 │ _088808_/A_N               │ met1  │
│ 1.17  │ 469.31   │ 400.00   │ net3499                                                                 │ wire44267/A                │ met1  │
│ 1.17  │ 468.46   │ 400.00   │ net35138                                                                │ _072904_/A1                │ met3  │
│ 1.17  │ 467.65   │ 400.00   │ net44991                                                                │ fanout2286/A               │ met2  │
│ 1.17  │ 467.49   │ 400.00   │ net37738                                                                │ _077818_/A2                │ met2  │
│ 1.17  │ 467.27   │ 400.00   │ net42                                                                   │ wire48668/A                │ met1  │
│ 1.17  │ 466.67   │ 400.00   │ net45916                                                                │ _113841_/B                 │ met1  │
│ 1.17  │ 466.14   │ 400.00   │ net13431                                                                │ wire13430/A                │ met2  │
│ 1.16  │ 465.49   │ 400.00   │ net36007                                                                │ _075990_/B1                │ met3  │
│ 1.16  │ 465.36   │ 400.00   │ net36750                                                                │ _071579_/A2                │ met3  │
│ 1.16  │ 465.36   │ 400.00   │ net36750                                                                │ wire36749/A                │ met3  │
│ 1.16  │ 464.81   │ 400.00   │ net26909                                                                │ wire47918/A                │ met3  │
│ 1.16  │ 464.10   │ 400.00   │ net37989                                                                │ _075151_/B2                │ met3  │
│ 1.16  │ 464.00   │ 400.00   │ net409                                                                  │ wire408/A                  │ met3  │
│ 1.16  │ 463.89   │ 400.00   │ _019429_                                                                │ wire40702/A                │ met3  │
│ 1.16  │ 463.21   │ 400.00   │ net10306                                                                │ wire42655/A                │ met3  │
│ 1.16  │ 463.04   │ 400.00   │ instr_bram_ctrl_inst.instr_ram.u_mem.g_2k[1\].u_cell.rdata[14\]         │ _114245_/A1                │ met3  │
│ 1.15  │ 461.03   │ 400.00   │ net38428                                                                │ _075904_/B1                │ met3  │
│ 1.15  │ 461.03   │ 400.00   │ net40570                                                                │ _076298_/A2                │ met3  │
│ 1.15  │ 460.17   │ 400.00   │ net43050                                                                │ wire43049/A                │ met3  │
│ 1.15  │ 459.92   │ 400.00   │ net33894                                                                │ _078552_/C                 │ met1  │
│ 1.15  │ 459.75   │ 400.00   │ net48737                                                                │ _113750_/A1                │ met1  │
│ 1.15  │ 459.49   │ 400.00   │ net43673                                                                │ wire43672/A                │ met3  │
│ 1.15  │ 459.47   │ 400.00   │ net42898                                                                │ _077926_/A1                │ met3  │
│ 1.15  │ 459.21   │ 400.00   │ net5674                                                                 │ wire41948/A                │ met1  │
│ 1.15  │ 458.42   │ 400.00   │ instr_bram_ctrl_inst.instr_ram.u_mem.g_2k[0\].u_cell.rdata[16\]         │ wire21719/A                │ met3  │
│ 1.15  │ 458.01   │ 400.00   │ net6268                                                                 │ wire33614/A                │ met1  │
│ 1.14  │ 457.92   │ 400.00   │ net30963                                                                │ _076945_/A3                │ met3  │
│ 1.14  │ 457.26   │ 400.00   │ net17220                                                                │ wire45889/A                │ met3  │
│ 1.14  │ 456.72   │ 400.00   │ GPIO_rdata[13\]                                                         │ hold60706/A                │ met1  │
│ 1.14  │ 456.23   │ 400.00   │ net36861                                                                │ wire36860/A                │ met3  │
│ 1.14  │ 455.97   │ 400.00   │ conv_accelerator_inst.wb_prod[326\]                                     │ _094577_/B                 │ met1  │
│ 1.14  │ 455.81   │ 400.00   │ net10623                                                                │ wire43669/A                │ met2  │
│ 1.14  │ 455.77   │ 400.00   │ net42643                                                                │ _072445_/A3                │ met3  │
│ 1.14  │ 455.77   │ 400.00   │ net42643                                                                │ _077083_/A2                │ met3  │
│ 1.14  │ 455.44   │ 400.00   │ _009163_                                                                │ _060251_/B                 │ met1  │
│ 1.14  │ 455.08   │ 400.00   │ net16945                                                                │ wire16944/A                │ met3  │
│ 1.14  │ 455.08   │ 400.00   │ net32870                                                                │ _076954_/B1                │ met3  │
│ 1.14  │ 454.26   │ 400.00   │ net1996                                                                 │ wire43927/A                │ met1  │
│ 1.14  │ 454.17   │ 400.00   │ cpu_inst.CORE.core_i.cs_registers_i.gen_trigger_regs.tmatch_value_q[4\] │ _060618_/B                 │ met1  │
│ 1.13  │ 453.87   │ 400.00   │ net4126                                                                 │ _117323_/A2                │ met1  │
│ 1.13  │ 453.75   │ 400.00   │ net15739                                                                │ fanout15699/A              │ met1  │
│ 1.13  │ 453.64   │ 400.00   │ _020218_                                                                │ _073750_/A2                │ met2  │
│ 1.13  │ 453.54   │ 400.00   │ net11381                                                                │ wire39764/A                │ met3  │
│ 1.13  │ 453.27   │ 400.00   │ net37380                                                                │ wire37379/A                │ met3  │
│ 1.13  │ 452.91   │ 400.00   │ net42038                                                                │ _079118_/A1                │ met1  │
│ 1.13  │ 452.45   │ 400.00   │ _020485_                                                                │ _072911_/A1                │ met2  │
│ 1.13  │ 452.23   │ 400.00   │ net43178                                                                │ _078416_/A1                │ met3  │
│ 1.13  │ 452.11   │ 400.00   │ net31522                                                                │ _078035_/B1                │ met3  │
│ 1.13  │ 451.97   │ 400.00   │ yz_bram_ctrl_inst.yz_ram.u_mem.u_mem.g_2k[2\].u_cell.rdata[26\]         │ _064949_/A2                │ met4  │
│ 1.13  │ 451.25   │ 400.00   │ net3664                                                                 │ _075072_/B1                │ met3  │
│ 1.13  │ 450.60   │ 400.00   │ net42634                                                                │ _076044_/A1                │ met3  │
│ 1.13  │ 450.60   │ 400.00   │ net42634                                                                │ wire42633/A                │ met3  │
│ 1.13  │ 450.57   │ 400.00   │ net34777                                                                │ wire34776/A                │ met3  │
│ 1.13  │ 450.35   │ 400.00   │ net4637                                                                 │ wire32880/A                │ met1  │
│ 1.12  │ 449.42   │ 400.00   │ net48224                                                                │ _101859_/A1                │ met1  │
│ 1.12  │ 449.13   │ 400.00   │ _019391_                                                                │ _071516_/A2                │ met3  │
│ 1.12  │ 449.13   │ 400.00   │ net35887                                                                │ _073045_/A2                │ met3  │
│ 1.12  │ 449.13   │ 400.00   │ net47171                                                                │ _094621_/A                 │ met1  │
│ 1.12  │ 449.13   │ 400.00   │ net47171                                                                │ _094650_/B1                │ met1  │
│ 1.12  │ 448.84   │ 400.00   │ net24766                                                                │ fanout24755/A              │ met1  │
│ 1.12  │ 448.18   │ 400.00   │ net41633                                                                │ wire41632/A                │ met2  │
│ 1.12  │ 447.58   │ 400.00   │ net29712                                                                │ wire29711/A                │ met3  │
│ 1.12  │ 447.51   │ 400.00   │ net32920                                                                │ _076560_/B1                │ met1  │
│ 1.12  │ 447.42   │ 400.00   │ net861                                                                  │ wire34410/A                │ met1  │
│ 1.12  │ 447.03   │ 400.00   │ _057321_                                                                │ wire43744/A                │ met1  │
│ 1.12  │ 3101.71  │ 2778.20  │ _057041_                                                                │ _116112_/A1                │ met3  │
│ 1.12  │ 446.49   │ 400.00   │ net41602                                                                │ _077238_/A2                │ met1  │
│ 1.12  │ 446.33   │ 400.00   │ net38246                                                                │ max_length38245/A          │ met1  │
│ 1.11  │ 445.37   │ 400.00   │ net42446                                                                │ _076708_/A2                │ met3  │
│ 1.11  │ 445.03   │ 400.00   │ net8125                                                                 │ wire33516/A                │ met1  │
│ 1.11  │ 443.88   │ 400.00   │ net37081                                                                │ _074473_/B2                │ met3  │
│ 1.11  │ 443.88   │ 400.00   │ net37081                                                                │ _078351_/A1                │ met3  │
│ 1.11  │ 443.85   │ 400.00   │ net32300                                                                │ _078489_/A2                │ met3  │
│ 1.11  │ 443.25   │ 400.00   │ conv_accelerator_inst.out_x[1\]                                         │ hold63610/A                │ met1  │
│ 1.11  │ 443.19   │ 400.00   │ net36047                                                                │ _077004_/B                 │ met1  │
│ 1.11  │ 443.18   │ 400.00   │ net38211                                                                │ wire38210/A                │ met3  │
│ 1.11  │ 442.92   │ 400.00   │ net17315                                                                │ wire46794/A                │ met1  │
│ 1.11  │ 442.87   │ 400.00   │ net26314                                                                │ wire26313/A                │ met1  │
│ 1.11  │ 442.86   │ 400.00   │ net30812                                                                │ _077365_/B                 │ met1  │
│ 1.11  │ 442.67   │ 400.00   │ net34427                                                                │ _072013_/A2                │ met1  │
│ 1.10  │ 441.70   │ 400.00   │ net46189                                                                │ _078981_/A1                │ met3  │
│ 1.10  │ 441.62   │ 400.00   │ net45007                                                                │ _070359_/A                 │ met3  │
│ 1.10  │ 441.62   │ 400.00   │ net45007                                                                │ _077090_/A1                │ met3  │
│ 1.10  │ 441.41   │ 400.00   │ _024313_                                                                │ wire33429/A                │ met2  │
│ 1.10  │ 440.94   │ 400.00   │ net26893                                                                │ _105257_/B                 │ met1  │
│ 1.10  │ 440.92   │ 400.00   │ net3424                                                                 │ wire44579/A                │ met1  │
│ 1.10  │ 440.89   │ 400.00   │ net20527                                                                │ wire20526/A                │ met1  │
│ 1.10  │ 440.02   │ 400.00   │ net38553                                                                │ _078902_/A2                │ met1  │
│ 1.10  │ 439.87   │ 400.00   │ net936                                                                  │ wire31779/A                │ met1  │
│ 1.10  │ 439.76   │ 400.00   │ net43176                                                                │ wire43175/A                │ met3  │
│ 1.10  │ 438.67   │ 400.00   │ net12461                                                                │ wire42566/A                │ met3  │
│ 1.09  │ 437.97   │ 400.00   │ net32320                                                                │ wire32319/A                │ met1  │
│ 1.09  │ 437.93   │ 400.00   │ net32032                                                                │ wire32031/A                │ met3  │
│ 1.09  │ 437.90   │ 400.00   │ net37116                                                                │ wire37115/A                │ met3  │
│ 1.09  │ 437.24   │ 400.00   │ net11102                                                                │ _075147_/A2                │ met3  │
│ 1.09  │ 437.10   │ 400.00   │ net13215                                                                │ _072616_/B1                │ met1  │
│ 1.09  │ 437.01   │ 400.00   │ _036916_                                                                │ _093234_/B1                │ met1  │
│ 1.09  │ 436.83   │ 400.00   │ _045640_                                                                │ _102638_/A1                │ met1  │
│ 1.09  │ 436.74   │ 400.00   │ net994                                                                  │ wire34001/A                │ met1  │
│ 1.09  │ 435.83   │ 400.00   │ net19179                                                                │ fanout19144/A              │ met1  │
│ 1.09  │ 435.68   │ 400.00   │ net10929                                                                │ _072791_/A1                │ met3  │
│ 1.09  │ 435.67   │ 400.00   │ net30489                                                                │ wire30488/A                │ met3  │
│ 1.09  │ 435.63   │ 400.00   │ net28139                                                                │ wire47232/A                │ met1  │
│ 1.09  │ 435.27   │ 400.00   │ instr_bram_ctrl_inst.instr_ram.u_mem.g_2k[0\].u_cell.rdata[21\]         │ wire21669/A                │ met3  │
│ 1.09  │ 435.27   │ 400.00   │ yz_bram_ctrl_inst.yz_ram.u_mem.u_mem.g_1k.u_cell.rdata[1\]              │ wire20714/A                │ met3  │
│ 1.09  │ 434.86   │ 400.00   │ net43425                                                                │ wire43424/A                │ met3  │
│ 1.09  │ 434.72   │ 400.00   │ net6694                                                                 │ wire6693/A                 │ met3  │
│ 1.09  │ 434.26   │ 400.00   │ net34957                                                                │ _075957_/B1                │ met3  │
│ 1.09  │ 434.18   │ 400.00   │ net35651                                                                │ _075905_/A3                │ met3  │
│ 1.09  │ 434.07   │ 400.00   │ net36570                                                                │ _076008_/B1                │ met3  │
│ 1.09  │ 434.07   │ 400.00   │ net36570                                                                │ _076177_/A1                │ met3  │
│ 1.09  │ 434.04   │ 400.00   │ net26228                                                                │ wire26227/A                │ met1  │
│ 1.08  │ 433.82   │ 400.00   │ net22090                                                                │ wire46508/A                │ met1  │
│ 1.08  │ 433.71   │ 400.00   │ net13405                                                                │ load_slew13404/A           │ met1  │
│ 1.08  │ 432.84   │ 400.00   │ net34999                                                                │ max_length34998/A          │ met3  │
│ 1.08  │ 432.78   │ 400.00   │ net12358                                                                │ _071410_/B1                │ met3  │
│ 1.08  │ 432.18   │ 400.00   │ net14536                                                                │ _078039_/A1                │ met1  │
│ 1.08  │ 432.13   │ 400.00   │ net15457                                                                │ fanout15451/A              │ met1  │
│ 1.08  │ 431.98   │ 400.00   │ clknet_4_6_0_clk_i_regs                                                 │ clkbuf_5_12_0_clk_i_regs/A │ met3  │
│ 1.08  │ 431.82   │ 400.00   │ net20392                                                                │ wire20391/A                │ met1  │
│ 1.08  │ 431.81   │ 400.00   │ net39132                                                                │ _073297_/A2                │ met1  │
│ 1.08  │ 431.69   │ 400.00   │ _021123_                                                                │ _072575_/D                 │ met1  │
│ 1.08  │ 431.24   │ 400.00   │ net40651                                                                │ wire40650/A                │ met3  │
│ 1.08  │ 431.18   │ 400.00   │ net32476                                                                │ _070531_/B                 │ met3  │
│ 1.08  │ 431.17   │ 400.00   │ net27570                                                                │ _107187_/D                 │ met1  │
│ 1.08  │ 430.93   │ 400.00   │ net33071                                                                │ _076012_/A2                │ met1  │
│ 1.08  │ 430.87   │ 400.00   │ net10422                                                                │ _078298_/B1                │ met1  │
│ 1.08  │ 430.87   │ 400.00   │ net18243                                                                │ wire18242/A                │ met1  │
│ 1.08  │ 430.56   │ 400.00   │ net41020                                                                │ _077827_/C                 │ met1  │
│ 1.08  │ 430.51   │ 400.00   │ net25367                                                                │ wire25366/A                │ met1  │
│ 1.07  │ 429.91   │ 400.00   │ _022167_                                                                │ _078609_/B2                │ met1  │
│ 1.07  │ 429.74   │ 400.00   │ net1614                                                                 │ _062159_/B2                │ met3  │
│ 1.07  │ 429.62   │ 400.00   │ net39303                                                                │ _073912_/B1                │ met1  │
│ 1.07  │ 429.61   │ 400.00   │ net36375                                                                │ _074009_/A2                │ met3  │
│ 1.07  │ 429.55   │ 400.00   │ net34130                                                                │ _075626_/A2                │ met1  │
│ 1.07  │ 429.23   │ 400.00   │ instr_bram_ctrl_inst.instr_ram.u_mem.g_2k[1\].u_cell.rdata[18\]         │ _114253_/A1                │ met4  │
│ 1.07  │ 428.95   │ 400.00   │ net17906                                                                │ wire17905/A                │ met1  │
│ 1.07  │ 2979.17  │ 2778.20  │ _049094_                                                                │ _106173_/A1                │ met4  │
│ 1.07  │ 428.83   │ 400.00   │ net41519                                                                │ _071547_/B                 │ met1  │
│ 1.07  │ 428.70   │ 400.00   │ net37800                                                                │ _074760_/B1                │ met3  │
│ 1.07  │ 428.70   │ 400.00   │ net37800                                                                │ wire37799/A                │ met3  │
│ 1.07  │ 428.58   │ 400.00   │ net13560                                                                │ _069990_/C                 │ met1  │
│ 1.07  │ 428.43   │ 400.00   │ instr_bram_ctrl_inst.instr_ram.u_mem.g_2k[1\].u_cell.rdata[0\]          │ _114217_/A1                │ met4  │
│ 1.07  │ 428.17   │ 400.00   │ _022260_                                                                │ wire35778/A                │ met1  │
│ 1.07  │ 427.57   │ 400.00   │ net13429                                                                │ wire13428/A                │ met1  │
│ 1.07  │ 427.52   │ 400.00   │ net41212                                                                │ wire41211/A                │ met3  │
│ 1.07  │ 427.11   │ 400.00   │ net20752                                                                │ wire20751/A                │ met1  │
│ 1.07  │ 426.98   │ 400.00   │ net950                                                                  │ wire34960/A                │ met1  │
│ 1.07  │ 426.82   │ 400.00   │ instr_bram_ctrl_inst.instr_ram.u_mem.g_2k[1\].u_cell.rdata[28\]         │ _114273_/A1                │ met4  │
│ 1.07  │ 426.69   │ 400.00   │ _023113_                                                                │ _074471_/B                 │ met1  │
│ 1.07  │ 426.35   │ 400.00   │ net906                                                                  │ wire31439/A                │ met1  │
│ 1.07  │ 426.28   │ 400.00   │ net29150                                                                │ _074520_/A                 │ met1  │
│ 1.07  │ 426.09   │ 400.00   │ _021505_                                                                │ _074878_/A2                │ met2  │
│ 1.07  │ 426.06   │ 400.00   │ net42444                                                                │ _073084_/A3                │ met3  │
│ 1.07  │ 426.06   │ 400.00   │ net42444                                                                │ max_length42443/A          │ met3  │
│ 1.07  │ 426.01   │ 400.00   │ instr_bram_ctrl_inst.instr_ram.u_mem.g_2k[1\].u_cell.rdata[15\]         │ _114247_/A1                │ met4  │
│ 1.07  │ 426.01   │ 400.00   │ instr_bram_ctrl_inst.instr_ram.u_mem.g_2k[1\].u_cell.rdata[20\]         │ _114257_/A1                │ met4  │
│ 1.06  │ 425.92   │ 400.00   │ clknet_6_26__leaf_clk_i_regs                                            │ clkload17/A                │ met1  │
│ 1.06  │ 425.66   │ 400.00   │ net20080                                                                │ wire20079/A                │ met1  │
│ 1.06  │ 425.56   │ 400.00   │ net48669                                                                │ _081858_/B                 │ met1  │
│ 1.06  │ 425.26   │ 400.00   │ net36167                                                                │ wire11085/A                │ met3  │
│ 1.06  │ 425.21   │ 400.00   │ instr_bram_ctrl_inst.instr_ram.u_mem.g_2k[1\].u_cell.rdata[25\]         │ _114267_/A1                │ met4  │
│ 1.06  │ 425.08   │ 400.00   │ net20982                                                                │ wire20981/A                │ met1  │
│ 1.06  │ 425.00   │ 400.00   │ net20706                                                                │ wire20705/A                │ met1  │
│ 1.06  │ 424.81   │ 400.00   │ instr_bram_ctrl_inst.instr_ram.u_mem.g_2k[1\].u_cell.rdata[19\]         │ _114255_/A1                │ met4  │
│ 1.06  │ 424.72   │ 400.00   │ _028937_                                                                │ _084835_/A                 │ met1  │
│ 1.06  │ 424.72   │ 400.00   │ net34807                                                                │ _073975_/A2                │ met1  │
│ 1.06  │ 424.68   │ 400.00   │ net2919                                                                 │ wire2918/A                 │ met1  │
│ 1.06  │ 424.65   │ 400.00   │ net723                                                                  │ wire32437/A                │ met1  │
│ 1.06  │ 424.42   │ 400.00   │ conv_accelerator_inst.wb_prod[99\]                                      │ hold61137/A                │ met1  │
│ 1.06  │ 424.20   │ 400.00   │ yz_bram_ctrl_inst.yz_ram.u_mem.u_mem.g_2k[2\].u_cell.rdata[6\]          │ _064922_/A2                │ met4  │
│ 1.06  │ 423.84   │ 400.00   │ net6148                                                                 │ _110926_/A2                │ met3  │
│ 1.06  │ 423.84   │ 400.00   │ net6148                                                                 │ wire6147/A                 │ met3  │
│ 1.06  │ 423.73   │ 400.00   │ _024960_                                                                │ _076338_/A2                │ met3  │
│ 1.06  │ 423.00   │ 400.00   │ net33280                                                                │ wire3648/A                 │ met3  │
│ 1.06  │ 422.75   │ 400.00   │ net2581                                                                 │ _064633_/D                 │ met1  │
│ 1.06  │ 422.73   │ 400.00   │ net35890                                                                │ wire8044/A                 │ met3  │
│ 1.06  │ 2936.00  │ 2778.20  │ _021056_                                                                │ _072406_/D                 │ met4  │
│ 1.06  │ 422.69   │ 400.00   │ yz_bram_ctrl_inst.yz_ram.u_mem.u_mem.g_2k[2\].u_cell.rdata[11\]         │ _064907_/A2                │ met4  │
│ 1.06  │ 422.69   │ 400.00   │ yz_bram_ctrl_inst.yz_ram.u_mem.u_mem.g_2k[2\].u_cell.rdata[22\]         │ _064970_/A2                │ met4  │
│ 1.06  │ 422.66   │ 400.00   │ net21010                                                                │ wire21009/A                │ met1  │
│ 1.06  │ 422.66   │ 400.00   │ net21174                                                                │ wire21173/A                │ met1  │
│ 1.06  │ 422.37   │ 400.00   │ _023097_                                                                │ _074455_/A2                │ met3  │
│ 1.06  │ 422.37   │ 400.00   │ net35278                                                                │ _073810_/A3                │ met3  │
│ 1.05  │ 421.69   │ 400.00   │ net20142                                                                │ wire20141/A                │ met1  │
│ 1.05  │ 421.58   │ 400.00   │ net34450                                                                │ wire34449/A                │ met3  │
│ 1.05  │ 421.56   │ 400.00   │ net20964                                                                │ wire20963/A                │ met1  │
│ 1.05  │ 421.53   │ 400.00   │ net47891                                                                │ _061680_/A1                │ met2  │
│ 1.05  │ 421.41   │ 400.00   │ net64937                                                                │ fanout28170/A              │ met1  │
│ 1.05  │ 421.38   │ 400.00   │ instr_bram_ctrl_inst.instr_ram.u_mem.g_2k[3\].u_cell.rdata[0\]          │ wire21274/A                │ met3  │
│ 1.05  │ 421.38   │ 400.00   │ yz_bram_ctrl_inst.yz_ram.u_mem.u_mem.g_2k[1\].u_cell.rdata[8\]          │ wire19836/A                │ met3  │
│ 1.05  │ 421.38   │ 400.00   │ yz_bram_ctrl_inst.yz_ram.u_mem.u_mem.g_2k[2\].u_cell.rdata[30\]         │ wire19805/A                │ met3  │
│ 1.05  │ 421.06   │ 400.00   │ net35481                                                                │ _076999_/A3                │ met1  │
│ 1.05  │ 421.03   │ 400.00   │ net21161                                                                │ wire21160/A                │ met1  │
│ 1.05  │ 420.98   │ 400.00   │ net35361                                                                │ _072161_/A2                │ met3  │
│ 1.05  │ 420.58   │ 400.00   │ yz_bram_ctrl_inst.yz_ram.u_mem.u_mem.g_2k[2\].u_cell.rdata[14\]         │ _064925_/A2                │ met4  │
│ 1.05  │ 419.67   │ 400.00   │ net20363                                                                │ wire20362/A                │ met1  │
│ 1.05  │ 419.67   │ 400.00   │ net20506                                                                │ wire20505/A                │ met1  │
│ 1.05  │ 419.67   │ 400.00   │ net21175                                                                │ wire21174/A                │ met1  │
│ 1.05  │ 419.67   │ 400.00   │ net21228                                                                │ wire21227/A                │ met1  │
│ 1.05  │ 419.54   │ 400.00   │ net19692                                                                │ wire19691/A                │ met1  │
│ 1.05  │ 419.54   │ 400.00   │ net20966                                                                │ wire20965/A                │ met1  │
│ 1.05  │ 419.54   │ 400.00   │ net21085                                                                │ wire21084/A                │ met1  │
│ 1.05  │ 419.54   │ 400.00   │ net21134                                                                │ wire21133/A                │ met1  │
│ 1.05  │ 419.39   │ 400.00   │ net37170                                                                │ _076922_/B1                │ met3  │
│ 1.05  │ 419.17   │ 400.00   │ net292                                                                  │ wire291/A                  │ met1  │
│ 1.05  │ 419.14   │ 400.00   │ net20544                                                                │ wire20543/A                │ met1  │
│ 1.05  │ 419.14   │ 400.00   │ net21232                                                                │ wire21231/A                │ met1  │
│ 1.05  │ 419.14   │ 400.00   │ net21428                                                                │ wire21427/A                │ met1  │
│ 1.05  │ 419.05   │ 400.00   │ net21417                                                                │ wire21416/A                │ met1  │
│ 1.05  │ 419.01   │ 400.00   │ net21234                                                                │ wire21233/A                │ met1  │
│ 1.05  │ 418.80   │ 400.00   │ net29736                                                                │ wire29735/A                │ met1  │
│ 1.05  │ 418.61   │ 400.00   │ net21072                                                                │ wire21071/A                │ met1  │
│ 1.05  │ 418.61   │ 400.00   │ net21115                                                                │ wire21114/A                │ met1  │
│ 1.04  │ 417.88   │ 400.00   │ _024699_                                                                │ wire3058/A                 │ met1  │
│ 1.04  │ 417.82   │ 400.00   │ net33725                                                                │ _076459_/A1                │ met3  │
│ 1.04  │ 417.82   │ 400.00   │ net33725                                                                │ _078213_/A2                │ met3  │
│ 1.04  │ 417.80   │ 400.00   │ net36189                                                                │ _074951_/A1                │ met3  │
│ 1.04  │ 417.80   │ 400.00   │ net36189                                                                │ _076056_/A                 │ met3  │
│ 1.04  │ 417.64   │ 400.00   │ net20980                                                                │ wire20979/A                │ met1  │
│ 1.04  │ 417.64   │ 400.00   │ net21119                                                                │ wire21118/A                │ met1  │
│ 1.04  │ 417.51   │ 400.00   │ net20162                                                                │ wire20161/A                │ met1  │
│ 1.04  │ 417.51   │ 400.00   │ net21159                                                                │ wire21158/A                │ met1  │
│ 1.04  │ 417.13   │ 400.00   │ net38963                                                                │ _074108_/B1                │ met3  │
│ 1.04  │ 417.13   │ 400.00   │ net38963                                                                │ wire38962/A                │ met3  │
│ 1.04  │ 417.10   │ 400.00   │ net47545                                                                │ wire47544/A                │ met1  │
│ 1.04  │ 416.97   │ 400.00   │ net40439                                                                │ _074632_/A2                │ met2  │
│ 1.04  │ 416.46   │ 400.00   │ net20679                                                                │ wire20678/A                │ met1  │
│ 1.04  │ 416.37   │ 400.00   │ net34710                                                                │ wire34709/A                │ met3  │
│ 1.04  │ 416.02   │ 400.00   │ net21118                                                                │ wire21117/A                │ met1  │
│ 1.04  │ 415.49   │ 400.00   │ net21008                                                                │ wire21007/A                │ met1  │
│ 1.04  │ 415.49   │ 400.00   │ net21074                                                                │ wire21073/A                │ met1  │
│ 1.04  │ 414.87   │ 400.00   │ net42257                                                                │ max_length42256/A          │ met1  │
│ 1.04  │ 414.82   │ 400.00   │ net11162                                                                │ wire45443/A                │ met3  │
│ 1.04  │ 414.53   │ 400.00   │ _049881_                                                                │ _110678_/A1                │ met2  │
│ 1.04  │ 414.47   │ 400.00   │ net20530                                                                │ wire20529/A                │ met1  │
│ 1.04  │ 414.46   │ 400.00   │ net927                                                                  │ wire31591/A                │ met1  │
│ 1.04  │ 414.08   │ 400.00   │ net38097                                                                │ _076741_/B                 │ met2  │
│ 1.04  │ 414.03   │ 400.00   │ net19638                                                                │ wire19637/A                │ met1  │
│ 1.03  │ 413.99   │ 400.00   │ net19668                                                                │ wire19667/A                │ met1  │
│ 1.03  │ 413.99   │ 400.00   │ net21070                                                                │ wire21069/A                │ met1  │
│ 1.03  │ 2873.78  │ 2778.20  │ _057456_                                                                │ _116552_/A1                │ met3  │
│ 1.03  │ 413.59   │ 400.00   │ net20677                                                                │ wire20676/A                │ met1  │
│ 1.03  │ 413.59   │ 400.00   │ net21039                                                                │ wire21038/A                │ met1  │
│ 1.03  │ 413.46   │ 400.00   │ net21012                                                                │ wire21011/A                │ met1  │
│ 1.03  │ 413.46   │ 400.00   │ net21249                                                                │ wire21248/A                │ met1  │
│ 1.03  │ 413.45   │ 400.00   │ net41753                                                                │ _078970_/B2                │ met3  │
│ 1.03  │ 413.42   │ 400.00   │ conv_accelerator_inst.wb_bytes[36\]                                     │ hold60534/A                │ met1  │
│ 1.03  │ 413.32   │ 400.00   │ net37425                                                                │ _078971_/A2                │ met3  │
│ 1.03  │ 412.62   │ 400.00   │ net36778                                                                │ wire36777/A                │ met3  │
│ 1.03  │ 412.35   │ 400.00   │ net44518                                                                │ wire10781/A                │ met3  │
│ 1.03  │ 412.19   │ 400.00   │ net16143                                                                │ _073338_/B                 │ met2  │
│ 1.03  │ 412.13   │ 400.00   │ yz_bram_ctrl_inst.yz_ram.u_mem.u_mem.g_1k.u_cell.rdata[4\]              │ wire20592/A                │ met3  │
│ 1.03  │ 411.90   │ 400.00   │ qspi_master_inst.QSPI_STA[6\]                                           │ wire48669/A                │ met1  │
│ 1.03  │ 411.85   │ 400.00   │ net31930                                                                │ wire5166/A                 │ met3  │
│ 1.03  │ 411.72   │ 400.00   │ net1221                                                                 │ _068020_/B                 │ met1  │
│ 1.03  │ 411.08   │ 400.00   │ net792                                                                  │ wire31178/A                │ met1  │
│ 1.03  │ 410.91   │ 400.00   │ net20703                                                                │ wire20702/A                │ met1  │
│ 1.03  │ 410.91   │ 400.00   │ net20946                                                                │ _114275_/A3                │ met1  │
│ 1.03  │ 410.72   │ 400.00   │ net25037                                                                │ fanout25025/A              │ met1  │
│ 1.03  │ 410.54   │ 400.00   │ net15919                                                                │ fanout15883/A              │ met1  │
│ 1.03  │ 410.47   │ 400.00   │ net2993                                                                 │ wire43525/A                │ met3  │
│ 1.03  │ 2850.16  │ 2778.20  │ _023330_                                                                │ _074688_/B                 │ met3  │
│ 1.02  │ 409.98   │ 400.00   │ net21756                                                                │ wire21755/A                │ met1  │
│ 1.02  │ 409.66   │ 400.00   │ net30153                                                                │ wire30152/A                │ met3  │
│ 1.02  │ 409.02   │ 400.00   │ net20742                                                                │ wire20741/A                │ met1  │
│ 1.02  │ 409.01   │ 400.00   │ net35679                                                                │ _072684_/B1                │ met1  │
│ 1.02  │ 408.99   │ 400.00   │ net37239                                                                │ _077345_/B1                │ met3  │
│ 1.02  │ 408.91   │ 400.00   │ net5076                                                                 │ wire36061/A                │ met3  │
│ 1.02  │ 408.89   │ 400.00   │ conv_accelerator_inst.wb_base2[9\]                                      │ hold63531/A                │ met1  │
│ 1.02  │ 408.78   │ 400.00   │ net23980                                                                │ _084970_/A                 │ met1  │
│ 1.02  │ 408.71   │ 400.00   │ net23792                                                                │ _096420_/A1_N              │ met1  │
│ 1.02  │ 408.49   │ 400.00   │ net21617                                                                │ wire21616/A                │ met1  │
│ 1.02  │ 408.33   │ 400.00   │ net10330                                                                │ wire42165/A                │ met1  │
│ 1.02  │ 408.19   │ 400.00   │ net35629                                                                │ wire35628/A                │ met3  │
│ 1.02  │ 408.11   │ 400.00   │ net34479                                                                │ _076787_/B2                │ met1  │
│ 1.02  │ 407.89   │ 400.00   │ net7820                                                                 │ wire32430/A                │ met2  │
│ 1.02  │ 407.79   │ 400.00   │ net38518                                                                │ _078971_/B1                │ met3  │
│ 1.02  │ 407.77   │ 400.00   │ net33916                                                                │ _079192_/A2                │ met2  │
│ 1.02  │ 2884.19  │ 2831.00  │ _021044_                                                                │ _072406_/B                 │ met4  │
│ 1.02  │ 407.50   │ 400.00   │ net31995                                                                │ _079069_/A1_N              │ met3  │
│ 1.02  │ 407.50   │ 400.00   │ net38125                                                                │ _076423_/B2                │ met3  │
│ 1.02  │ 407.50   │ 400.00   │ net42614                                                                │ _075706_/A1                │ met3  │
│ 1.02  │ 407.43   │ 400.00   │ net36625                                                                │ wire36624/A                │ met3  │
│ 1.02  │ 407.39   │ 400.00   │ net20756                                                                │ wire20755/A                │ met1  │
│ 1.02  │ 406.75   │ 400.00   │ net11156                                                                │ _074261_/A1                │ met1  │
│ 1.02  │ 406.67   │ 400.00   │ net38043                                                                │ _073693_/A1                │ met3  │
│ 1.02  │ 3005.08  │ 2956.40  │ net37599                                                                │ _070510_/C_N               │ met4  │
│ 1.02  │ 406.43   │ 400.00   │ net37389                                                                │ _076741_/A                 │ met3  │
│ 1.02  │ 406.43   │ 400.00   │ net37389                                                                │ wire37388/A                │ met3  │
│ 1.02  │ 406.01   │ 400.00   │ net36948                                                                │ _074321_/A2                │ met3  │
│ 1.01  │ 405.96   │ 400.00   │ net44648                                                                │ _073688_/A2                │ met3  │
│ 1.01  │ 405.89   │ 400.00   │ net21242                                                                │ wire21241/A                │ met1  │
│ 1.01  │ 405.72   │ 400.00   │ net12471                                                                │ wire42075/A                │ met1  │
│ 1.01  │ 2824.25  │ 2784.80  │ _057545_                                                                │ _116646_/B                 │ met3  │
│ 1.01  │ 405.57   │ 400.00   │ net30153                                                                │ wire30150/A                │ met3  │
│ 1.01  │ 405.53   │ 400.00   │ net44443                                                                │ _114278_/A1                │ met2  │
│ 1.01  │ 405.49   │ 400.00   │ net20740                                                                │ wire20739/A                │ met1  │
│ 1.01  │ 405.41   │ 400.00   │ net21418                                                                │ wire21417/A                │ met1  │
│ 1.01  │ 405.36   │ 400.00   │ net20575                                                                │ wire20574/A                │ met1  │
│ 1.01  │ 404.53   │ 400.00   │ net35937                                                                │ _073543_/A1                │ met3  │
│ 1.01  │ 404.53   │ 400.00   │ net40769                                                                │ _072506_/A2                │ met3  │
│ 1.01  │ 404.49   │ 400.00   │ net10473                                                                │ _073846_/A2                │ met1  │
│ 1.01  │ 404.48   │ 400.00   │ net39441                                                                │ _076484_/A2                │ met3  │
│ 1.01  │ 404.18   │ 400.00   │ net13564                                                                │ wire41506/A                │ met1  │
│ 1.01  │ 2806.48  │ 2778.20  │ _054838_                                                                │ _113116_/A0                │ met4  │
│ 1.01  │ 403.80   │ 400.00   │ net36512                                                                │ _076391_/A2                │ met3  │
│ 1.01  │ 403.80   │ 400.00   │ net36512                                                                │ wire36511/A                │ met3  │
│ 1.01  │ 403.78   │ 400.00   │ net21466                                                                │ _114245_/A2                │ met1  │
│ 1.01  │ 403.53   │ 400.00   │ net48222                                                                │ _101816_/A1                │ met1  │
│ 1.01  │ 402.85   │ 400.00   │ cpu_inst.CORE.core_i.alu_operand_c_ex[6\]                               │ _059953_/A1                │ met1  │
│ 1.01  │ 402.31   │ 400.00   │ net47293                                                                │ wire47291/A                │ met1  │
│ 1.01  │ 402.16   │ 400.00   │ data_bram_ctrl_inst.data_ram.u_mem.g_2k[1\].u_cell.rdata[18\]           │ _113656_/A1                │ met4  │
│ 1.01  │ 402.01   │ 400.00   │ net43701                                                                │ _078764_/A1                │ met1  │
│ 1.00  │ 401.55   │ 400.00   │ net35586                                                                │ _073922_/A1                │ met3  │
│ 1.00  │ 401.50   │ 400.00   │ net39290                                                                │ _073386_/A2                │ met3  │
│ 1.00  │ 401.01   │ 400.00   │ _021711_                                                                │ _073063_/B1                │ met1  │
│ 1.00  │ 400.92   │ 400.00   │ net37985                                                                │ _074859_/B2                │ met1  │
│ 1.00  │ 400.84   │ 400.00   │ net46223                                                                │ _105893_/B1                │ met1  │
│ 1.00  │ 400.20   │ 400.00   │ net34200                                                                │ _071434_/A3                │ met3  │
│ 1.00  │ 400.20   │ 400.00   │ net34200                                                                │ _076720_/A1_N              │ met3  │
└───────┴──────────┴──────────┴─────────────────────────────────────────────────────────────────────────┴────────────────────────────┴───────┘
