┏━━━━━━━┳━━━━━━━━━┳━━━━━━━━━━┳━━━━━━━━━━━━━━━━━━━━━━━━━━━━━━━━━━━━━━━━━━━━━━━━━━━━━━━━━━━━━━━━━┳━━━━━━━━━━━━━━━━━━━━━━━━━━━━┳━━━━━━━┓
┃ P / R ┃ Partial ┃ Required ┃ Net                                                             ┃ Pin                        ┃ Layer ┃
┡━━━━━━━╇━━━━━━━━━╇━━━━━━━━━━╇━━━━━━━━━━━━━━━━━━━━━━━━━━━━━━━━━━━━━━━━━━━━━━━━━━━━━━━━━━━━━━━━━╇━━━━━━━━━━━━━━━━━━━━━━━━━━━━╇━━━━━━━┩
│ 15.81 │ 6322.98 │ 400.00   │ net7914                                                         │ _073715_/A                 │ met3  │
│ 14.71 │ 5885.90 │ 400.00   │ net2635                                                         │ _072650_/B1                │ met3  │
│ 14.21 │ 5685.43 │ 400.00   │ net2253                                                         │ _073095_/A3                │ met3  │
│ 13.84 │ 5537.46 │ 400.00   │ net10278                                                        │ _073307_/B                 │ met3  │
│ 13.12 │ 5246.74 │ 400.00   │ net1960                                                         │ _075138_/A2                │ met3  │
│ 11.50 │ 4601.24 │ 400.00   │ net10477                                                        │ _073551_/A1                │ met3  │
│ 11.42 │ 4569.21 │ 400.00   │ net4942                                                         │ _074606_/A1                │ met3  │
│ 10.79 │ 4316.38 │ 400.00   │ net31900                                                        │ _071935_/B                 │ met3  │
│ 10.49 │ 4194.20 │ 400.00   │ net31559                                                        │ _071537_/A2                │ met3  │
│ 10.38 │ 4152.57 │ 400.00   │ net11763                                                        │ _072806_/B                 │ met3  │
│ 9.81  │ 3924.38 │ 400.00   │ net1504                                                         │ _128283_/D                 │ met3  │
│ 9.40  │ 3761.84 │ 400.00   │ _024742_                                                        │ _076097_/C                 │ met3  │
│ 9.34  │ 3737.89 │ 400.00   │ net2904                                                         │ _074846_/A3                │ met3  │
│ 9.19  │ 3677.96 │ 400.00   │ net2591                                                         │ _076373_/A2                │ met3  │
│ 9.13  │ 3653.84 │ 400.00   │ net6106                                                         │ _074772_/C                 │ met3  │
│ 8.93  │ 3573.69 │ 400.00   │ net32513                                                        │ wire22385/A                │ met3  │
│ 8.85  │ 3541.28 │ 400.00   │ net32708                                                        │ wire22578/A                │ met3  │
│ 8.81  │ 3522.77 │ 400.00   │ net2399                                                         │ _073584_/A1                │ met3  │
│ 8.52  │ 3407.04 │ 400.00   │ net32653                                                        │ wire22582/A                │ met3  │
│ 8.21  │ 3284.33 │ 400.00   │ net6727                                                         │ _078270_/A2                │ met3  │
│ 8.04  │ 3217.26 │ 400.00   │ net32562                                                        │ wire23998/A                │ met3  │
│ 8.02  │ 3209.46 │ 400.00   │ net4206                                                         │ _074887_/B                 │ met3  │
│ 8.00  │ 3198.74 │ 400.00   │ net32710                                                        │ wire22568/A                │ met3  │
│ 7.81  │ 3124.68 │ 400.00   │ net32561                                                        │ wire24005/A                │ met3  │
│ 7.79  │ 3116.74 │ 400.00   │ net11547                                                        │ _078251_/A1                │ met3  │
│ 7.74  │ 3094.01 │ 400.00   │ net31954                                                        │ _073549_/A2                │ met3  │
│ 7.35  │ 2938.35 │ 400.00   │ net4203                                                         │ _076669_/C                 │ met3  │
│ 7.28  │ 2911.75 │ 400.00   │ net32560                                                        │ wire24012/A                │ met3  │
│ 7.27  │ 2907.12 │ 400.00   │ net32510                                                        │ wire22440/A                │ met3  │
│ 7.21  │ 2882.81 │ 400.00   │ net30466                                                        │ _074355_/B1                │ met3  │
│ 7.19  │ 2876.63 │ 400.00   │ net10057                                                        │ _072151_/B                 │ met3  │
│ 7.14  │ 2856.20 │ 400.00   │ net32514                                                        │ wire22309/A                │ met3  │
│ 7.06  │ 2825.02 │ 400.00   │ net31265                                                        │ _074419_/B2                │ met3  │
│ 6.98  │ 2791.30 │ 400.00   │ net32583                                                        │ wire23816/A                │ met3  │
│ 6.96  │ 2782.14 │ 400.00   │ net32582                                                        │ wire23823/A                │ met3  │
│ 6.88  │ 2750.67 │ 400.00   │ net2577                                                         │ _077397_/A1                │ met3  │
│ 6.86  │ 2745.11 │ 400.00   │ net32650                                                        │ wire22607/A                │ met3  │
│ 6.76  │ 2704.76 │ 400.00   │ net30939                                                        │ _072903_/B                 │ met3  │
│ 6.76  │ 2703.45 │ 400.00   │ net32599                                                        │ wire22115/A                │ met3  │
│ 6.71  │ 2682.41 │ 400.00   │ net7625                                                         │ _075152_/A1                │ met3  │
│ 6.48  │ 2591.80 │ 400.00   │ net31355                                                        │ _078075_/A3                │ met3  │
│ 6.48  │ 2591.80 │ 400.00   │ net31355                                                        │ _078535_/B2                │ met3  │
│ 6.44  │ 2575.29 │ 400.00   │ net3618                                                         │ _076405_/B1                │ met3  │
│ 6.42  │ 2566.50 │ 400.00   │ net31518                                                        │ _074493_/B1                │ met3  │
│ 6.40  │ 2558.97 │ 400.00   │ net30763                                                        │ _078236_/A3                │ met3  │
│ 6.37  │ 2549.65 │ 400.00   │ net31504                                                        │ _076291_/B                 │ met3  │
│ 6.28  │ 2511.42 │ 400.00   │ net31439                                                        │ _076334_/A1                │ met3  │
│ 6.27  │ 2508.44 │ 400.00   │ net6105                                                         │ _073892_/A2                │ met3  │
│ 6.27  │ 2508.44 │ 400.00   │ net10738                                                        │ _072781_/B                 │ met3  │
│ 6.27  │ 2506.93 │ 400.00   │ net30720                                                        │ _076754_/A2                │ met3  │
│ 6.20  │ 2478.67 │ 400.00   │ net31306                                                        │ _070237_/A2                │ met3  │
│ 6.19  │ 2476.43 │ 400.00   │ yz_bram_ctrl_inst.yz_ram.u_mem.u_mem.g_2k[3\].u_cell.rdata[21\] │ wire20178/A                │ met3  │
│ 6.10  │ 2441.15 │ 400.00   │ net3514                                                         │ _075358_/B1                │ met3  │
│ 6.03  │ 2413.16 │ 400.00   │ _019146_                                                        │ _074123_/A2                │ met3  │
│ 6.03  │ 2411.73 │ 400.00   │ net30603                                                        │ _075974_/A3                │ met3  │
│ 5.92  │ 2368.52 │ 400.00   │ net31586                                                        │ _073586_/B1                │ met3  │
│ 5.90  │ 2358.21 │ 400.00   │ net8076                                                         │ _077811_/B2                │ met3  │
│ 5.88  │ 2353.62 │ 400.00   │ net30974                                                        │ _075509_/A1                │ met3  │
│ 5.88  │ 2351.80 │ 400.00   │ net30801                                                        │ _074670_/A2_N              │ met3  │
│ 5.87  │ 2349.28 │ 400.00   │ net3504                                                         │ _075690_/B1                │ met3  │
│ 5.87  │ 2347.02 │ 400.00   │ net2351                                                         │ _078853_/A3                │ met3  │
│ 5.75  │ 2300.02 │ 400.00   │ net7800                                                         │ _073942_/A1                │ met3  │
│ 5.75  │ 2298.98 │ 400.00   │ net32007                                                        │ _075593_/C                 │ met3  │
│ 5.73  │ 2292.95 │ 400.00   │ net31374                                                        │ _069808_/A2                │ met3  │
│ 5.64  │ 2254.03 │ 400.00   │ net7221                                                         │ _076753_/A2                │ met3  │
│ 5.62  │ 2247.30 │ 400.00   │ net32581                                                        │ wire23830/A                │ met3  │
│ 5.60  │ 2238.29 │ 400.00   │ net31924                                                        │ _071628_/B                 │ met3  │
│ 5.60  │ 2238.29 │ 400.00   │ net31924                                                        │ _078889_/C                 │ met3  │
│ 5.55  │ 2221.64 │ 400.00   │ net31338                                                        │ _072047_/A1_N              │ met3  │
│ 5.55  │ 2221.22 │ 400.00   │ net13994                                                        │ _079097_/A1                │ met3  │
│ 5.54  │ 2215.47 │ 400.00   │ net30880                                                        │ _075037_/A1                │ met3  │
│ 5.53  │ 2212.33 │ 400.00   │ net30781                                                        │ _074453_/A1                │ met3  │
│ 5.52  │ 2206.25 │ 400.00   │ net13937                                                        │ fanout13920/A              │ met3  │
│ 5.51  │ 2205.27 │ 400.00   │ net20028                                                        │ _060184_/A_N               │ met3  │
│ 5.51  │ 2202.15 │ 400.00   │ net11346                                                        │ _070891_/A1                │ met3  │
│ 5.48  │ 2190.13 │ 400.00   │ net31651                                                        │ _078285_/A2                │ met3  │
│ 5.44  │ 2176.81 │ 400.00   │ net31329                                                        │ _075581_/A2                │ met3  │
│ 5.44  │ 2175.06 │ 400.00   │ net4646                                                         │ _073003_/B1                │ met3  │
│ 5.38  │ 2150.79 │ 400.00   │ yz_bram_ctrl_inst.yz_ram.u_mem.u_mem.g_2k[2\].u_cell.rdata[5\]  │ _064792_/A2                │ met3  │
│ 5.35  │ 2138.31 │ 400.00   │ net10346                                                        │ _077050_/A3                │ met3  │
│ 5.31  │ 2125.80 │ 400.00   │ net2894                                                         │ _075383_/A1                │ met3  │
│ 5.31  │ 2123.35 │ 400.00   │ net30582                                                        │ _073848_/B1                │ met3  │
│ 5.27  │ 2108.48 │ 400.00   │ net30740                                                        │ _074348_/B2                │ met3  │
│ 5.24  │ 2097.21 │ 400.00   │ net10918                                                        │ _071250_/B                 │ met3  │
│ 5.23  │ 2093.61 │ 400.00   │ net3560                                                         │ _073550_/A2                │ met3  │
│ 5.23  │ 2093.48 │ 400.00   │ net30641                                                        │ _071586_/A1                │ met3  │
│ 5.23  │ 2092.06 │ 400.00   │ net31914                                                        │ _075650_/A2                │ met3  │
│ 5.19  │ 2076.57 │ 400.00   │ _020486_                                                        │ _077797_/C                 │ met3  │
│ 5.19  │ 2074.08 │ 400.00   │ net30691                                                        │ _070148_/B2                │ met3  │
│ 5.17  │ 2069.62 │ 400.00   │ net6124                                                         │ _074110_/B1                │ met3  │
│ 5.01  │ 2005.98 │ 400.00   │ net31027                                                        │ _071431_/B1                │ met3  │
│ 5.00  │ 2001.03 │ 400.00   │ net30749                                                        │ _071907_/B1                │ met3  │
│ 4.95  │ 1978.96 │ 400.00   │ net8069                                                         │ _077893_/A2                │ met3  │
│ 4.89  │ 1956.81 │ 400.00   │ net17969                                                        │ _064802_/A0                │ met1  │
│ 4.89  │ 1954.04 │ 400.00   │ net31692                                                        │ _075968_/A1                │ met3  │
│ 4.87  │ 1946.41 │ 400.00   │ net31191                                                        │ _075284_/A1                │ met3  │
│ 4.86  │ 1945.33 │ 400.00   │ net1644                                                         │ _128287_/D                 │ met3  │
│ 4.80  │ 1921.13 │ 400.00   │ net30988                                                        │ _075236_/B1                │ met3  │
│ 4.78  │ 1911.80 │ 400.00   │ net30935                                                        │ _072047_/B1                │ met3  │
│ 4.74  │ 1895.22 │ 400.00   │ net17908                                                        │ wire17907/A                │ met1  │
│ 4.71  │ 1882.47 │ 400.00   │ net5196                                                         │ _074920_/A1                │ met3  │
│ 4.69  │ 1874.65 │ 400.00   │ net17272                                                        │ _078086_/B1                │ met3  │
│ 4.64  │ 1856.81 │ 400.00   │ net31732                                                        │ _071586_/B2                │ met3  │
│ 4.64  │ 1855.35 │ 400.00   │ net31631                                                        │ _075631_/A1                │ met3  │
│ 4.63  │ 1851.05 │ 400.00   │ net4316                                                         │ _078814_/B1                │ met3  │
│ 4.61  │ 1845.88 │ 400.00   │ net30982                                                        │ _075103_/A2                │ met3  │
│ 4.61  │ 1845.88 │ 400.00   │ net30982                                                        │ _075924_/A1                │ met3  │
│ 4.60  │ 1839.42 │ 400.00   │ net31461                                                        │ _076530_/A2                │ met3  │
│ 4.60  │ 1839.35 │ 400.00   │ net31422                                                        │ _075889_/A1                │ met3  │
│ 4.59  │ 1835.44 │ 400.00   │ net32549                                                        │ output53/A                 │ met3  │
│ 4.58  │ 1830.30 │ 400.00   │ net2601                                                         │ _075709_/A2                │ met3  │
│ 4.57  │ 1827.39 │ 400.00   │ net31289                                                        │ _077891_/B1                │ met3  │
│ 4.55  │ 1821.51 │ 400.00   │ net31199                                                        │ _073331_/A3                │ met3  │
│ 4.53  │ 1810.06 │ 400.00   │ net22558                                                        │ wire22557/A                │ met3  │
│ 4.48  │ 1790.49 │ 400.00   │ net32548                                                        │ output52/A                 │ met3  │
│ 4.44  │ 1777.00 │ 400.00   │ net31288                                                        │ _077906_/A2                │ met3  │
│ 4.44  │ 1776.33 │ 400.00   │ net3569                                                         │ _073157_/A2_N              │ met3  │
│ 4.44  │ 1776.33 │ 400.00   │ net3569                                                         │ _073451_/A1_N              │ met3  │
│ 4.40  │ 1761.91 │ 400.00   │ net12359                                                        │ _075710_/A1                │ met3  │
│ 4.39  │ 1757.45 │ 400.00   │ net30747                                                        │ _078639_/B1                │ met3  │
│ 4.38  │ 1753.16 │ 400.00   │ net4622                                                         │ _071381_/A1                │ met3  │
│ 4.38  │ 1753.16 │ 400.00   │ net4622                                                         │ _076706_/B2                │ met3  │
│ 4.38  │ 1753.08 │ 400.00   │ _018482_                                                        │ _074784_/A3                │ met3  │
│ 4.37  │ 1748.75 │ 400.00   │ net31371                                                        │ _075208_/B2                │ met3  │
│ 4.37  │ 1748.74 │ 400.00   │ clk_i                                                           │ wire30350/A                │ met3  │
│ 4.36  │ 1745.55 │ 400.00   │ net30538                                                        │ _076024_/A1                │ met3  │
│ 4.35  │ 1738.31 │ 400.00   │ net4656                                                         │ _073218_/B1                │ met3  │
│ 4.33  │ 1732.49 │ 400.00   │ net30780                                                        │ _073396_/B2                │ met3  │
│ 4.33  │ 1732.23 │ 400.00   │ net31369                                                        │ _078346_/B1                │ met3  │
│ 4.33  │ 1730.12 │ 400.00   │ net31762                                                        │ _074554_/B1                │ met3  │
│ 4.33  │ 1730.12 │ 400.00   │ net31762                                                        │ _074791_/A3                │ met3  │
│ 4.30  │ 1720.50 │ 400.00   │ net31202                                                        │ _078808_/B2                │ met3  │
│ 4.29  │ 1717.42 │ 400.00   │ net28020                                                        │ _060216_/A                 │ met3  │
│ 4.29  │ 1717.42 │ 400.00   │ net28020                                                        │ _060217_/B1                │ met3  │
│ 4.29  │ 1717.38 │ 400.00   │ net31899                                                        │ _077569_/D                 │ met3  │
│ 4.29  │ 1717.38 │ 400.00   │ net31899                                                        │ _078240_/A2                │ met3  │
│ 4.27  │ 1708.06 │ 400.00   │ _019663_                                                        │ _078521_/B1                │ met3  │
│ 4.25  │ 1699.33 │ 400.00   │ net4175                                                         │ _076805_/C1                │ met3  │
│ 4.23  │ 1692.28 │ 400.00   │ net7279                                                         │ _078335_/A2                │ met3  │
│ 4.23  │ 1692.15 │ 400.00   │ net8181                                                         │ _074008_/A1                │ met3  │
│ 4.16  │ 1663.90 │ 400.00   │ net30672                                                        │ _077627_/B1                │ met3  │
│ 4.16  │ 1662.29 │ 400.00   │ net30682                                                        │ _073920_/B2                │ met3  │
│ 4.14  │ 1656.44 │ 400.00   │ net4533                                                         │ _072130_/A3                │ met3  │
│ 4.14  │ 1656.44 │ 400.00   │ net4533                                                         │ _074833_/A3                │ met3  │
│ 4.12  │ 1647.55 │ 400.00   │ net31352                                                        │ _075582_/A1                │ met3  │
│ 4.11  │ 1644.51 │ 400.00   │ net4160                                                         │ _079023_/A3                │ met3  │
│ 4.09  │ 1637.19 │ 400.00   │ net16170                                                        │ _114251_/A1                │ met2  │
│ 4.07  │ 1626.73 │ 400.00   │ net32882                                                        │ _084420_/A1                │ met3  │
│ 4.05  │ 1618.97 │ 400.00   │ net30553                                                        │ _073840_/A2                │ met3  │
│ 4.04  │ 1616.86 │ 400.00   │ net8066                                                         │ _071441_/A2                │ met3  │
│ 4.04  │ 1616.86 │ 400.00   │ net8066                                                         │ _075472_/A2                │ met3  │
│ 4.04  │ 1615.55 │ 400.00   │ net4462                                                         │ _073609_/A2_N              │ met3  │
│ 4.01  │ 1604.14 │ 400.00   │ net2611                                                         │ _074710_/B1                │ met3  │
│ 4.01  │ 1603.79 │ 400.00   │ net1564                                                         │ _109560_/B                 │ met3  │
│ 4.01  │ 1603.79 │ 400.00   │ net1564                                                         │ _109564_/A2_N              │ met3  │
│ 3.99  │ 1597.97 │ 400.00   │ net31274                                                        │ _076739_/A                 │ met3  │
│ 3.98  │ 1591.05 │ 400.00   │ net10073                                                        │ _074040_/A1                │ met3  │
│ 3.96  │ 1583.64 │ 400.00   │ net30707                                                        │ _074419_/B1                │ met3  │
│ 3.96  │ 1582.79 │ 400.00   │ net3541                                                         │ _074372_/B                 │ met3  │
│ 3.89  │ 1556.89 │ 400.00   │ _017768_                                                        │ _068983_/B                 │ met3  │
│ 3.88  │ 1550.78 │ 400.00   │ _050672_                                                        │ fanout1486/A               │ met3  │
│ 3.87  │ 1549.95 │ 400.00   │ _018853_                                                        │ _076002_/A1                │ met3  │
│ 3.87  │ 1547.65 │ 400.00   │ net30853                                                        │ _077435_/A2                │ met3  │
│ 3.86  │ 1544.99 │ 400.00   │ net31538                                                        │ _075990_/A1                │ met3  │
│ 3.86  │ 1542.83 │ 400.00   │ net6238                                                         │ _076707_/B                 │ met1  │
│ 3.85  │ 1540.19 │ 400.00   │ yz_csr_wrapper_inst.result_reg[1\]                              │ _119010_/A0                │ met1  │
│ 3.84  │ 1535.90 │ 400.00   │ net4798                                                         │ _072386_/A3                │ met3  │
│ 3.82  │ 1529.83 │ 400.00   │ net6427                                                         │ _078440_/A2                │ met3  │
│ 3.81  │ 1523.21 │ 400.00   │ net31722                                                        │ _071304_/B                 │ met3  │
│ 3.81  │ 1523.21 │ 400.00   │ net31722                                                        │ _074649_/B1                │ met3  │
│ 3.80  │ 1521.16 │ 400.00   │ net2228                                                         │ _078586_/B1                │ met3  │
│ 3.80  │ 1518.13 │ 400.00   │ net10528                                                        │ _072678_/B2                │ met3  │
│ 3.79  │ 1515.87 │ 400.00   │ net14841                                                        │ _075430_/B                 │ met3  │
│ 3.79  │ 1515.12 │ 400.00   │ net4869                                                         │ _071521_/A2                │ met3  │
│ 3.78  │ 1513.52 │ 400.00   │ net31472                                                        │ _071765_/A2                │ met3  │
│ 3.78  │ 1513.52 │ 400.00   │ net31472                                                        │ _074038_/A2                │ met3  │
│ 3.77  │ 1506.23 │ 400.00   │ net6988                                                         │ _073238_/A2                │ met3  │
│ 3.74  │ 1497.54 │ 400.00   │ net4677                                                         │ _076769_/A1                │ met3  │
│ 3.74  │ 1496.23 │ 400.00   │ net6247                                                         │ _072872_/B2                │ met3  │
│ 3.74  │ 1496.23 │ 400.00   │ net6247                                                         │ _074125_/A2                │ met3  │
│ 3.74  │ 1496.23 │ 400.00   │ net6247                                                         │ _074608_/B2                │ met3  │
│ 3.74  │ 1495.89 │ 400.00   │ net8091                                                         │ _078505_/A1                │ met3  │
│ 3.73  │ 1493.01 │ 400.00   │ net31913                                                        │ _073555_/B1                │ met3  │
│ 3.73  │ 1492.91 │ 400.00   │ net30606                                                        │ _073907_/A2                │ met3  │
│ 3.73  │ 1492.85 │ 400.00   │ net2398                                                         │ _073774_/B1                │ met3  │
│ 3.72  │ 1489.65 │ 400.00   │ net4948                                                         │ _078825_/B2                │ met3  │
│ 3.71  │ 1482.00 │ 400.00   │ net31949                                                        │ _073181_/A2                │ met3  │
│ 3.71  │ 1482.00 │ 400.00   │ net31949                                                        │ _077449_/A                 │ met3  │
│ 3.70  │ 1479.53 │ 400.00   │ net30737                                                        │ _072964_/B1                │ met3  │
│ 3.70  │ 1478.17 │ 400.00   │ net7720                                                         │ _075152_/B2                │ met3  │
│ 3.69  │ 1475.11 │ 400.00   │ _022413_                                                        │ _073753_/B                 │ met3  │
│ 3.68  │ 1471.94 │ 400.00   │ net31635                                                        │ _074856_/C                 │ met3  │
│ 3.68  │ 1470.61 │ 400.00   │ net4382                                                         │ _076761_/A2                │ met3  │
│ 3.67  │ 1467.51 │ 400.00   │ net10154                                                        │ _076631_/B1                │ met3  │
│ 3.65  │ 1460.01 │ 400.00   │ _023896_                                                        │ _075239_/A2                │ met3  │
│ 3.64  │ 1455.41 │ 400.00   │ net30788                                                        │ _071790_/B1                │ met3  │
│ 3.64  │ 1455.41 │ 400.00   │ net30788                                                        │ _076117_/B1                │ met3  │
│ 3.64  │ 1455.41 │ 400.00   │ net30788                                                        │ _076365_/B1                │ met3  │
│ 3.64  │ 1454.86 │ 400.00   │ net3384                                                         │ _114420_/A0                │ met3  │
│ 3.63  │ 1451.28 │ 400.00   │ net31365                                                        │ _076335_/A2                │ met3  │
│ 3.61  │ 1443.30 │ 400.00   │ net30925                                                        │ _078812_/A2                │ met3  │
│ 3.58  │ 1430.95 │ 400.00   │ net4360                                                         │ _072678_/B1                │ met3  │
│ 3.58  │ 1430.95 │ 400.00   │ net4360                                                         │ _078118_/B2                │ met3  │
│ 3.57  │ 1428.25 │ 400.00   │ net4479                                                         │ _071852_/B                 │ met3  │
│ 3.57  │ 1427.49 │ 400.00   │ net30797                                                        │ _073041_/B1                │ met3  │
│ 3.56  │ 1422.87 │ 400.00   │ net31842                                                        │ _073688_/A2                │ met3  │
│ 3.52  │ 1407.32 │ 400.00   │ net31604                                                        │ _078148_/B1                │ met3  │
│ 3.52  │ 1406.67 │ 400.00   │ net32071                                                        │ _078377_/C1                │ met3  │
│ 3.51  │ 1403.70 │ 400.00   │ net2605                                                         │ _075388_/B1                │ met3  │
│ 3.49  │ 1396.30 │ 400.00   │ net6188                                                         │ _076817_/B1                │ met3  │
│ 3.48  │ 1391.68 │ 400.00   │ net2390                                                         │ _074575_/A2                │ met3  │
│ 3.46  │ 1382.82 │ 400.00   │ net3656                                                         │ _074662_/A3                │ met3  │
│ 3.45  │ 1378.35 │ 400.00   │ net11874                                                        │ _074458_/A                 │ met3  │
│ 3.43  │ 1373.83 │ 400.00   │ net31665                                                        │ _077472_/A2                │ met3  │
│ 3.43  │ 1370.07 │ 400.00   │ net30572                                                        │ _075287_/B1                │ met3  │
│ 3.38  │ 1353.12 │ 400.00   │ net4830                                                         │ _077228_/A1                │ met3  │
│ 3.37  │ 1348.90 │ 400.00   │ net4308                                                         │ _072800_/B                 │ met3  │
│ 3.37  │ 1348.90 │ 400.00   │ net4308                                                         │ _073547_/B1                │ met3  │
│ 3.37  │ 1347.20 │ 400.00   │ net5045                                                         │ _070947_/A2                │ met3  │
│ 3.36  │ 1345.65 │ 400.00   │ net7525                                                         │ _077521_/A1                │ met3  │
│ 3.35  │ 1341.88 │ 400.00   │ net4448                                                         │ _072371_/A2                │ met3  │
│ 3.35  │ 1341.88 │ 400.00   │ net4448                                                         │ _073468_/B2                │ met3  │
│ 3.34  │ 1337.20 │ 400.00   │ net32095                                                        │ fanout19021/A              │ met3  │
│ 3.34  │ 1337.20 │ 400.00   │ net32095                                                        │ fanout19037/A              │ met3  │
│ 3.34  │ 1335.27 │ 400.00   │ net31363                                                        │ _078275_/B2                │ met3  │
│ 3.34  │ 1334.92 │ 400.00   │ net7538                                                         │ _073036_/B                 │ met3  │
│ 3.32  │ 1326.32 │ 400.00   │ net30845                                                        │ _076527_/A2                │ met3  │
│ 3.31  │ 1325.37 │ 400.00   │ net1572                                                         │ _112873_/B2                │ met3  │
│ 3.31  │ 1325.37 │ 400.00   │ net1572                                                         │ fanout1565/A               │ met3  │
│ 3.31  │ 1324.77 │ 400.00   │ net6315                                                         │ _076383_/A2                │ met3  │
│ 3.31  │ 1322.02 │ 400.00   │ net6187                                                         │ _072368_/B1                │ met3  │
│ 3.31  │ 1322.02 │ 400.00   │ net6187                                                         │ _078336_/B1                │ met3  │
│ 3.30  │ 1320.02 │ 400.00   │ clknet_1_0_1_clk_i                                              │ clkbuf_leaf_8_clk_i/A      │ met3  │
│ 3.30  │ 1318.85 │ 400.00   │ net30742                                                        │ _076822_/B1                │ met3  │
│ 3.29  │ 1316.11 │ 400.00   │ net31433                                                        │ _072285_/B1                │ met3  │
│ 3.29  │ 1315.91 │ 400.00   │ net4917                                                         │ _073018_/B2                │ met3  │
│ 3.29  │ 1314.97 │ 400.00   │ net32348                                                        │ fanout19986/A              │ met3  │
│ 3.29  │ 1314.49 │ 400.00   │ _020582_                                                        │ _071917_/A1                │ met3  │
│ 3.28  │ 1311.56 │ 400.00   │ net2586                                                         │ _076668_/C_N               │ met3  │
│ 3.25  │ 1300.95 │ 400.00   │ _020164_                                                        │ _074942_/B1                │ met3  │
│ 3.25  │ 1300.15 │ 400.00   │ net4757                                                         │ _071577_/A2                │ met3  │
│ 3.25  │ 1300.15 │ 400.00   │ net4757                                                         │ _073124_/B2                │ met3  │
│ 3.24  │ 1295.18 │ 400.00   │ net30833                                                        │ _074510_/A1                │ met3  │
│ 3.24  │ 1295.18 │ 400.00   │ net30833                                                        │ _074737_/A1                │ met3  │
│ 3.23  │ 1293.67 │ 400.00   │ net31891                                                        │ _077203_/A2                │ met3  │
│ 3.23  │ 1290.67 │ 400.00   │ net31110                                                        │ _071568_/B                 │ met3  │
│ 3.23  │ 1290.62 │ 400.00   │ net30695                                                        │ _074497_/B                 │ met3  │
│ 3.23  │ 1290.62 │ 400.00   │ net30695                                                        │ _074636_/B2                │ met3  │
│ 3.21  │ 1284.85 │ 400.00   │ net10158                                                        │ _071591_/B1                │ met3  │
│ 3.21  │ 1284.49 │ 400.00   │ net3532                                                         │ _074732_/A3                │ met3  │
│ 3.21  │ 1283.88 │ 400.00   │ net4283                                                         │ _073071_/A2                │ met3  │
│ 3.21  │ 1283.88 │ 400.00   │ net4283                                                         │ _078217_/A2                │ met3  │
│ 3.21  │ 1282.35 │ 400.00   │ net16503                                                        │ _076907_/A                 │ met3  │
│ 3.20  │ 1281.78 │ 400.00   │ net4619                                                         │ _073216_/B1                │ met3  │
│ 3.20  │ 1281.78 │ 400.00   │ net31611                                                        │ _073629_/A2                │ met3  │
│ 3.20  │ 1278.73 │ 400.00   │ net3591                                                         │ _072676_/A2_N              │ met1  │
│ 3.19  │ 1275.91 │ 400.00   │ net6428                                                         │ _071694_/B1                │ met3  │
│ 3.19  │ 1275.91 │ 400.00   │ net6428                                                         │ _076917_/B                 │ met3  │
│ 3.19  │ 1275.83 │ 400.00   │ net4647                                                         │ _077105_/A2                │ met3  │
│ 3.19  │ 1274.25 │ 400.00   │ net30610                                                        │ _072537_/B1                │ met3  │
│ 3.15  │ 1259.35 │ 400.00   │ net30785                                                        │ _076673_/B2                │ met3  │
│ 3.14  │ 1257.68 │ 400.00   │ net6746                                                         │ _072766_/A1                │ met3  │
│ 3.14  │ 1257.68 │ 400.00   │ net6746                                                         │ _078412_/A1                │ met3  │
│ 3.14  │ 1255.80 │ 400.00   │ yz_bram_ctrl_inst.yz_ram.u_mem.u_mem.g_2k[0\].u_cell.rdata[30\] │ wire20679/A                │ met3  │
│ 3.14  │ 1254.90 │ 400.00   │ net8075                                                         │ _072144_/B2                │ met3  │
│ 3.14  │ 1254.90 │ 400.00   │ net8075                                                         │ _074416_/A1                │ met3  │
│ 3.13  │ 1253.53 │ 400.00   │ net11244                                                        │ _078498_/A2                │ met3  │
│ 3.13  │ 1250.47 │ 400.00   │ net4763                                                         │ _072839_/B1                │ met3  │
│ 3.13  │ 1250.47 │ 400.00   │ net4763                                                         │ _078357_/A2                │ met3  │
│ 3.13  │ 1250.41 │ 400.00   │ net6269                                                         │ _077807_/C                 │ met3  │
│ 3.12  │ 1248.92 │ 400.00   │ net31299                                                        │ _071413_/B1                │ met3  │
│ 3.12  │ 1248.92 │ 400.00   │ net31299                                                        │ _078755_/B1                │ met3  │
│ 3.12  │ 1247.17 │ 400.00   │ net31006                                                        │ _077451_/A                 │ met3  │
│ 3.11  │ 1245.96 │ 400.00   │ net31771                                                        │ _075591_/B2                │ met3  │
│ 3.10  │ 1241.79 │ 400.00   │ net30941                                                        │ _077417_/A2                │ met3  │
│ 3.10  │ 1241.73 │ 400.00   │ net6835                                                         │ _077553_/B1                │ met3  │
│ 3.10  │ 1240.02 │ 400.00   │ net10055                                                        │ _076597_/B1                │ met3  │
│ 3.10  │ 1238.88 │ 400.00   │ net4311                                                         │ _078574_/B2                │ met3  │
│ 3.08  │ 1233.75 │ 400.00   │ net31104                                                        │ _073852_/B1                │ met3  │
│ 3.08  │ 1233.75 │ 400.00   │ net31104                                                        │ _077626_/B1                │ met3  │
│ 3.04  │ 1216.89 │ 400.00   │ net4310                                                         │ _076521_/B1                │ met3  │
│ 3.04  │ 1216.89 │ 400.00   │ net4310                                                         │ _079049_/A2                │ met3  │
│ 3.03  │ 1210.41 │ 400.00   │ net4366                                                         │ _072907_/B1                │ met3  │
│ 3.02  │ 1208.92 │ 400.00   │ _019545_                                                        │ _075049_/B1                │ met3  │
│ 3.02  │ 1208.63 │ 400.00   │ net7461                                                         │ _072535_/A1                │ met3  │
│ 3.02  │ 1206.08 │ 400.00   │ net30963                                                        │ _077861_/A2                │ met3  │
│ 3.01  │ 1204.46 │ 400.00   │ net30453                                                        │ _078353_/B1                │ met3  │
│ 3.01  │ 1202.84 │ 400.00   │ net31929                                                        │ _073007_/A1                │ met3  │
│ 3.01  │ 1202.84 │ 400.00   │ net31929                                                        │ _074757_/A1                │ met3  │
│ 3.01  │ 1202.84 │ 400.00   │ net31929                                                        │ _074787_/B2                │ met3  │
│ 3.01  │ 1202.70 │ 400.00   │ net11717                                                        │ _070366_/A1                │ met3  │
│ 3.01  │ 1202.70 │ 400.00   │ net11717                                                        │ _071359_/A1                │ met3  │
│ 3.00  │ 1201.65 │ 400.00   │ net31206                                                        │ _078035_/A1                │ met3  │
│ 3.00  │ 1201.65 │ 400.00   │ net31206                                                        │ _078551_/A1                │ met3  │
│ 3.00  │ 1201.28 │ 400.00   │ net32093                                                        │ _072814_/A1                │ met3  │
│ 3.00  │ 1201.28 │ 400.00   │ net32093                                                        │ _077857_/A1                │ met3  │
│ 3.00  │ 1200.06 │ 400.00   │ net6309                                                         │ _072457_/A2                │ met3  │
│ 2.99  │ 1194.98 │ 400.00   │ _022342_                                                        │ _073679_/D_N               │ met3  │
│ 2.99  │ 1194.15 │ 400.00   │ net10513                                                        │ _073893_/A                 │ met3  │
│ 2.99  │ 1194.15 │ 400.00   │ net10513                                                        │ _076387_/C1                │ met3  │
│ 2.98  │ 1192.79 │ 400.00   │ net10312                                                        │ _073640_/A1                │ met3  │
│ 2.98  │ 1192.57 │ 400.00   │ _049873_                                                        │ _106943_/B2                │ met3  │
│ 2.95  │ 1179.35 │ 400.00   │ net4976                                                         │ _074020_/A1                │ met3  │
│ 2.94  │ 1177.70 │ 400.00   │ net30795                                                        │ _075518_/A2                │ met3  │
│ 2.92  │ 1167.29 │ 400.00   │ net4202                                                         │ _074954_/B1                │ met3  │
│ 2.92  │ 1167.17 │ 400.00   │ net6521                                                         │ _076749_/B                 │ met1  │
│ 2.91  │ 1164.32 │ 400.00   │ _022338_                                                        │ _073675_/C1                │ met3  │
│ 2.91  │ 1162.01 │ 400.00   │ net30716                                                        │ _075701_/B1                │ met3  │
│ 2.90  │ 1160.61 │ 400.00   │ net31627                                                        │ _075432_/A2                │ met3  │
│ 2.90  │ 1160.61 │ 400.00   │ net31627                                                        │ _076273_/A1                │ met3  │
│ 2.90  │ 1159.56 │ 400.00   │ net11051                                                        │ _075962_/A                 │ met3  │
│ 2.89  │ 1156.19 │ 400.00   │ net31462                                                        │ _071354_/A1                │ met3  │
│ 2.89  │ 1156.19 │ 400.00   │ net31462                                                        │ _076071_/A2                │ met3  │
│ 2.88  │ 1150.80 │ 400.00   │ net4676                                                         │ _071941_/A1                │ met3  │
│ 2.88  │ 1150.13 │ 400.00   │ net18991                                                        │ fanout18930/A              │ met3  │
│ 2.87  │ 1149.38 │ 400.00   │ net6475                                                         │ _074048_/A3                │ met3  │
│ 2.87  │ 1149.38 │ 400.00   │ net6475                                                         │ _075578_/B1                │ met3  │
│ 2.87  │ 1149.23 │ 400.00   │ data_bram_ctrl_inst.data_ram.u_mem.g_2k[1\].u_cell.rdata[10\]   │ _113662_/A1                │ met4  │
│ 2.87  │ 1146.28 │ 400.00   │ net7825                                                         │ _075787_/A2                │ met3  │
│ 2.86  │ 1143.50 │ 400.00   │ net10521                                                        │ _072904_/B2                │ met3  │
│ 2.85  │ 1140.92 │ 400.00   │ net27830                                                        │ _108217_/C                 │ met1  │
│ 2.84  │ 1137.50 │ 400.00   │ net6536                                                         │ _078502_/B1                │ met1  │
│ 2.84  │ 1136.50 │ 400.00   │ net42                                                           │ _063643_/B                 │ met1  │
│ 2.84  │ 1135.27 │ 400.00   │ net6117                                                         │ _072779_/A1                │ met3  │
│ 2.84  │ 1135.27 │ 400.00   │ net6117                                                         │ _078786_/B2                │ met3  │
│ 2.83  │ 1133.09 │ 400.00   │ net10215                                                        │ _077080_/A2                │ met3  │
│ 2.83  │ 1132.93 │ 400.00   │ net31463                                                        │ _076313_/A1                │ met3  │
│ 2.83  │ 1131.71 │ 400.00   │ net31524                                                        │ _076863_/A2_N              │ met3  │
│ 2.83  │ 1131.71 │ 400.00   │ net31524                                                        │ _078056_/B1                │ met3  │
│ 2.83  │ 1130.18 │ 400.00   │ net30838                                                        │ _076571_/B2                │ met3  │
│ 2.82  │ 1127.68 │ 400.00   │ net30732                                                        │ _071586_/A2                │ met3  │
│ 2.82  │ 1127.68 │ 400.00   │ net30732                                                        │ _076016_/B2                │ met3  │
│ 2.82  │ 1127.14 │ 400.00   │ net3844                                                         │ _076942_/A1                │ met3  │
│ 2.81  │ 1124.31 │ 400.00   │ net10217                                                        │ _076336_/C                 │ met1  │
│ 2.81  │ 1124.17 │ 400.00   │ _048504_                                                        │ _105563_/B1                │ met3  │
│ 2.81  │ 1124.11 │ 400.00   │ net31927                                                        │ _073960_/A2                │ met3  │
│ 2.81  │ 1123.76 │ 400.00   │ net10783                                                        │ _076637_/A2_N              │ met1  │
│ 2.81  │ 1122.62 │ 400.00   │ _021580_                                                        │ _072915_/A2                │ met3  │
│ 2.81  │ 1122.10 │ 400.00   │ net31529                                                        │ _074845_/A2                │ met3  │
│ 2.81  │ 1122.10 │ 400.00   │ net31529                                                        │ _076750_/C                 │ met3  │
│ 2.80  │ 1121.31 │ 400.00   │ net6476                                                         │ _072911_/B                 │ met3  │
│ 2.80  │ 1121.31 │ 400.00   │ net6476                                                         │ _074943_/B                 │ met3  │
│ 2.80  │ 1118.24 │ 400.00   │ net31022                                                        │ _074037_/A2                │ met3  │
│ 2.80  │ 1118.24 │ 400.00   │ net31022                                                        │ _074751_/B2                │ met3  │
│ 2.80  │ 1118.22 │ 400.00   │ net11583                                                        │ _069900_/B                 │ met3  │
│ 2.79  │ 1115.05 │ 400.00   │ net11129                                                        │ _072609_/B2                │ met3  │
│ 2.78  │ 1112.27 │ 400.00   │ _023241_                                                        │ _074581_/A2                │ met3  │
│ 2.77  │ 1108.48 │ 400.00   │ net6624                                                         │ _071376_/B2                │ met3  │
│ 2.77  │ 1108.48 │ 400.00   │ net6624                                                         │ _076048_/A2                │ met3  │
│ 2.77  │ 1108.43 │ 400.00   │ clknet_1_0_1_clk_i                                              │ clkbuf_leaf_0_clk_i/A      │ met3  │
│ 2.77  │ 1107.51 │ 400.00   │ net764                                                          │ _062541_/A_N               │ met3  │
│ 2.77  │ 1107.51 │ 400.00   │ net764                                                          │ _067601_/B2                │ met3  │
│ 2.76  │ 1104.76 │ 400.00   │ net31549                                                        │ _074601_/A                 │ met3  │
│ 2.75  │ 1100.38 │ 400.00   │ net31739                                                        │ _077355_/A2                │ met3  │
│ 2.74  │ 1096.08 │ 400.00   │ net11606                                                        │ _071935_/A                 │ met1  │
│ 2.74  │ 1095.76 │ 400.00   │ net31501                                                        │ _072894_/A2                │ met3  │
│ 2.73  │ 1091.39 │ 400.00   │ net4880                                                         │ _076846_/A3                │ met3  │
│ 2.72  │ 1086.27 │ 400.00   │ net7273                                                         │ _070691_/B1                │ met3  │
│ 2.72  │ 1086.27 │ 400.00   │ net7273                                                         │ _077840_/A2                │ met3  │
│ 2.71  │ 1083.65 │ 400.00   │ net13673                                                        │ _075378_/A3                │ met3  │
│ 2.71  │ 1083.65 │ 400.00   │ net13673                                                        │ _078668_/B                 │ met3  │
│ 2.70  │ 1081.78 │ 400.00   │ net6359                                                         │ _075928_/B1                │ met3  │
│ 2.70  │ 1081.78 │ 400.00   │ net6359                                                         │ _078310_/B1                │ met3  │
│ 2.70  │ 1078.25 │ 400.00   │ net19831                                                        │ _094681_/A                 │ met1  │
│ 2.70  │ 1078.11 │ 400.00   │ net31604                                                        │ _072239_/A2                │ met3  │
│ 2.69  │ 1077.75 │ 400.00   │ net31459                                                        │ _074233_/A2                │ met3  │
│ 2.69  │ 1076.59 │ 400.00   │ net2083                                                         │ wire2082/A                 │ met3  │
│ 2.69  │ 1076.51 │ 400.00   │ net4438                                                         │ _075246_/B1                │ met3  │
│ 2.69  │ 1075.17 │ 400.00   │ net10521                                                        │ _077935_/A2                │ met3  │
│ 2.69  │ 1075.04 │ 400.00   │ net31822                                                        │ _071159_/A1                │ met3  │
│ 2.69  │ 1074.00 │ 400.00   │ net30636                                                        │ _074546_/B1                │ met3  │
│ 2.69  │ 1074.00 │ 400.00   │ net30636                                                        │ _074731_/A2                │ met3  │
│ 2.69  │ 1074.00 │ 400.00   │ net30636                                                        │ _075732_/B1                │ met3  │
│ 2.68  │ 1070.58 │ 400.00   │ net11691                                                        │ _076398_/A1                │ met3  │
│ 2.67  │ 1069.16 │ 400.00   │ net7308                                                         │ _078274_/B1                │ met3  │
│ 2.66  │ 1065.52 │ 400.00   │ net12442                                                        │ _073897_/B                 │ met3  │
│ 2.66  │ 1064.57 │ 400.00   │ net30646                                                        │ _076496_/B2                │ met3  │
│ 2.65  │ 1061.59 │ 400.00   │ _025392_                                                        │ _076742_/B1                │ met3  │
│ 2.65  │ 1060.19 │ 400.00   │ net30704                                                        │ _074959_/B1                │ met3  │
│ 2.65  │ 1060.19 │ 400.00   │ net30704                                                        │ _078035_/B2                │ met3  │
│ 2.65  │ 1060.17 │ 400.00   │ _023845_                                                        │ _075188_/B2                │ met3  │
│ 2.64  │ 1057.21 │ 400.00   │ net30454                                                        │ _079115_/B1                │ met3  │
│ 2.64  │ 1057.21 │ 400.00   │ net30454                                                        │ _079174_/B1                │ met3  │
│ 2.64  │ 1057.07 │ 400.00   │ net31071                                                        │ _078811_/B2                │ met3  │
│ 2.64  │ 1055.77 │ 400.00   │ net4554                                                         │ _071615_/A1                │ met3  │
│ 2.64  │ 1055.77 │ 400.00   │ net6665                                                         │ _071342_/B1                │ met3  │
│ 2.64  │ 1055.52 │ 400.00   │ net10683                                                        │ _071681_/A1                │ met3  │
│ 2.64  │ 1054.38 │ 400.00   │ net31500                                                        │ _077875_/B1                │ met3  │
│ 2.64  │ 1054.25 │ 400.00   │ _021851_                                                        │ _074431_/B1                │ met3  │
│ 2.64  │ 1054.25 │ 400.00   │ _021851_                                                        │ _076439_/B1                │ met3  │
│ 2.63  │ 1051.54 │ 400.00   │ net31281                                                        │ _076117_/B2                │ met3  │
│ 2.62  │ 1048.34 │ 400.00   │ net7292                                                         │ _073468_/B1                │ met3  │
│ 2.62  │ 1048.21 │ 400.00   │ net30668                                                        │ _071919_/A2                │ met3  │
│ 2.61  │ 1045.78 │ 400.00   │ net7186                                                         │ _070786_/B                 │ met3  │
│ 2.61  │ 1042.26 │ 400.00   │ net31294                                                        │ _072852_/B1                │ met3  │
│ 2.60  │ 1041.53 │ 400.00   │ _053381_                                                        │ _110748_/A1                │ met2  │
│ 2.60  │ 1040.33 │ 400.00   │ net31318                                                        │ _073303_/A3                │ met3  │
│ 2.60  │ 1040.33 │ 400.00   │ net31318                                                        │ _074523_/B1                │ met3  │
│ 2.60  │ 1040.33 │ 400.00   │ net31318                                                        │ _077270_/B1                │ met3  │
│ 2.60  │ 1039.94 │ 400.00   │ net31893                                                        │ _072956_/B                 │ met3  │
│ 2.60  │ 1039.42 │ 400.00   │ net6310                                                         │ _078563_/B1                │ met3  │
│ 2.60  │ 1039.15 │ 400.00   │ clknet_1_1_0_clk_i                                              │ clkbuf_1_1_1_clk_i/A       │ met3  │
│ 2.59  │ 1035.50 │ 400.00   │ net31514                                                        │ _071078_/A1                │ met3  │
│ 2.59  │ 1035.50 │ 400.00   │ net31514                                                        │ _074548_/A2                │ met3  │
│ 2.59  │ 1035.50 │ 400.00   │ net31514                                                        │ _076149_/B1                │ met3  │
│ 2.59  │ 1034.83 │ 400.00   │ net7183                                                         │ _073859_/A2                │ met3  │
│ 2.59  │ 1034.83 │ 400.00   │ net7183                                                         │ _077189_/B2                │ met3  │
│ 2.59  │ 1034.40 │ 400.00   │ net31401                                                        │ _072717_/B2                │ met3  │
│ 2.59  │ 1034.40 │ 400.00   │ net31401                                                        │ _072792_/B                 │ met3  │
│ 2.59  │ 1034.40 │ 400.00   │ net31401                                                        │ _074672_/B2                │ met3  │
│ 2.58  │ 1033.47 │ 400.00   │ net31532                                                        │ _076967_/A2                │ met3  │
│ 2.58  │ 1032.15 │ 400.00   │ net31428                                                        │ _071039_/A2                │ met3  │
│ 2.58  │ 1032.15 │ 400.00   │ net31428                                                        │ _076123_/B2                │ met3  │
│ 2.57  │ 1028.95 │ 400.00   │ net6061                                                         │ _078277_/B2                │ met3  │
│ 2.56  │ 1025.91 │ 400.00   │ net2382                                                         │ _076222_/A2                │ met3  │
│ 2.55  │ 1020.38 │ 400.00   │ net32018                                                        │ fanout19078/A              │ met3  │
│ 2.55  │ 1018.42 │ 400.00   │ clknet_1_1_1_clk_i_regs                                         │ clkbuf_2_3_0_clk_i_regs/A  │ met3  │
│ 2.54  │ 1015.56 │ 400.00   │ net12405                                                        │ _072521_/A3                │ met3  │
│ 2.54  │ 1015.37 │ 400.00   │ net10445                                                        │ _077676_/B2                │ met3  │
│ 2.54  │ 1014.74 │ 400.00   │ net30959                                                        │ _070331_/A2                │ met3  │
│ 2.54  │ 1014.74 │ 400.00   │ net30959                                                        │ _071416_/B1                │ met3  │
│ 2.54  │ 1014.14 │ 400.00   │ net6514                                                         │ _074930_/A2                │ met3  │
│ 2.53  │ 1012.53 │ 400.00   │ net7344                                                         │ _078168_/B2                │ met3  │
│ 2.52  │ 1008.19 │ 400.00   │ _027683_                                                        │ _079042_/A3                │ met3  │
│ 2.52  │ 1007.81 │ 400.00   │ net17455                                                        │ _078291_/C                 │ met3  │
│ 2.51  │ 1005.64 │ 400.00   │ _025816_                                                        │ _077168_/B                 │ met2  │
│ 2.51  │ 1004.51 │ 400.00   │ net6111                                                         │ _072791_/B1                │ met3  │
│ 2.51  │ 1004.51 │ 400.00   │ net6111                                                         │ _072848_/A2                │ met3  │
│ 2.51  │ 1004.51 │ 400.00   │ net6111                                                         │ _072963_/B1                │ met3  │
│ 2.51  │ 1003.65 │ 400.00   │ net30980                                                        │ _071159_/A2                │ met3  │
│ 2.51  │ 1003.65 │ 400.00   │ net30980                                                        │ _078367_/A2                │ met3  │
│ 2.51  │ 9196.32 │ 3669.20  │ net3937                                                         │ _062541_/B                 │ met4  │
│ 2.51  │ 1002.25 │ 400.00   │ net6073                                                         │ _074928_/B2                │ met3  │
│ 2.51  │ 1002.05 │ 400.00   │ net2873                                                         │ _076983_/A2                │ met3  │
│ 2.50  │ 1001.44 │ 400.00   │ net7061                                                         │ _071165_/A1                │ met3  │
│ 2.50  │ 1001.44 │ 400.00   │ net7061                                                         │ _075694_/B1                │ met3  │
│ 2.50  │ 1000.10 │ 400.00   │ net4967                                                         │ _070512_/B                 │ met3  │
│ 2.50  │ 1000.10 │ 400.00   │ net4967                                                         │ _077176_/A1                │ met3  │
│ 2.50  │ 999.92  │ 400.00   │ net31729                                                        │ _073908_/A2                │ met3  │
│ 2.50  │ 999.92  │ 400.00   │ net31729                                                        │ _075470_/B2                │ met3  │
│ 2.48  │ 990.35  │ 400.00   │ net6512                                                         │ _074017_/A2                │ met3  │
│ 2.48  │ 990.35  │ 400.00   │ net6512                                                         │ _078126_/A2                │ met3  │
│ 2.47  │ 988.86  │ 400.00   │ net2600                                                         │ _075715_/A2                │ met3  │
│ 2.47  │ 988.64  │ 400.00   │ net12648                                                        │ _076048_/A1                │ met3  │
│ 2.47  │ 988.43  │ 400.00   │ data_bram_ctrl_inst.data_ram.u_mem.g_2k[1\].u_cell.rdata[12\]   │ _113666_/A1                │ met4  │
│ 2.47  │ 987.28  │ 400.00   │ net40                                                           │ _063633_/C                 │ met1  │
│ 2.47  │ 986.39  │ 400.00   │ net47872                                                        │ _063636_/A                 │ met1  │
│ 2.46  │ 982.97  │ 400.00   │ net18                                                           │ _063716_/B                 │ met1  │
│ 2.46  │ 982.90  │ 400.00   │ net10007                                                        │ _076034_/B1                │ met3  │
│ 2.46  │ 982.87  │ 400.00   │ net32184                                                        │ wire3027/A                 │ met3  │
│ 2.45  │ 979.94  │ 400.00   │ net14119                                                        │ _078937_/A1                │ met3  │
│ 2.44  │ 974.00  │ 400.00   │ net31155                                                        │ _078387_/A3                │ met3  │
│ 2.43  │ 972.76  │ 400.00   │ net13702                                                        │ _076316_/A                 │ met3  │
│ 2.43  │ 972.67  │ 400.00   │ net31671                                                        │ _074342_/A1                │ met3  │
│ 2.43  │ 971.03  │ 400.00   │ _020567_                                                        │ _071898_/D_N               │ met1  │
│ 2.42  │ 967.98  │ 400.00   │ net14123                                                        │ _076590_/A1                │ met3  │
│ 2.42  │ 966.56  │ 400.00   │ net2585                                                         │ _076978_/A3                │ met3  │
│ 2.41  │ 965.30  │ 400.00   │ net10122                                                        │ _077721_/A3                │ met3  │
│ 2.41  │ 964.00  │ 400.00   │ GPIO_wdata[18\]                                                 │ _114412_/A0                │ met3  │
│ 2.40  │ 960.61  │ 400.00   │ net31477                                                        │ _070515_/B1                │ met3  │
│ 2.40  │ 960.59  │ 400.00   │ net31320                                                        │ _072164_/A1                │ met3  │
│ 2.40  │ 960.59  │ 400.00   │ net31320                                                        │ _078263_/A1                │ met3  │
│ 2.40  │ 960.59  │ 400.00   │ net31320                                                        │ _078512_/A1                │ met3  │
│ 2.40  │ 958.07  │ 400.00   │ clknet_2_1_0_clk_i_regs                                         │ clkbuf_2_1_1_clk_i_regs/A  │ met3  │
│ 2.39  │ 957.64  │ 400.00   │ net3499                                                         │ _075845_/B1                │ met3  │
│ 2.38  │ 953.12  │ 400.00   │ net30818                                                        │ _077771_/B2                │ met3  │
│ 2.38  │ 952.32  │ 400.00   │ net11102                                                        │ _072339_/B                 │ met3  │
│ 2.37  │ 946.75  │ 400.00   │ _021399_                                                        │ _076329_/A2                │ met1  │
│ 2.35  │ 941.95  │ 400.00   │ net6477                                                         │ _078681_/A1                │ met3  │
│ 2.35  │ 941.95  │ 400.00   │ net6477                                                         │ _079012_/B1                │ met3  │
│ 2.35  │ 940.43  │ 400.00   │ _019487_                                                        │ _070816_/B                 │ met3  │
│ 2.34  │ 936.79  │ 400.00   │ net31247                                                        │ _073305_/B                 │ met3  │
│ 2.34  │ 934.79  │ 400.00   │ _052029_                                                        │ _109110_/B                 │ met3  │
│ 2.34  │ 934.45  │ 400.00   │ net31636                                                        │ _078864_/B                 │ met3  │
│ 2.33  │ 933.29  │ 400.00   │ net11346                                                        │ _070891_/A1                │ met2  │
│ 2.33  │ 932.65  │ 400.00   │ net6271                                                         │ _077683_/A1                │ met3  │
│ 2.33  │ 930.84  │ 400.00   │ net6623                                                         │ _072444_/A2                │ met3  │
│ 2.33  │ 930.75  │ 400.00   │ net30610                                                        │ _076184_/B1                │ met3  │
│ 2.33  │ 930.18  │ 400.00   │ net7153                                                         │ _072056_/B1                │ met3  │
│ 2.33  │ 930.18  │ 400.00   │ net7153                                                         │ _078001_/B2                │ met3  │
│ 2.32  │ 929.39  │ 400.00   │ net31580                                                        │ _075857_/A2                │ met3  │
│ 2.32  │ 929.02  │ 400.00   │ net32523                                                        │ wire16312/A                │ met3  │
│ 2.32  │ 928.53  │ 400.00   │ net5270                                                         │ _061064_/A_N               │ met3  │
│ 2.32  │ 928.53  │ 400.00   │ net5270                                                         │ _061065_/B                 │ met3  │
│ 2.32  │ 928.53  │ 400.00   │ net5270                                                         │ _106246_/A1_N              │ met3  │
│ 2.32  │ 928.47  │ 400.00   │ net3630                                                         │ _074572_/B2                │ met3  │
│ 2.32  │ 928.47  │ 400.00   │ net3630                                                         │ _078209_/B1                │ met3  │
│ 2.32  │ 927.76  │ 400.00   │ net30845                                                        │ _074110_/A2                │ met3  │
│ 2.32  │ 927.76  │ 400.00   │ net30845                                                        │ _075345_/A1                │ met3  │
│ 2.32  │ 927.19  │ 400.00   │ _053399_                                                        │ _110754_/A1                │ met2  │
│ 2.32  │ 926.51  │ 400.00   │ net31009                                                        │ _076552_/B2                │ met3  │
│ 2.32  │ 926.14  │ 400.00   │ yz_bram_ctrl_inst.yz_ram.u_mem.u_mem.g_2k[3\].u_cell.rdata[0\]  │ wire32680/A                │ met3  │
│ 2.30  │ 921.96  │ 400.00   │ net6123                                                         │ _078233_/B1                │ met3  │
│ 2.30  │ 921.96  │ 400.00   │ net31247                                                        │ _075203_/B1                │ met3  │
│ 2.30  │ 921.84  │ 400.00   │ net8156                                                         │ _077767_/A1                │ met3  │
│ 2.30  │ 920.40  │ 400.00   │ net31901                                                        │ _073216_/B2                │ met3  │
│ 2.30  │ 919.11  │ 400.00   │ net31890                                                        │ _074561_/B1                │ met3  │
│ 2.30  │ 919.11  │ 400.00   │ net31890                                                        │ _075733_/A1                │ met3  │
│ 2.29  │ 916.80  │ 400.00   │ net31871                                                        │ _072414_/B                 │ met3  │
│ 2.29  │ 916.80  │ 400.00   │ net31871                                                        │ _074462_/A1                │ met3  │
│ 2.28  │ 913.90  │ 400.00   │ net4752                                                         │ _070996_/B1                │ met3  │
│ 2.28  │ 913.90  │ 400.00   │ net4752                                                         │ _075762_/B1                │ met3  │
│ 2.28  │ 912.99  │ 400.00   │ net7984                                                         │ _076694_/A1                │ met3  │
│ 2.28  │ 912.99  │ 400.00   │ net7984                                                         │ _077958_/A1                │ met3  │
│ 2.28  │ 911.30  │ 400.00   │ net13118                                                        │ _073613_/D                 │ met3  │
│ 2.27  │ 909.56  │ 400.00   │ net30817                                                        │ _074602_/A1                │ met3  │
│ 2.27  │ 909.56  │ 400.00   │ net30817                                                        │ _078156_/B                 │ met3  │
│ 2.27  │ 908.63  │ 400.00   │ net6988                                                         │ _077965_/A                 │ met3  │
│ 2.27  │ 907.97  │ 400.00   │ net31424                                                        │ _071413_/A2                │ met3  │
│ 2.27  │ 907.97  │ 400.00   │ net31424                                                        │ _075475_/A2                │ met3  │
│ 2.27  │ 907.97  │ 400.00   │ net31424                                                        │ _078376_/A2                │ met3  │
│ 2.27  │ 907.67  │ 400.00   │ net16210                                                        │ _106663_/C                 │ met1  │
│ 2.27  │ 907.22  │ 400.00   │ net8072                                                         │ _076551_/A1                │ met3  │
│ 2.27  │ 6723.30 │ 2964.40  │ _023648_                                                        │ _074990_/A                 │ met3  │
│ 2.27  │ 907.09  │ 400.00   │ net30801                                                        │ _076083_/B1                │ met3  │
│ 2.27  │ 906.31  │ 400.00   │ net30733                                                        │ _074167_/A1                │ met3  │
│ 2.27  │ 906.31  │ 400.00   │ net30733                                                        │ _078195_/A2                │ met3  │
│ 2.25  │ 898.73  │ 400.00   │ net31579                                                        │ _076521_/A2                │ met3  │
│ 2.25  │ 898.73  │ 400.00   │ net31579                                                        │ _077097_/A2                │ met3  │
│ 2.25  │ 898.17  │ 400.00   │ _010771_                                                        │ _061032_/B1                │ met3  │
│ 2.25  │ 898.17  │ 400.00   │ net10136                                                        │ _074309_/B2                │ met3  │
│ 2.24  │ 897.23  │ 400.00   │ net31788                                                        │ _074780_/A1                │ met3  │
│ 2.24  │ 897.23  │ 400.00   │ net31788                                                        │ _075510_/A3                │ met3  │
│ 2.23  │ 893.64  │ 400.00   │ net4209                                                         │ _074782_/B1                │ met3  │
│ 2.23  │ 892.28  │ 400.00   │ net31644                                                        │ _071999_/B2                │ met3  │
│ 2.23  │ 891.89  │ 400.00   │ net2592                                                         │ _076366_/B1                │ met3  │
│ 2.23  │ 891.61  │ 400.00   │ net10923                                                        │ _070389_/B                 │ met3  │
│ 2.23  │ 891.61  │ 400.00   │ net10923                                                        │ _074044_/A2                │ met3  │
│ 2.23  │ 890.67  │ 400.00   │ net14912                                                        │ _077497_/A1                │ met3  │
│ 2.22  │ 889.24  │ 400.00   │ net7162                                                         │ _074311_/B2                │ met3  │
│ 2.22  │ 887.98  │ 400.00   │ net10941                                                        │ _073948_/A1                │ met3  │
│ 2.22  │ 886.19  │ 400.00   │ net31846                                                        │ _075548_/A2                │ met3  │
│ 2.22  │ 886.19  │ 400.00   │ net31846                                                        │ _077348_/B2                │ met3  │
│ 2.21  │ 885.48  │ 400.00   │ net31016                                                        │ _075491_/B2                │ met3  │
│ 2.21  │ 885.48  │ 400.00   │ net31016                                                        │ _076079_/B2                │ met3  │
│ 2.21  │ 884.78  │ 400.00   │ _026250_                                                        │ _077608_/A2                │ met3  │
│ 2.21  │ 883.30  │ 400.00   │ net7543                                                         │ _070427_/A2                │ met3  │
│ 2.21  │ 882.22  │ 400.00   │ net30820                                                        │ _071344_/C                 │ met3  │
│ 2.20  │ 8086.29 │ 3669.20  │ net31226                                                        │ _077132_/B                 │ met3  │
│ 2.20  │ 880.95  │ 400.00   │ net32176                                                        │ _110281_/B                 │ met3  │
│ 2.20  │ 880.49  │ 400.00   │ yz_bram_ctrl_inst.yz_ram.u_mem.u_mem.g_2k[1\].u_cell.rdata[31\] │ wire32693/A                │ met3  │
│ 2.20  │ 879.64  │ 400.00   │ net31236                                                        │ _074063_/B2                │ met3  │
│ 2.20  │ 879.64  │ 400.00   │ net31236                                                        │ _075579_/B2                │ met3  │
│ 2.20  │ 879.14  │ 400.00   │ data_bram_ctrl_inst.data_ram.u_mem.g_2k[1\].u_cell.rdata[22\]   │ _113686_/A1                │ met4  │
│ 2.20  │ 878.97  │ 400.00   │ net31760                                                        │ _077763_/A2                │ met3  │
│ 2.20  │ 878.84  │ 400.00   │ net3707                                                         │ _077246_/A1                │ met3  │
│ 2.20  │ 878.21  │ 400.00   │ net32286                                                        │ wire5231/A                 │ met3  │
│ 2.19  │ 876.31  │ 400.00   │ net7172                                                         │ _077966_/B                 │ met1  │
│ 2.19  │ 874.38  │ 400.00   │ _022149_                                                        │ _073485_/A2                │ met3  │
│ 2.18  │ 8013.33 │ 3669.20  │ net30820                                                        │ _071344_/C                 │ met4  │
│ 2.18  │ 873.15  │ 400.00   │ net32026                                                        │ _075106_/B1                │ met3  │
│ 2.18  │ 871.29  │ 400.00   │ net30838                                                        │ _075536_/A                 │ met3  │
│ 2.17  │ 869.92  │ 400.00   │ net31280                                                        │ _073301_/A1                │ met3  │
│ 2.17  │ 7970.67 │ 3669.20  │ net2870                                                         │ _077087_/C                 │ met4  │
│ 2.17  │ 868.62  │ 400.00   │ net6890                                                         │ _077745_/A3                │ met3  │
│ 2.17  │ 866.62  │ 400.00   │ net4277                                                         │ _073791_/A2                │ met3  │
│ 2.16  │ 865.42  │ 400.00   │ _027041_                                                        │ _078416_/B                 │ met1  │
│ 2.16  │ 863.89  │ 400.00   │ net30678                                                        │ wire30677/A                │ met3  │
│ 2.14  │ 857.85  │ 400.00   │ net32525                                                        │ wire16309/A                │ met3  │
│ 2.14  │ 856.50  │ 400.00   │ yz_bram_ctrl_inst.yz_ram.u_mem.u_mem.g_1k.u_cell.rdata[30\]     │ wire21066/A                │ met3  │
│ 2.14  │ 855.05  │ 400.00   │ net4298                                                         │ _072877_/A2                │ met3  │
│ 2.13  │ 7812.70 │ 3669.20  │ net30089                                                        │ _127725_/D                 │ met3  │
│ 2.13  │ 851.25  │ 400.00   │ net2554                                                         │ _079004_/B2                │ met3  │
│ 2.13  │ 851.25  │ 400.00   │ net2554                                                         │ _079153_/B1                │ met3  │
│ 2.13  │ 850.07  │ 400.00   │ net31113                                                        │ _073496_/B2                │ met3  │
│ 2.13  │ 850.07  │ 400.00   │ net31113                                                        │ _073911_/A2                │ met3  │
│ 2.13  │ 850.07  │ 400.00   │ net31113                                                        │ _078065_/B1                │ met3  │
│ 2.12  │ 849.76  │ 400.00   │ net8100                                                         │ _073390_/B2                │ met3  │
│ 2.12  │ 849.76  │ 400.00   │ net8100                                                         │ _077039_/A1                │ met3  │
│ 2.12  │ 848.75  │ 400.00   │ _056496_                                                        │ _115466_/A0                │ met1  │
│ 2.12  │ 847.61  │ 400.00   │ _020847_                                                        │ _079028_/A2                │ met3  │
│ 2.11  │ 844.94  │ 400.00   │ net31474                                                        │ _071111_/A2                │ met3  │
│ 2.11  │ 844.94  │ 400.00   │ net31474                                                        │ _071635_/B2                │ met3  │
│ 2.11  │ 844.94  │ 400.00   │ net31474                                                        │ _078756_/B1                │ met3  │
│ 2.11  │ 7740.44 │ 3669.20  │ net4210                                                         │ _074661_/B1_N              │ met4  │
│ 2.11  │ 843.22  │ 400.00   │ net30869                                                        │ _076679_/A2                │ met3  │
│ 2.10  │ 841.97  │ 400.00   │ net27982                                                        │ _101737_/A1                │ met2  │
│ 2.10  │ 841.07  │ 400.00   │ net31048                                                        │ _078331_/B2                │ met3  │
│ 2.10  │ 841.07  │ 400.00   │ net31048                                                        │ _078965_/B                 │ met3  │
│ 2.10  │ 838.69  │ 400.00   │ net30730                                                        │ _078787_/A2                │ met3  │
│ 2.09  │ 837.77  │ 400.00   │ net32500                                                        │ _067609_/A0                │ met3  │
│ 2.09  │ 837.50  │ 400.00   │ net2331                                                         │ wire2330/A                 │ met3  │
│ 2.09  │ 834.89  │ 400.00   │ net4601                                                         │ _073073_/B                 │ met3  │
│ 2.09  │ 834.89  │ 400.00   │ net4601                                                         │ _073124_/A3                │ met3  │
│ 2.09  │ 834.89  │ 400.00   │ net4601                                                         │ _074703_/A2                │ met3  │
│ 2.09  │ 834.17  │ 400.00   │ net2599                                                         │ _075849_/A3                │ met3  │
│ 2.08  │ 830.78  │ 400.00   │ net31305                                                        │ _073795_/B2                │ met3  │
│ 2.08  │ 830.78  │ 400.00   │ net31305                                                        │ _074003_/A1                │ met3  │
│ 2.08  │ 830.78  │ 400.00   │ net31305                                                        │ _076252_/A1                │ met3  │
│ 2.07  │ 829.77  │ 400.00   │ net31597                                                        │ _076527_/B1                │ met3  │
│ 2.07  │ 829.72  │ 400.00   │ net2532                                                         │ _110051_/B                 │ met3  │
│ 2.07  │ 829.03  │ 400.00   │ net25850                                                        │ wire25849/A                │ met3  │
│ 2.07  │ 828.50  │ 400.00   │ net31357                                                        │ _076690_/A1                │ met2  │
│ 2.07  │ 828.28  │ 400.00   │ _022112_                                                        │ _073516_/B1                │ met3  │
│ 2.07  │ 827.89  │ 400.00   │ net16316                                                        │ wire16315/A                │ met3  │
│ 2.07  │ 827.43  │ 400.00   │ net2385                                                         │ _075404_/B1                │ met3  │
│ 2.07  │ 827.43  │ 400.00   │ net2385                                                         │ _075419_/B2                │ met3  │
│ 2.07  │ 826.80  │ 400.00   │ net30962                                                        │ _071776_/A2                │ met3  │
│ 2.06  │ 824.03  │ 400.00   │ net6669                                                         │ _078176_/C                 │ met2  │
│ 2.06  │ 823.08  │ 400.00   │ net1183                                                         │ _102078_/B                 │ met1  │
│ 2.05  │ 819.82  │ 400.00   │ net32528                                                        │ _067624_/A0                │ met3  │
│ 2.04  │ 817.94  │ 400.00   │ net31631                                                        │ _072012_/A2                │ met3  │
│ 2.04  │ 817.31  │ 400.00   │ _025304_                                                        │ _076654_/B                 │ met2  │
│ 2.04  │ 7496.51 │ 3669.20  │ net2563                                                         │ _078730_/B                 │ met3  │
│ 2.04  │ 816.54  │ 400.00   │ net25801                                                        │ load_slew25800/A           │ met1  │
│ 2.04  │ 815.53  │ 400.00   │ clknet_1_1_1_clk_i_regs                                         │ clkbuf_2_2_0_clk_i_regs/A  │ met3  │
│ 2.04  │ 814.46  │ 400.00   │ net17215                                                        │ wire17214/A                │ met3  │
│ 2.04  │ 814.00  │ 400.00   │ net6502                                                         │ _075600_/B1                │ met3  │
│ 2.03  │ 813.27  │ 400.00   │ net31249                                                        │ _071285_/B1                │ met3  │
│ 2.03  │ 813.27  │ 400.00   │ net31249                                                        │ _074271_/B2                │ met3  │
│ 2.03  │ 813.27  │ 400.00   │ net31249                                                        │ _075600_/A2                │ met3  │
│ 2.03  │ 811.87  │ 400.00   │ net31937                                                        │ _077825_/B                 │ met3  │
│ 2.03  │ 811.35  │ 400.00   │ net31805                                                        │ _073795_/A1                │ met3  │
│ 2.03  │ 811.35  │ 400.00   │ net31805                                                        │ _075986_/A1                │ met3  │
│ 2.03  │ 811.35  │ 400.00   │ net31805                                                        │ _077584_/A2                │ met3  │
│ 2.03  │ 811.18  │ 400.00   │ net30537                                                        │ _071744_/A1                │ met3  │
│ 2.03  │ 810.61  │ 400.00   │ net13143                                                        │ _078712_/A                 │ met1  │
│ 2.03  │ 810.22  │ 400.00   │ net7725                                                         │ _074155_/B1                │ met3  │
│ 2.03  │ 810.22  │ 400.00   │ net7725                                                         │ _074374_/A1                │ met3  │
│ 2.03  │ 810.22  │ 400.00   │ net7725                                                         │ _076171_/B2                │ met3  │
│ 2.02  │ 808.68  │ 400.00   │ net30965                                                        │ _072735_/B2                │ met3  │
│ 2.02  │ 808.68  │ 400.00   │ net30965                                                        │ _073128_/B1                │ met3  │
│ 2.02  │ 808.68  │ 400.00   │ net30965                                                        │ _076770_/A2                │ met3  │
│ 2.01  │ 805.98  │ 400.00   │ net30888                                                        │ _072693_/A1                │ met3  │
│ 2.01  │ 805.85  │ 400.00   │ net30990                                                        │ _077707_/A2                │ met3  │
│ 2.01  │ 804.54  │ 400.00   │ net31755                                                        │ _077552_/B2                │ met3  │
│ 2.01  │ 804.54  │ 400.00   │ net31755                                                        │ _078869_/A3                │ met3  │
│ 2.01  │ 803.02  │ 400.00   │ net31498                                                        │ _072087_/B1                │ met3  │
│ 2.01  │ 803.02  │ 400.00   │ net31498                                                        │ _072815_/A1                │ met3  │
│ 2.00  │ 801.45  │ 400.00   │ net30802                                                        │ _072550_/A2                │ met3  │
│ 2.00  │ 801.39  │ 400.00   │ net10063                                                        │ _072147_/B                 │ met3  │
│ 2.00  │ 800.96  │ 400.00   │ net31242                                                        │ _070675_/B                 │ met3  │
│ 2.00  │ 800.96  │ 400.00   │ net31242                                                        │ _075012_/A1                │ met3  │
│ 2.00  │ 800.04  │ 400.00   │ net30987                                                        │ _074669_/C                 │ met3  │
│ 2.00  │ 800.04  │ 400.00   │ net30987                                                        │ _077528_/A2                │ met3  │
│ 2.00  │ 798.58  │ 400.00   │ net11196                                                        │ _074401_/A2                │ met3  │
│ 2.00  │ 798.58  │ 400.00   │ net11196                                                        │ _078090_/A2                │ met3  │
│ 2.00  │ 798.24  │ 400.00   │ _055781_                                                        │ _114735_/A2_N              │ met1  │
│ 1.99  │ 795.57  │ 400.00   │ net6125                                                         │ _072757_/A2                │ met3  │
│ 1.98  │ 791.96  │ 400.00   │ net31849                                                        │ _075544_/A2                │ met3  │
│ 1.98  │ 791.96  │ 400.00   │ net31849                                                        │ _076072_/A2                │ met3  │
│ 1.98  │ 791.96  │ 400.00   │ net31849                                                        │ _078189_/B1                │ met3  │
│ 1.98  │ 790.14  │ 400.00   │ net45933                                                        │ _089601_/A2                │ met1  │
│ 1.97  │ 789.97  │ 400.00   │ _057012_                                                        │ _116056_/A1                │ met1  │
│ 1.97  │ 789.66  │ 400.00   │ net11108                                                        │ _076513_/A1                │ met3  │
│ 1.97  │ 789.62  │ 400.00   │ clknet_1_0_1_clk_i                                              │ clkbuf_leaf_7_clk_i/A      │ met3  │
│ 1.97  │ 789.56  │ 400.00   │ net2402                                                         │ _073099_/B1                │ met3  │
│ 1.97  │ 787.49  │ 400.00   │ net11185                                                        │ _078909_/A1                │ met3  │
│ 1.96  │ 784.04  │ 400.00   │ net31633                                                        │ _072144_/A2                │ met3  │
│ 1.96  │ 784.04  │ 400.00   │ net31633                                                        │ _074140_/B2                │ met3  │
│ 1.96  │ 784.04  │ 400.00   │ net31633                                                        │ _078405_/A2                │ met3  │
│ 1.96  │ 782.79  │ 400.00   │ net31669                                                        │ _075557_/A                 │ met3  │
│ 1.96  │ 782.44  │ 400.00   │ yz_bram_ctrl_inst.yz_ram.u_mem.u_mem.g_2k[2\].u_cell.rdata[19\] │ wire20300/A                │ met3  │
│ 1.95  │ 781.32  │ 400.00   │ net31775                                                        │ _076439_/A1                │ met3  │
│ 1.95  │ 781.32  │ 400.00   │ net31775                                                        │ _078700_/B1                │ met3  │
│ 1.95  │ 779.04  │ 400.00   │ net11080                                                        │ _075372_/A1                │ met3  │
│ 1.95  │ 778.36  │ 400.00   │ _027690_                                                        │ _079050_/A1                │ met3  │
│ 1.95  │ 778.36  │ 400.00   │ _027690_                                                        │ _079164_/A2                │ met3  │
│ 1.94  │ 777.76  │ 400.00   │ net30738                                                        │ _078380_/A1                │ met3  │
│ 1.94  │ 777.08  │ 400.00   │ _000152_                                                        │ _119421_/D                 │ met3  │
│ 1.94  │ 774.64  │ 400.00   │ net30621                                                        │ _075660_/B                 │ met3  │
│ 1.94  │ 774.63  │ 400.00   │ net11771                                                        │ _076778_/A1                │ met3  │
│ 1.93  │ 772.45  │ 400.00   │ net25834                                                        │ wire25833/A                │ met3  │
│ 1.93  │ 771.79  │ 400.00   │ net20026                                                        │ fanout19991/A              │ met3  │
│ 1.93  │ 770.42  │ 400.00   │ net31155                                                        │ _075335_/A2                │ met3  │
│ 1.93  │ 770.29  │ 400.00   │ net31017                                                        │ _076165_/B2                │ met3  │
│ 1.92  │ 769.48  │ 400.00   │ net25826                                                        │ wire25825/A                │ met3  │
│ 1.92  │ 768.74  │ 400.00   │ net25818                                                        │ wire25817/A                │ met3  │
│ 1.92  │ 768.68  │ 400.00   │ net31747                                                        │ _072533_/B2                │ met3  │
│ 1.92  │ 7050.29 │ 3669.20  │ net2642                                                         │ _072203_/D                 │ met3  │
│ 1.92  │ 768.24  │ 400.00   │ net5286                                                         │ wire5285/A                 │ met1  │
│ 1.92  │ 767.83  │ 400.00   │ net7067                                                         │ _075751_/B                 │ met1  │
│ 1.92  │ 767.48  │ 400.00   │ net17391                                                        │ _074146_/A1                │ met3  │
│ 1.92  │ 767.29  │ 400.00   │ net31728                                                        │ _071682_/B2                │ met3  │
│ 1.92  │ 7026.67 │ 3669.20  │ net32090                                                        │ _113745_/A0                │ met3  │
│ 1.91  │ 5310.60 │ 2780.80  │ _020714_                                                        │ _072045_/A                 │ met4  │
│ 1.91  │ 7006.60 │ 3669.20  │ net32088                                                        │ _113753_/A0                │ met3  │
│ 1.91  │ 762.96  │ 400.00   │ net4485                                                         │ _074514_/B1                │ met3  │
│ 1.91  │ 762.05  │ 400.00   │ _027073_                                                        │ _078430_/B2                │ met2  │
│ 1.90  │ 6977.40 │ 3669.20  │ net32089                                                        │ _113747_/A0                │ met3  │
│ 1.90  │ 759.89  │ 400.00   │ net10847                                                        │ _070444_/B2                │ met3  │
│ 1.90  │ 759.42  │ 400.00   │ net43                                                           │ _063647_/C_N               │ met1  │
│ 1.90  │ 758.50  │ 400.00   │ net31358                                                        │ _078056_/A1                │ met3  │
│ 1.89  │ 6950.92 │ 3669.20  │ net32472                                                        │ wire30147/A                │ met4  │
│ 1.89  │ 756.85  │ 400.00   │ _019698_                                                        │ _077039_/A2                │ met3  │
│ 1.89  │ 756.85  │ 400.00   │ net6906                                                         │ _072811_/A2                │ met3  │
│ 1.89  │ 756.38  │ 400.00   │ net30727                                                        │ _074268_/D                 │ met3  │
│ 1.89  │ 755.30  │ 400.00   │ net31204                                                        │ _074373_/B1                │ met3  │
│ 1.89  │ 754.67  │ 400.00   │ instr_bram_ctrl_inst.instr_ram.u_mem.g_2k[3\].u_cell.rdata[25\] │ wire21361/A                │ met3  │
│ 1.88  │ 752.96  │ 400.00   │ net4833                                                         │ _078846_/A1                │ met2  │
│ 1.88  │ 752.56  │ 400.00   │ conv_accelerator_inst.u_conv_buf_ram.u_mem.rlane_q[0\]          │ hold48566/A                │ met1  │
│ 1.88  │ 750.04  │ 400.00   │ yz_bram_ctrl_inst.yz_ram.u_mem.u_mem.g_2k[0\].u_cell.rdata[9\]  │ wire20563/A                │ met3  │
│ 1.87  │ 747.99  │ 400.00   │ net4333                                                         │ _076304_/B1                │ met3  │
│ 1.87  │ 747.64  │ 400.00   │ _024879_                                                        │ _076229_/B2                │ met1  │
│ 1.87  │ 747.47  │ 400.00   │ net24280                                                        │ _085344_/A                 │ met1  │
│ 1.86  │ 745.41  │ 400.00   │ yz_bram_ctrl_inst.yz_ram.u_mem.u_mem.g_2k[1\].u_cell.rdata[7\]  │ wire20319/A                │ met3  │
│ 1.86  │ 6825.52 │ 3669.20  │ net32087                                                        │ _113755_/A0                │ met3  │
│ 1.86  │ 6819.49 │ 3669.20  │ net31222                                                        │ _072380_/A                 │ met3  │
│ 1.86  │ 742.69  │ 400.00   │ net6503                                                         │ _076025_/A2                │ met3  │
│ 1.86  │ 742.69  │ 400.00   │ net6503                                                         │ _078046_/B2                │ met3  │
│ 1.86  │ 742.37  │ 400.00   │ net31356                                                        │ _074016_/A2                │ met3  │
│ 1.85  │ 741.13  │ 400.00   │ net31120                                                        │ wire31119/A                │ met3  │
│ 1.85  │ 740.56  │ 400.00   │ net14905                                                        │ wire14904/A                │ met3  │
│ 1.85  │ 740.46  │ 400.00   │ _019158_                                                        │ _077893_/A3                │ met3  │
│ 1.85  │ 740.44  │ 400.00   │ net11746                                                        │ _073149_/A                 │ met1  │
│ 1.85  │ 738.92  │ 400.00   │ net4950                                                         │ _070563_/A2                │ met3  │
│ 1.85  │ 738.92  │ 400.00   │ net4950                                                         │ _076560_/A1                │ met3  │
│ 1.85  │ 738.92  │ 400.00   │ net4950                                                         │ _077903_/A1                │ met3  │
│ 1.84  │ 737.71  │ 400.00   │ net7335                                                         │ _073579_/A2                │ met3  │
│ 1.84  │ 737.71  │ 400.00   │ net7335                                                         │ _074242_/B2                │ met3  │
│ 1.84  │ 737.58  │ 400.00   │ net4475                                                         │ _075561_/A2                │ met3  │
│ 1.84  │ 736.47  │ 400.00   │ net7338                                                         │ _076486_/B                 │ met3  │
│ 1.84  │ 736.47  │ 400.00   │ net7338                                                         │ _078841_/A2                │ met3  │
│ 1.84  │ 734.64  │ 400.00   │ data_bram_ctrl_inst.data_ram.u_mem.g_2k[1\].u_cell.rdata[14\]   │ _113670_/A1                │ met4  │
│ 1.84  │ 734.61  │ 400.00   │ net31423                                                        │ _075140_/A1                │ met3  │
│ 1.84  │ 734.61  │ 400.00   │ net31423                                                        │ _076995_/A1                │ met3  │
│ 1.84  │ 734.61  │ 400.00   │ net31423                                                        │ _078386_/A2                │ met3  │
│ 1.83  │ 733.06  │ 400.00   │ net31534                                                        │ _070080_/B                 │ met3  │
│ 1.83  │ 732.64  │ 400.00   │ net28900                                                        │ _078349_/A                 │ met1  │
│ 1.83  │ 732.63  │ 400.00   │ data_bram_ctrl_inst.data_ram.u_mem.g_2k[1\].u_cell.rdata[23\]   │ _113688_/A1                │ met4  │
│ 1.83  │ 732.23  │ 400.00   │ data_bram_ctrl_inst.data_ram.u_mem.g_2k[1\].u_cell.rdata[29\]   │ _113700_/A1                │ met4  │
│ 1.83  │ 731.82  │ 400.00   │ data_bram_ctrl_inst.data_ram.u_mem.g_2k[1\].u_cell.rdata[15\]   │ _113672_/A1                │ met4  │
│ 1.83  │ 731.64  │ 400.00   │ _018532_                                                        │ _076691_/A2                │ met3  │
│ 1.83  │ 730.87  │ 400.00   │ clknet_4_6_0_clk_i_regs                                         │ clkbuf_5_13_0_clk_i_regs/A │ met3  │
│ 1.83  │ 730.78  │ 400.00   │ _019614_                                                        │ _074470_/A1                │ met3  │
│ 1.83  │ 730.78  │ 400.00   │ _019614_                                                        │ _078125_/B1                │ met3  │
│ 1.83  │ 730.31  │ 400.00   │ net12401                                                        │ _077486_/B1                │ met3  │
│ 1.83  │ 730.28  │ 400.00   │ net32232                                                        │ _072011_/A1                │ met3  │
│ 1.82  │ 728.66  │ 400.00   │ net31530                                                        │ _077633_/A1                │ met3  │
│ 1.82  │ 727.53  │ 400.00   │ net48123                                                        │ _084438_/A1                │ met1  │
│ 1.82  │ 727.11  │ 400.00   │ _023656_                                                        │ _075008_/A2                │ met3  │
│ 1.82  │ 727.06  │ 400.00   │ net31531                                                        │ _073821_/B2                │ met3  │
│ 1.82  │ 727.06  │ 400.00   │ net31531                                                        │ _078613_/A1                │ met3  │
│ 1.82  │ 726.89  │ 400.00   │ yz_bram_ctrl_inst.yz_ram.u_mem.u_mem.g_2k[1\].u_cell.rdata[17\] │ wire20487/A                │ met3  │
│ 1.82  │ 726.89  │ 400.00   │ yz_bram_ctrl_inst.yz_ram.u_mem.u_mem.g_2k[1\].u_cell.rdata[19\] │ wire20471/A                │ met3  │
│ 1.82  │ 726.35  │ 400.00   │ _019470_                                                        │ _070799_/B2                │ met3  │
│ 1.82  │ 726.35  │ 400.00   │ _019470_                                                        │ _074698_/A1                │ met3  │
│ 1.81  │ 725.72  │ 400.00   │ net882                                                          │ _079207_/B                 │ met1  │
│ 1.81  │ 724.20  │ 400.00   │ net10112                                                        │ _076408_/A3                │ met3  │
│ 1.81  │ 724.17  │ 400.00   │ net31644                                                        │ _075083_/A1                │ met3  │
│ 1.81  │ 722.26  │ 400.00   │ yz_bram_ctrl_inst.yz_ram.u_mem.u_mem.g_1k.u_cell.rdata[16\]     │ wire21120/A                │ met3  │
│ 1.81  │ 6623.37 │ 3669.20  │ net1635                                                         │ _128310_/D                 │ met3  │
│ 1.80  │ 721.36  │ 400.00   │ yz_bram_ctrl_inst.yz_ram.u_mem.u_mem.g_2k[0\].u_cell.rdata[20\] │ wire20854/A                │ met3  │
│ 1.80  │ 719.74  │ 400.00   │ _019622_                                                        │ _071567_/A2                │ met3  │
│ 1.80  │ 719.42  │ 400.00   │ net6345                                                         │ _074939_/C                 │ met2  │
│ 1.80  │ 719.27  │ 400.00   │ net32472                                                        │ wire30147/A                │ met3  │
│ 1.80  │ 6594.52 │ 3669.20  │ net30145                                                        │ wire30144/A                │ met4  │
│ 1.80  │ 718.58  │ 400.00   │ net2972                                                         │ _074201_/A1                │ met3  │
│ 1.80  │ 718.58  │ 400.00   │ net2972                                                         │ _075951_/B1                │ met3  │
│ 1.80  │ 718.58  │ 400.00   │ net2972                                                         │ _077889_/A3                │ met3  │
│ 1.80  │ 718.25  │ 400.00   │ _020486_                                                        │ _075111_/B1                │ met3  │
│ 1.79  │ 6583.45 │ 3669.20  │ net30130                                                        │ wire30129/A                │ met4  │
│ 1.79  │ 6583.45 │ 3669.20  │ net30139                                                        │ wire30138/A                │ met4  │
│ 1.79  │ 6583.45 │ 3669.20  │ net30142                                                        │ wire30141/A                │ met4  │
│ 1.79  │ 717.64  │ 400.00   │ instr_bram_ctrl_inst.instr_ram.u_mem.g_2k[3\].u_cell.rdata[24\] │ wire21376/A                │ met3  │
│ 1.79  │ 717.64  │ 400.00   │ yz_bram_ctrl_inst.yz_ram.u_mem.u_mem.g_2k[0\].u_cell.rdata[31\] │ wire20662/A                │ met3  │
│ 1.79  │ 717.48  │ 400.00   │ net4333                                                         │ _072813_/B1                │ met3  │
│ 1.79  │ 717.48  │ 400.00   │ net4333                                                         │ _076547_/A2                │ met3  │
│ 1.79  │ 716.19  │ 400.00   │ net30863                                                        │ _074207_/A2                │ met3  │
│ 1.79  │ 716.19  │ 400.00   │ net30863                                                        │ _074744_/B2                │ met3  │
│ 1.79  │ 716.19  │ 400.00   │ net30863                                                        │ _075689_/B1                │ met3  │
│ 1.79  │ 714.22  │ 400.00   │ net31209                                                        │ _071462_/B                 │ met3  │
│ 1.79  │ 714.22  │ 400.00   │ net31209                                                        │ _078134_/A2                │ met3  │
│ 1.78  │ 712.16  │ 400.00   │ net10471                                                        │ _075878_/B1                │ met3  │
│ 1.78  │ 712.16  │ 400.00   │ net10471                                                        │ _078389_/B1                │ met3  │
│ 1.78  │ 710.82  │ 400.00   │ net7038                                                         │ _075042_/B1                │ met3  │
│ 1.77  │ 709.33  │ 400.00   │ net6819                                                         │ _076083_/A2                │ met3  │
│ 1.77  │ 707.91  │ 400.00   │ net12338                                                        │ _075398_/A2                │ met1  │
│ 1.77  │ 6488.63 │ 3669.20  │ net2572                                                         │ _077697_/B1_N              │ met3  │
│ 1.77  │ 707.17  │ 400.00   │ net4359                                                         │ _073694_/B                 │ met1  │
│ 1.76  │ 704.87  │ 400.00   │ net30801                                                        │ _076013_/B2                │ met3  │
│ 1.76  │ 704.77  │ 400.00   │ net7139                                                         │ _073833_/A1                │ met3  │
│ 1.76  │ 704.77  │ 400.00   │ net7139                                                         │ _075416_/A1                │ met3  │
│ 1.76  │ 704.77  │ 400.00   │ net7139                                                         │ _078106_/A1                │ met3  │
│ 1.76  │ 704.74  │ 400.00   │ net7808                                                         │ _076927_/B1                │ met3  │
│ 1.76  │ 704.64  │ 400.00   │ net31276                                                        │ _070792_/A                 │ met3  │
│ 1.76  │ 704.64  │ 400.00   │ net31276                                                        │ _078701_/C                 │ met3  │
│ 1.76  │ 703.75  │ 400.00   │ instr_bram_ctrl_inst.instr_ram.u_mem.g_2k[3\].u_cell.rdata[7\]  │ wire21182/A                │ met3  │
│ 1.76  │ 703.32  │ 400.00   │ net4624                                                         │ _072261_/B1                │ met3  │
│ 1.76  │ 702.20  │ 400.00   │ net25858                                                        │ wire25857/A                │ met3  │
│ 1.75  │ 701.63  │ 400.00   │ net30495                                                        │ _076972_/B1                │ met1  │
│ 1.75  │ 700.35  │ 400.00   │ net12373                                                        │ _072287_/B2                │ met3  │
│ 1.75  │ 699.12  │ 400.00   │ instr_bram_ctrl_inst.instr_ram.u_mem.g_2k[3\].u_cell.rdata[8\]  │ wire21167/A                │ met3  │
│ 1.75  │ 698.39  │ 400.00   │ net24279                                                        │ _085395_/A                 │ met1  │
│ 1.75  │ 698.22  │ 400.00   │ net32162                                                        │ fanout13776/A              │ met3  │
│ 1.74  │ 697.47  │ 400.00   │ net19829                                                        │ _095943_/A1                │ met3  │
│ 1.74  │ 697.47  │ 400.00   │ net19829                                                        │ _095990_/A1                │ met3  │
│ 1.74  │ 697.47  │ 400.00   │ net19829                                                        │ _096012_/A                 │ met3  │
│ 1.74  │ 696.69  │ 400.00   │ net27455                                                        │ fanout27395/A              │ met3  │
│ 1.74  │ 696.69  │ 400.00   │ net27455                                                        │ fanout27409/A              │ met3  │
│ 1.74  │ 696.69  │ 400.00   │ net27455                                                        │ fanout27450/A              │ met3  │
│ 1.74  │ 696.08  │ 400.00   │ net10254                                                        │ _076523_/A2                │ met3  │
│ 1.74  │ 695.89  │ 400.00   │ net30747                                                        │ _077527_/B1                │ met3  │
│ 1.73  │ 692.50  │ 400.00   │ net32608                                                        │ wire29849/A                │ met3  │
│ 1.73  │ 691.92  │ 400.00   │ _019522_                                                        │ _076418_/B1                │ met3  │
│ 1.73  │ 691.92  │ 400.00   │ _019522_                                                        │ _077408_/B1                │ met3  │
│ 1.73  │ 691.92  │ 400.00   │ _019522_                                                        │ _077583_/A2                │ met3  │
│ 1.73  │ 691.53  │ 400.00   │ _053475_                                                        │ _110773_/A1                │ met2  │
│ 1.73  │ 690.04  │ 400.00   │ net30842                                                        │ _071954_/B1                │ met3  │
│ 1.73  │ 690.04  │ 400.00   │ net30842                                                        │ _077650_/B1                │ met3  │
│ 1.72  │ 5711.11 │ 3312.80  │ net24033                                                        │ _091092_/A1                │ met4  │
│ 1.72  │ 687.59  │ 400.00   │ net31103                                                        │ _074875_/B1                │ met3  │
│ 1.72  │ 687.59  │ 400.00   │ net31103                                                        │ _077249_/B1                │ met3  │
│ 1.72  │ 687.59  │ 400.00   │ net31103                                                        │ _078333_/B1                │ met3  │
│ 1.72  │ 687.25  │ 400.00   │ conv_accelerator_inst.f_prod[46\]                               │ _067041_/B                 │ met1  │
│ 1.72  │ 686.57  │ 400.00   │ net10705                                                        │ wire31225/A                │ met3  │
│ 1.72  │ 686.19  │ 400.00   │ net30913                                                        │ _070990_/B                 │ met2  │
│ 1.71  │ 685.10  │ 400.00   │ net6265                                                         │ wire31613/A                │ met3  │
│ 1.71  │ 683.61  │ 400.00   │ net30541                                                        │ wire30540/A                │ met3  │
│ 1.70  │ 681.88  │ 400.00   │ net5089                                                         │ _078514_/A1                │ met2  │
│ 1.70  │ 681.78  │ 400.00   │ net10404                                                        │ _074942_/A2                │ met3  │
│ 1.70  │ 681.78  │ 400.00   │ net10404                                                        │ _077379_/A2                │ met3  │
│ 1.70  │ 680.72  │ 400.00   │ net31994                                                        │ _077565_/C                 │ met2  │
│ 1.70  │ 679.47  │ 400.00   │ net30966                                                        │ _074607_/B1                │ met3  │
│ 1.69  │ 677.74  │ 400.00   │ net6992                                                         │ _076620_/B                 │ met3  │
│ 1.69  │ 676.56  │ 400.00   │ net6165                                                         │ _073120_/C                 │ met1  │
│ 1.69  │ 676.56  │ 400.00   │ net32077                                                        │ _074671_/B2                │ met3  │
│ 1.69  │ 4697.65 │ 2778.20  │ _024545_                                                        │ _075891_/C                 │ met4  │
│ 1.69  │ 676.34  │ 400.00   │ _021032_                                                        │ _072364_/A2_N              │ met1  │
│ 1.69  │ 675.97  │ 400.00   │ yz_bram_ctrl_inst.yz_ram.u_mem.u_mem.g_2k[1\].u_cell.rdata[25\] │ wire20412/A                │ met3  │
│ 1.69  │ 675.09  │ 400.00   │ net30700                                                        │ _073375_/B1                │ met3  │
│ 1.69  │ 675.09  │ 400.00   │ net30700                                                        │ _078715_/B1                │ met3  │
│ 1.69  │ 675.07  │ 400.00   │ net31617                                                        │ _074607_/A2                │ met3  │
│ 1.68  │ 673.65  │ 400.00   │ net7315                                                         │ _078621_/A2                │ met3  │
│ 1.68  │ 673.65  │ 400.00   │ net7907                                                         │ _077769_/B2                │ met3  │
│ 1.68  │ 673.46  │ 400.00   │ net8046                                                         │ _073113_/A1                │ met1  │
│ 1.68  │ 671.60  │ 400.00   │ net6774                                                         │ _074094_/A3                │ met1  │
│ 1.68  │ 671.32  │ 400.00   │ net7003                                                         │ _077669_/A2                │ met3  │
│ 1.68  │ 671.32  │ 400.00   │ net7003                                                         │ _077675_/B2                │ met3  │
│ 1.68  │ 670.71  │ 400.00   │ net31548                                                        │ _075229_/A2                │ met3  │
│ 1.68  │ 5552.38 │ 3312.80  │ net16173                                                        │ _114243_/A1                │ met4  │
│ 1.67  │ 669.31  │ 400.00   │ net11416                                                        │ _076075_/A                 │ met1  │
│ 1.67  │ 669.19  │ 400.00   │ net4243                                                         │ _078477_/B2                │ met3  │
│ 1.67  │ 669.01  │ 400.00   │ net11868                                                        │ _076059_/A1                │ met3  │
│ 1.67  │ 668.37  │ 400.00   │ net1814                                                         │ wire1808/A                 │ met3  │
│ 1.67  │ 5535.11 │ 3312.80  │ net16171                                                        │ _114249_/A1                │ met4  │
│ 1.67  │ 6115.17 │ 3669.20  │ net30468                                                        │ _078416_/D                 │ met3  │
│ 1.67  │ 666.56  │ 400.00   │ net32027                                                        │ _078980_/A3                │ met2  │
│ 1.67  │ 666.30  │ 400.00   │ net28019                                                        │ _107255_/A1                │ met1  │
│ 1.67  │ 666.21  │ 400.00   │ net6186                                                         │ _072710_/B1                │ met3  │
│ 1.67  │ 666.15  │ 400.00   │ net31285                                                        │ _073488_/A2                │ met3  │
│ 1.67  │ 666.15  │ 400.00   │ net31285                                                        │ _075043_/A2                │ met3  │
│ 1.66  │ 664.82  │ 400.00   │ net30945                                                        │ _073629_/B1                │ met3  │
│ 1.66  │ 664.75  │ 400.00   │ _009405_                                                        │ _115932_/B                 │ met1  │
│ 1.66  │ 664.73  │ 400.00   │ net3660                                                         │ _071384_/B1                │ met3  │
│ 1.66  │ 663.37  │ 400.00   │ net13940                                                        │ _077866_/C                 │ met3  │
│ 1.66  │ 663.17  │ 400.00   │ net3085                                                         │ wire3084/A                 │ met3  │
│ 1.66  │ 663.13  │ 400.00   │ net7123                                                         │ _078568_/A2_N              │ met1  │
│ 1.66  │ 662.42  │ 400.00   │ net3552                                                         │ wire30971/A                │ met3  │
│ 1.65  │ 660.72  │ 400.00   │ _045106_                                                        │ _102087_/B                 │ met1  │
│ 1.65  │ 660.20  │ 400.00   │ net9964                                                         │ _076219_/B1                │ met3  │
│ 1.65  │ 660.12  │ 400.00   │ net7698                                                         │ _075694_/B2                │ met3  │
│ 1.65  │ 660.12  │ 400.00   │ net7698                                                         │ _078520_/A1                │ met3  │
│ 1.65  │ 658.78  │ 400.00   │ net4603                                                         │ _071705_/B1                │ met3  │
│ 1.65  │ 658.72  │ 400.00   │ net3593                                                         │ _078052_/A3                │ met3  │
│ 1.65  │ 658.63  │ 400.00   │ net31440                                                        │ _073344_/A2                │ met3  │
│ 1.65  │ 658.63  │ 400.00   │ net31440                                                        │ _073434_/A2                │ met3  │
│ 1.65  │ 658.15  │ 400.00   │ net30859                                                        │ _072512_/A1                │ met3  │
│ 1.65  │ 658.15  │ 400.00   │ net30859                                                        │ _075080_/A2_N              │ met3  │
│ 1.64  │ 657.46  │ 400.00   │ instr_bram_ctrl_inst.instr_ram.u_mem.g_2k[3\].u_cell.rdata[30\] │ wire21272/A                │ met3  │
│ 1.64  │ 657.45  │ 400.00   │ net30849                                                        │ wire3615/A                 │ met3  │
│ 1.64  │ 657.27  │ 400.00   │ net6261                                                         │ _075316_/B                 │ met3  │
│ 1.64  │ 655.74  │ 400.00   │ net30697                                                        │ _075961_/A2                │ met3  │
│ 1.64  │ 655.01  │ 400.00   │ net7318                                                         │ _073495_/A2                │ met3  │
│ 1.64  │ 655.01  │ 400.00   │ net7318                                                         │ _076273_/A2                │ met3  │
│ 1.64  │ 654.64  │ 400.00   │ _023582_                                                        │ _074937_/A                 │ met1  │
│ 1.64  │ 654.46  │ 400.00   │ net31366                                                        │ _072525_/A2                │ met3  │
│ 1.64  │ 654.46  │ 400.00   │ net31366                                                        │ _073295_/A2                │ met3  │
│ 1.64  │ 654.32  │ 400.00   │ net30602                                                        │ _076979_/A1                │ met3  │
│ 1.64  │ 654.25  │ 400.00   │ net31789                                                        │ wire31788/A                │ met3  │
│ 1.64  │ 654.03  │ 400.00   │ _049351_                                                        │ _106417_/A1                │ met1  │
│ 1.63  │ 652.90  │ 400.00   │ net30700                                                        │ _073288_/B1                │ met3  │
│ 1.63  │ 652.50  │ 400.00   │ net28014                                                        │ _060095_/B                 │ met1  │
│ 1.63  │ 651.76  │ 400.00   │ net7706                                                         │ _076629_/B1_N              │ met3  │
│ 1.63  │ 651.76  │ 400.00   │ net7706                                                         │ _077754_/B2                │ met3  │
│ 1.63  │ 651.76  │ 400.00   │ net7706                                                         │ _079105_/A2                │ met3  │
│ 1.63  │ 651.42  │ 400.00   │ net6331                                                         │ _072380_/B                 │ met2  │
│ 1.63  │ 651.35  │ 400.00   │ net31628                                                        │ _078259_/A1                │ met3  │
│ 1.63  │ 651.30  │ 400.00   │ net4495                                                         │ _076326_/A1                │ met3  │
│ 1.63  │ 651.23  │ 400.00   │ _019586_                                                        │ _078212_/A2                │ met2  │
│ 1.63  │ 650.19  │ 400.00   │ _012126_                                                        │ _102083_/A                 │ met1  │
│ 1.62  │ 648.37  │ 400.00   │ net13666                                                        │ _074311_/A2                │ met3  │
│ 1.62  │ 648.31  │ 400.00   │ net6091                                                         │ _077456_/C1                │ met3  │
│ 1.62  │ 648.31  │ 400.00   │ net30465                                                        │ _072888_/B1                │ met3  │
│ 1.62  │ 648.24  │ 400.00   │ net31333                                                        │ _073267_/A2                │ met3  │
│ 1.62  │ 4506.03 │ 2780.80  │ _022185_                                                        │ _073525_/A                 │ met3  │
│ 1.62  │ 646.32  │ 400.00   │ net7799                                                         │ _073068_/B2                │ met3  │
│ 1.62  │ 646.32  │ 400.00   │ net7799                                                         │ _074736_/A1                │ met3  │
│ 1.62  │ 646.32  │ 400.00   │ net7799                                                         │ _078519_/A2                │ met3  │
│ 1.61  │ 645.68  │ 400.00   │ _024395_                                                        │ _078916_/B2                │ met2  │
│ 1.61  │ 644.79  │ 400.00   │ net10826                                                        │ _070459_/C                 │ met3  │
│ 1.61  │ 644.79  │ 400.00   │ net10826                                                        │ _070760_/B                 │ met3  │
│ 1.61  │ 644.79  │ 400.00   │ net10826                                                        │ _077292_/A3                │ met3  │
│ 1.61  │ 644.67  │ 400.00   │ net14788                                                        │ _070452_/A                 │ met3  │
│ 1.61  │ 644.67  │ 400.00   │ net14788                                                        │ _071209_/A1                │ met3  │
│ 1.61  │ 644.08  │ 400.00   │ net31810                                                        │ wire6182/A                 │ met3  │
│ 1.61  │ 643.57  │ 400.00   │ instr_bram_ctrl_inst.instr_ram.u_mem.g_2k[1\].u_cell.rdata[1\]  │ wire21853/A                │ met3  │
│ 1.61  │ 642.91  │ 400.00   │ _022329_                                                        │ _073666_/A3                │ met2  │
│ 1.61  │ 642.73  │ 400.00   │ net4303                                                         │ _076643_/C_N               │ met3  │
│ 1.61  │ 642.34  │ 400.00   │ net31734                                                        │ _072766_/A2                │ met3  │
│ 1.61  │ 642.34  │ 400.00   │ net31734                                                        │ _073533_/B2                │ met3  │
│ 1.60  │ 641.61  │ 400.00   │ net31958                                                        │ wire31957/A                │ met3  │
│ 1.60  │ 641.44  │ 400.00   │ net2410                                                         │ _071809_/A2                │ met2  │
│ 1.60  │ 641.03  │ 400.00   │ net31054                                                        │ _070799_/A1                │ met3  │
│ 1.60  │ 640.81  │ 400.00   │ _021247_                                                        │ _074227_/B1                │ met3  │
│ 1.60  │ 639.94  │ 400.00   │ net47122                                                        │ _065179_/B                 │ met1  │
│ 1.60  │ 639.45  │ 400.00   │ _022594_                                                        │ _073935_/D1                │ met3  │
│ 1.60  │ 5293.46 │ 3312.80  │ net30450                                                        │ _128301_/D                 │ met4  │
│ 1.60  │ 638.67  │ 400.00   │ net10112                                                        │ _075955_/B1                │ met3  │
│ 1.60  │ 638.67  │ 400.00   │ net10112                                                        │ _077811_/B1                │ met3  │
│ 1.60  │ 638.34  │ 400.00   │ yz_bram_ctrl_inst.yz_ram.u_mem.u_mem.g_2k[3\].u_cell.rdata[19\] │ wire20198/A                │ met3  │
│ 1.60  │ 638.25  │ 400.00   │ net7720                                                         │ _077378_/B2                │ met3  │
│ 1.60  │ 638.25  │ 400.00   │ net7720                                                         │ _078281_/A1                │ met3  │
│ 1.59  │ 637.96  │ 400.00   │ net4295                                                         │ _074697_/B1                │ met3  │
│ 1.59  │ 637.02  │ 400.00   │ net11710                                                        │ _073613_/B                 │ met3  │
│ 1.59  │ 636.48  │ 400.00   │ cpu_inst.CORE.core_i.alu_operand_a_ex[0\]                       │ _069114_/A                 │ met3  │
│ 1.59  │ 636.48  │ 400.00   │ cpu_inst.CORE.core_i.alu_operand_a_ex[0\]                       │ _069127_/A1                │ met3  │
│ 1.59  │ 636.48  │ 400.00   │ net7889                                                         │ _078811_/A1                │ met3  │
│ 1.59  │ 636.48  │ 400.00   │ net14777                                                        │ _074207_/B2                │ met3  │
│ 1.59  │ 636.36  │ 400.00   │ net7191                                                         │ _074045_/A2                │ met3  │
│ 1.59  │ 635.83  │ 400.00   │ instr_bram_ctrl_inst.instr_ram.u_mem.g_2k[0\].u_cell.waddr[8\]  │ _062322_/A1                │ met1  │
│ 1.59  │ 5828.70 │ 3669.20  │ net4203                                                         │ _076669_/C                 │ met4  │
│ 1.59  │ 635.32  │ 400.00   │ net30933                                                        │ _072970_/B1                │ met2  │
│ 1.59  │ 635.32  │ 400.00   │ net30933                                                        │ _077494_/B1                │ met2  │
│ 1.59  │ 635.26  │ 400.00   │ net10403                                                        │ _074564_/B1                │ met2  │
│ 1.58  │ 633.97  │ 400.00   │ net3100                                                         │ fanout3091/A               │ met3  │
│ 1.58  │ 633.97  │ 400.00   │ net3100                                                         │ fanout3097/A               │ met3  │
│ 1.58  │ 4395.30 │ 2778.20  │ _027736_                                                        │ _079095_/D                 │ met4  │
│ 1.58  │ 631.90  │ 400.00   │ yz_bram_ctrl_inst.yz_ram.u_mem.u_mem.g_2k[3\].u_cell.rdata[20\] │ wire20185/A                │ met3  │
│ 1.58  │ 630.75  │ 400.00   │ net6020                                                         │ _074281_/D                 │ met1  │
│ 1.58  │ 630.53  │ 400.00   │ net31012                                                        │ _076458_/A1                │ met3  │
│ 1.57  │ 629.97  │ 400.00   │ net6922                                                         │ _070995_/B                 │ met3  │
│ 1.57  │ 629.97  │ 400.00   │ net6922                                                         │ _072803_/B                 │ met3  │
│ 1.57  │ 629.97  │ 400.00   │ net6922                                                         │ _078154_/C                 │ met3  │
│ 1.57  │ 629.08  │ 400.00   │ net6264                                                         │ _073974_/B1                │ met3  │
│ 1.57  │ 629.08  │ 400.00   │ net6264                                                         │ _073982_/B1                │ met3  │
│ 1.57  │ 629.08  │ 400.00   │ net6264                                                         │ _075861_/B1                │ met3  │
│ 1.57  │ 629.04  │ 400.00   │ net31857                                                        │ _073057_/A1                │ met3  │
│ 1.57  │ 628.91  │ 400.00   │ net7030                                                         │ _078096_/A2                │ met3  │
│ 1.57  │ 628.13  │ 400.00   │ _027418_                                                        │ _078776_/D                 │ met3  │
│ 1.57  │ 627.60  │ 400.00   │ net30285                                                        │ _113740_/A0                │ met1  │
│ 1.57  │ 626.73  │ 400.00   │ net2797                                                         │ _109370_/B                 │ met3  │
│ 1.57  │ 626.42  │ 400.00   │ net31192                                                        │ _072096_/B2                │ met3  │
│ 1.57  │ 626.42  │ 400.00   │ net31192                                                        │ _073894_/A1                │ met3  │
│ 1.57  │ 626.42  │ 400.00   │ net31192                                                        │ _078263_/B1                │ met3  │
│ 1.57  │ 6061.84 │ 3872.32  │ net4192                                                         │ _078220_/D_N               │ met4  │
│ 1.56  │ 625.21  │ 400.00   │ net10531                                                        │ _075178_/A2                │ met3  │
│ 1.56  │ 625.21  │ 400.00   │ net10531                                                        │ _078077_/A3                │ met3  │
│ 1.56  │ 623.92  │ 400.00   │ net30967                                                        │ _071485_/B                 │ met3  │
│ 1.56  │ 623.92  │ 400.00   │ net30967                                                        │ _072037_/A1                │ met3  │
│ 1.56  │ 622.83  │ 400.00   │ net14466                                                        │ _072547_/B                 │ met1  │
│ 1.55  │ 621.61  │ 400.00   │ net10157                                                        │ _076404_/A3                │ met3  │
│ 1.55  │ 620.76  │ 400.00   │ net10964                                                        │ wire10963/A                │ met3  │
│ 1.55  │ 620.43  │ 400.00   │ yz_bram_ctrl_inst.yz_ram.u_mem.u_mem.g_2k[1\].u_cell.rdata[0\]  │ wire20548/A                │ met3  │
│ 1.55  │ 620.43  │ 400.00   │ net16359                                                        │ _075927_/A1_N              │ met3  │
│ 1.55  │ 4308.95 │ 2778.20  │ _055485_                                                        │ _114295_/A1                │ met4  │
│ 1.55  │ 620.02  │ 400.00   │ net31471                                                        │ _073255_/B1                │ met3  │
│ 1.55  │ 620.02  │ 400.00   │ net31471                                                        │ _073942_/B1                │ met3  │
│ 1.55  │ 620.02  │ 400.00   │ net31471                                                        │ _074813_/B                 │ met3  │
│ 1.55  │ 618.51  │ 400.00   │ _022003_                                                        │ _073415_/A2                │ met3  │
│ 1.54  │ 5665.02 │ 3669.20  │ net30446                                                        │ _128294_/D                 │ met4  │
│ 1.54  │ 616.07  │ 400.00   │ net30670                                                        │ _072842_/B1                │ met3  │
│ 1.54  │ 616.07  │ 400.00   │ net30670                                                        │ _073258_/A2                │ met3  │
│ 1.54  │ 616.07  │ 400.00   │ net30670                                                        │ _076196_/B1                │ met3  │
│ 1.54  │ 615.66  │ 400.00   │ net30702                                                        │ _071881_/B1                │ met3  │
│ 1.54  │ 615.55  │ 400.00   │ net49072                                                        │ _107574_/A                 │ met3  │
│ 1.54  │ 5640.35 │ 3669.20  │ net1957                                                         │ _075720_/A3                │ met3  │
│ 1.53  │ 613.95  │ 400.00   │ net31091                                                        │ _072844_/B2                │ met3  │
│ 1.53  │ 613.71  │ 400.00   │ net12420                                                        │ _078656_/A2                │ met1  │
│ 1.53  │ 612.61  │ 400.00   │ net10318                                                        │ _073293_/B                 │ met1  │
│ 1.53  │ 611.86  │ 400.00   │ net4424                                                         │ _077371_/B                 │ met1  │
│ 1.53  │ 611.60  │ 400.00   │ cpu_inst.CORE.core_i.alu_operand_a_ex[2\]                       │ _059923_/A                 │ met2  │
│ 1.53  │ 611.60  │ 400.00   │ cpu_inst.CORE.core_i.alu_operand_a_ex[2\]                       │ _105078_/B                 │ met2  │
│ 1.53  │ 611.22  │ 400.00   │ _019277_                                                        │ _070936_/B2                │ met2  │
│ 1.53  │ 611.17  │ 400.00   │ yz_bram_ctrl_inst.yz_ram.u_mem.u_mem.g_2k[0\].u_cell.rdata[17\] │ wire20919/A                │ met3  │
│ 1.53  │ 611.12  │ 400.00   │ net7603                                                         │ _074308_/B2                │ met2  │
│ 1.53  │ 5060.19 │ 3312.80  │ net30826                                                        │ _072980_/A_N               │ met4  │
│ 1.53  │ 610.53  │ 400.00   │ net3260                                                         │ _067615_/A1                │ met2  │
│ 1.53  │ 610.37  │ 400.00   │ net7535                                                         │ wire7534/A                 │ met3  │
│ 1.52  │ 5589.84 │ 3669.20  │ net3587                                                         │ _072528_/B1_N              │ met3  │
│ 1.52  │ 5043.05 │ 3312.80  │ net10652                                                        │ _077107_/A                 │ met4  │
│ 1.52  │ 608.90  │ 400.00   │ net13617                                                        │ wire31741/A                │ met3  │
│ 1.52  │ 608.66  │ 400.00   │ net10308                                                        │ wire10307/A                │ met3  │
│ 1.52  │ 608.36  │ 400.00   │ net30910                                                        │ _079099_/A1                │ met3  │
│ 1.52  │ 608.18  │ 400.00   │ net8329                                                         │ _118997_/A2                │ met3  │
│ 1.52  │ 4222.60 │ 2778.20  │ _025120_                                                        │ _076468_/D_N               │ met4  │
│ 1.52  │ 607.76  │ 400.00   │ net31218                                                        │ _076321_/A1                │ met3  │
│ 1.52  │ 607.76  │ 400.00   │ net31218                                                        │ _078002_/A1                │ met3  │
│ 1.52  │ 607.17  │ 400.00   │ net6034                                                         │ _073858_/B1                │ met3  │
│ 1.52  │ 607.17  │ 400.00   │ net6034                                                         │ _076483_/B1                │ met3  │
│ 1.52  │ 606.67  │ 400.00   │ net1600                                                         │ _108497_/B                 │ met3  │
│ 1.52  │ 606.67  │ 400.00   │ net1600                                                         │ _108501_/A2_N              │ met3  │
│ 1.52  │ 606.54  │ 400.00   │ _023896_                                                        │ _075239_/A2                │ met2  │
│ 1.52  │ 606.08  │ 400.00   │ cpu_inst.CORE.core_i.alu_operator_ex[2\]                        │ hold48512/A                │ met1  │
│ 1.51  │ 605.96  │ 400.00   │ net3661                                                         │ _075166_/B1                │ met3  │
│ 1.51  │ 605.96  │ 400.00   │ net3661                                                         │ _077369_/A2                │ met3  │
│ 1.51  │ 604.74  │ 400.00   │ net31385                                                        │ wire11155/A                │ met3  │
│ 1.51  │ 604.72  │ 400.00   │ net19860                                                        │ _090520_/A                 │ met1  │
│ 1.51  │ 604.18  │ 400.00   │ _018945_                                                        │ _078511_/A1                │ met1  │
│ 1.51  │ 604.16  │ 400.00   │ net7012                                                         │ _073465_/A1                │ met1  │
│ 1.51  │ 603.64  │ 400.00   │ net30808                                                        │ _071264_/B                 │ met3  │
│ 1.51  │ 602.97  │ 400.00   │ net31691                                                        │ _073908_/A1                │ met3  │
│ 1.51  │ 602.97  │ 400.00   │ net31691                                                        │ _074168_/A2                │ met3  │
│ 1.50  │ 601.91  │ 400.00   │ yz_bram_ctrl_inst.yz_ram.u_mem.u_mem.g_2k[0\].u_cell.rdata[19\] │ wire20887/A                │ met3  │
│ 1.50  │ 601.80  │ 400.00   │ net31964                                                        │ wire10910/A                │ met3  │
│ 1.50  │ 4179.43 │ 2778.20  │ _027666_                                                        │ _079027_/C                 │ met4  │
│ 1.50  │ 601.50  │ 400.00   │ net3865                                                         │ load_slew3864/A            │ met1  │
│ 1.50  │ 601.49  │ 400.00   │ net10310                                                        │ _071202_/C1                │ met3  │
│ 1.50  │ 601.49  │ 400.00   │ net10310                                                        │ _077530_/A1                │ met3  │
│ 1.50  │ 601.21  │ 400.00   │ data_bram_ctrl_inst.data_ram.u_mem.g_2k[1\].u_cell.rdata[28\]   │ _113698_/A1                │ met4  │
│ 1.50  │ 599.67  │ 400.00   │ net3922                                                         │ _063536_/B                 │ met1  │
│ 1.50  │ 5492.68 │ 3669.20  │ net32525                                                        │ wire16309/A                │ met4  │
│ 1.49  │ 597.28  │ 400.00   │ yz_bram_ctrl_inst.yz_ram.u_mem.u_mem.g_2k[2\].u_cell.rdata[23\] │ _064852_/A2                │ met3  │
│ 1.49  │ 595.44  │ 400.00   │ cpu_inst.CORE.core_i.load_store_unit_i.rdata_offset_q[1\]       │ _106618_/A1_N              │ met1  │
│ 1.49  │ 594.84  │ 400.00   │ net7514                                                         │ _072964_/B2                │ met3  │
│ 1.49  │ 594.84  │ 400.00   │ net11583                                                        │ _073086_/A2                │ met3  │
│ 1.49  │ 594.68  │ 400.00   │ net31523                                                        │ _072932_/B1                │ met3  │
│ 1.49  │ 594.68  │ 400.00   │ net31523                                                        │ _078481_/B1                │ met3  │
│ 1.49  │ 4922.03 │ 3312.80  │ net2411                                                         │ _071672_/B                 │ met4  │
│ 1.49  │ 5751.11 │ 3872.32  │ net2384                                                         │ _075554_/C                 │ met4  │
│ 1.49  │ 594.07  │ 400.00   │ net7878                                                         │ _074296_/A2                │ met3  │
│ 1.49  │ 594.07  │ 400.00   │ net7878                                                         │ _075529_/B1                │ met3  │
│ 1.48  │ 593.73  │ 400.00   │ net31578                                                        │ _075013_/B1                │ met3  │
│ 1.48  │ 593.73  │ 400.00   │ net31578                                                        │ _076000_/B1                │ met3  │
│ 1.48  │ 593.73  │ 400.00   │ net31578                                                        │ _078817_/B2                │ met3  │
│ 1.48  │ 593.39  │ 400.00   │ net10683                                                        │ _073083_/A1                │ met3  │
│ 1.48  │ 593.28  │ 400.00   │ net31211                                                        │ _074136_/A2                │ met3  │
│ 1.48  │ 593.28  │ 400.00   │ net31211                                                        │ _076027_/A2                │ met3  │
│ 1.48  │ 592.65  │ 400.00   │ yz_bram_ctrl_inst.yz_ram.u_mem.u_mem.g_2k[0\].u_cell.rdata[23\] │ wire20806/A                │ met3  │
│ 1.48  │ 590.38  │ 400.00   │ net6683                                                         │ _073076_/A2                │ met3  │
│ 1.48  │ 5414.35 │ 3669.20  │ net30448                                                        │ _128293_/D                 │ met4  │
│ 1.48  │ 590.16  │ 400.00   │ net4213                                                         │ _078932_/B1_N              │ met3  │
│ 1.48  │ 4887.62 │ 3312.80  │ net3544                                                         │ _074288_/C                 │ met4  │
│ 1.47  │ 5405.84 │ 3669.20  │ net4187                                                         │ _076215_/D                 │ met3  │
│ 1.47  │ 588.66  │ 400.00   │ _019882_                                                        │ _075934_/A1                │ met2  │
│ 1.47  │ 588.03  │ 400.00   │ data_bram_ctrl_inst.data_ram.u_mem.g_2k[0\].u_cell.rdata[12\]   │ wire23695/A                │ met3  │
│ 1.47  │ 588.03  │ 400.00   │ instr_bram_ctrl_inst.instr_ram.u_mem.g_2k[2\].u_cell.rdata[1\]  │ wire21766/A                │ met3  │
│ 1.47  │ 587.51  │ 400.00   │ net30738                                                        │ _076930_/A2                │ met3  │
│ 1.47  │ 5388.32 │ 3669.20  │ net30308                                                        │ _117100_/B                 │ met4  │
│ 1.47  │ 4131.17 │ 2817.80  │ _023515_                                                        │ _074858_/A                 │ met4  │
│ 1.47  │ 586.28  │ 400.00   │ net3260                                                         │ _118799_/A0                │ met2  │
│ 1.46  │ 585.96  │ 400.00   │ net5133                                                         │ _078574_/A1                │ met3  │
│ 1.46  │ 585.85  │ 400.00   │ QSPI_IO1                                                        │ load_slew30311/A           │ met3  │
│ 1.46  │ 585.07  │ 400.00   │ net31317                                                        │ wire6506/A                 │ met3  │
│ 1.46  │ 584.97  │ 400.00   │ conv_accelerator_inst.acc[169\]                                 │ _088094_/A                 │ met1  │
│ 1.46  │ 584.37  │ 400.00   │ net17484                                                        │ wire17483/A                │ met3  │
│ 1.46  │ 583.88  │ 400.00   │ net32302                                                        │ wire8261/A                 │ met3  │
│ 1.46  │ 583.62  │ 400.00   │ _021111_                                                        │ wire2942/A                 │ met3  │
│ 1.46  │ 4049.90 │ 2778.20  │ _022460_                                                        │ _073800_/D_N               │ met4  │
│ 1.46  │ 582.95  │ 400.00   │ qspi_master_inst.QSPI_ADR[15\]                                  │ _116521_/B2                │ met3  │
│ 1.45  │ 581.55  │ 400.00   │ net10358                                                        │ _078831_/B2                │ met1  │
│ 1.45  │ 580.67  │ 400.00   │ net4353                                                         │ _074064_/B1                │ met3  │
│ 1.45  │ 580.67  │ 400.00   │ net4353                                                         │ _078361_/B1                │ met3  │
│ 1.45  │ 579.98  │ 400.00   │ net15634                                                        │ _117658_/B1                │ met3  │
│ 1.45  │ 579.64  │ 400.00   │ net74                                                           │ _110758_/A1                │ met2  │
│ 1.45  │ 579.42  │ 400.00   │ net10887                                                        │ _077560_/C                 │ met2  │
│ 1.45  │ 4023.75 │ 2778.20  │ _023519_                                                        │ _074873_/B1                │ met4  │
│ 1.45  │ 578.55  │ 400.00   │ net10930                                                        │ _072580_/B2                │ met2  │
│ 1.45  │ 4533.46 │ 3134.60  │ net6060                                                         │ _077900_/C                 │ met4  │
│ 1.45  │ 578.18  │ 400.00   │ net6159                                                         │ _077716_/B2                │ met2  │
│ 1.44  │ 577.66  │ 400.00   │ data_bram_ctrl_inst.data_ram.u_mem.g_2k[1\].u_cell.rdata[8\]    │ _113658_/A1                │ met4  │
│ 1.44  │ 577.24  │ 400.00   │ net5158                                                         │ _074994_/B2                │ met2  │
│ 1.44  │ 577.24  │ 400.00   │ net5158                                                         │ _075881_/A                 │ met2  │
│ 1.44  │ 576.44  │ 400.00   │ net11546                                                        │ _071567_/A1                │ met3  │
│ 1.44  │ 576.44  │ 400.00   │ net11546                                                        │ _075549_/B1                │ met3  │
│ 1.44  │ 576.44  │ 400.00   │ net11546                                                        │ _075864_/A2                │ met3  │
│ 1.44  │ 575.81  │ 400.00   │ net30802                                                        │ _071860_/A2                │ met3  │
│ 1.44  │ 5280.51 │ 3669.20  │ net3505                                                         │ _075620_/C                 │ met3  │
│ 1.44  │ 575.64  │ 400.00   │ net93                                                           │ _110460_/B1                │ met3  │
│ 1.44  │ 4766.73 │ 3312.80  │ net10918                                                        │ _071250_/B                 │ met4  │
│ 1.44  │ 4251.02 │ 2956.40  │ _027139_                                                        │ _078496_/C1                │ met4  │
│ 1.44  │ 574.80  │ 400.00   │ net6136                                                         │ _072713_/B1                │ met3  │
│ 1.44  │ 574.80  │ 400.00   │ net6136                                                         │ _073811_/B1                │ met3  │
│ 1.44  │ 574.80  │ 400.00   │ net6136                                                         │ _076093_/A2                │ met3  │
│ 1.44  │ 574.14  │ 400.00   │ instr_bram_ctrl_inst.instr_ram.u_mem.g_2k[2\].u_cell.rdata[28\] │ wire21702/A                │ met3  │
│ 1.44  │ 574.14  │ 400.00   │ yz_bram_ctrl_inst.yz_ram.u_mem.u_mem.g_2k[1\].u_cell.rdata[18\] │ wire20479/A                │ met3  │
│ 1.43  │ 573.96  │ 400.00   │ net3993                                                         │ wire3987/A                 │ met3  │
│ 1.43  │ 3980.83 │ 2778.20  │ _024743_                                                        │ _076091_/A1                │ met4  │
│ 1.43  │ 3980.83 │ 2778.20  │ _026779_                                                        │ _078138_/B                 │ met4  │
│ 1.43  │ 572.28  │ 400.00   │ net2498                                                         │ _060409_/C                 │ met1  │
│ 1.43  │ 572.25  │ 400.00   │ conv_accelerator_inst.u_conv_buf_ram.u_mem.rdata32[24\]         │ hold44037/A                │ met1  │
│ 1.43  │ 571.97  │ 400.00   │ net31235                                                        │ _071288_/A2                │ met3  │
│ 1.43  │ 571.97  │ 400.00   │ net31235                                                        │ wire10249/A                │ met3  │
│ 1.43  │ 3972.19 │ 2778.20  │ _026816_                                                        │ _078172_/C                 │ met4  │
│ 1.43  │ 571.36  │ 400.00   │ net10790                                                        │ _073821_/A1                │ met1  │
│ 1.43  │ 571.28  │ 400.00   │ net12426                                                        │ _077613_/A3                │ met3  │
│ 1.43  │ 5238.15 │ 3669.20  │ net30598                                                        │ wire830/A                  │ met3  │
│ 1.43  │ 570.47  │ 400.00   │ net30735                                                        │ _074863_/A2                │ met3  │
│ 1.43  │ 570.47  │ 400.00   │ net30735                                                        │ _077667_/A2                │ met3  │
│ 1.42  │ 569.57  │ 400.00   │ net3747                                                         │ _076227_/B2                │ met3  │
│ 1.42  │ 569.53  │ 400.00   │ _026373_                                                        │ _077732_/C                 │ met1  │
│ 1.42  │ 569.51  │ 400.00   │ net92                                                           │ _110465_/B1                │ met3  │
│ 1.42  │ 569.45  │ 400.00   │ net31682                                                        │ _070859_/B                 │ met3  │
│ 1.42  │ 569.45  │ 400.00   │ net31682                                                        │ _070860_/B                 │ met3  │
│ 1.42  │ 569.45  │ 400.00   │ net31682                                                        │ _078271_/B1                │ met3  │
│ 1.42  │ 569.45  │ 400.00   │ net32119                                                        │ wire1653/A                 │ met3  │
│ 1.42  │ 568.83  │ 400.00   │ net11631                                                        │ _075181_/B                 │ met1  │
│ 1.42  │ 567.19  │ 400.00   │ yz_bram_ctrl_inst.yz_ram.u_mem.u_mem.g_2k[1\].u_cell.rdata[3\]  │ wire20345/A                │ met3  │
│ 1.42  │ 567.11  │ 400.00   │ net2591                                                         │ _076373_/A2                │ met2  │
│ 1.42  │ 566.85  │ 400.00   │ net30609                                                        │ _075299_/B2                │ met3  │
│ 1.42  │ 566.80  │ 400.00   │ net7277                                                         │ _071510_/B1                │ met3  │
│ 1.42  │ 566.80  │ 400.00   │ net7277                                                         │ wire7276/A                 │ met3  │
│ 1.42  │ 566.61  │ 400.00   │ conv_accelerator_inst.ram_addr[5\]                              │ hold48504/A                │ met1  │
│ 1.42  │ 566.53  │ 400.00   │ net11186                                                        │ _075640_/A                 │ met1  │
│ 1.42  │ 566.03  │ 400.00   │ net4426                                                         │ _076818_/A3                │ met3  │
│ 1.42  │ 566.03  │ 400.00   │ net4426                                                         │ _077158_/B1                │ met3  │
│ 1.42  │ 566.03  │ 400.00   │ net4426                                                         │ _077582_/B1                │ met3  │
│ 1.41  │ 565.87  │ 400.00   │ net31706                                                        │ _071111_/B2                │ met3  │
│ 1.41  │ 565.87  │ 400.00   │ net31706                                                        │ _073856_/A2                │ met3  │
│ 1.41  │ 565.37  │ 400.00   │ net27986                                                        │ _106290_/A1_N              │ met1  │
│ 1.41  │ 565.12  │ 400.00   │ net6285                                                         │ _073994_/B1                │ met3  │
│ 1.41  │ 565.12  │ 400.00   │ net6285                                                         │ _076679_/B1                │ met3  │
│ 1.41  │ 564.88  │ 400.00   │ yz_bram_ctrl_inst.yz_ram.u_mem.u_mem.g_2k[0\].u_cell.rdata[25\] │ wire20774/A                │ met3  │
│ 1.41  │ 564.31  │ 400.00   │ net7671                                                         │ _079127_/A1                │ met1  │
│ 1.41  │ 563.72  │ 400.00   │ net31745                                                        │ _069917_/B                 │ met2  │
│ 1.41  │ 562.86  │ 400.00   │ net31012                                                        │ _073197_/A1                │ met3  │
│ 1.41  │ 562.86  │ 400.00   │ net31012                                                        │ _073396_/A1                │ met3  │
│ 1.41  │ 562.83  │ 400.00   │ net10527                                                        │ _073248_/B                 │ met3  │
│ 1.41  │ 3907.32 │ 2778.20  │ _019541_                                                        │ _070909_/A2_N              │ met4  │
│ 1.41  │ 562.42  │ 400.00   │ net6142                                                         │ _072558_/B2                │ met3  │
│ 1.41  │ 562.13  │ 400.00   │ net10989                                                        │ _074567_/A1                │ met3  │
│ 1.40  │ 561.68  │ 400.00   │ _020176_                                                        │ _076334_/A2                │ met2  │
│ 1.40  │ 561.55  │ 400.00   │ net12336                                                        │ wire12335/A                │ met3  │
│ 1.40  │ 561.42  │ 400.00   │ net24134                                                        │ _088943_/B                 │ met1  │
│ 1.40  │ 561.34  │ 400.00   │ net30894                                                        │ _075526_/A2                │ met3  │
│ 1.40  │ 5143.05 │ 3669.20  │ net7182                                                         │ _077985_/C                 │ met3  │
│ 1.40  │ 560.57  │ 400.00   │ net32438                                                        │ wire30308/A                │ met3  │
│ 1.40  │ 560.25  │ 400.00   │ yz_bram_ctrl_inst.yz_ram.u_mem.u_mem.g_1k.u_cell.rdata[11\]     │ wire21133/A                │ met3  │
│ 1.40  │ 559.26  │ 400.00   │ net13702                                                        │ _077552_/A1                │ met3  │
│ 1.40  │ 558.85  │ 400.00   │ net31744                                                        │ _073549_/A1                │ met3  │
│ 1.40  │ 558.85  │ 400.00   │ net31744                                                        │ _073798_/C1                │ met3  │
│ 1.40  │ 558.85  │ 400.00   │ net31744                                                        │ _074568_/A                 │ met3  │
│ 1.40  │ 558.45  │ 400.00   │ net31493                                                        │ _073255_/A2                │ met3  │
│ 1.40  │ 558.45  │ 400.00   │ net31493                                                        │ wire4968/A                 │ met3  │
│ 1.40  │ 3878.60 │ 2778.20  │ _024278_                                                        │ _075623_/B                 │ met3  │
│ 1.40  │ 558.37  │ 400.00   │ _020074_                                                        │ _075295_/A2                │ met3  │
│ 1.40  │ 558.37  │ 400.00   │ _020074_                                                        │ _077239_/A2                │ met3  │
│ 1.40  │ 558.24  │ 400.00   │ yz_bram_ctrl_inst.yz_ram.u_mem.u_mem.g_2k[2\].u_cell.rdata[17\] │ _064816_/A2                │ met4  │
│ 1.40  │ 3877.21 │ 2778.20  │ _027418_                                                        │ _078776_/D                 │ met4  │
│ 1.39  │ 557.91  │ 400.00   │ net4826                                                         │ _078711_/A2                │ met2  │
│ 1.39  │ 557.11  │ 400.00   │ net14786                                                        │ _073981_/B                 │ met1  │
│ 1.39  │ 557.03  │ 400.00   │ net31797                                                        │ _074552_/A                 │ met3  │
│ 1.39  │ 557.03  │ 400.00   │ net31797                                                        │ _078390_/A2                │ met3  │
│ 1.39  │ 556.87  │ 400.00   │ net31709                                                        │ _074856_/B                 │ met3  │
│ 1.39  │ 556.87  │ 400.00   │ net31709                                                        │ _076704_/A2                │ met3  │
│ 1.39  │ 556.87  │ 400.00   │ net31709                                                        │ _076837_/A2                │ met3  │
│ 1.39  │ 556.02  │ 400.00   │ net31662                                                        │ _070590_/A3                │ met3  │
│ 1.39  │ 556.02  │ 400.00   │ net31662                                                        │ _076511_/A1                │ met3  │
│ 1.39  │ 4602.79 │ 3312.80  │ net2603                                                         │ _075572_/C                 │ met4  │
│ 1.39  │ 4602.79 │ 3312.80  │ net2918                                                         │ _074027_/C_N               │ met4  │
│ 1.39  │ 555.62  │ 400.00   │ instr_bram_ctrl_inst.instr_ram.u_mem.g_2k[0\].u_cell.rdata[12\] │ wire22087/A                │ met3  │
│ 1.39  │ 555.62  │ 400.00   │ instr_bram_ctrl_inst.instr_ram.u_mem.g_2k[1\].u_cell.rdata[31\] │ _114304_/A1                │ met3  │
│ 1.39  │ 555.62  │ 400.00   │ yz_bram_ctrl_inst.yz_ram.u_mem.u_mem.g_1k.u_cell.rdata[14\]     │ wire21126/A                │ met3  │
│ 1.39  │ 555.61  │ 400.00   │ net19835                                                        │ _092814_/A                 │ met1  │
│ 1.39  │ 555.24  │ 400.00   │ net30817                                                        │ _070612_/A2                │ met3  │
│ 1.39  │ 555.24  │ 400.00   │ net30817                                                        │ _071786_/B                 │ met3  │
│ 1.39  │ 555.24  │ 400.00   │ net30817                                                        │ _074126_/A1                │ met3  │
│ 1.39  │ 554.86  │ 400.00   │ _010360_                                                        │ _062038_/A1                │ met2  │
│ 1.39  │ 554.65  │ 400.00   │ net7544                                                         │ _072591_/B2                │ met3  │
│ 1.39  │ 554.65  │ 400.00   │ net7544                                                         │ max_cap7543/A              │ met3  │
│ 1.39  │ 554.63  │ 400.00   │ net17872                                                        │ _075347_/C1                │ met3  │
│ 1.38  │ 5077.64 │ 3669.20  │ net30623                                                        │ _073584_/A2                │ met3  │
│ 1.38  │ 552.31  │ 400.00   │ net4345                                                         │ _072377_/B                 │ met2  │
│ 1.38  │ 551.66  │ 400.00   │ net11385                                                        │ _070060_/B                 │ met3  │
│ 1.38  │ 551.50  │ 400.00   │ data_bram_ctrl_inst.data_ram.u_mem.g_2k[1\].u_cell.rdata[21\]   │ _113684_/A1                │ met4  │
│ 1.38  │ 550.19  │ 400.00   │ net2375                                                         │ _076648_/B1                │ met3  │
│ 1.38  │ 550.17  │ 400.00   │ net2664                                                         │ wire2663/A                 │ met3  │
│ 1.37  │ 4308.95 │ 3134.60  │ net2224                                                         │ _078666_/C                 │ met4  │
│ 1.37  │ 5038.66 │ 3669.20  │ net32549                                                        │ output53/A                 │ met4  │
│ 1.37  │ 548.75  │ 400.00   │ net31020                                                        │ _075454_/A1                │ met3  │
│ 1.37  │ 547.88  │ 400.00   │ net10340                                                        │ _072052_/C                 │ met3  │
│ 1.37  │ 547.88  │ 400.00   │ net10340                                                        │ _077441_/A2                │ met3  │
│ 1.37  │ 547.88  │ 400.00   │ net12397                                                        │ _077562_/A1                │ met1  │
│ 1.37  │ 547.26  │ 400.00   │ net10529                                                        │ _076604_/B2                │ met3  │
│ 1.37  │ 547.19  │ 400.00   │ net30852                                                        │ wire30851/A                │ met3  │
│ 1.37  │ 547.13  │ 400.00   │ net31149                                                        │ _072027_/A2                │ met3  │
│ 1.37  │ 547.13  │ 400.00   │ net31149                                                        │ _074851_/B1                │ met3  │
│ 1.37  │ 547.13  │ 400.00   │ net31149                                                        │ _075182_/A2                │ met3  │
│ 1.37  │ 546.81  │ 400.00   │ net31599                                                        │ _075148_/A3                │ met3  │
│ 1.37  │ 546.81  │ 400.00   │ net31599                                                        │ _075320_/B1                │ met3  │
│ 1.36  │ 544.39  │ 400.00   │ net31080                                                        │ _072609_/A2                │ met3  │
│ 1.36  │ 544.38  │ 400.00   │ _018350_                                                        │ fanout17767/A              │ met3  │
│ 1.36  │ 544.38  │ 400.00   │ _018350_                                                        │ wire17798/A                │ met3  │
│ 1.36  │ 544.29  │ 400.00   │ net6317                                                         │ _073589_/B1                │ met3  │
│ 1.36  │ 544.08  │ 400.00   │ net8042                                                         │ _076071_/A1                │ met2  │
│ 1.36  │ 4497.65 │ 3312.80  │ net17985                                                        │ _064787_/A0                │ met3  │
│ 1.36  │ 542.72  │ 400.00   │ net10094                                                        │ _076302_/A2_N              │ met2  │
│ 1.35  │ 541.95  │ 400.00   │ net10312                                                        │ _072976_/A3                │ met3  │
│ 1.35  │ 541.95  │ 400.00   │ net10312                                                        │ _078123_/B1                │ met3  │
│ 1.35  │ 541.55  │ 400.00   │ net5174                                                         │ _069894_/B1                │ met1  │
│ 1.35  │ 4471.49 │ 3312.80  │ net17965                                                        │ _064805_/A0                │ met3  │
│ 1.35  │ 4468.44 │ 3312.80  │ net17982                                                        │ _064790_/A0                │ met3  │
│ 1.35  │ 538.34  │ 400.00   │ net31714                                                        │ _074888_/A2                │ met3  │
│ 1.35  │ 538.18  │ 400.00   │ cpu_inst.CORE.core_i.cs_registers_i.pc_id_i[2\]                 │ _060626_/B1                │ met1  │
│ 1.34  │ 4927.92 │ 3669.20  │ net32548                                                        │ output52/A                 │ met4  │
│ 1.34  │ 3724.83 │ 2778.20  │ _024660_                                                        │ _076007_/C_N               │ met4  │
│ 1.34  │ 536.28  │ 400.00   │ net7287                                                         │ _074460_/B1                │ met2  │
│ 1.34  │ 4919.21 │ 3669.20  │ net4314                                                         │ _074219_/A2                │ met4  │
│ 1.34  │ 536.27  │ 400.00   │ net4529                                                         │ _073623_/B1                │ met3  │
│ 1.34  │ 536.27  │ 400.00   │ net4529                                                         │ _074540_/B1                │ met3  │
│ 1.34  │ 536.27  │ 400.00   │ net4529                                                         │ _075635_/A2                │ met3  │
│ 1.34  │ 536.11  │ 400.00   │ _000033_                                                        │ _128163_/D                 │ met1  │
│ 1.34  │ 4196.70 │ 3134.60  │ net2782                                                         │ _115535_/A1                │ met4  │
│ 1.34  │ 3712.13 │ 2778.20  │ _024899_                                                        │ _076253_/B                 │ met3  │
│ 1.33  │ 533.88  │ 400.00   │ net7548                                                         │ _073912_/A3                │ met3  │
│ 1.33  │ 3706.29 │ 2778.20  │ _048553_                                                        │ _105613_/A1                │ met3  │
│ 1.33  │ 4892.77 │ 3669.20  │ net11348                                                        │ _077506_/A2                │ met4  │
│ 1.33  │ 3700.44 │ 2781.50  │ _057482_                                                        │ _116563_/A1                │ met3  │
│ 1.33  │ 531.85  │ 400.00   │ net31459                                                        │ _071763_/B1                │ met3  │
│ 1.33  │ 531.85  │ 400.00   │ net31459                                                        │ _073116_/B1                │ met3  │
│ 1.33  │ 531.85  │ 400.00   │ net31459                                                        │ _075738_/B1                │ met3  │
│ 1.33  │ 530.13  │ 400.00   │ _018438_                                                        │ _074609_/A1                │ met1  │
│ 1.33  │ 530.08  │ 400.00   │ net26767                                                        │ _082523_/A1                │ met1  │
│ 1.32  │ 529.58  │ 400.00   │ _025473_                                                        │ _076825_/C                 │ met1  │
│ 1.32  │ 529.39  │ 400.00   │ net30917                                                        │ _073797_/A2                │ met3  │
│ 1.32  │ 528.96  │ 400.00   │ data_bram_ctrl_inst.data_ram.u_mem.g_2k[1\].u_cell.rdata[0\]    │ wire22618/A                │ met4  │
│ 1.32  │ 528.73  │ 400.00   │ net6249                                                         │ _072164_/B1                │ met3  │
│ 1.32  │ 528.73  │ 400.00   │ net6249                                                         │ _075470_/A2                │ met3  │
│ 1.32  │ 528.61  │ 400.00   │ net31398                                                        │ wire4152/A                 │ met3  │
│ 1.32  │ 528.11  │ 400.00   │ net32058                                                        │ _067613_/A1                │ met3  │
│ 1.32  │ 527.95  │ 400.00   │ data_bram_ctrl_inst.data_ram.u_mem.g_2k[1\].u_cell.rdata[3\]    │ _113648_/A1                │ met4  │
│ 1.32  │ 527.85  │ 400.00   │ instr_bram_ctrl_inst.instr_ram.u_mem.g_2k[1\].u_cell.rdata[12\] │ _114266_/A1                │ met3  │
│ 1.32  │ 3661.33 │ 2778.20  │ _026923_                                                        │ _078279_/B                 │ met4  │
│ 1.32  │ 527.11  │ 400.00   │ cpu_inst.CORE.core_i.alu_operand_a_ex[9\]                       │ _106285_/B                 │ met1  │
│ 1.32  │ 526.94  │ 400.00   │ data_bram_ctrl_inst.data_ram.u_mem.g_2k[1\].u_cell.rdata[4\]    │ _113650_/A1                │ met4  │
│ 1.32  │ 526.60  │ 400.00   │ _020596_                                                        │ _072583_/B1                │ met1  │
│ 1.32  │ 526.45  │ 400.00   │ net30957                                                        │ _073737_/B2                │ met3  │
│ 1.32  │ 526.36  │ 400.00   │ _009353_                                                        │ _092134_/A                 │ met1  │
│ 1.32  │ 526.17  │ 400.00   │ net3288                                                         │ _117757_/A1                │ met1  │
│ 1.32  │ 526.08  │ 400.00   │ net6991                                                         │ _071382_/B                 │ met1  │
│ 1.31  │ 525.64  │ 400.00   │ conv_accelerator_inst.fcw_q[10\]                                │ _091086_/A0                │ met1  │
│ 1.31  │ 525.28  │ 400.00   │ net10894                                                        │ wire10893/A                │ met3  │
│ 1.31  │ 524.60  │ 400.00   │ net6666                                                         │ _072282_/B1                │ met3  │
│ 1.31  │ 524.60  │ 400.00   │ net6666                                                         │ _076996_/B1                │ met3  │
│ 1.31  │ 524.60  │ 400.00   │ net6666                                                         │ wire6665/A                 │ met3  │
│ 1.31  │ 524.47  │ 400.00   │ _052868_                                                        │ _109953_/C                 │ met1  │
│ 1.31  │ 524.35  │ 400.00   │ net13944                                                        │ _071953_/A                 │ met1  │
│ 1.31  │ 523.94  │ 400.00   │ net4325                                                         │ _077946_/B1                │ met2  │
│ 1.31  │ 523.47  │ 400.00   │ net31362                                                        │ _076384_/A2                │ met3  │
│ 1.31  │ 523.41  │ 400.00   │ net31861                                                        │ _076710_/A2                │ met3  │
│ 1.31  │ 523.39  │ 400.00   │ net6907                                                         │ _079072_/C                 │ met3  │
│ 1.31  │ 523.36  │ 400.00   │ net32164                                                        │ _070742_/B2                │ met3  │
│ 1.31  │ 523.36  │ 400.00   │ net32164                                                        │ _072326_/B                 │ met3  │
│ 1.31  │ 523.36  │ 400.00   │ net32164                                                        │ _077636_/A2                │ met3  │
│ 1.31  │ 523.36  │ 400.00   │ net32164                                                        │ _077787_/B                 │ met3  │
│ 1.31  │ 523.28  │ 400.00   │ net31093                                                        │ _077812_/A3                │ met3  │
│ 1.31  │ 523.28  │ 400.00   │ net31093                                                        │ wire6823/A                 │ met3  │
│ 1.31  │ 523.26  │ 400.00   │ net30957                                                        │ _072000_/B2                │ met2  │
│ 1.31  │ 522.68  │ 400.00   │ net10939                                                        │ _077141_/A2                │ met3  │
│ 1.31  │ 522.64  │ 400.00   │ net10531                                                        │ _075178_/A2                │ met2  │
│ 1.31  │ 522.56  │ 400.00   │ net29976                                                        │ _074068_/A                 │ met1  │
│ 1.30  │ 521.92  │ 400.00   │ net29021                                                        │ _075713_/B2                │ met1  │
│ 1.30  │ 521.87  │ 400.00   │ net31618                                                        │ wire10201/A                │ met3  │
│ 1.30  │ 521.64  │ 400.00   │ net2800                                                         │ _106627_/A0                │ met2  │
│ 1.30  │ 4084.44 │ 3134.60  │ net4584                                                         │ _071501_/D                 │ met4  │
│ 1.30  │ 4316.57 │ 3312.80  │ net4040                                                         │ _116804_/A1                │ met3  │
│ 1.30  │ 520.43  │ 400.00   │ net32436                                                        │ wire30312/A                │ met3  │
│ 1.30  │ 519.01  │ 400.00   │ net8025                                                         │ _070672_/B2                │ met3  │
│ 1.30  │ 519.01  │ 400.00   │ net8025                                                         │ _072899_/A                 │ met3  │
│ 1.30  │ 4067.17 │ 3134.60  │ net3536                                                         │ _074667_/C                 │ met4  │
│ 1.30  │ 518.95  │ 400.00   │ net10031                                                        │ _077574_/A2                │ met3  │
│ 1.30  │ 518.93  │ 400.00   │ net32260                                                        │ wire8296/A                 │ met3  │
│ 1.30  │ 518.35  │ 400.00   │ _050200_                                                        │ _107432_/C1                │ met2  │
│ 1.29  │ 517.53  │ 400.00   │ net2919                                                         │ _073847_/A2                │ met3  │
│ 1.29  │ 517.23  │ 400.00   │ net20026                                                        │ fanout19991/A              │ met2  │
│ 1.29  │ 4275.68 │ 3312.80  │ net2508                                                         │ _113749_/A0                │ met3  │
│ 1.29  │ 4275.43 │ 3312.80  │ net2392                                                         │ _074191_/C_N               │ met3  │
│ 1.29  │ 516.04  │ 400.00   │ net6311                                                         │ _072454_/A2                │ met3  │
│ 1.29  │ 516.04  │ 400.00   │ net17389                                                        │ _078797_/A1                │ met3  │
│ 1.29  │ 515.69  │ 400.00   │ _021190_                                                        │ _072523_/A3                │ met1  │
│ 1.29  │ 515.36  │ 400.00   │ net2195                                                         │ _108993_/A                 │ met1  │
│ 1.29  │ 4267.05 │ 3312.80  │ net2507                                                         │ _113759_/A0                │ met3  │
│ 1.29  │ 4264.00 │ 3312.80  │ net3546                                                         │ _074232_/B                 │ met3  │
│ 1.29  │ 4258.29 │ 3312.80  │ net3433                                                         │ _107598_/A0                │ met3  │
│ 1.28  │ 513.77  │ 400.00   │ net7881                                                         │ _074036_/A2                │ met3  │
│ 1.28  │ 513.77  │ 400.00   │ net7881                                                         │ _078044_/B2                │ met3  │
│ 1.28  │ 513.77  │ 400.00   │ net7881                                                         │ _078502_/B2                │ met3  │
│ 1.28  │ 513.63  │ 400.00   │ net30841                                                        │ wire6338/A                 │ met3  │
│ 1.28  │ 513.20  │ 400.00   │ net11547                                                        │ _077954_/A2                │ met3  │
│ 1.28  │ 512.84  │ 400.00   │ net31674                                                        │ _077718_/A3                │ met3  │
│ 1.28  │ 512.83  │ 400.00   │ net1334                                                         │ _062183_/B                 │ met1  │
│ 1.28  │ 512.49  │ 400.00   │ net10031                                                        │ _075597_/C                 │ met3  │
│ 1.28  │ 512.49  │ 400.00   │ net10031                                                        │ _076564_/A2                │ met3  │
│ 1.28  │ 512.25  │ 400.00   │ net4708                                                         │ wire30896/A                │ met3  │
│ 1.28  │ 512.24  │ 400.00   │ net6822                                                         │ _074627_/A1                │ met1  │
│ 1.28  │ 4697.52 │ 3669.20  │ net30907                                                        │ _077254_/B                 │ met4  │
│ 1.28  │ 3784.15 │ 2956.40  │ _027495_                                                        │ _078853_/A2                │ met3  │
│ 1.28  │ 4694.24 │ 3669.20  │ net31657                                                        │ _076700_/A1_N              │ met4  │
│ 1.28  │ 511.71  │ 400.00   │ net31047                                                        │ _075520_/B2                │ met3  │
│ 1.28  │ 511.58  │ 400.00   │ net31433                                                        │ _072882_/A2                │ met3  │
│ 1.28  │ 4688.13 │ 3669.20  │ net30947                                                        │ _077988_/A                 │ met3  │
│ 1.28  │ 510.93  │ 400.00   │ net31187                                                        │ _075591_/A1                │ met3  │
│ 1.28  │ 510.93  │ 400.00   │ net31187                                                        │ _077695_/B1                │ met3  │
│ 1.28  │ 510.39  │ 400.00   │ net30821                                                        │ wire30820/A                │ met3  │
│ 1.28  │ 4680.55 │ 3669.20  │ net32581                                                        │ wire23830/A                │ met4  │
│ 1.28  │ 510.01  │ 400.00   │ net30701                                                        │ _077728_/A2                │ met3  │
│ 1.28  │ 510.01  │ 400.00   │ net30701                                                        │ _077729_/B1                │ met3  │
│ 1.27  │ 509.21  │ 400.00   │ net7425                                                         │ _072978_/A                 │ met3  │
│ 1.27  │ 508.98  │ 400.00   │ net2687                                                         │ _100672_/A1                │ met1  │
│ 1.27  │ 508.91  │ 400.00   │ net6078                                                         │ wire6077/A                 │ met3  │
│ 1.27  │ 508.69  │ 400.00   │ net30822                                                        │ _077919_/A1                │ met1  │
│ 1.27  │ 508.56  │ 400.00   │ net11551                                                        │ _076260_/A1                │ met3  │
│ 1.27  │ 508.53  │ 400.00   │ net25815                                                        │ wire25814/A                │ met3  │
│ 1.27  │ 4660.03 │ 3669.20  │ net32582                                                        │ wire23823/A                │ met4  │
│ 1.27  │ 507.79  │ 400.00   │ net30799                                                        │ wire30798/A                │ met3  │
│ 1.27  │ 507.73  │ 400.00   │ _036563_                                                        │ _092854_/B1                │ met1  │
│ 1.27  │ 4202.79 │ 3312.80  │ net17927                                                        │ _064856_/A0                │ met3  │
│ 1.27  │ 4202.29 │ 3312.80  │ net6056                                                         │ _073306_/C                 │ met3  │
│ 1.27  │ 3530.54 │ 2784.80  │ _022105_                                                        │ _073446_/B                 │ met3  │
│ 1.27  │ 506.43  │ 400.00   │ net7167                                                         │ _074004_/A1                │ met1  │
│ 1.27  │ 4194.03 │ 3312.80  │ net2945                                                         │ _072388_/B                 │ met3  │
│ 1.27  │ 506.39  │ 400.00   │ net7124                                                         │ _078767_/B                 │ met2  │
│ 1.27  │ 506.15  │ 400.00   │ net31418                                                        │ _078310_/A2                │ met3  │
│ 1.27  │ 506.15  │ 400.00   │ net31418                                                        │ _079099_/B2                │ met3  │
│ 1.26  │ 505.63  │ 400.00   │ _013604_                                                        │ _064178_/B1                │ met3  │
│ 1.26  │ 4637.08 │ 3669.20  │ net30552                                                        │ _078100_/B                 │ met4  │
│ 1.26  │ 505.00  │ 400.00   │ _022359_                                                        │ _076624_/B1                │ met1  │
│ 1.26  │ 4181.97 │ 3312.80  │ net5273                                                         │ _060924_/B1_N              │ met3  │
│ 1.26  │ 504.89  │ 400.00   │ net30868                                                        │ _073656_/A2                │ met3  │
│ 1.26  │ 504.89  │ 400.00   │ net30868                                                        │ _074606_/B2                │ met3  │
│ 1.26  │ 504.78  │ 400.00   │ net26967                                                        │ _114406_/A1                │ met1  │
│ 1.26  │ 4629.08 │ 3669.20  │ net4472                                                         │ _071884_/C                 │ met3  │
│ 1.26  │ 504.53  │ 400.00   │ net18336                                                        │ _060524_/B                 │ met2  │
│ 1.26  │ 3500.44 │ 2778.20  │ _025843_                                                        │ _077194_/A_N               │ met4  │
│ 1.26  │ 3946.29 │ 3134.60  │ net4197                                                         │ _075041_/C                 │ met4  │
│ 1.26  │ 503.39  │ 400.00   │ _025790_                                                        │ _077142_/A2                │ met1  │
│ 1.26  │ 502.66  │ 400.00   │ _021120_                                                        │ _078975_/B2                │ met3  │
│ 1.26  │ 502.66  │ 400.00   │ net28529                                                        │ wire28528/A                │ met3  │
│ 1.25  │ 501.99  │ 400.00   │ net3657                                                         │ _076942_/A2                │ met3  │
│ 1.25  │ 501.99  │ 400.00   │ net3657                                                         │ wire3655/A                 │ met3  │
│ 1.25  │ 501.97  │ 400.00   │ _035139_                                                        │ _091463_/A_N               │ met1  │
│ 1.25  │ 501.90  │ 400.00   │ net6459                                                         │ _075853_/B                 │ met3  │
│ 1.25  │ 501.86  │ 400.00   │ _027633_                                                        │ _078994_/B                 │ met1  │
│ 1.25  │ 501.17  │ 400.00   │ net3539                                                         │ _074399_/B1                │ met3  │
│ 1.25  │ 500.20  │ 400.00   │ net12641                                                        │ _078278_/B2                │ met3  │
│ 1.25  │ 500.20  │ 400.00   │ net12641                                                        │ _078787_/B2                │ met3  │
│ 1.25  │ 500.12  │ 400.00   │ net14545                                                        │ wire14544/A                │ met3  │
│ 1.25  │ 499.84  │ 400.00   │ net3727                                                         │ _074974_/B2                │ met2  │
│ 1.25  │ 4584.75 │ 3669.20  │ net32510                                                        │ wire22440/A                │ met4  │
│ 1.25  │ 499.67  │ 400.00   │ net31301                                                        │ _077783_/A2                │ met3  │
│ 1.25  │ 499.67  │ 400.00   │ net31301                                                        │ _078951_/B1                │ met3  │
│ 1.25  │ 499.67  │ 400.00   │ net31301                                                        │ fanout13419/A              │ met3  │
│ 1.25  │ 3465.90 │ 2778.20  │ _023725_                                                        │ _075067_/A1                │ met4  │
│ 1.25  │ 498.67  │ 400.00   │ net31807                                                        │ _071370_/A1                │ met2  │
│ 1.25  │ 498.67  │ 400.00   │ net31807                                                        │ _073590_/A1                │ met2  │
│ 1.25  │ 498.67  │ 400.00   │ net31807                                                        │ _078490_/A1                │ met2  │
│ 1.25  │ 4571.07 │ 3669.20  │ net32599                                                        │ wire22115/A                │ met4  │
│ 1.25  │ 4126.86 │ 3312.80  │ net5262                                                         │ _061628_/B1_N              │ met3  │
│ 1.25  │ 498.11  │ 400.00   │ net32205                                                        │ wire8283/A                 │ met3  │
│ 1.24  │ 4121.02 │ 3312.80  │ net5267                                                         │ _061400_/B1_N              │ met3  │
│ 1.24  │ 4564.23 │ 3669.20  │ net32650                                                        │ wire22607/A                │ met4  │
│ 1.24  │ 496.71  │ 400.00   │ _023842_                                                        │ _075188_/B1                │ met3  │
│ 1.24  │ 496.71  │ 400.00   │ net30837                                                        │ _071683_/B2                │ met3  │
│ 1.24  │ 496.32  │ 400.00   │ net6501                                                         │ _074357_/A1                │ met3  │
│ 1.24  │ 4550.54 │ 3669.20  │ net32710                                                        │ wire22568/A                │ met4  │
│ 1.24  │ 495.94  │ 400.00   │ net6898                                                         │ _075913_/B2                │ met3  │
│ 1.24  │ 495.94  │ 400.00   │ net6898                                                         │ _077153_/A1                │ met3  │
│ 1.24  │ 3440.38 │ 2778.20  │ _000094_                                                        │ _128291_/D                 │ met3  │
│ 1.24  │ 494.86  │ 400.00   │ net14787                                                        │ _070777_/B2                │ met2  │
│ 1.24  │ 4536.86 │ 3669.20  │ net32560                                                        │ wire24012/A                │ met4  │
│ 1.24  │ 4536.86 │ 3669.20  │ net32562                                                        │ wire23998/A                │ met4  │
│ 1.23  │ 493.34  │ 400.00   │ net6757                                                         │ _071999_/A3                │ met3  │
│ 1.23  │ 493.34  │ 400.00   │ net6757                                                         │ _074461_/B                 │ met3  │
│ 1.23  │ 493.34  │ 400.00   │ net6757                                                         │ _076177_/B1                │ met3  │
│ 1.23  │ 493.04  │ 400.00   │ _017953_                                                        │ _069195_/B1                │ met1  │
│ 1.23  │ 492.98  │ 400.00   │ net6732                                                         │ _077842_/B1                │ met1  │
│ 1.23  │ 492.88  │ 400.00   │ net7003                                                         │ _078811_/A2                │ met3  │
│ 1.23  │ 492.88  │ 400.00   │ net7003                                                         │ _078982_/A1                │ met3  │
│ 1.23  │ 491.81  │ 400.00   │ net24456                                                        │ _066871_/A                 │ met1  │
│ 1.23  │ 491.67  │ 400.00   │ _045706_                                                        │ _106960_/A0                │ met1  │
│ 1.23  │ 491.07  │ 400.00   │ net5180                                                         │ _073986_/A1                │ met2  │
│ 1.23  │ 490.96  │ 400.00   │ net31296                                                        │ _079043_/A1                │ met3  │
│ 1.23  │ 490.96  │ 400.00   │ net31296                                                        │ wire5177/A                 │ met3  │
│ 1.23  │ 490.82  │ 400.00   │ instr_bram_ctrl_inst.instr_ram.u_mem.g_2k[0\].u_cell.rdata[30\] │ wire21925/A                │ met3  │
│ 1.23  │ 490.82  │ 400.00   │ instr_bram_ctrl_inst.instr_ram.u_mem.g_2k[2\].u_cell.rdata[12\] │ wire21828/A                │ met3  │
│ 1.23  │ 490.81  │ 400.00   │ _019383_                                                        │ _072189_/B1                │ met2  │
│ 1.23  │ 490.81  │ 400.00   │ _019383_                                                        │ _075894_/B2                │ met2  │
│ 1.23  │ 4746.03 │ 3872.32  │ net2911                                                         │ _074299_/C                 │ met3  │
│ 1.23  │ 4495.80 │ 3669.20  │ net32514                                                        │ wire22309/A                │ met4  │
│ 1.23  │ 490.00  │ 400.00   │ net19264                                                        │ _073814_/A                 │ met1  │
│ 1.22  │ 4492.93 │ 3669.20  │ net31637                                                        │ _071562_/B2                │ met3  │
│ 1.22  │ 489.78  │ 400.00   │ cpu_inst.CORE.core_i.id_stage_i.csr_op_ex_o[2\]                 │ _060139_/B                 │ met1  │
│ 1.22  │ 489.78  │ 400.00   │ cpu_inst.CORE.core_i.id_stage_i.csr_op_ex_o[2\]                 │ hold47077/A                │ met1  │
│ 1.22  │ 4053.84 │ 3312.80  │ net2628                                                         │ _073286_/B                 │ met3  │
│ 1.22  │ 4488.96 │ 3669.20  │ net32583                                                        │ wire23816/A                │ met4  │
│ 1.22  │ 4050.67 │ 3312.80  │ net4323                                                         │ _072544_/C                 │ met3  │
│ 1.22  │ 488.79  │ 400.00   │ net4425                                                         │ _074991_/A2                │ met3  │
│ 1.22  │ 488.79  │ 400.00   │ net4425                                                         │ _075840_/B1                │ met3  │
│ 1.22  │ 488.79  │ 400.00   │ net4425                                                         │ _076899_/A2                │ met3  │
│ 1.22  │ 488.76  │ 400.00   │ net4746                                                         │ _074974_/A1                │ met3  │
│ 1.22  │ 488.76  │ 400.00   │ net4746                                                         │ _075245_/A1                │ met3  │
│ 1.22  │ 488.76  │ 400.00   │ net4746                                                         │ _077457_/A1                │ met3  │
│ 1.22  │ 3393.65 │ 2778.20  │ _025965_                                                        │ _077317_/C                 │ met4  │
│ 1.22  │ 488.61  │ 400.00   │ net12781                                                        │ _075677_/A                 │ met1  │
│ 1.22  │ 488.22  │ 400.00   │ net10636                                                        │ _074173_/A2                │ met1  │
│ 1.22  │ 487.95  │ 400.00   │ net6852                                                         │ _077865_/A2                │ met3  │
│ 1.22  │ 487.88  │ 400.00   │ net7959                                                         │ _075877_/B2                │ met1  │
│ 1.22  │ 4719.75 │ 3872.32  │ net5977                                                         │ _077612_/B                 │ met3  │
│ 1.22  │ 487.27  │ 400.00   │ clknet_4_6_0_clk_i_regs                                         │ clkbuf_5_12_0_clk_i_regs/A │ met3  │
│ 1.22  │ 487.09  │ 400.00   │ net7844                                                         │ _071868_/B                 │ met3  │
│ 1.22  │ 487.09  │ 400.00   │ net7844                                                         │ _076520_/A1                │ met3  │
│ 1.22  │ 487.09  │ 400.00   │ net7844                                                         │ _077251_/A1                │ met3  │
│ 1.22  │ 3384.76 │ 2781.50  │ _026318_                                                        │ _077672_/D                 │ met3  │
│ 1.22  │ 486.72  │ 400.00   │ _019245_                                                        │ _075911_/B                 │ met1  │
│ 1.22  │ 486.43  │ 400.00   │ net4986                                                         │ _076109_/A2                │ met3  │
│ 1.22  │ 486.39  │ 400.00   │ instr_bram_ctrl_inst.instr_ram.u_mem.g_2k[1\].u_cell.rdata[19\] │ _114280_/A1                │ met4  │
│ 1.22  │ 486.35  │ 400.00   │ net4682                                                         │ _071694_/A1                │ met3  │
│ 1.22  │ 486.35  │ 400.00   │ net4682                                                         │ _076397_/B1                │ met3  │
│ 1.22  │ 3376.38 │ 2778.20  │ _052029_                                                        │ _109110_/B                 │ met4  │
│ 1.21  │ 485.99  │ 400.00   │ yz_bram_ctrl_inst.yz_ram.u_mem.u_mem.g_2k[0\].u_cell.rdata[21\] │ wire20838/A                │ met3  │
│ 1.21  │ 485.98  │ 400.00   │ net5193                                                         │ _078755_/A1                │ met2  │
│ 1.21  │ 4023.62 │ 3312.80  │ net2859                                                         │ _077932_/B                 │ met3  │
│ 1.21  │ 485.77  │ 400.00   │ net17594                                                        │ wire17593/A                │ met2  │
│ 1.21  │ 484.82  │ 400.00   │ net6261                                                         │ _074949_/B2                │ met3  │
│ 1.21  │ 484.65  │ 400.00   │ net4975                                                         │ _074430_/A1                │ met3  │
│ 1.21  │ 484.65  │ 400.00   │ net4975                                                         │ _078735_/A1                │ met3  │
│ 1.21  │ 3370.29 │ 2784.80  │ _022899_                                                        │ _074238_/D_N               │ met3  │
│ 1.21  │ 4440.11 │ 3669.20  │ net30580                                                        │ _075553_/B1                │ met4  │
│ 1.21  │ 483.98  │ 400.00   │ _018867_                                                        │ _076758_/B2                │ met1  │
│ 1.21  │ 483.74  │ 400.00   │ net7313                                                         │ _072358_/B1                │ met3  │
│ 1.21  │ 483.74  │ 400.00   │ net7313                                                         │ _079146_/A2                │ met3  │
│ 1.21  │ 483.72  │ 400.00   │ net4743                                                         │ _078073_/D                 │ met2  │
│ 1.21  │ 4005.64 │ 3312.80  │ net6396                                                         │ _071761_/A2_N              │ met4  │
│ 1.21  │ 4436.44 │ 3669.20  │ net16185                                                        │ _113657_/A1                │ met3  │
│ 1.21  │ 483.56  │ 400.00   │ net27508                                                        │ _107503_/C                 │ met1  │
│ 1.21  │ 3358.73 │ 2781.50  │ _057599_                                                        │ _116693_/A0                │ met3  │
│ 1.21  │ 4427.37 │ 3669.20  │ net32561                                                        │ wire24005/A                │ met4  │
│ 1.21  │ 482.60  │ 400.00   │ net13708                                                        │ _074412_/A2                │ met3  │
│ 1.21  │ 482.60  │ 400.00   │ net13708                                                        │ _077494_/A1                │ met3  │
│ 1.20  │ 481.84  │ 400.00   │ net5014                                                         │ _074037_/A1                │ met3  │
│ 1.20  │ 481.79  │ 400.00   │ net7812                                                         │ _077086_/A2                │ met3  │
│ 1.20  │ 3989.46 │ 3312.80  │ net4196                                                         │ _075085_/C                 │ met3  │
│ 1.20  │ 481.56  │ 400.00   │ yz_bram_ctrl_inst.yz_ram.u_mem.u_mem.g_2k[2\].u_cell.rdata[21\] │ _064840_/A2                │ met3  │
│ 1.20  │ 481.56  │ 400.00   │ yz_bram_ctrl_inst.yz_ram.u_mem.u_mem.g_2k[3\].u_cell.rdata[17\] │ wire20212/A                │ met3  │
│ 1.20  │ 481.54  │ 400.00   │ _009342_                                                        │ _090298_/A                 │ met2  │
│ 1.20  │ 481.54  │ 400.00   │ _009342_                                                        │ _090978_/A                 │ met2  │
│ 1.20  │ 481.33  │ 400.00   │ net31353                                                        │ wire7745/A                 │ met3  │
│ 1.20  │ 480.27  │ 400.00   │ net30833                                                        │ _074737_/A1                │ met2  │
│ 1.20  │ 480.13  │ 400.00   │ net31458                                                        │ _078278_/A2                │ met3  │
│ 1.20  │ 3975.85 │ 3312.80  │ net30689                                                        │ _075063_/B1                │ met4  │
│ 1.20  │ 3975.75 │ 3312.80  │ net6397                                                         │ _078502_/A2_N              │ met4  │
│ 1.20  │ 479.99  │ 400.00   │ _018471_                                                        │ _072329_/A1                │ met3  │
│ 1.20  │ 479.99  │ 400.00   │ _018471_                                                        │ wire8137/A                 │ met3  │
│ 1.20  │ 478.94  │ 400.00   │ instr_bram_ctrl_inst.instr_ram.u_mem.g_2k[0\].u_cell.rdata[28\] │ wire21950/A                │ met3  │
│ 1.20  │ 3326.10 │ 2778.20  │ _025379_                                                        │ _076728_/C_N               │ met3  │
│ 1.20  │ 478.87  │ 400.00   │ net6188                                                         │ _078346_/A2                │ met3  │
│ 1.20  │ 478.74  │ 400.00   │ net31857                                                        │ _079038_/A2                │ met3  │
│ 1.20  │ 478.69  │ 400.00   │ net2894                                                         │ _075440_/A2                │ met3  │
│ 1.20  │ 478.16  │ 400.00   │ net31560                                                        │ _070612_/B1                │ met3  │
│ 1.20  │ 478.16  │ 400.00   │ net31560                                                        │ wire10682/A                │ met3  │
│ 1.19  │ 475.97  │ 400.00   │ net17057                                                        │ _074286_/B                 │ met1  │
│ 1.19  │ 475.84  │ 400.00   │ net4387                                                         │ _072184_/B2                │ met2  │
│ 1.19  │ 475.12  │ 400.00   │ yz_bram_ctrl_inst.yz_ram.u_mem.u_mem.g_2k[2\].u_cell.rdata[10\] │ _064777_/A2                │ met3  │
│ 1.19  │ 3931.05 │ 3312.80  │ net18007                                                        │ _064766_/A0                │ met3  │
│ 1.19  │ 474.36  │ 400.00   │ net10725                                                        │ _077620_/A2                │ met3  │
│ 1.18  │ 473.83  │ 400.00   │ GPIO_rdata[6\]                                                  │ hold45553/A                │ met1  │
│ 1.18  │ 473.75  │ 400.00   │ _000087_                                                        │ _128313_/D                 │ met1  │
│ 1.18  │ 473.44  │ 400.00   │ _019536_                                                        │ _078508_/A1                │ met1  │
│ 1.18  │ 473.05  │ 400.00   │ net31448                                                        │ _073288_/B2                │ met3  │
│ 1.18  │ 472.95  │ 400.00   │ net31297                                                        │ _074266_/A1                │ met3  │
│ 1.18  │ 472.94  │ 400.00   │ net48144                                                        │ _069241_/A1                │ met1  │
│ 1.18  │ 472.68  │ 400.00   │ net46160                                                        │ _107069_/A1_N              │ met1  │
│ 1.18  │ 3697.52 │ 3134.60  │ net5073                                                         │ _071179_/B                 │ met3  │
│ 1.18  │ 471.56  │ 400.00   │ net27038                                                        │ _081824_/A0                │ met1  │
│ 1.18  │ 471.43  │ 400.00   │ _020071_                                                        │ _071404_/B1                │ met3  │
│ 1.18  │ 471.39  │ 400.00   │ net48747                                                        │ _065058_/B                 │ met1  │
│ 1.18  │ 471.31  │ 400.00   │ _000020_                                                        │ _119206_/D                 │ met1  │
│ 1.18  │ 3496.47 │ 2969.60  │ _023415_                                                        │ _074770_/A1                │ met4  │
│ 1.18  │ 470.83  │ 400.00   │ net14245                                                        │ wire14244/A                │ met3  │
│ 1.18  │ 3899.05 │ 3312.80  │ net6006                                                         │ _075266_/C                 │ met3  │
│ 1.18  │ 3898.54 │ 3312.80  │ net3609                                                         │ _072173_/D                 │ met3  │
│ 1.18  │ 470.23  │ 400.00   │ net4681                                                         │ wire4680/A                 │ met3  │
│ 1.18  │ 470.16  │ 400.00   │ net4155                                                         │ _079068_/C1                │ met1  │
│ 1.18  │ 3893.21 │ 3312.80  │ net2513                                                         │ _113729_/A0                │ met3  │
│ 1.17  │ 469.90  │ 400.00   │ net4493                                                         │ _074164_/B2                │ met3  │
│ 1.17  │ 469.84  │ 400.00   │ net10680                                                        │ wire10679/A                │ met3  │
│ 1.17  │ 3887.37 │ 3312.80  │ net32001                                                        │ _116374_/A1                │ met3  │
│ 1.17  │ 3886.89 │ 3312.80  │ net1948                                                         │ _077596_/A2                │ met4  │
│ 1.17  │ 469.16  │ 400.00   │ _021309_                                                        │ _074822_/B1                │ met3  │
│ 1.17  │ 469.16  │ 400.00   │ _021309_                                                        │ _077521_/B1                │ met3  │
│ 1.17  │ 3881.27 │ 3312.80  │ net9989                                                         │ _073138_/D                 │ met3  │
│ 1.17  │ 468.46  │ 400.00   │ net30497                                                        │ _074803_/A3                │ met3  │
│ 1.17  │ 468.41  │ 400.00   │ net129                                                          │ wire128/A                  │ met3  │
│ 1.17  │ 468.36  │ 400.00   │ conv_accelerator_inst.u_conv_buf_ram.u_mem.rlane_q[1\]          │ hold47142/A                │ met1  │
│ 1.17  │ 468.27  │ 400.00   │ net30944                                                        │ _070521_/A3                │ met3  │
│ 1.17  │ 467.85  │ 400.00   │ net5203                                                         │ _073555_/A1                │ met3  │
│ 1.17  │ 467.85  │ 400.00   │ net5203                                                         │ _077790_/B2                │ met3  │
│ 1.17  │ 467.85  │ 400.00   │ net5203                                                         │ _078250_/A2                │ met3  │
│ 1.17  │ 4290.41 │ 3669.20  │ net16187                                                        │ _113655_/A1                │ met3  │
│ 1.17  │ 467.64  │ 400.00   │ net13666                                                        │ _075505_/A2                │ met3  │
│ 1.17  │ 3872.76 │ 3312.80  │ net32258                                                        │ _106154_/A0                │ met3  │
│ 1.17  │ 467.61  │ 400.00   │ _018920_                                                        │ _070288_/A1                │ met2  │
│ 1.17  │ 466.97  │ 400.00   │ net11063                                                        │ _077897_/A1                │ met3  │
│ 1.17  │ 466.90  │ 400.00   │ net3610                                                         │ wire30512/A                │ met3  │
│ 1.17  │ 3866.79 │ 3312.80  │ net7226                                                         │ _074615_/C_N               │ met3  │
│ 1.16  │ 3858.16 │ 3312.80  │ net2535                                                         │ _105228_/A0                │ met3  │
│ 1.16  │ 3858.16 │ 3312.80  │ net9998                                                         │ _073296_/C                 │ met3  │
│ 1.16  │ 3858.16 │ 3312.80  │ net31970                                                        │ _116833_/A0                │ met3  │
│ 1.16  │ 465.71  │ 400.00   │ net31666                                                        │ _072182_/A2                │ met3  │
│ 1.16  │ 465.71  │ 400.00   │ net31666                                                        │ _072553_/B                 │ met3  │
│ 1.16  │ 465.62  │ 400.00   │ net32247                                                        │ _078101_/A1                │ met3  │
│ 1.16  │ 465.49  │ 400.00   │ net10770                                                        │ _073939_/A2                │ met3  │
│ 1.16  │ 465.22  │ 400.00   │ net19609                                                        │ fanout19540/A              │ met1  │
│ 1.16  │ 464.96  │ 400.00   │ net32074                                                        │ _072350_/A1                │ met3  │
│ 1.16  │ 464.96  │ 400.00   │ net32074                                                        │ _077695_/A1                │ met3  │
│ 1.16  │ 464.22  │ 400.00   │ net2655                                                         │ _100962_/A1                │ met1  │
│ 1.16  │ 464.10  │ 400.00   │ _020902_                                                        │ _072234_/B1                │ met3  │
│ 1.16  │ 464.10  │ 400.00   │ _020902_                                                        │ wire4381/A                 │ met3  │
│ 1.16  │ 464.08  │ 400.00   │ _020641_                                                        │ _074238_/A                 │ met2  │
│ 1.16  │ 464.08  │ 400.00   │ net6419                                                         │ _079151_/A2                │ met1  │
│ 1.16  │ 463.89  │ 400.00   │ net12207                                                        │ _103079_/C                 │ met1  │
│ 1.16  │ 463.89  │ 400.00   │ net30945                                                        │ _074045_/A1                │ met3  │
│ 1.16  │ 463.87  │ 400.00   │ net31463                                                        │ _071153_/B2                │ met3  │
│ 1.16  │ 3216.50 │ 2778.20  │ _023531_                                                        │ _074873_/A2_N              │ met3  │
│ 1.16  │ 463.04  │ 400.00   │ yz_bram_ctrl_inst.yz_ram.u_mem.u_mem.g_2k[1\].u_cell.rdata[15\] │ wire20503/A                │ met3  │
│ 1.16  │ 462.86  │ 400.00   │ _027604_                                                        │ _078964_/B                 │ met1  │
│ 1.15  │ 461.06  │ 400.00   │ net3619                                                         │ _071945_/B1                │ met3  │
│ 1.15  │ 460.17  │ 400.00   │ net4539                                                         │ max_cap30705/A             │ met3  │
│ 1.15  │ 3808.51 │ 3312.80  │ net32136                                                        │ _117213_/A0                │ met3  │
│ 1.15  │ 3808.25 │ 3312.80  │ net6363                                                         │ _074281_/B                 │ met3  │
│ 1.15  │ 4215.79 │ 3669.20  │ net6505                                                         │ _076250_/B2                │ met4  │
│ 1.15  │ 459.54  │ 400.00   │ net30667                                                        │ _076536_/B2                │ met3  │
│ 1.15  │ 459.33  │ 400.00   │ net26203                                                        │ _114617_/A                 │ met1  │
│ 1.15  │ 459.24  │ 400.00   │ clknet_leaf_1_clk_i                                             │ clkload1/A                 │ met1  │
│ 1.15  │ 458.92  │ 400.00   │ net19154                                                        │ _074228_/A                 │ met1  │
│ 1.15  │ 458.86  │ 400.00   │ net30939                                                        │ _073296_/B                 │ met3  │
│ 1.15  │ 4208.63 │ 3669.20  │ net16179                                                        │ _113701_/A1                │ met3  │
│ 1.15  │ 3799.75 │ 3312.80  │ net30725                                                        │ _074887_/A                 │ met3  │
│ 1.15  │ 458.78  │ 400.00   │ net11501                                                        │ _077952_/A                 │ met1  │
│ 1.15  │ 458.59  │ 400.00   │ _023726_                                                        │ _075138_/A1                │ met1  │
│ 1.15  │ 3796.83 │ 3312.80  │ net10816                                                        │ _077529_/A                 │ met3  │
│ 1.15  │ 3796.83 │ 3312.80  │ net14278                                                        │ _073226_/B                 │ met3  │
│ 1.15  │ 4202.60 │ 3669.20  │ net2599                                                         │ _075849_/A3                │ met4  │
│ 1.15  │ 458.01  │ 400.00   │ net30666                                                        │ _074558_/B2                │ met3  │
│ 1.15  │ 458.01  │ 400.00   │ net30666                                                        │ _075684_/A2                │ met3  │
│ 1.15  │ 458.01  │ 400.00   │ net30666                                                        │ _076931_/A2                │ met3  │
│ 1.14  │ 457.97  │ 400.00   │ net30793                                                        │ _074098_/A2                │ met3  │
│ 1.14  │ 457.97  │ 400.00   │ net30793                                                        │ _078553_/A2                │ met3  │
│ 1.14  │ 457.97  │ 400.00   │ net30793                                                        │ _078881_/A1                │ met3  │
│ 1.14  │ 457.86  │ 400.00   │ net16863                                                        │ _074939_/B                 │ met1  │
│ 1.14  │ 457.00  │ 400.00   │ net47957                                                        │ _106630_/A1_N              │ met1  │
│ 1.14  │ 4191.11 │ 3669.20  │ net16191                                                        │ _113647_/A1                │ met3  │
│ 1.14  │ 456.57  │ 400.00   │ net31475                                                        │ _073853_/A2                │ met3  │
│ 1.14  │ 4185.27 │ 3669.20  │ net16183                                                        │ _113667_/A1                │ met3  │
│ 1.14  │ 456.03  │ 400.00   │ net18123                                                        │ fanout18078/A              │ met3  │
│ 1.14  │ 456.03  │ 400.00   │ net18123                                                        │ fanout18084/A              │ met3  │
│ 1.14  │ 456.03  │ 400.00   │ net18123                                                        │ fanout18100/A              │ met3  │
│ 1.14  │ 456.03  │ 400.00   │ net18123                                                        │ fanout18107/A              │ met3  │
│ 1.14  │ 455.97  │ 400.00   │ _024291_                                                        │ _075637_/B                 │ met1  │
│ 1.14  │ 4179.56 │ 3669.20  │ net31900                                                        │ _071935_/B                 │ met4  │
│ 1.14  │ 455.55  │ 400.00   │ net4653                                                         │ _076046_/B2                │ met1  │
│ 1.14  │ 4175.00 │ 3669.20  │ net6366                                                         │ _076106_/A2                │ met3  │
│ 1.14  │ 455.09  │ 400.00   │ yz_bram_ctrl_inst.yz_ram.u_mem.u_mem.g_2k[1\].u_cell.rdata[16\] │ wire20495/A                │ met3  │
│ 1.14  │ 455.01  │ 400.00   │ net7248                                                         │ _072907_/B2                │ met3  │
│ 1.14  │ 4167.75 │ 3669.20  │ net16181                                                        │ _113671_/A1                │ met3  │
│ 1.14  │ 3357.74 │ 2956.40  │ _024598_                                                        │ _075944_/B1                │ met4  │
│ 1.14  │ 454.15  │ 400.00   │ _019491_                                                        │ _074756_/A1                │ met1  │
│ 1.13  │ 453.87  │ 400.00   │ net6557                                                         │ wire31571/A                │ met3  │
│ 1.13  │ 3758.86 │ 3312.80  │ net2505                                                         │ _116287_/B                 │ met3  │
│ 1.13  │ 453.59  │ 400.00   │ net7037                                                         │ _073335_/A1                │ met3  │
│ 1.13  │ 3753.02 │ 3312.80  │ net7403                                                         │ _071389_/C                 │ met3  │
│ 1.13  │ 452.47  │ 400.00   │ net25272                                                        │ fanout24845/A              │ met1  │
│ 1.13  │ 452.44  │ 400.00   │ net3989                                                         │ wire32102/A                │ met3  │
│ 1.13  │ 4146.82 │ 3669.20  │ net32513                                                        │ wire22385/A                │ met4  │
│ 1.13  │ 452.04  │ 400.00   │ net6314                                                         │ _071956_/A                 │ met3  │
│ 1.13  │ 452.04  │ 400.00   │ net6314                                                         │ _078034_/B2                │ met3  │
│ 1.13  │ 452.00  │ 400.00   │ _021423_                                                        │ wire10009/A                │ met3  │
│ 1.13  │ 3139.68 │ 2781.50  │ _058180_                                                        │ _117276_/A1                │ met3  │
│ 1.13  │ 451.41  │ 400.00   │ _025341_                                                        │ _076714_/A2                │ met1  │
│ 1.13  │ 451.32  │ 400.00   │ net31223                                                        │ wire10830/A                │ met3  │
│ 1.13  │ 3333.37 │ 2956.40  │ _021611_                                                        │ _072945_/A3                │ met3  │
│ 1.13  │ 450.58  │ 400.00   │ net31748                                                        │ _070673_/B                 │ met3  │
│ 1.13  │ 450.42  │ 400.00   │ net10196                                                        │ _071434_/A2                │ met3  │
│ 1.13  │ 450.42  │ 400.00   │ net10196                                                        │ _072706_/A2                │ met3  │
│ 1.12  │ 3125.08 │ 2778.20  │ _057862_                                                        │ _116951_/A1                │ met3  │
│ 1.12  │ 449.64  │ 400.00   │ _019011_                                                        │ _071515_/B2                │ met1  │
│ 1.12  │ 4124.25 │ 3669.20  │ net9964                                                         │ _077254_/A                 │ met3  │
│ 1.12  │ 449.34  │ 400.00   │ net6914                                                         │ _076305_/B2                │ met2  │
│ 1.12  │ 449.26  │ 400.00   │ net11496                                                        │ _073201_/A3                │ met3  │
│ 1.12  │ 449.00  │ 400.00   │ net6309                                                         │ _072171_/B1                │ met3  │
│ 1.12  │ 449.00  │ 400.00   │ net31282                                                        │ _073039_/B2                │ met3  │
│ 1.12  │ 3122.16 │ 2781.50  │ _056834_                                                        │ _115810_/A0                │ met3  │
│ 1.12  │ 448.86  │ 400.00   │ net6179                                                         │ _074204_/A2                │ met3  │
│ 1.12  │ 448.86  │ 400.00   │ net6179                                                         │ _074383_/B2                │ met3  │
│ 1.12  │ 3516.44 │ 3134.60  │ net30605                                                        │ _074980_/B                 │ met3  │
│ 1.12  │ 448.59  │ 400.00   │ net31121                                                        │ _071608_/A2                │ met2  │
│ 1.12  │ 448.45  │ 400.00   │ net31081                                                        │ _072453_/B                 │ met3  │
│ 1.12  │ 448.45  │ 400.00   │ net31081                                                        │ wire4646/A                 │ met3  │
│ 1.12  │ 448.40  │ 400.00   │ net4547                                                         │ _071619_/B1                │ met1  │
│ 1.12  │ 3709.80 │ 3312.80  │ net16316                                                        │ wire16315/A                │ met4  │
│ 1.12  │ 3708.88 │ 3312.80  │ net30938                                                        │ _073846_/A2_N              │ met4  │
│ 1.12  │ 4106.67 │ 3669.20  │ net2063                                                         │ wire2061/A                 │ met4  │
│ 1.12  │ 4106.67 │ 3669.20  │ net2063                                                         │ load_slew2062/A            │ met4  │
│ 1.12  │ 3706.29 │ 3312.80  │ net2612                                                         │ _074600_/D                 │ met3  │
│ 1.12  │ 3498.92 │ 3134.60  │ net18027                                                        │ _062770_/B                 │ met3  │
│ 1.12  │ 446.40  │ 400.00   │ net17810                                                        │ _072654_/A1                │ met2  │
│ 1.11  │ 445.76  │ 400.00   │ net30912                                                        │ _072921_/B                 │ met3  │
│ 1.11  │ 445.76  │ 400.00   │ net30912                                                        │ _078752_/A2                │ met3  │
│ 1.11  │ 445.43  │ 400.00   │ net31501                                                        │ _072894_/A2                │ met2  │
│ 1.11  │ 445.30  │ 400.00   │ net31132                                                        │ _072102_/B                 │ met3  │
│ 1.11  │ 445.30  │ 400.00   │ net31132                                                        │ _073876_/A1                │ met3  │
│ 1.11  │ 445.30  │ 400.00   │ net31132                                                        │ _074062_/A1                │ met3  │
│ 1.11  │ 445.10  │ 400.00   │ net13986                                                        │ _069939_/B1                │ met3  │
│ 1.11  │ 445.10  │ 400.00   │ net13986                                                        │ _072168_/B                 │ met3  │
│ 1.11  │ 445.10  │ 400.00   │ net13986                                                        │ _072652_/B                 │ met3  │
│ 1.11  │ 445.08  │ 400.00   │ net2738                                                         │ _062275_/A1                │ met1  │
│ 1.11  │ 3682.41 │ 3312.80  │ net30479                                                        │ _078230_/B                 │ met3  │
│ 1.11  │ 4078.39 │ 3669.20  │ net32708                                                        │ wire22578/A                │ met4  │
│ 1.11  │ 444.01  │ 400.00   │ net8071                                                         │ _072848_/B2                │ met3  │
│ 1.11  │ 444.01  │ 400.00   │ net8071                                                         │ wire8070/A                 │ met3  │
│ 1.11  │ 4070.79 │ 3669.20  │ net30646                                                        │ _076496_/B2                │ met4  │
│ 1.11  │ 443.65  │ 400.00   │ net7059                                                         │ _070891_/A2                │ met3  │
│ 1.11  │ 443.65  │ 400.00   │ net7059                                                         │ _076302_/A1_N              │ met3  │
│ 1.11  │ 443.35  │ 400.00   │ net3712                                                         │ _076378_/C                 │ met3  │
│ 1.11  │ 443.35  │ 400.00   │ net3712                                                         │ _077626_/A2                │ met3  │
│ 1.11  │ 443.29  │ 400.00   │ net18638                                                        │ fanout18610/A              │ met2  │
│ 1.11  │ 443.29  │ 400.00   │ net18638                                                        │ fanout18632/A              │ met2  │
│ 1.11  │ 443.08  │ 400.00   │ net3626                                                         │ wire3625/A                 │ met3  │
│ 1.11  │ 3667.94 │ 3312.80  │ net2610                                                         │ _074812_/B                 │ met3  │
│ 1.11  │ 442.53  │ 400.00   │ net27225                                                        │ _105742_/A                 │ met1  │
│ 1.11  │ 4057.86 │ 3669.20  │ net32653                                                        │ wire22582/A                │ met4  │
│ 1.11  │ 442.34  │ 400.00   │ _020921_                                                        │ _072253_/A2_N              │ met1  │
│ 1.11  │ 442.03  │ 400.00   │ net8264                                                         │ _114397_/A0                │ met1  │
│ 1.10  │ 441.63  │ 400.00   │ net30498                                                        │ _074270_/A1                │ met3  │
│ 1.10  │ 441.48  │ 400.00   │ net31313                                                        │ _072247_/A3                │ met2  │
│ 1.10  │ 3065.52 │ 2778.20  │ _024949_                                                        │ _076307_/B                 │ met4  │
│ 1.10  │ 440.73  │ 400.00   │ net31450                                                        │ _071212_/A                 │ met3  │
│ 1.10  │ 440.73  │ 400.00   │ net31450                                                        │ wire11373/A                │ met3  │
│ 1.10  │ 440.45  │ 400.00   │ net48058                                                        │ _106368_/A1_N              │ met1  │
│ 1.10  │ 440.24  │ 400.00   │ net4333                                                         │ _077915_/A2                │ met3  │
│ 1.10  │ 440.21  │ 400.00   │ net18848                                                        │ wire18847/A                │ met3  │
│ 1.10  │ 440.12  │ 400.00   │ net10563                                                        │ _076676_/A1                │ met2  │
│ 1.10  │ 440.12  │ 400.00   │ net13101                                                        │ wire13100/A                │ met2  │
│ 1.10  │ 439.90  │ 400.00   │ cpu_inst.CORE.core_i.cs_registers_i.pc_id_i[30\]                │ _060420_/B2                │ met1  │
│ 1.10  │ 439.90  │ 400.00   │ yz_bram_ctrl_inst.yz_ram.u_mem.u_mem.g_2k[0\].u_cell.rdata[3\]  │ wire20645/A                │ met3  │
│ 1.10  │ 3445.46 │ 3134.60  │ net2855                                                         │ _078208_/B                 │ met4  │
│ 1.10  │ 3639.34 │ 3312.80  │ net11403                                                        │ _074271_/A1                │ met3  │
│ 1.10  │ 3048.25 │ 2778.20  │ _025237_                                                        │ _076724_/B1_N              │ met4  │
│ 1.10  │ 438.44  │ 400.00   │ net11735                                                        │ _075378_/A1                │ met1  │
│ 1.09  │ 3626.92 │ 3312.80  │ net10167                                                        │ _078264_/C                 │ met4  │
│ 1.09  │ 3621.46 │ 3312.80  │ net30624                                                        │ _071244_/B                 │ met3  │
│ 1.09  │ 437.24  │ 400.00   │ net10375                                                        │ _072167_/A1                │ met3  │
│ 1.09  │ 437.24  │ 400.00   │ net12444                                                        │ _078262_/B1                │ met3  │
│ 1.09  │ 4008.81 │ 3669.20  │ net31585                                                        │ _075888_/B1                │ met3  │
│ 1.09  │ 4007.27 │ 3669.20  │ net7428                                                         │ _078880_/A2                │ met3  │
│ 1.09  │ 436.67  │ 400.00   │ net10181                                                        │ _075261_/A3                │ met2  │
│ 1.09  │ 3421.48 │ 3134.60  │ net2915                                                         │ _078430_/B1                │ met4  │
│ 1.09  │ 436.53  │ 400.00   │ net6192                                                         │ _075009_/A2                │ met3  │
│ 1.09  │ 436.53  │ 400.00   │ net6192                                                         │ _075037_/A2                │ met3  │
│ 1.09  │ 436.53  │ 400.00   │ net6192                                                         │ _078398_/A2                │ met3  │
│ 1.09  │ 3034.54 │ 2780.80  │ _024209_                                                        │ _075554_/D                 │ met3  │
│ 1.09  │ 4003.12 │ 3669.20  │ net31602                                                        │ _075803_/B2                │ met4  │
│ 1.09  │ 436.08  │ 400.00   │ _021440_                                                        │ _078561_/C                 │ met1  │
│ 1.09  │ 3028.70 │ 2778.20  │ _056271_                                                        │ _115225_/B                 │ met3  │
│ 1.09  │ 3413.84 │ 3134.60  │ net2602                                                         │ _075647_/A                 │ met3  │
│ 1.09  │ 435.50  │ 400.00   │ net7031                                                         │ _074666_/A2                │ met1  │
│ 1.09  │ 435.27  │ 400.00   │ yz_bram_ctrl_inst.yz_ram.u_mem.u_mem.g_1k.u_cell.rdata[9\]      │ wire21046/A                │ met3  │
│ 1.09  │ 434.66  │ 400.00   │ net16880                                                        │ fanout16867/A              │ met2  │
│ 1.08  │ 433.94  │ 400.00   │ net11705                                                        │ _072930_/A1                │ met2  │
│ 1.08  │ 433.94  │ 400.00   │ net11705                                                        │ _073429_/A1                │ met2  │
│ 1.08  │ 3017.02 │ 2781.50  │ _018212_                                                        │ _069479_/A                 │ met3  │
│ 1.08  │ 433.79  │ 400.00   │ net4603                                                         │ wire4601/A                 │ met3  │
│ 1.08  │ 3592.25 │ 3312.80  │ net30662                                                        │ _071143_/D                 │ met3  │
│ 1.08  │ 433.57  │ 400.00   │ net30754                                                        │ _074383_/A1                │ met3  │
│ 1.08  │ 433.57  │ 400.00   │ net30754                                                        │ _076768_/A1                │ met3  │
│ 1.08  │ 433.43  │ 400.00   │ net31441                                                        │ _074136_/B1                │ met3  │
│ 1.08  │ 433.43  │ 400.00   │ net31441                                                        │ _075734_/A2                │ met3  │
│ 1.08  │ 433.43  │ 400.00   │ net31441                                                        │ _076166_/B1                │ met3  │
│ 1.08  │ 433.14  │ 400.00   │ net21554                                                        │ wire21553/A                │ met1  │
│ 1.08  │ 432.78  │ 400.00   │ net31711                                                        │ _070521_/A1                │ met3  │
│ 1.08  │ 3005.08 │ 2778.20  │ _023493_                                                        │ _074834_/C_N               │ met4  │
│ 1.08  │ 432.54  │ 400.00   │ net6829                                                         │ _078046_/B1                │ met2  │
│ 1.08  │ 432.08  │ 400.00   │ net18979                                                        │ _077007_/A                 │ met1  │
│ 1.08  │ 431.98  │ 400.00   │ net6240                                                         │ _078343_/A3                │ met2  │
│ 1.08  │ 431.82  │ 400.00   │ net10309                                                        │ _075601_/A2                │ met2  │
│ 1.08  │ 431.72  │ 400.00   │ conv_accelerator_inst.acc[239\]                                 │ hold47822/A                │ met1  │
│ 1.08  │ 431.50  │ 400.00   │ net26553                                                        │ wire26552/A                │ met1  │
│ 1.08  │ 431.29  │ 400.00   │ net7058                                                         │ _076083_/A1                │ met3  │
│ 1.08  │ 431.13  │ 400.00   │ net31896                                                        │ _070511_/A                 │ met3  │
│ 1.08  │ 431.13  │ 400.00   │ net31896                                                        │ _071746_/A2                │ met3  │
│ 1.08  │ 431.13  │ 400.00   │ net31896                                                        │ _078375_/B2                │ met3  │
│ 1.08  │ 2993.65 │ 2778.20  │ _022543_                                                        │ _073881_/C                 │ met3  │
│ 1.08  │ 430.64  │ 400.00   │ yz_bram_ctrl_inst.yz_ram.u_mem.u_mem.g_1k.u_cell.rdata[2\]      │ wire21069/A                │ met3  │
│ 1.08  │ 430.64  │ 400.00   │ yz_bram_ctrl_inst.yz_ram.u_mem.u_mem.g_2k[0\].u_cell.rdata[0\]  │ wire21043/A                │ met3  │
│ 1.08  │ 430.64  │ 400.00   │ yz_bram_ctrl_inst.yz_ram.u_mem.u_mem.g_2k[3\].u_cell.rdata[11\] │ wire20258/A                │ met3  │
│ 1.08  │ 3566.10 │ 3312.80  │ net10925                                                        │ _075895_/C                 │ met3  │
│ 1.08  │ 430.54  │ 400.00   │ net20355                                                        │ _064849_/A1                │ met1  │
│ 1.08  │ 430.17  │ 400.00   │ net26975                                                        │ _082506_/A1                │ met1  │
│ 1.07  │ 429.77  │ 400.00   │ net30711                                                        │ _073744_/A1                │ met3  │
│ 1.07  │ 429.77  │ 400.00   │ net30711                                                        │ _077606_/B2                │ met3  │
│ 1.07  │ 429.63  │ 400.00   │ net4303                                                         │ _078128_/B1                │ met1  │
│ 1.07  │ 429.58  │ 400.00   │ net16358                                                        │ _076288_/A1                │ met3  │
│ 1.07  │ 429.55  │ 400.00   │ net7782                                                         │ _077623_/A2                │ met2  │
│ 1.07  │ 429.49  │ 400.00   │ net29855                                                        │ wire29854/A                │ met1  │
│ 1.07  │ 429.33  │ 400.00   │ net31057                                                        │ wire31056/A                │ met3  │
│ 1.07  │ 429.17  │ 400.00   │ _053155_                                                        │ hold49210/A                │ met1  │
│ 1.07  │ 429.16  │ 400.00   │ net31790                                                        │ _076926_/A1                │ met3  │
│ 1.07  │ 429.16  │ 400.00   │ net31790                                                        │ _077453_/B2                │ met3  │
│ 1.07  │ 428.98  │ 400.00   │ net30622                                                        │ _075387_/C1                │ met3  │
│ 1.07  │ 428.95  │ 400.00   │ net31953                                                        │ _076765_/B                 │ met3  │
│ 1.07  │ 2979.17 │ 2778.20  │ _027069_                                                        │ _078428_/B                 │ met4  │
│ 1.07  │ 2978.72 │ 2778.20  │ _011345_                                                        │ _061599_/A2                │ met3  │
│ 1.07  │ 428.83  │ 400.00   │ instr_bram_ctrl_inst.instr_ram.u_mem.g_2k[1\].u_cell.rdata[14\] │ _114270_/A1                │ met4  │
│ 1.07  │ 428.68  │ 400.00   │ net6220                                                         │ _078937_/A3                │ met2  │
│ 1.07  │ 428.61  │ 400.00   │ net18372                                                        │ wire18371/A                │ met1  │
│ 1.07  │ 428.56  │ 400.00   │ net25985                                                        │ _117296_/A                 │ met1  │
│ 1.07  │ 428.48  │ 400.00   │ net31548                                                        │ _076659_/A2                │ met3  │
│ 1.07  │ 428.32  │ 400.00   │ net6193                                                         │ _073771_/A3                │ met3  │
│ 1.07  │ 428.09  │ 400.00   │ net4904                                                         │ _075579_/A2                │ met3  │
│ 1.07  │ 428.09  │ 400.00   │ net4904                                                         │ _078641_/A2                │ met3  │
│ 1.07  │ 427.98  │ 400.00   │ net10737                                                        │ _075831_/A2                │ met3  │
│ 1.07  │ 427.98  │ 400.00   │ net10737                                                        │ _078223_/A2                │ met3  │
│ 1.07  │ 427.52  │ 400.00   │ net30846                                                        │ _075473_/B2                │ met3  │
│ 1.07  │ 427.52  │ 400.00   │ net30846                                                        │ _078195_/B1                │ met3  │
│ 1.07  │ 427.49  │ 400.00   │ net31572                                                        │ _076113_/A2                │ met3  │
│ 1.07  │ 427.40  │ 400.00   │ net10037                                                        │ _076679_/B2                │ met1  │
│ 1.07  │ 3535.58 │ 3312.80  │ net2920                                                         │ _073763_/C1                │ met3  │
│ 1.07  │ 426.82  │ 400.00   │ instr_bram_ctrl_inst.instr_ram.u_mem.g_2k[1\].u_cell.rdata[23\] │ _114288_/A1                │ met4  │
│ 1.07  │ 426.69  │ 400.00   │ net28520                                                        │ wire28519/A                │ met1  │
│ 1.07  │ 426.63  │ 400.00   │ net20131                                                        │ wire20130/A                │ met1  │
│ 1.07  │ 426.63  │ 400.00   │ net21653                                                        │ wire21652/A                │ met1  │
│ 1.07  │ 426.62  │ 400.00   │ net10046                                                        │ _078801_/B1                │ met1  │
│ 1.07  │ 426.15  │ 400.00   │ net12841                                                        │ wire12854/A                │ met1  │
│ 1.07  │ 426.03  │ 400.00   │ net31116                                                        │ _077988_/B                 │ met1  │
│ 1.06  │ 425.64  │ 400.00   │ net14213                                                        │ wire14212/A                │ met1  │
│ 1.06  │ 425.61  │ 400.00   │ instr_bram_ctrl_inst.instr_ram.u_mem.g_2k[1\].u_cell.rdata[16\] │ _114274_/A1                │ met4  │
│ 1.06  │ 425.61  │ 400.00   │ instr_bram_ctrl_inst.instr_ram.u_mem.g_2k[1\].u_cell.rdata[21\] │ _114284_/A1                │ met4  │
│ 1.06  │ 425.61  │ 400.00   │ instr_bram_ctrl_inst.instr_ram.u_mem.g_2k[1\].u_cell.rdata[26\] │ _114294_/A1                │ met4  │
│ 1.06  │ 3900.50 │ 3669.20  │ net17663                                                        │ fanout17649/A              │ met3  │
│ 1.06  │ 425.13  │ 400.00   │ _020156_                                                        │ _074490_/B1                │ met1  │
│ 1.06  │ 3519.37 │ 3312.80  │ net30656                                                        │ _076468_/B                 │ met3  │
│ 1.06  │ 424.79  │ 400.00   │ net3588                                                         │ _072455_/A2                │ met3  │
│ 1.06  │ 424.79  │ 400.00   │ net3588                                                         │ _074328_/B                 │ met3  │
│ 1.06  │ 424.69  │ 400.00   │ net20949                                                        │ wire20948/A                │ met1  │
│ 1.06  │ 424.69  │ 400.00   │ net20984                                                        │ wire20983/A                │ met1  │
│ 1.06  │ 424.64  │ 400.00   │ net7626                                                         │ _074371_/B2                │ met3  │
│ 1.06  │ 424.64  │ 400.00   │ net7626                                                         │ wire7625/A                 │ met3  │
│ 1.06  │ 424.56  │ 400.00   │ net21379                                                        │ wire21378/A                │ met1  │
│ 1.06  │ 424.16  │ 400.00   │ net21575                                                        │ wire21574/A                │ met1  │
│ 1.06  │ 423.85  │ 400.00   │ net8055                                                         │ _073562_/A1                │ met3  │
│ 1.06  │ 423.73  │ 400.00   │ net2598                                                         │ _076011_/C1                │ met3  │
│ 1.06  │ 423.66  │ 400.00   │ net29598                                                        │ wire29597/A                │ met1  │
│ 1.06  │ 423.44  │ 400.00   │ net3304                                                         │ _118135_/A1                │ met1  │
│ 1.06  │ 423.44  │ 400.00   │ net11088                                                        │ _077717_/B2                │ met1  │
│ 1.06  │ 423.33  │ 400.00   │ net30819                                                        │ wire30818/A                │ met3  │
│ 1.06  │ 3134.38 │ 2964.40  │ _020244_                                                        │ _071648_/B1                │ met4  │
│ 1.06  │ 2936.13 │ 2778.20  │ _050662_                                                        │ _107736_/B                 │ met4  │
│ 1.06  │ 422.45  │ 400.00   │ net879                                                          │ wire878/A                  │ met1  │
│ 1.06  │ 422.45  │ 400.00   │ net17121                                                        │ wire17120/A                │ met1  │
│ 1.06  │ 422.06  │ 400.00   │ _017371_                                                        │ _068940_/B                 │ met1  │
│ 1.05  │ 3868.57 │ 3669.20  │ net1633                                                         │ _128311_/D                 │ met4  │
│ 1.05  │ 421.61  │ 400.00   │ net20304                                                        │ wire20303/A                │ met1  │
│ 1.05  │ 421.56  │ 400.00   │ net20951                                                        │ wire20950/A                │ met1  │
│ 1.05  │ 421.56  │ 400.00   │ net21482                                                        │ wire21481/A                │ met1  │
│ 1.05  │ 421.50  │ 400.00   │ net18991                                                        │ fanout18917/A              │ met3  │
│ 1.05  │ 421.38  │ 400.00   │ yz_bram_ctrl_inst.yz_ram.u_mem.u_mem.g_1k.u_cell.rdata[7\]      │ wire21050/A                │ met3  │
│ 1.05  │ 421.38  │ 400.00   │ yz_bram_ctrl_inst.yz_ram.u_mem.u_mem.g_2k[2\].u_cell.rdata[2\]  │ _064774_/A2                │ met4  │
│ 1.05  │ 421.34  │ 400.00   │ net10427                                                        │ _074791_/A2                │ met2  │
│ 1.05  │ 2926.35 │ 2778.20  │ _022352_                                                        │ _073689_/D                 │ met3  │
│ 1.05  │ 421.17  │ 400.00   │ net20577                                                        │ wire20576/A                │ met1  │
│ 1.05  │ 421.17  │ 400.00   │ net21383                                                        │ wire21382/A                │ met1  │
│ 1.05  │ 421.11  │ 400.00   │ _018582_                                                        │ _069986_/A1                │ met3  │
│ 1.05  │ 421.11  │ 400.00   │ _018582_                                                        │ _071866_/B                 │ met3  │
│ 1.05  │ 421.00  │ 400.00   │ net27538                                                        │ _109891_/C                 │ met1  │
│ 1.05  │ 420.78  │ 400.00   │ net6736                                                         │ wire6735/A                 │ met3  │
│ 1.05  │ 420.47  │ 400.00   │ net6595                                                         │ wire6594/A                 │ met1  │
│ 1.05  │ 420.43  │ 400.00   │ net6198                                                         │ _075326_/B1                │ met3  │
│ 1.05  │ 420.18  │ 400.00   │ net16344                                                        │ wire16343/A                │ met1  │
│ 1.05  │ 420.07  │ 400.00   │ net20175                                                        │ wire20174/A                │ met1  │
│ 1.05  │ 3852.13 │ 3669.20  │ net30716                                                        │ _075701_/B1                │ met4  │
│ 1.05  │ 3852.13 │ 3669.20  │ net30716                                                        │ _077859_/C                 │ met4  │
│ 1.05  │ 419.89  │ 400.00   │ net14933                                                        │ _074182_/A1                │ met1  │
│ 1.05  │ 3850.47 │ 3669.20  │ net30612                                                        │ _071666_/B1                │ met3  │
│ 1.05  │ 419.67  │ 400.00   │ net21456                                                        │ wire21455/A                │ met1  │
│ 1.05  │ 419.67  │ 400.00   │ net21573                                                        │ wire21572/A                │ met1  │
│ 1.05  │ 419.59  │ 400.00   │ net31437                                                        │ _075877_/A1                │ met3  │
│ 1.05  │ 419.59  │ 400.00   │ net31437                                                        │ _078672_/B                 │ met3  │
│ 1.05  │ 419.59  │ 400.00   │ net31437                                                        │ _078899_/B2                │ met3  │
│ 1.05  │ 419.54  │ 400.00   │ net21411                                                        │ wire21410/A                │ met1  │
│ 1.05  │ 419.54  │ 400.00   │ net21529                                                        │ wire21528/A                │ met1  │
│ 1.05  │ 3471.37 │ 3312.80  │ net2414                                                         │ _070809_/D                 │ met4  │
│ 1.05  │ 419.01  │ 400.00   │ net20682                                                        │ wire20681/A                │ met1  │
│ 1.05  │ 419.01  │ 400.00   │ net20907                                                        │ wire20906/A                │ met1  │
│ 1.05  │ 419.01  │ 400.00   │ net31590                                                        │ _072036_/A                 │ met3  │
│ 1.05  │ 419.01  │ 400.00   │ net31590                                                        │ _073958_/A2                │ met3  │
│ 1.05  │ 419.01  │ 400.00   │ net31590                                                        │ _074435_/B1                │ met3  │
│ 1.05  │ 418.57  │ 400.00   │ yz_bram_ctrl_inst.yz_ram.u_mem.u_mem.g_2k[2\].u_cell.rdata[13\] │ _064795_/A2                │ met4  │
│ 1.05  │ 418.46  │ 400.00   │ net24516                                                        │ wire24515/A                │ met1  │
│ 1.05  │ 418.04  │ 400.00   │ net21262                                                        │ wire21261/A                │ met1  │
│ 1.05  │ 418.04  │ 400.00   │ net21454                                                        │ wire21453/A                │ met1  │
│ 1.05  │ 418.04  │ 400.00   │ net21528                                                        │ wire21527/A                │ met1  │
│ 1.05  │ 418.03  │ 400.00   │ net12344                                                        │ _074093_/C                 │ met3  │
│ 1.04  │ 417.94  │ 400.00   │ net2652                                                         │ _100389_/A0                │ met1  │
│ 1.04  │ 417.91  │ 400.00   │ net10290                                                        │ _071237_/B                 │ met3  │
│ 1.04  │ 417.86  │ 400.00   │ net7058                                                         │ _072175_/A2                │ met3  │
│ 1.04  │ 417.86  │ 400.00   │ net7058                                                         │ _072580_/A1                │ met3  │
│ 1.04  │ 417.84  │ 400.00   │ net6387                                                         │ _072613_/B1                │ met3  │
│ 1.04  │ 417.84  │ 400.00   │ net30673                                                        │ _075245_/B1                │ met3  │
│ 1.04  │ 3274.03 │ 3134.60  │ net3506                                                         │ _075512_/B                 │ met3  │
│ 1.04  │ 417.64  │ 400.00   │ net20815                                                        │ wire20814/A                │ met1  │
│ 1.04  │ 417.64  │ 400.00   │ net21335                                                        │ wire21334/A                │ met1  │
│ 1.04  │ 417.64  │ 400.00   │ net21381                                                        │ wire21380/A                │ met1  │
│ 1.04  │ 417.56  │ 400.00   │ instr_bram_ctrl_inst.instr_ram.u_mem.g_2k[1\].u_cell.rdata[9\]  │ _114260_/A1                │ met4  │
│ 1.04  │ 417.54  │ 400.00   │ net5192                                                         │ _078544_/A1                │ met2  │
│ 1.04  │ 417.54  │ 400.00   │ net5192                                                         │ _078701_/B                 │ met2  │
│ 1.04  │ 417.51  │ 400.00   │ net20608                                                        │ wire20607/A                │ met1  │
│ 1.04  │ 417.51  │ 400.00   │ net21339                                                        │ wire21338/A                │ met1  │
│ 1.04  │ 417.45  │ 400.00   │ net4626                                                         │ wire30871/A                │ met3  │
│ 1.04  │ 417.25  │ 400.00   │ net21439                                                        │ wire21438/A                │ met1  │
│ 1.04  │ 416.98  │ 400.00   │ net20847                                                        │ wire20846/A                │ met1  │
│ 1.04  │ 3453.18 │ 3312.80  │ net1645                                                         │ _072479_/A0                │ met3  │
│ 1.04  │ 416.44  │ 400.00   │ net24090                                                        │ _094958_/A0                │ met1  │
│ 1.04  │ 416.42  │ 400.00   │ net10543                                                        │ _073634_/A1                │ met3  │
│ 1.04  │ 3816.51 │ 3669.20  │ net2121                                                         │ _078850_/B                 │ met3  │
│ 1.04  │ 416.02  │ 400.00   │ net21292                                                        │ wire21291/A                │ met1  │
│ 1.04  │ 416.02  │ 400.00   │ net21294                                                        │ wire21293/A                │ met1  │
│ 1.04  │ 416.02  │ 400.00   │ net21337                                                        │ wire21336/A                │ met1  │
│ 1.04  │ 415.82  │ 400.00   │ net11268                                                        │ wire11267/A                │ met3  │
│ 1.04  │ 415.49  │ 400.00   │ net21260                                                        │ wire21259/A                │ met1  │
│ 1.04  │ 415.49  │ 400.00   │ net21501                                                        │ wire21500/A                │ met1  │
│ 1.04  │ 415.28  │ 400.00   │ net30973                                                        │ _075288_/A1                │ met1  │
│ 1.04  │ 2882.67 │ 2778.20  │ _017880_                                                        │ _069129_/A0                │ met3  │
│ 1.04  │ 414.87  │ 400.00   │ net31204                                                        │ _077495_/A1                │ met3  │
│ 1.04  │ 414.85  │ 400.00   │ net4587                                                         │ _073392_/A1                │ met3  │
│ 1.04  │ 414.85  │ 400.00   │ net4587                                                         │ _075479_/A                 │ met3  │
│ 1.04  │ 3432.35 │ 3312.80  │ net3425                                                         │ _114533_/B1                │ met3  │
│ 1.04  │ 3797.99 │ 3669.20  │ net31540                                                        │ _075129_/A2_N              │ met3  │
│ 1.03  │ 413.59  │ 400.00   │ net21144                                                        │ wire21143/A                │ met1  │
│ 1.03  │ 413.45  │ 400.00   │ net31856                                                        │ _072941_/A3                │ met3  │
│ 1.03  │ 413.23  │ 400.00   │ net29596                                                        │ load_slew29595/A           │ met1  │
│ 1.03  │ 413.08  │ 400.00   │ _009168_                                                        │ _108894_/A1                │ met2  │
│ 1.03  │ 2870.63 │ 2780.80  │ _026295_                                                        │ _077856_/A2                │ met4  │
│ 1.03  │ 412.01  │ 400.00   │ net21106                                                        │ wire21105/A                │ met1  │
│ 1.03  │ 411.87  │ 400.00   │ _024599_                                                        │ _075978_/B                 │ met3  │
│ 1.03  │ 411.80  │ 400.00   │ net12618                                                        │ _071298_/B                 │ met1  │
│ 1.03  │ 3776.76 │ 3669.20  │ net31124                                                        │ _070983_/B                 │ met4  │
│ 1.03  │ 411.48  │ 400.00   │ net21835                                                        │ wire21834/A                │ met1  │
│ 1.03  │ 411.44  │ 400.00   │ net21288                                                        │ _114300_/A3                │ met1  │
│ 1.03  │ 411.44  │ 400.00   │ net21807                                                        │ wire21806/A                │ met1  │
│ 1.03  │ 411.08  │ 400.00   │ net18971                                                        │ _075818_/C1                │ met1  │
│ 1.03  │ 410.94  │ 400.00   │ net16784                                                        │ _072781_/A                 │ met1  │
│ 1.03  │ 410.80  │ 400.00   │ net31312                                                        │ _072880_/B1                │ met3  │
│ 1.03  │ 410.80  │ 400.00   │ net31312                                                        │ _075479_/B                 │ met3  │
│ 1.03  │ 410.78  │ 400.00   │ net11508                                                        │ _075696_/A1                │ met1  │
│ 1.03  │ 410.61  │ 400.00   │ net26689                                                        │ _115896_/A1                │ met1  │
│ 1.03  │ 410.47  │ 400.00   │ axi_instr_bram_rdata[22\]                                       │ _105952_/A1                │ met3  │
│ 1.03  │ 410.34  │ 400.00   │ net3731                                                         │ _072193_/B2                │ met3  │
│ 1.03  │ 410.34  │ 400.00   │ net3731                                                         │ _077786_/A1                │ met3  │
│ 1.03  │ 410.32  │ 400.00   │ net7251                                                         │ _075796_/A                 │ met2  │
│ 1.03  │ 410.32  │ 400.00   │ net7251                                                         │ _076239_/A1                │ met2  │
│ 1.03  │ 3763.20 │ 3669.20  │ net4366                                                         │ _072907_/B1                │ met4  │
│ 1.03  │ 410.03  │ 400.00   │ net10792                                                        │ wire31753/A                │ met3  │
│ 1.02  │ 409.94  │ 400.00   │ net22024                                                        │ wire22023/A                │ met1  │
│ 1.02  │ 409.81  │ 400.00   │ data_bram_ctrl_inst.data_ram.u_mem.g_2k[1\].u_cell.rdata[11\]   │ _113664_/A1                │ met4  │
│ 1.02  │ 409.69  │ 400.00   │ net12954                                                        │ wire12953/A                │ met1  │
│ 1.02  │ 409.54  │ 400.00   │ net20230                                                        │ wire20229/A                │ met1  │
│ 1.02  │ 409.41  │ 400.00   │ net20160                                                        │ wire20159/A                │ met1  │
│ 1.02  │ 409.35  │ 400.00   │ _020696_                                                        │ _074884_/A1                │ met1  │
│ 1.02  │ 409.25  │ 400.00   │ net6834                                                         │ _074827_/A2                │ met2  │
│ 1.02  │ 408.95  │ 400.00   │ net7863                                                         │ _075701_/B2                │ met1  │
│ 1.02  │ 2839.85 │ 2778.20  │ _011338_                                                        │ _061599_/A3                │ met3  │
│ 1.02  │ 3746.91 │ 3669.20  │ net2849                                                         │ _078624_/B2                │ met3  │
│ 1.02  │ 408.08  │ 400.00   │ _028744_                                                        │ _084634_/B                 │ met1  │
│ 1.02  │ 407.92  │ 400.00   │ net21510                                                        │ wire21509/A                │ met1  │
│ 1.02  │ 407.85  │ 400.00   │ net30977                                                        │ _071178_/B2                │ met3  │
│ 1.02  │ 407.85  │ 400.00   │ net30977                                                        │ _074816_/A1                │ met3  │
│ 1.02  │ 407.85  │ 400.00   │ net30977                                                        │ _076202_/A1                │ met3  │
│ 1.02  │ 407.85  │ 400.00   │ net30977                                                        │ _078575_/A1                │ met3  │
│ 1.02  │ 407.84  │ 400.00   │ net5129                                                         │ _075970_/A1                │ met1  │
│ 1.02  │ 2832.38 │ 2778.20  │ _056023_                                                        │ _114971_/B                 │ met4  │
│ 1.02  │ 407.67  │ 400.00   │ net24229                                                        │ _086351_/B                 │ met1  │
│ 1.02  │ 407.39  │ 400.00   │ net21264                                                        │ wire21263/A                │ met1  │
│ 1.02  │ 407.38  │ 400.00   │ net31502                                                        │ _072439_/A3                │ met3  │
│ 1.02  │ 407.38  │ 400.00   │ net31502                                                        │ wire6569/A                 │ met3  │
│ 1.02  │ 407.36  │ 400.00   │ net1661                                                         │ _064344_/B2                │ met1  │
│ 1.02  │ 406.97  │ 400.00   │ net27765                                                        │ _106691_/A2_N              │ met1  │
│ 1.02  │ 3367.87 │ 3312.80  │ net7929                                                         │ _076750_/A                 │ met4  │
│ 1.02  │ 2823.75 │ 2778.20  │ _021826_                                                        │ _073161_/B                 │ met4  │
│ 1.02  │ 406.51  │ 400.00   │ net7661                                                         │ _077253_/A2                │ met1  │
│ 1.02  │ 406.46  │ 400.00   │ net20747                                                        │ wire20746/A                │ met1  │
│ 1.02  │ 406.41  │ 400.00   │ _020232_                                                        │ _077687_/A3                │ met1  │
│ 1.02  │ 3365.13 │ 3312.80  │ net3491                                                         │ _076345_/A2_N              │ met3  │
│ 1.02  │ 406.08  │ 400.00   │ _052661_                                                        │ _109746_/B                 │ met1  │
│ 1.01  │ 405.95  │ 400.00   │ net10878                                                        │ _072710_/A1                │ met3  │
│ 1.01  │ 405.89  │ 400.00   │ net21290                                                        │ wire21289/A                │ met1  │
│ 1.01  │ 2995.78 │ 2956.40  │ _026595_                                                        │ _078103_/B1                │ met3  │
│ 1.01  │ 405.17  │ 400.00   │ net29028                                                        │ _074674_/A1                │ met1  │
│ 1.01  │ 404.62  │ 400.00   │ net31855                                                        │ _074605_/A2                │ met3  │
│ 1.01  │ 404.53  │ 400.00   │ _020540_                                                        │ _071871_/B1                │ met3  │
│ 1.01  │ 403.58  │ 400.00   │ net4009                                                         │ _118287_/A1                │ met1  │
│ 1.01  │ 3701.46 │ 3669.20  │ net32071                                                        │ _078377_/C1                │ met4  │
│ 1.01  │ 403.47  │ 400.00   │ net21526                                                        │ _114270_/A3                │ met1  │
│ 1.01  │ 403.33  │ 400.00   │ net31560                                                        │ _077382_/B1                │ met3  │
│ 1.01  │ 3698.73 │ 3669.20  │ net32286                                                        │ wire5231/A                 │ met4  │
│ 1.01  │ 402.98  │ 400.00   │ net31124                                                        │ _070983_/B                 │ met3  │
│ 1.01  │ 402.87  │ 400.00   │ yz_bram_ctrl_inst.yz_ram.u_mem.u_mem.g_2k[2\].u_cell.rdata[12\] │ _064789_/A2                │ met3  │
│ 1.01  │ 402.86  │ 400.00   │ net761                                                          │ _063090_/B                 │ met1  │
│ 1.01  │ 2797.59 │ 2778.20  │ _024993_                                                        │ _076346_/B                 │ met3  │
│ 1.01  │ 3693.19 │ 3669.20  │ net32523                                                        │ wire16312/A                │ met4  │
│ 1.01  │ 402.31  │ 400.00   │ _026195_                                                        │ _077550_/B                 │ met1  │
│ 1.00  │ 401.75  │ 400.00   │ net20855                                                        │ _064768_/A0                │ met1  │
│ 1.00  │ 3325.89 │ 3312.80  │ net1947                                                         │ _077596_/A3                │ met3  │
│ 1.00  │ 401.55  │ 400.00   │ _019857_                                                        │ _071254_/B1                │ met3  │
│ 1.00  │ 2788.95 │ 2778.20  │ _024852_                                                        │ _076199_/A                 │ met3  │
│ 1.00  │ 401.49  │ 400.00   │ net11432                                                        │ wire11431/A                │ met3  │
│ 1.00  │ 401.48  │ 400.00   │ _019233_                                                        │ wire31338/A                │ met3  │
│ 1.00  │ 400.97  │ 400.00   │ net10916                                                        │ wire10915/A                │ met3  │
│ 1.00  │ 400.88  │ 400.00   │ clknet_2_2_0_clk_i_regs                                         │ clkbuf_2_2_1_clk_i_regs/A  │ met3  │
│ 1.00  │ 2783.37 │ 2778.20  │ _025313_                                                        │ _076662_/B                 │ met3  │
│ 1.00  │ 400.53  │ 400.00   │ net1570                                                         │ wire1569/A                 │ met1  │
└───────┴─────────┴──────────┴─────────────────────────────────────────────────────────────────┴────────────────────────────┴───────┘
