
===========================================================================
report_checks -unconstrained
===========================================================================
======================= max_tt_025C_1v80 Corner ===================================

Startpoint: _129115_ (rising edge-triggered flip-flop clocked by clk_i)
Endpoint: _128963_ (recovery check against rising-edge clock clk_i)
Path Group: asynchronous
Path Type: max

Fanout         Cap        Slew       Delay        Time   Description
---------------------------------------------------------------------------------------------
                                  0.000000    0.000000   clock clk_i (rise edge)
                                  0.000000    0.000000   clock source latency
     1    0.045506    0.064522    0.049478    0.049478 ^ clk_i (in)
                                                         clk_i (net)
                      0.065780    0.000000    0.049478 ^ wire30560/A (sky130_fd_sc_hd__buf_12)
     1    0.082941    0.103858    0.150643    0.200121 ^ wire30560/X (sky130_fd_sc_hd__buf_12)
                                                         net30560 (net)
                      0.113303    0.025181    0.225303 ^ wire30559/A (sky130_fd_sc_hd__buf_12)
     1    0.077988    0.098980    0.168399    0.393702 ^ wire30559/X (sky130_fd_sc_hd__buf_12)
                                                         net30559 (net)
                      0.101891    0.014038    0.407740 ^ wire30558/A (sky130_fd_sc_hd__buf_12)
     2    0.103395    0.126933    0.177389    0.585129 ^ wire30558/X (sky130_fd_sc_hd__buf_12)
                                                         net30558 (net)
                      0.135604    0.027051    0.612180 ^ wire30557/A (sky130_fd_sc_hd__buf_12)
     1    0.051216    0.070631    0.153829    0.766009 ^ wire30557/X (sky130_fd_sc_hd__buf_12)
                                                         net30557 (net)
                      0.072418    0.009198    0.775207 ^ wire30556/A (sky130_fd_sc_hd__buf_12)
     1    0.069267    0.089147    0.150743    0.925951 ^ wire30556/X (sky130_fd_sc_hd__buf_12)
                                                         net30556 (net)
                      0.091887    0.012913    0.938863 ^ wire30555/A (sky130_fd_sc_hd__buf_12)
     1    0.074890    0.095518    0.159806    1.098669 ^ wire30555/X (sky130_fd_sc_hd__buf_12)
                                                         net30555 (net)
                      0.098874    0.014780    1.113450 ^ clkbuf_regs_0_clk_i/A (sky130_fd_sc_hd__clkbuf_16)
     1    0.009602    0.033057    0.141960    1.255410 ^ clkbuf_regs_0_clk_i/X (sky130_fd_sc_hd__clkbuf_16)
                                                         clk_i_regs (net)
                      0.033061    0.000837    1.256246 ^ clkbuf_0_clk_i_regs/A (sky130_fd_sc_hd__clkbuf_16)
     2    0.119745    0.133064    0.201712    1.457959 ^ clkbuf_0_clk_i_regs/X (sky130_fd_sc_hd__clkbuf_16)
                                                         clknet_0_clk_i_regs (net)
                      0.133932    0.009003    1.466962 ^ clkbuf_1_1_0_clk_i_regs/A (sky130_fd_sc_hd__clkbuf_8)
     1    0.128683    0.225738    0.300126    1.767088 ^ clkbuf_1_1_0_clk_i_regs/X (sky130_fd_sc_hd__clkbuf_8)
                                                         clknet_1_1_0_clk_i_regs (net)
                      0.227041    0.014610    1.781698 ^ clkbuf_1_1_1_clk_i_regs/A (sky130_fd_sc_hd__clkbuf_8)
     2    0.126656    0.221770    0.328719    2.110416 ^ clkbuf_1_1_1_clk_i_regs/X (sky130_fd_sc_hd__clkbuf_8)
                                                         clknet_1_1_1_clk_i_regs (net)
                      0.223066    0.014460    2.124876 ^ clkbuf_2_3_0_clk_i_regs/A (sky130_fd_sc_hd__clkbuf_8)
     1    0.070435    0.131839    0.262793    2.387669 ^ clkbuf_2_3_0_clk_i_regs/X (sky130_fd_sc_hd__clkbuf_8)
                                                         clknet_2_3_0_clk_i_regs (net)
                      0.132643    0.008324    2.395993 ^ clkbuf_2_3_1_clk_i_regs/A (sky130_fd_sc_hd__clkbuf_8)
     2    0.109565    0.194528    0.275512    2.671505 ^ clkbuf_2_3_1_clk_i_regs/X (sky130_fd_sc_hd__clkbuf_8)
                                                         clknet_2_3_1_clk_i_regs (net)
                      0.196756    0.017549    2.689054 ^ clkbuf_3_6_0_clk_i_regs/A (sky130_fd_sc_hd__clkbuf_8)
     2    0.076374    0.139479    0.261329    2.950383 ^ clkbuf_3_6_0_clk_i_regs/X (sky130_fd_sc_hd__clkbuf_8)
                                                         clknet_3_6_0_clk_i_regs (net)
                      0.140736    0.011111    2.961493 ^ clkbuf_4_13_0_clk_i_regs/A (sky130_fd_sc_hd__clkbuf_8)
     2    0.125793    0.222151    0.291989    3.253482 ^ clkbuf_4_13_0_clk_i_regs/X (sky130_fd_sc_hd__clkbuf_8)
                                                         clknet_4_13_0_clk_i_regs (net)
                      0.225942    0.024387    3.277870 ^ clkbuf_5_26_0_clk_i_regs/A (sky130_fd_sc_hd__clkbuf_8)
     2    0.065888    0.124768    0.257379    3.535248 ^ clkbuf_5_26_0_clk_i_regs/X (sky130_fd_sc_hd__clkbuf_8)
                                                         clknet_5_26_0_clk_i_regs (net)
                      0.125620    0.008745    3.543993 ^ clkbuf_6_53__f_clk_i_regs/A (sky130_fd_sc_hd__clkbuf_16)
     5    0.138795    0.152424    0.242145    3.786138 ^ clkbuf_6_53__f_clk_i_regs/X (sky130_fd_sc_hd__clkbuf_16)
                                                         clknet_6_53__leaf_clk_i_regs (net)
                      0.160701    0.029101    3.815239 ^ clkbuf_leaf_118_clk_i_regs/A (sky130_fd_sc_hd__clkbuf_8)
     3    0.025160    0.059628    0.188082    4.003321 ^ clkbuf_leaf_118_clk_i_regs/X (sky130_fd_sc_hd__clkbuf_8)
                                                         clknet_leaf_118_clk_i_regs (net)
                      0.059629    0.000389    4.003709 ^ _129115_/CLK (sky130_fd_sc_hd__dfrtp_4)
     2    0.048786    0.164811    0.522897    4.526607 ^ _129115_/Q (sky130_fd_sc_hd__dfrtp_4)
                                                         rst_sync_q[1] (net)
                      0.166278    0.012674    4.539281 ^ wire49331/A (sky130_fd_sc_hd__buf_4)
     1    0.035765    0.107222    0.205249    4.744530 ^ wire49331/X (sky130_fd_sc_hd__buf_4)
                                                         net49331 (net)
                      0.108139    0.008338    4.752868 ^ wire49330/A (sky130_fd_sc_hd__clkbuf_4)
     1    0.022496    0.079987    0.192010    4.944879 ^ wire49330/X (sky130_fd_sc_hd__clkbuf_4)
                                                         net49330 (net)
                      0.080285    0.003538    4.948417 ^ wire49329/A (sky130_fd_sc_hd__clkbuf_8)
     1    0.042142    0.086144    0.176571    5.124988 ^ wire49329/X (sky130_fd_sc_hd__clkbuf_8)
                                                         net49329 (net)
                      0.087774    0.009800    5.134788 ^ wire49328/A (sky130_fd_sc_hd__buf_4)
     1    0.030566    0.093152    0.171021    5.305809 ^ wire49328/X (sky130_fd_sc_hd__buf_4)
                                                         net49328 (net)
                      0.093401    0.004068    5.309877 ^ wire25716/A (sky130_fd_sc_hd__buf_12)
     1    0.017978    0.036749    0.116206    5.426083 ^ wire25716/X (sky130_fd_sc_hd__buf_12)
                                                         net25716 (net)
                      0.036861    0.002430    5.428513 ^ wire48923/A (sky130_fd_sc_hd__clkbuf_4)
     1    0.016985    0.064606    0.152488    5.581001 ^ wire48923/X (sky130_fd_sc_hd__clkbuf_4)
                                                         net48923 (net)
                      0.064764    0.002208    5.583210 ^ wire48922/A (sky130_fd_sc_hd__buf_4)
     1    0.029936    0.091443    0.160537    5.743747 ^ wire48922/X (sky130_fd_sc_hd__buf_4)
                                                         net48922 (net)
                      0.091974    0.005834    5.749581 ^ wire48921/A (sky130_fd_sc_hd__buf_6)
     1    0.036076    0.080314    0.147720    5.897302 ^ wire48921/X (sky130_fd_sc_hd__buf_6)
                                                         net48921 (net)
                      0.081412    0.007784    5.905085 ^ wire25715/A (sky130_fd_sc_hd__buf_12)
     2    0.016138    0.034802    0.111577    6.016662 ^ wire25715/X (sky130_fd_sc_hd__buf_12)
                                                         net25715 (net)
                      0.034828    0.001683    6.018345 ^ wire48403/A (sky130_fd_sc_hd__buf_6)
     1    0.038581    0.084984    0.130645    6.148990 ^ wire48403/X (sky130_fd_sc_hd__buf_6)
                                                         net48403 (net)
                      0.085847    0.007163    6.156153 ^ wire48402/A (sky130_fd_sc_hd__buf_4)
     2    0.037524    0.111356    0.182376    6.338530 ^ wire48402/X (sky130_fd_sc_hd__buf_4)
                                                         net48402 (net)
                      0.111586    0.004362    6.342892 ^ max_length48401/A (sky130_fd_sc_hd__buf_6)
     1    0.040666    0.089014    0.160251    6.503143 ^ max_length48401/X (sky130_fd_sc_hd__buf_6)
                                                         net48401 (net)
                      0.090244    0.008737    6.511879 ^ fanout25418/A (sky130_fd_sc_hd__buf_1)
     2    0.012021    0.148030    0.174773    6.686652 ^ fanout25418/X (sky130_fd_sc_hd__buf_1)
                                                         net25418 (net)
                      0.148039    0.000994    6.687646 ^ wire25438/A (sky130_fd_sc_hd__buf_4)
     2    0.036888    0.109962    0.202972    6.890619 ^ wire25438/X (sky130_fd_sc_hd__buf_4)
                                                         net25438 (net)
                      0.110597    0.007053    6.897672 ^ wire25437/A (sky130_fd_sc_hd__buf_4)
     2    0.031003    0.094328    0.179958    7.077630 ^ wire25437/X (sky130_fd_sc_hd__buf_4)
                                                         net25437 (net)
                      0.094750    0.005323    7.082953 ^ wire25433/A (sky130_fd_sc_hd__buf_4)
     1    0.027731    0.085758    0.167963    7.250916 ^ wire25433/X (sky130_fd_sc_hd__buf_4)
                                                         net25433 (net)
                      0.086052    0.004222    7.255138 ^ wire25432/A (sky130_fd_sc_hd__buf_4)
     2    0.027653    0.085542    0.164903    7.420042 ^ wire25432/X (sky130_fd_sc_hd__buf_4)
                                                         net25432 (net)
                      0.085778    0.003784    7.423825 ^ wire25431/A (sky130_fd_sc_hd__buf_4)
     1    0.028099    0.086712    0.165278    7.589103 ^ wire25431/X (sky130_fd_sc_hd__buf_4)
                                                         net25431 (net)
                      0.087078    0.004728    7.593831 ^ wire25430/A (sky130_fd_sc_hd__buf_4)
     2    0.030722    0.093564    0.170766    7.764596 ^ wire25430/X (sky130_fd_sc_hd__buf_4)
                                                         net25430 (net)
                      0.093854    0.004406    7.769002 ^ fanout25248/A (sky130_fd_sc_hd__buf_1)
     3    0.013547    0.165508    0.188704    7.957707 ^ fanout25248/X (sky130_fd_sc_hd__buf_1)
                                                         net25248 (net)
                      0.165509    0.000400    7.958107 ^ load_slew25254/A (sky130_fd_sc_hd__clkbuf_4)
     1    0.025934    0.090109    0.219904    8.178011 ^ load_slew25254/X (sky130_fd_sc_hd__clkbuf_4)
                                                         net25254 (net)
                      0.090472    0.004302    8.182313 ^ wire25253/A (sky130_fd_sc_hd__buf_4)
     1    0.030320    0.092079    0.172320    8.354632 ^ wire25253/X (sky130_fd_sc_hd__buf_4)
                                                         net25253 (net)
                      0.092222    0.002616    8.357248 ^ fanout25156/A (sky130_fd_sc_hd__buf_1)
     2    0.007859    0.100535    0.140729    8.497977 ^ fanout25156/X (sky130_fd_sc_hd__buf_1)
                                                         net25156 (net)
                      0.100536    0.000513    8.498491 ^ wire25162/A (sky130_fd_sc_hd__buf_4)
     3    0.042517    0.124442    0.197209    8.695701 ^ wire25162/X (sky130_fd_sc_hd__buf_4)
                                                         net25162 (net)
                      0.124699    0.004904    8.700604 ^ load_slew25161/A (sky130_fd_sc_hd__clkbuf_4)
     1    0.028901    0.097498    0.212459    8.913062 ^ load_slew25161/X (sky130_fd_sc_hd__clkbuf_4)
                                                         net25161 (net)
                      0.097588    0.002799    8.915861 ^ wire25160/A (sky130_fd_sc_hd__buf_4)
     4    0.042336    0.123961    0.197368    9.113230 ^ wire25160/X (sky130_fd_sc_hd__buf_4)
                                                         net25160 (net)
                      0.124292    0.005476    9.118705 ^ wire25157/A (sky130_fd_sc_hd__buf_4)
     4    0.043246    0.126351    0.208762    9.327467 ^ wire25157/X (sky130_fd_sc_hd__buf_4)
                                                         net25157 (net)
                      0.126957    0.007422    9.334888 ^ fanout25070/A (sky130_fd_sc_hd__buf_1)
     3    0.032457    0.381533    0.353705    9.688593 ^ fanout25070/X (sky130_fd_sc_hd__buf_1)
                                                         net25070 (net)
                      0.381552    0.002371    9.690965 ^ fanout25049/A (sky130_fd_sc_hd__buf_1)
     2    0.009742    0.122898    0.196022    9.886987 ^ fanout25049/X (sky130_fd_sc_hd__buf_1)
                                                         net25049 (net)
                      0.122898    0.000616    9.887603 ^ fanout25044/A (sky130_fd_sc_hd__buf_1)
     7    0.033461    0.393139    0.361030   10.248633 ^ fanout25044/X (sky130_fd_sc_hd__buf_1)
                                                         net25044 (net)
                      0.393149    0.001766   10.250399 ^ load_slew25048/A (sky130_fd_sc_hd__clkbuf_2)
     5    0.027780    0.156771    0.282807   10.533206 ^ load_slew25048/X (sky130_fd_sc_hd__clkbuf_2)
                                                         net25048 (net)
                      0.156813    0.002628   10.535834 ^ load_slew25045/A (sky130_fd_sc_hd__clkbuf_4)
     5    0.031078    0.103852    0.228199   10.764032 ^ load_slew25045/X (sky130_fd_sc_hd__clkbuf_4)
                                                         net25045 (net)
                      0.103943    0.002944   10.766977 ^ fanout25039/A (sky130_fd_sc_hd__buf_1)
     3    0.011534    0.142447    0.174662   10.941639 ^ fanout25039/X (sky130_fd_sc_hd__buf_1)
                                                         net25039 (net)
                      0.142494    0.000655   10.942294 ^ load_slew25042/A (sky130_fd_sc_hd__clkbuf_4)
     7    0.038477    0.124236    0.239144   11.181438 ^ load_slew25042/X (sky130_fd_sc_hd__clkbuf_4)
                                                         net25042 (net)
                      0.124309    0.002927   11.184366 ^ load_slew25041/A (sky130_fd_sc_hd__buf_2)
     6    0.028815    0.144800    0.218368   11.402734 ^ load_slew25041/X (sky130_fd_sc_hd__buf_2)
                                                         net25041 (net)
                      0.144920    0.002782   11.405516 ^ load_slew25040/A (sky130_fd_sc_hd__clkbuf_4)
     7    0.036432    0.119155    0.234733   11.640249 ^ load_slew25040/X (sky130_fd_sc_hd__clkbuf_4)
                                                         net25040 (net)
                      0.119436    0.004380   11.644629 ^ _128963_/RESET_B (sky130_fd_sc_hd__dfrtp_4)
                                             11.644629   data arrival time

                                 35.714283   35.714283   clock clk_i (rise edge)
                                  0.000000   35.714283   clock source latency
     1    0.045506    0.064522    0.044764   35.759048 ^ clk_i (in)
                                                         clk_i (net)
                      0.065780    0.000000   35.759048 ^ wire30560/A (sky130_fd_sc_hd__buf_12)
     1    0.082941    0.103858    0.136296   35.895344 ^ wire30560/X (sky130_fd_sc_hd__buf_12)
                                                         net30560 (net)
                      0.113303    0.022784   35.918129 ^ wire30559/A (sky130_fd_sc_hd__buf_12)
     1    0.077988    0.098980    0.152362   36.070488 ^ wire30559/X (sky130_fd_sc_hd__buf_12)
                                                         net30559 (net)
                      0.101891    0.012701   36.083191 ^ wire30558/A (sky130_fd_sc_hd__buf_12)
     2    0.103395    0.126933    0.160497   36.243687 ^ wire30558/X (sky130_fd_sc_hd__buf_12)
                                                         net30558 (net)
                      0.135604    0.024471   36.268158 ^ wire30557/A (sky130_fd_sc_hd__buf_12)
     1    0.051216    0.070631    0.139181   36.407341 ^ wire30557/X (sky130_fd_sc_hd__buf_12)
                                                         net30557 (net)
                      0.072418    0.008320   36.415661 ^ wire30556/A (sky130_fd_sc_hd__buf_12)
     1    0.069267    0.089147    0.136389   36.552048 ^ wire30556/X (sky130_fd_sc_hd__buf_12)
                                                         net30556 (net)
                      0.091887    0.011681   36.563732 ^ wire30555/A (sky130_fd_sc_hd__buf_12)
     1    0.074890    0.095518    0.144588   36.708321 ^ wire30555/X (sky130_fd_sc_hd__buf_12)
                                                         net30555 (net)
                      0.098874    0.013372   36.721691 ^ clkbuf_regs_0_clk_i/A (sky130_fd_sc_hd__clkbuf_16)
     1    0.009602    0.033057    0.128438   36.850128 ^ clkbuf_regs_0_clk_i/X (sky130_fd_sc_hd__clkbuf_16)
                                                         clk_i_regs (net)
                      0.033061    0.000760   36.850891 ^ clkbuf_0_clk_i_regs/A (sky130_fd_sc_hd__clkbuf_16)
     2    0.119745    0.133064    0.182499   37.033390 ^ clkbuf_0_clk_i_regs/X (sky130_fd_sc_hd__clkbuf_16)
                                                         clknet_0_clk_i_regs (net)
                      0.133764    0.007340   37.040730 ^ clkbuf_1_0_0_clk_i_regs/A (sky130_fd_sc_hd__clkbuf_8)
     1    0.074920    0.137919    0.206779   37.247509 ^ clkbuf_1_0_0_clk_i_regs/X (sky130_fd_sc_hd__clkbuf_8)
                                                         clknet_1_0_0_clk_i_regs (net)
                      0.145507    0.023860   37.271366 ^ clkbuf_1_0_1_clk_i_regs/A (sky130_fd_sc_hd__clkbuf_8)
     2    0.102607    0.183845    0.241343   37.512711 ^ clkbuf_1_0_1_clk_i_regs/X (sky130_fd_sc_hd__clkbuf_8)
                                                         clknet_1_0_1_clk_i_regs (net)
                      0.187305    0.019114   37.531822 ^ clkbuf_2_1_0_clk_i_regs/A (sky130_fd_sc_hd__clkbuf_8)
     1    0.097245    0.174626    0.251834   37.783657 ^ clkbuf_2_1_0_clk_i_regs/X (sky130_fd_sc_hd__clkbuf_8)
                                                         clknet_2_1_0_clk_i_regs (net)
                      0.177067    0.015696   37.799355 ^ clkbuf_2_1_1_clk_i_regs/A (sky130_fd_sc_hd__clkbuf_8)
     2    0.119339    0.209715    0.276266   38.075619 ^ clkbuf_2_1_1_clk_i_regs/X (sky130_fd_sc_hd__clkbuf_8)
                                                         clknet_2_1_1_clk_i_regs (net)
                      0.210484    0.009834   38.085453 ^ clkbuf_3_3_0_clk_i_regs/A (sky130_fd_sc_hd__clkbuf_8)
     2    0.111192    0.196469    0.278344   38.363800 ^ clkbuf_3_3_0_clk_i_regs/X (sky130_fd_sc_hd__clkbuf_8)
                                                         clknet_3_3_0_clk_i_regs (net)
                      0.197192    0.009202   38.373001 ^ clkbuf_4_7_0_clk_i_regs/A (sky130_fd_sc_hd__clkbuf_8)
     2    0.077321    0.140922    0.238575   38.611576 ^ clkbuf_4_7_0_clk_i_regs/X (sky130_fd_sc_hd__clkbuf_8)
                                                         clknet_4_7_0_clk_i_regs (net)
                      0.141267    0.004789   38.616364 ^ clkbuf_5_14_0_clk_i_regs/A (sky130_fd_sc_hd__clkbuf_8)
     2    0.077084    0.140337    0.221444   38.837811 ^ clkbuf_5_14_0_clk_i_regs/X (sky130_fd_sc_hd__clkbuf_8)
                                                         clknet_5_14_0_clk_i_regs (net)
                      0.141021    0.007478   38.845287 ^ clkbuf_6_28__f_clk_i_regs/A (sky130_fd_sc_hd__clkbuf_16)
     8    0.121064    0.135451    0.212275   39.057560 ^ clkbuf_6_28__f_clk_i_regs/X (sky130_fd_sc_hd__clkbuf_16)
                                                         clknet_6_28__leaf_clk_i_regs (net)
                      0.137939    0.013731   39.071293 ^ clkbuf_leaf_57_clk_i_regs/A (sky130_fd_sc_hd__clkbuf_8)
    17    0.064147    0.120912    0.206661   39.277954 ^ clkbuf_leaf_57_clk_i_regs/X (sky130_fd_sc_hd__clkbuf_8)
                                                         clknet_leaf_57_clk_i_regs (net)
                      0.121018    0.001819   39.279774 ^ _128963_/CLK (sky130_fd_sc_hd__dfrtp_4)
                                 -0.250000   39.029774   clock uncertainty
                                  0.138853   39.168625   clock reconvergence pessimism
                                  0.216861   39.385487   library recovery time
                                             39.385487   data required time
---------------------------------------------------------------------------------------------
                                             39.385487   data required time
                                            -11.644629   data arrival time
---------------------------------------------------------------------------------------------
                                             27.740860   slack (MET)


Startpoint: data_bram_ctrl_inst.data_ram.u_mem.g_2k[0].u_cell.u_sram
            (falling edge-triggered flip-flop clocked by clk_i)
Endpoint: _127885_ (rising edge-triggered flip-flop clocked by clk_i)
Path Group: clk_i
Path Type: max

Fanout         Cap        Slew       Delay        Time   Description
---------------------------------------------------------------------------------------------
                                 17.857141   17.857141   clock clk_i (fall edge)
                                  0.000000   17.857141   clock source latency
     1    0.044634    0.048639    0.041039   17.898182 v clk_i (in)
                                                         clk_i (net)
                      0.050113    0.000000   17.898182 v wire30560/A (sky130_fd_sc_hd__buf_12)
     1    0.082069    0.054061    0.154754   18.052937 v wire30560/X (sky130_fd_sc_hd__buf_12)
                                                         net30560 (net)
                      0.070473    0.023437   18.076372 v wire30559/A (sky130_fd_sc_hd__buf_12)
     1    0.077116    0.053337    0.168036   18.244410 v wire30559/X (sky130_fd_sc_hd__buf_12)
                                                         net30559 (net)
                      0.058429    0.013404   18.257814 v wire30558/A (sky130_fd_sc_hd__buf_12)
     2    0.101529    0.064732    0.164775   18.422588 v wire30558/X (sky130_fd_sc_hd__buf_12)
                                                         net30558 (net)
                      0.072044    0.016859   18.439447 v delaybuf_0_clk_i/A (sky130_fd_sc_hd__clkbuf_16)
     1    0.047531    0.050978    0.182256   18.621704 v delaybuf_0_clk_i/X (sky130_fd_sc_hd__clkbuf_16)
                                                         delaynet_0_clk_i (net)
                      0.053426    0.008971   18.630674 v wire30601/A (sky130_fd_sc_hd__buf_8)
     1    0.046629    0.050076    0.151065   18.781740 v wire30601/X (sky130_fd_sc_hd__buf_8)
                                                         net30601 (net)
                      0.051297    0.006397   18.788136 v wire30600/A (sky130_fd_sc_hd__buf_12)
     1    0.071132    0.050569    0.154888   18.943024 v wire30600/X (sky130_fd_sc_hd__buf_12)
                                                         net30600 (net)
                      0.059039    0.016573   18.959597 v wire30599/A (sky130_fd_sc_hd__buf_12)
     1    0.101336    0.064298    0.169832   19.129429 v wire30599/X (sky130_fd_sc_hd__buf_12)
                                                         net30599 (net)
                      0.072579    0.018751   19.148180 v clkbuf_0_clk_i/A (sky130_fd_sc_hd__clkbuf_16)
     2    0.141119    0.102172    0.230649   19.378830 v clkbuf_0_clk_i/X (sky130_fd_sc_hd__clkbuf_16)
                                                         clknet_0_clk_i (net)
                      0.103769    0.010582   19.389412 v clkbuf_1_1_0_clk_i/A (sky130_fd_sc_hd__clkbuf_8)
     1    0.120164    0.132852    0.256682   19.646093 v clkbuf_1_1_0_clk_i/X (sky130_fd_sc_hd__clkbuf_8)
                                                         clknet_1_1_0_clk_i (net)
                      0.136589    0.018540   19.664633 v clkbuf_1_1_1_clk_i/A (sky130_fd_sc_hd__clkbuf_8)
     1    0.090312    0.103547    0.254742   19.919374 v clkbuf_1_1_1_clk_i/X (sky130_fd_sc_hd__clkbuf_8)
                                                         clknet_1_1_1_clk_i (net)
                      0.104776    0.009146   19.928522 v wire30595/A (sky130_fd_sc_hd__buf_12)
     2    0.095214    0.061856    0.191173   20.119696 v wire30595/X (sky130_fd_sc_hd__buf_12)
                                                         net30595 (net)
                      0.065739    0.012697   20.132393 v wire30593/A (sky130_fd_sc_hd__buf_12)
     2    0.094554    0.061643    0.171468   20.303860 v wire30593/X (sky130_fd_sc_hd__buf_12)
                                                         net30593 (net)
                      0.063952    0.009649   20.313509 v max_length30592/A (sky130_fd_sc_hd__buf_12)
     1    0.059212    0.043327    0.155076   20.468586 v max_length30592/X (sky130_fd_sc_hd__buf_12)
                                                         net30592 (net)
                      0.055918    0.019083   20.487669 v wire30591/A (sky130_fd_sc_hd__buf_8)
     1    0.065621    0.058773    0.161478   20.649147 v wire30591/X (sky130_fd_sc_hd__buf_8)
                                                         net30591 (net)
                      0.061391    0.010077   20.659224 v wire30590/A (sky130_fd_sc_hd__buf_12)
     1    0.073926    0.048211    0.158613   20.817837 v wire30590/X (sky130_fd_sc_hd__buf_12)
                                                         net30590 (net)
                      0.070546    0.027136   20.844973 v clkbuf_leaf_5_clk_i/A (sky130_fd_sc_hd__clkbuf_8)
     3    0.083961    0.097670    0.217472   21.062445 v clkbuf_leaf_5_clk_i/X (sky130_fd_sc_hd__clkbuf_8)
                                                         clknet_leaf_5_clk_i (net)
                      0.132832    0.011481   21.073925 v data_bram_ctrl_inst.data_ram.u_mem.g_2k[0].u_cell.u_sram/clk1 (sky130_sram_2kbyte_1rw1r_32x512_8)
     1    0.019446    0.011682    0.507226   21.581152 v data_bram_ctrl_inst.data_ram.u_mem.g_2k[0].u_cell.u_sram/dout1[0] (sky130_sram_2kbyte_1rw1r_32x512_8)
                                                         data_bram_ctrl_inst.data_ram.u_mem.g_2k[0].u_cell.rdata[0] (net)
                      0.008761    0.002043   21.583195 v wire23973/A (sky130_fd_sc_hd__buf_2)
     1    0.020482    0.060532    0.145159   21.728354 v wire23973/X (sky130_fd_sc_hd__buf_2)
                                                         net23973 (net)
                      0.060736    0.002730   21.731083 v wire23972/A (sky130_fd_sc_hd__buf_2)
     1    0.013818    0.046606    0.156147   21.887230 v wire23972/X (sky130_fd_sc_hd__buf_2)
                                                         net23972 (net)
                      0.046680    0.001688   21.888918 v wire23971/A (sky130_fd_sc_hd__buf_2)
     1    0.015617    0.050277    0.152879   22.041796 v wire23971/X (sky130_fd_sc_hd__buf_2)
                                                         net23971 (net)
                      0.050379    0.002068   22.043863 v wire23970/A (sky130_fd_sc_hd__buf_2)
     1    0.017639    0.054633    0.158288   22.202152 v wire23970/X (sky130_fd_sc_hd__buf_2)
                                                         net23970 (net)
                      0.054755    0.002363   22.204514 v wire23969/A (sky130_fd_sc_hd__buf_4)
     1    0.021393    0.045338    0.165320   22.369835 v wire23969/X (sky130_fd_sc_hd__buf_4)
                                                         net23969 (net)
                      0.045593    0.002901   22.372736 v wire23968/A (sky130_fd_sc_hd__buf_4)
     1    0.015244    0.039748    0.153275   22.526011 v wire23968/X (sky130_fd_sc_hd__buf_4)
                                                         net23968 (net)
                      0.039846    0.001799   22.527809 v wire23967/A (sky130_fd_sc_hd__buf_2)
     1    0.016899    0.052906    0.152273   22.680082 v wire23967/X (sky130_fd_sc_hd__buf_2)
                                                         net23967 (net)
                      0.053005    0.002110   22.682192 v wire23966/A (sky130_fd_sc_hd__buf_2)
     1    0.017702    0.054749    0.159606   22.841799 v wire23966/X (sky130_fd_sc_hd__buf_2)
                                                         net23966 (net)
                      0.054876    0.002412   22.844212 v wire23965/A (sky130_fd_sc_hd__buf_2)
     1    0.017604    0.054300    0.160490   23.004702 v wire23965/X (sky130_fd_sc_hd__buf_2)
                                                         net23965 (net)
                      0.054401    0.002149   23.006851 v wire23964/A (sky130_fd_sc_hd__buf_4)
     1    0.019866    0.043746    0.163377   23.170227 v wire23964/X (sky130_fd_sc_hd__buf_4)
                                                         net23964 (net)
                      0.044121    0.002935   23.173162 v wire23963/A (sky130_fd_sc_hd__buf_4)
     1    0.018385    0.041991    0.157263   23.330425 v wire23963/X (sky130_fd_sc_hd__buf_4)
                                                         net23963 (net)
                      0.042246    0.002304   23.332729 v wire23962/A (sky130_fd_sc_hd__buf_2)
     1    0.018528    0.056516    0.156291   23.489019 v wire23962/X (sky130_fd_sc_hd__buf_2)
                                                         net23962 (net)
                      0.056648    0.002496   23.491516 v wire23961/A (sky130_fd_sc_hd__buf_4)
     1    0.016437    0.040228    0.160359   23.651875 v wire23961/X (sky130_fd_sc_hd__buf_4)
                                                         net23961 (net)
                      0.040376    0.002053   23.653927 v wire23960/A (sky130_fd_sc_hd__buf_2)
     1    0.018964    0.057430    0.156312   23.810240 v wire23960/X (sky130_fd_sc_hd__buf_2)
                                                         net23960 (net)
                      0.057548    0.002386   23.812626 v wire23959/A (sky130_fd_sc_hd__buf_4)
     1    0.014528    0.038553    0.157794   23.970419 v wire23959/X (sky130_fd_sc_hd__buf_4)
                                                         net23959 (net)
                      0.038630    0.001586   23.972006 v wire23958/A (sky130_fd_sc_hd__buf_2)
     1    0.021240    0.061954    0.159863   24.131868 v wire23958/X (sky130_fd_sc_hd__buf_2)
                                                         net23958 (net)
                      0.062101    0.002768   24.134636 v wire23957/A (sky130_fd_sc_hd__clkbuf_4)
     1    0.020737    0.055920    0.177293   24.311930 v wire23957/X (sky130_fd_sc_hd__clkbuf_4)
                                                         net23957 (net)
                      0.056041    0.002375   24.314304 v wire23956/A (sky130_fd_sc_hd__buf_2)
     1    0.019670    0.058595    0.164897   24.479202 v wire23956/X (sky130_fd_sc_hd__buf_2)
                                                         net23956 (net)
                      0.058715    0.002428   24.481630 v wire23955/A (sky130_fd_sc_hd__buf_2)
     1    0.022216    0.064262    0.170814   24.652445 v wire23955/X (sky130_fd_sc_hd__buf_2)
                                                         net23955 (net)
                      0.064524    0.003221   24.655664 v wire23954/A (sky130_fd_sc_hd__buf_4)
     1    0.022826    0.046802    0.171658   24.827324 v wire23954/X (sky130_fd_sc_hd__buf_4)
                                                         net23954 (net)
                      0.047031    0.002904   24.830227 v wire23953/A (sky130_fd_sc_hd__buf_4)
     1    0.019683    0.043430    0.160099   24.990328 v wire23953/X (sky130_fd_sc_hd__buf_4)
                                                         net23953 (net)
                      0.043596    0.002263   24.992590 v wire23952/A (sky130_fd_sc_hd__buf_2)
     1    0.019123    0.057466    0.158293   25.150883 v wire23952/X (sky130_fd_sc_hd__buf_2)
                                                         net23952 (net)
                      0.057561    0.002165   25.153048 v wire23951/A (sky130_fd_sc_hd__buf_2)
     1    0.024269    0.068162    0.174760   25.327808 v wire23951/X (sky130_fd_sc_hd__buf_2)
                                                         net23951 (net)
                      0.068228    0.002006   25.329813 v wire23950/A (sky130_fd_sc_hd__clkbuf_4)
     1    0.027637    0.068253    0.190765   25.520578 v wire23950/X (sky130_fd_sc_hd__clkbuf_4)
                                                         net23950 (net)
                      0.068455    0.003359   25.523937 v wire23949/A (sky130_fd_sc_hd__buf_4)
     1    0.024034    0.048251    0.174314   25.698252 v wire23949/X (sky130_fd_sc_hd__buf_4)
                                                         net23949 (net)
                      0.048799    0.003922   25.702173 v wire23948/A (sky130_fd_sc_hd__buf_4)
     1    0.023379    0.047513    0.164306   25.866480 v wire23948/X (sky130_fd_sc_hd__buf_4)
                                                         net23948 (net)
                      0.048115    0.004084   25.870564 v wire23947/A (sky130_fd_sc_hd__buf_4)
     1    0.023062    0.047099    0.163997   26.034559 v wire23947/X (sky130_fd_sc_hd__buf_4)
                                                         net23947 (net)
                      0.047501    0.003345   26.037905 v wire23946/A (sky130_fd_sc_hd__buf_2)
     1    0.020868    0.061424    0.163109   26.201014 v wire23946/X (sky130_fd_sc_hd__buf_2)
                                                         net23946 (net)
                      0.061572    0.002752   26.203766 v wire23945/A (sky130_fd_sc_hd__clkbuf_4)
     1    0.023758    0.061129    0.181752   26.385517 v wire23945/X (sky130_fd_sc_hd__clkbuf_4)
                                                         net23945 (net)
                      0.061273    0.002716   26.388233 v wire23944/A (sky130_fd_sc_hd__clkbuf_4)
     1    0.017815    0.050982    0.172506   26.560738 v wire23944/X (sky130_fd_sc_hd__clkbuf_4)
                                                         net23944 (net)
                      0.051034    0.001494   26.562233 v wire23943/A (sky130_fd_sc_hd__clkbuf_4)
     1    0.021114    0.056574    0.172644   26.734877 v wire23943/X (sky130_fd_sc_hd__clkbuf_4)
                                                         net23943 (net)
                      0.056713    0.002556   26.737432 v wire23942/A (sky130_fd_sc_hd__buf_2)
     1    0.019887    0.059444    0.165150   26.902582 v wire23942/X (sky130_fd_sc_hd__buf_2)
                                                         net23942 (net)
                      0.059614    0.002899   26.905481 v wire23941/A (sky130_fd_sc_hd__buf_2)
     1    0.021170    0.062065    0.169250   27.074730 v wire23941/X (sky130_fd_sc_hd__buf_2)
                                                         net23941 (net)
                      0.062206    0.002704   27.077435 v wire23940/A (sky130_fd_sc_hd__buf_4)
     1    0.022736    0.046793    0.170235   27.247669 v wire23940/X (sky130_fd_sc_hd__buf_4)
                                                         net23940 (net)
                      0.047062    0.003119   27.250790 v wire23939/A (sky130_fd_sc_hd__buf_4)
     1    0.018247    0.041918    0.158350   27.409140 v wire23939/X (sky130_fd_sc_hd__buf_4)
                                                         net23939 (net)
                      0.042217    0.002681   27.411819 v wire23938/A (sky130_fd_sc_hd__buf_4)
     1    0.018398    0.041972    0.156410   27.568230 v wire23938/X (sky130_fd_sc_hd__buf_4)
                                                         net23938 (net)
                      0.042216    0.002405   27.570635 v wire23937/A (sky130_fd_sc_hd__buf_4)
     1    0.016007    0.040078    0.152948   27.723583 v wire23937/X (sky130_fd_sc_hd__buf_4)
                                                         net23937 (net)
                      0.040219    0.002149   27.725731 v _115053_/A0 (sky130_fd_sc_hd__mux4_2)
     1    0.026644    0.147375    0.574095   28.299828 v _115053_/X (sky130_fd_sc_hd__mux4_2)
                                                         _055811_ (net)
                      0.147491    0.003951   28.303778 v wire16036/A (sky130_fd_sc_hd__buf_8)
     1    0.030660    0.038620    0.184903   28.488680 v wire16036/X (sky130_fd_sc_hd__buf_8)
                                                         net16036 (net)
                      0.039612    0.004825   28.493505 v wire33281/A (sky130_fd_sc_hd__buf_4)
     1    0.030656    0.055909    0.167120   28.660625 v wire33281/X (sky130_fd_sc_hd__buf_4)
                                                         net33281 (net)
                      0.056910    0.006187   28.666813 v wire16035/A (sky130_fd_sc_hd__buf_8)
     1    0.037464    0.043887    0.144853   28.811665 v wire16035/X (sky130_fd_sc_hd__buf_8)
                                                         net16035 (net)
                      0.045923    0.007743   28.819408 v wire33054/A (sky130_fd_sc_hd__buf_4)
     1    0.034957    0.060763    0.175161   28.994570 v wire33054/X (sky130_fd_sc_hd__buf_4)
                                                         net33054 (net)
                      0.061583    0.005720   29.000290 v _115054_/A1 (sky130_fd_sc_hd__mux2_1)
     1    0.002150    0.051647    0.300817   29.301105 v _115054_/X (sky130_fd_sc_hd__mux2_1)
                                                         _007668_ (net)
                      0.051647    0.000163   29.301270 v _127885_/D (sky130_fd_sc_hd__dfrtp_2)
                                             29.301270   data arrival time

                                 35.714283   35.714283   clock clk_i (rise edge)
                                  0.000000   35.714283   clock source latency
     1    0.045506    0.064522    0.044764   35.759048 ^ clk_i (in)
                                                         clk_i (net)
                      0.065780    0.000000   35.759048 ^ wire30560/A (sky130_fd_sc_hd__buf_12)
     1    0.082941    0.103858    0.136296   35.895344 ^ wire30560/X (sky130_fd_sc_hd__buf_12)
                                                         net30560 (net)
                      0.113303    0.022784   35.918129 ^ wire30559/A (sky130_fd_sc_hd__buf_12)
     1    0.077988    0.098980    0.152362   36.070488 ^ wire30559/X (sky130_fd_sc_hd__buf_12)
                                                         net30559 (net)
                      0.101891    0.012701   36.083191 ^ wire30558/A (sky130_fd_sc_hd__buf_12)
     2    0.103395    0.126933    0.160497   36.243687 ^ wire30558/X (sky130_fd_sc_hd__buf_12)
                                                         net30558 (net)
                      0.135604    0.024471   36.268158 ^ wire30557/A (sky130_fd_sc_hd__buf_12)
     1    0.051216    0.070631    0.139181   36.407341 ^ wire30557/X (sky130_fd_sc_hd__buf_12)
                                                         net30557 (net)
                      0.072418    0.008320   36.415661 ^ wire30556/A (sky130_fd_sc_hd__buf_12)
     1    0.069267    0.089147    0.136389   36.552048 ^ wire30556/X (sky130_fd_sc_hd__buf_12)
                                                         net30556 (net)
                      0.091887    0.011681   36.563732 ^ wire30555/A (sky130_fd_sc_hd__buf_12)
     1    0.074890    0.095518    0.144588   36.708321 ^ wire30555/X (sky130_fd_sc_hd__buf_12)
                                                         net30555 (net)
                      0.098874    0.013372   36.721691 ^ clkbuf_regs_0_clk_i/A (sky130_fd_sc_hd__clkbuf_16)
     1    0.009602    0.033057    0.128438   36.850128 ^ clkbuf_regs_0_clk_i/X (sky130_fd_sc_hd__clkbuf_16)
                                                         clk_i_regs (net)
                      0.033061    0.000760   36.850891 ^ clkbuf_0_clk_i_regs/A (sky130_fd_sc_hd__clkbuf_16)
     2    0.119745    0.133064    0.182499   37.033390 ^ clkbuf_0_clk_i_regs/X (sky130_fd_sc_hd__clkbuf_16)
                                                         clknet_0_clk_i_regs (net)
                      0.133764    0.007340   37.040730 ^ clkbuf_1_0_0_clk_i_regs/A (sky130_fd_sc_hd__clkbuf_8)
     1    0.074920    0.137919    0.206779   37.247509 ^ clkbuf_1_0_0_clk_i_regs/X (sky130_fd_sc_hd__clkbuf_8)
                                                         clknet_1_0_0_clk_i_regs (net)
                      0.145507    0.023860   37.271366 ^ clkbuf_1_0_1_clk_i_regs/A (sky130_fd_sc_hd__clkbuf_8)
     2    0.102607    0.183845    0.241343   37.512711 ^ clkbuf_1_0_1_clk_i_regs/X (sky130_fd_sc_hd__clkbuf_8)
                                                         clknet_1_0_1_clk_i_regs (net)
                      0.187305    0.019114   37.531822 ^ clkbuf_2_1_0_clk_i_regs/A (sky130_fd_sc_hd__clkbuf_8)
     1    0.097245    0.174626    0.251834   37.783657 ^ clkbuf_2_1_0_clk_i_regs/X (sky130_fd_sc_hd__clkbuf_8)
                                                         clknet_2_1_0_clk_i_regs (net)
                      0.177067    0.015696   37.799355 ^ clkbuf_2_1_1_clk_i_regs/A (sky130_fd_sc_hd__clkbuf_8)
     2    0.119339    0.209715    0.276266   38.075619 ^ clkbuf_2_1_1_clk_i_regs/X (sky130_fd_sc_hd__clkbuf_8)
                                                         clknet_2_1_1_clk_i_regs (net)
                      0.210701    0.011084   38.086704 ^ clkbuf_3_2_0_clk_i_regs/A (sky130_fd_sc_hd__clkbuf_8)
     2    0.085950    0.154968    0.249571   38.336277 ^ clkbuf_3_2_0_clk_i_regs/X (sky130_fd_sc_hd__clkbuf_8)
                                                         clknet_3_2_0_clk_i_regs (net)
                      0.156384    0.011301   38.347576 ^ clkbuf_4_4_0_clk_i_regs/A (sky130_fd_sc_hd__clkbuf_8)
     2    0.072870    0.135295    0.220489   38.568066 ^ clkbuf_4_4_0_clk_i_regs/X (sky130_fd_sc_hd__clkbuf_8)
                                                         clknet_4_4_0_clk_i_regs (net)
                      0.135545    0.004572   38.572639 ^ clkbuf_5_9_0_clk_i_regs/A (sky130_fd_sc_hd__clkbuf_8)
     2    0.074417    0.136212    0.216165   38.788803 ^ clkbuf_5_9_0_clk_i_regs/X (sky130_fd_sc_hd__clkbuf_8)
                                                         clknet_5_9_0_clk_i_regs (net)
                      0.136959    0.007702   38.796505 ^ clkbuf_6_18__f_clk_i_regs/A (sky130_fd_sc_hd__clkbuf_16)
    10    0.133550    0.146672    0.226660   39.023163 ^ clkbuf_6_18__f_clk_i_regs/X (sky130_fd_sc_hd__clkbuf_16)
                                                         clknet_6_18__leaf_clk_i_regs (net)
                      0.147298    0.007319   39.030483 ^ clkbuf_leaf_556_clk_i_regs/A (sky130_fd_sc_hd__clkbuf_8)
    17    0.077113    0.140422    0.223302   39.253784 ^ clkbuf_leaf_556_clk_i_regs/X (sky130_fd_sc_hd__clkbuf_8)
                                                         clknet_leaf_556_clk_i_regs (net)
                      0.140756    0.005290   39.259075 ^ _127885_/CLK (sky130_fd_sc_hd__dfrtp_2)
                                 -0.250000   39.009075   clock uncertainty
                                  0.053854   39.062927   clock reconvergence pessimism
                                 -0.096245   38.966682   library setup time
                                             38.966682   data required time
---------------------------------------------------------------------------------------------
                                             38.966682   data required time
                                            -29.301270   data arrival time
---------------------------------------------------------------------------------------------
                                              9.665414   slack (MET)




===========================================================================
report_checks --slack_max -0.01
============================================================================
======================= max_tt_025C_1v80 Corner ===================================

No paths found.


===========================================================================
 report_check_types -max_slew -max_cap -max_fanout -violators
============================================================================
======================= max_tt_025C_1v80 Corner ===================================

max slew

Pin                                        Limit        Slew       Slack
------------------------------------------------------------------------
QSPI_IO3                                0.750000    1.433883   -0.683883 (VIOLATED)
QSPI_IO0                                0.750000    1.419405   -0.669405 (VIOLATED)
QSPI_IO2                                0.750000    1.402556   -0.652556 (VIOLATED)
hold30721/A                             0.750000    1.341926   -0.591926 (VIOLATED)
load_slew30512/A                        0.750000    1.333429   -0.583429 (VIOLATED)
_129789_/Z                              0.750000    1.261838   -0.511838 (VIOLATED)
_129792_/Z                              0.750000    1.258007   -0.508007 (VIOLATED)
load_slew30514/A                        0.750000    1.244065   -0.494065 (VIOLATED)
_129790_/Z                              0.750000    1.237882   -0.487882 (VIOLATED)
QSPI_IO1                                0.750000    1.155707   -0.405707 (VIOLATED)
hold30719/A                             0.750000    1.031800   -0.281800 (VIOLATED)
_129791_/Z                              0.750000    1.011861   -0.261861 (VIOLATED)
data_bram_ctrl_inst.data_ram.u_mem.g_2k[2].u_cell.u_sram/addr1[5]    0.040000    0.203809   -0.163809 (VIOLATED)
instr_bram_ctrl_inst.instr_ram.u_mem.g_2k[1].u_cell.u_sram/wmask0[2]    0.040000    0.195397   -0.155397 (VIOLATED)
instr_bram_ctrl_inst.instr_ram.u_mem.g_2k[1].u_cell.u_sram/addr0[0]    0.040000    0.193041   -0.153040 (VIOLATED)
yz_bram_ctrl_inst.yz_ram.u_mem.u_mem.g_2k[3].u_cell.u_sram/wmask0[0]    0.040000    0.192671   -0.152671 (VIOLATED)
data_bram_ctrl_inst.data_ram.u_mem.g_2k[2].u_cell.u_sram/addr1[6]    0.040000    0.190023   -0.150023 (VIOLATED)
instr_bram_ctrl_inst.instr_ram.u_mem.g_2k[1].u_cell.u_sram/addr0[1]    0.040000    0.189416   -0.149416 (VIOLATED)
data_bram_ctrl_inst.data_ram.u_mem.g_2k[2].u_cell.u_sram/addr1[4]    0.040000    0.188182   -0.148182 (VIOLATED)
yz_bram_ctrl_inst.yz_ram.u_mem.u_mem.g_2k[3].u_cell.u_sram/addr1[7]    0.040000    0.188145   -0.148145 (VIOLATED)
conv_accelerator_inst.u_conv_buf_ram.u_mem.u_mem.g_2k[1].u_cell.u_sram/wmask0[0]    0.040000    0.187514   -0.147514 (VIOLATED)
data_bram_ctrl_inst.data_ram.u_mem.g_2k[2].u_cell.u_sram/wmask0[3]    0.040000    0.186972   -0.146972 (VIOLATED)
data_bram_ctrl_inst.data_ram.u_mem.g_2k[1].u_cell.u_sram/addr1[8]    0.040000    0.186562   -0.146562 (VIOLATED)
instr_bram_ctrl_inst.instr_ram.u_mem.g_2k[3].u_cell.u_sram/addr0[0]    0.040000    0.186417   -0.146417 (VIOLATED)
data_bram_ctrl_inst.data_ram.u_mem.g_2k[3].u_cell.u_sram/addr1[5]    0.040000    0.185701   -0.145701 (VIOLATED)
yz_bram_ctrl_inst.yz_ram.u_mem.u_mem.g_2k[1].u_cell.u_sram/wmask0[0]    0.040000    0.183929   -0.143929 (VIOLATED)
data_bram_ctrl_inst.data_ram.u_mem.g_2k[2].u_cell.u_sram/addr0[2]    0.040000    0.183920   -0.143920 (VIOLATED)
instr_bram_ctrl_inst.instr_ram.u_mem.g_2k[1].u_cell.u_sram/addr0[8]    0.040000    0.183744   -0.143744 (VIOLATED)
instr_bram_ctrl_inst.instr_ram.u_mem.g_2k[3].u_cell.u_sram/addr0[1]    0.040000    0.183184   -0.143184 (VIOLATED)
instr_bram_ctrl_inst.instr_ram.u_mem.g_2k[1].u_cell.u_sram/wmask0[3]    0.040000    0.183165   -0.143165 (VIOLATED)
yz_bram_ctrl_inst.yz_ram.u_mem.u_mem.g_2k[0].u_cell.u_sram/addr1[7]    0.040000    0.183085   -0.143085 (VIOLATED)
yz_bram_ctrl_inst.yz_ram.u_mem.u_mem.g_2k[0].u_cell.u_sram/addr1[8]    0.040000    0.182402   -0.142402 (VIOLATED)
instr_bram_ctrl_inst.instr_ram.u_mem.g_2k[1].u_cell.u_sram/addr0[2]    0.040000    0.181383   -0.141383 (VIOLATED)
yz_bram_ctrl_inst.yz_ram.u_mem.u_mem.g_2k[2].u_cell.u_sram/addr1[8]    0.040000    0.181194   -0.141194 (VIOLATED)
yz_bram_ctrl_inst.yz_ram.u_mem.u_mem.g_2k[3].u_cell.u_sram/addr1[8]    0.040000    0.181002   -0.141002 (VIOLATED)
conv_accelerator_inst.u_conv_buf_ram.u_mem.u_mem.g_2k[1].u_cell.u_sram/addr1[5]    0.040000    0.180711   -0.140711 (VIOLATED)
conv_accelerator_inst.u_conv_buf_ram.u_mem.u_mem.g_2k[0].u_cell.u_sram/addr0[3]    0.040000    0.180187   -0.140187 (VIOLATED)
conv_accelerator_inst.u_conv_buf_ram.u_mem.u_mem.g_2k[0].u_cell.u_sram/wmask0[2]    0.040000    0.179905   -0.139905 (VIOLATED)
data_bram_ctrl_inst.data_ram.u_mem.g_2k[2].u_cell.u_sram/addr0[1]    0.040000    0.179838   -0.139838 (VIOLATED)
conv_accelerator_inst.u_conv_buf_ram.u_mem.u_mem.g_2k[0].u_cell.u_sram/addr1[7]    0.040000    0.179828   -0.139828 (VIOLATED)
conv_accelerator_inst.u_conv_buf_ram.u_mem.u_mem.g_2k[1].u_cell.u_sram/wmask0[1]    0.040000    0.179023   -0.139023 (VIOLATED)
data_bram_ctrl_inst.data_ram.u_mem.g_2k[1].u_cell.u_sram/addr1[7]    0.040000    0.178862   -0.138862 (VIOLATED)
yz_bram_ctrl_inst.yz_ram.u_mem.u_mem.g_2k[2].u_cell.u_sram/addr1[0]    0.040000    0.178565   -0.138565 (VIOLATED)
data_bram_ctrl_inst.data_ram.u_mem.g_2k[1].u_cell.u_sram/addr0[1]    0.040000    0.178173   -0.138173 (VIOLATED)
instr_bram_ctrl_inst.instr_ram.u_mem.g_2k[2].u_cell.u_sram/addr1[7]    0.040000    0.178105   -0.138105 (VIOLATED)
instr_bram_ctrl_inst.instr_ram.u_mem.g_2k[1].u_cell.u_sram/addr0[7]    0.040000    0.177837   -0.137837 (VIOLATED)
yz_bram_ctrl_inst.yz_ram.u_mem.u_mem.g_2k[3].u_cell.u_sram/addr0[0]    0.040000    0.177524   -0.137524 (VIOLATED)
yz_bram_ctrl_inst.yz_ram.u_mem.u_mem.g_1k.u_cell.u_sram/addr1[5]    0.040000    0.177411   -0.137411 (VIOLATED)
data_bram_ctrl_inst.data_ram.u_mem.g_2k[2].u_cell.u_sram/wmask0[0]    0.040000    0.177156   -0.137156 (VIOLATED)
conv_accelerator_inst.u_conv_buf_ram.u_mem.u_mem.g_2k[0].u_cell.u_sram/addr0[5]    0.040000    0.177042   -0.137042 (VIOLATED)
conv_accelerator_inst.u_conv_buf_ram.u_mem.u_mem.g_2k[1].u_cell.u_sram/wmask0[3]    0.040000    0.176929   -0.136929 (VIOLATED)
instr_bram_ctrl_inst.instr_ram.u_mem.g_2k[1].u_cell.u_sram/wmask0[0]    0.040000    0.176709   -0.136709 (VIOLATED)
data_bram_ctrl_inst.data_ram.u_mem.g_2k[0].u_cell.u_sram/addr0[0]    0.040000    0.176279   -0.136279 (VIOLATED)
yz_bram_ctrl_inst.yz_ram.u_mem.u_mem.g_2k[1].u_cell.u_sram/addr1[7]    0.040000    0.176161   -0.136161 (VIOLATED)
instr_bram_ctrl_inst.instr_ram.u_mem.g_2k[1].u_cell.u_sram/addr1[1]    0.040000    0.175735   -0.135735 (VIOLATED)
yz_bram_ctrl_inst.yz_ram.u_mem.u_mem.g_1k.u_cell.u_sram/wmask0[3]    0.040000    0.175693   -0.135693 (VIOLATED)
data_bram_ctrl_inst.data_ram.u_mem.g_2k[1].u_cell.u_sram/addr0[0]    0.040000    0.175581   -0.135581 (VIOLATED)
instr_bram_ctrl_inst.instr_ram.u_mem.g_2k[1].u_cell.u_sram/addr0[5]    0.040000    0.175445   -0.135445 (VIOLATED)
data_bram_ctrl_inst.data_ram.u_mem.g_2k[1].u_cell.u_sram/wmask0[3]    0.040000    0.175048   -0.135048 (VIOLATED)
yz_bram_ctrl_inst.yz_ram.u_mem.u_mem.g_2k[1].u_cell.u_sram/addr1[8]    0.040000    0.174768   -0.134768 (VIOLATED)
yz_bram_ctrl_inst.yz_ram.u_mem.u_mem.g_1k.u_cell.u_sram/addr1[6]    0.040000    0.174492   -0.134492 (VIOLATED)
instr_bram_ctrl_inst.instr_ram.u_mem.g_2k[3].u_cell.u_sram/addr1[0]    0.040000    0.174386   -0.134386 (VIOLATED)
data_bram_ctrl_inst.data_ram.u_mem.g_2k[2].u_cell.u_sram/addr0[8]    0.040000    0.174351   -0.134351 (VIOLATED)
data_bram_ctrl_inst.data_ram.u_mem.g_2k[1].u_cell.u_sram/addr1[6]    0.040000    0.174324   -0.134324 (VIOLATED)
yz_bram_ctrl_inst.yz_ram.u_mem.u_mem.g_2k[1].u_cell.u_sram/wmask0[2]    0.040000    0.174175   -0.134175 (VIOLATED)
data_bram_ctrl_inst.data_ram.u_mem.g_2k[2].u_cell.u_sram/addr0[3]    0.040000    0.174162   -0.134162 (VIOLATED)
yz_bram_ctrl_inst.yz_ram.u_mem.u_mem.g_2k[2].u_cell.u_sram/addr1[7]    0.040000    0.174007   -0.134007 (VIOLATED)
data_bram_ctrl_inst.data_ram.u_mem.g_2k[2].u_cell.u_sram/addr0[5]    0.040000    0.173943   -0.133943 (VIOLATED)
instr_bram_ctrl_inst.instr_ram.u_mem.g_2k[3].u_cell.u_sram/addr1[7]    0.040000    0.173824   -0.133824 (VIOLATED)
conv_accelerator_inst.u_conv_buf_ram.u_mem.u_mem.g_2k[1].u_cell.u_sram/addr1[6]    0.040000    0.173791   -0.133791 (VIOLATED)
yz_bram_ctrl_inst.yz_ram.u_mem.u_mem.g_2k[1].u_cell.u_sram/addr0[1]    0.040000    0.173581   -0.133581 (VIOLATED)
data_bram_ctrl_inst.data_ram.u_mem.g_2k[2].u_cell.u_sram/addr1[8]    0.040000    0.172990   -0.132990 (VIOLATED)
conv_accelerator_inst.u_conv_buf_ram.u_mem.u_mem.g_2k[1].u_cell.u_sram/addr0[8]    0.040000    0.172831   -0.132831 (VIOLATED)
instr_bram_ctrl_inst.instr_ram.u_mem.g_2k[0].u_cell.u_sram/addr1[8]    0.040000    0.172801   -0.132801 (VIOLATED)
data_bram_ctrl_inst.data_ram.u_mem.g_2k[2].u_cell.u_sram/addr1[0]    0.040000    0.172646   -0.132646 (VIOLATED)
data_bram_ctrl_inst.data_ram.u_mem.g_2k[1].u_cell.u_sram/wmask0[0]    0.040000    0.172627   -0.132627 (VIOLATED)
instr_bram_ctrl_inst.instr_ram.u_mem.g_2k[1].u_cell.u_sram/addr1[8]    0.040000    0.172350   -0.132350 (VIOLATED)
yz_bram_ctrl_inst.yz_ram.u_mem.u_mem.g_2k[3].u_cell.u_sram/wmask0[1]    0.040000    0.172213   -0.132213 (VIOLATED)
data_bram_ctrl_inst.data_ram.u_mem.g_2k[3].u_cell.u_sram/addr1[8]    0.040000    0.172126   -0.132126 (VIOLATED)
data_bram_ctrl_inst.data_ram.u_mem.g_2k[0].u_cell.u_sram/wmask0[2]    0.040000    0.172035   -0.132035 (VIOLATED)
data_bram_ctrl_inst.data_ram.u_mem.g_2k[2].u_cell.u_sram/addr0[6]    0.040000    0.172017   -0.132017 (VIOLATED)
instr_bram_ctrl_inst.instr_ram.u_mem.g_2k[1].u_cell.u_sram/addr1[7]    0.040000    0.171968   -0.131968 (VIOLATED)
data_bram_ctrl_inst.data_ram.u_mem.g_2k[3].u_cell.u_sram/addr1[3]    0.040000    0.171659   -0.131659 (VIOLATED)
yz_bram_ctrl_inst.yz_ram.u_mem.u_mem.g_2k[3].u_cell.u_sram/wmask0[2]    0.040000    0.171601   -0.131601 (VIOLATED)
yz_bram_ctrl_inst.yz_ram.u_mem.u_mem.g_2k[1].u_cell.u_sram/wmask0[1]    0.040000    0.171501   -0.131501 (VIOLATED)
instr_bram_ctrl_inst.instr_ram.u_mem.g_2k[3].u_cell.u_sram/addr1[8]    0.040000    0.171341   -0.131341 (VIOLATED)
data_bram_ctrl_inst.data_ram.u_mem.g_2k[2].u_cell.u_sram/addr0[7]    0.040000    0.171286   -0.131286 (VIOLATED)
yz_bram_ctrl_inst.yz_ram.u_mem.u_mem.g_2k[3].u_cell.u_sram/wmask0[3]    0.040000    0.171177   -0.131177 (VIOLATED)
data_bram_ctrl_inst.data_ram.u_mem.g_2k[2].u_cell.u_sram/addr0[4]    0.040000    0.171120   -0.131120 (VIOLATED)
data_bram_ctrl_inst.data_ram.u_mem.g_2k[1].u_cell.u_sram/wmask0[2]    0.040000    0.171103   -0.131103 (VIOLATED)
data_bram_ctrl_inst.data_ram.u_mem.g_2k[2].u_cell.u_sram/addr1[1]    0.040000    0.170951   -0.130951 (VIOLATED)
yz_bram_ctrl_inst.yz_ram.u_mem.u_mem.g_1k.u_cell.u_sram/addr1[7]    0.040000    0.170887   -0.130887 (VIOLATED)
data_bram_ctrl_inst.data_ram.u_mem.g_2k[0].u_cell.u_sram/wmask0[0]    0.040000    0.170783   -0.130783 (VIOLATED)
yz_bram_ctrl_inst.yz_ram.u_mem.u_mem.g_2k[0].u_cell.u_sram/addr0[0]    0.040000    0.170753   -0.130753 (VIOLATED)
data_bram_ctrl_inst.data_ram.u_mem.g_2k[2].u_cell.u_sram/addr1[3]    0.040000    0.170741   -0.130741 (VIOLATED)
data_bram_ctrl_inst.data_ram.u_mem.g_2k[2].u_cell.u_sram/addr0[0]    0.040000    0.170708   -0.130708 (VIOLATED)
instr_bram_ctrl_inst.instr_ram.u_mem.g_2k[2].u_cell.u_sram/addr1[8]    0.040000    0.170569   -0.130569 (VIOLATED)
data_bram_ctrl_inst.data_ram.u_mem.g_2k[0].u_cell.u_sram/wmask0[3]    0.040000    0.170461   -0.130461 (VIOLATED)
data_bram_ctrl_inst.data_ram.u_mem.g_2k[2].u_cell.u_sram/addr1[7]    0.040000    0.170411   -0.130411 (VIOLATED)
instr_bram_ctrl_inst.instr_ram.u_mem.g_2k[1].u_cell.u_sram/addr0[6]    0.040000    0.170331   -0.130331 (VIOLATED)
data_bram_ctrl_inst.data_ram.u_mem.g_2k[1].u_cell.u_sram/wmask0[1]    0.040000    0.170298   -0.130298 (VIOLATED)
data_bram_ctrl_inst.data_ram.u_mem.g_2k[0].u_cell.u_sram/addr0[1]    0.040000    0.170121   -0.130121 (VIOLATED)
yz_bram_ctrl_inst.yz_ram.u_mem.u_mem.g_2k[3].u_cell.u_sram/addr1[0]    0.040000    0.169887   -0.129887 (VIOLATED)
data_bram_ctrl_inst.data_ram.u_mem.g_2k[0].u_cell.u_sram/wmask0[1]    0.040000    0.169862   -0.129862 (VIOLATED)
data_bram_ctrl_inst.data_ram.u_mem.g_2k[3].u_cell.u_sram/addr1[4]    0.040000    0.169857   -0.129857 (VIOLATED)
data_bram_ctrl_inst.data_ram.u_mem.g_2k[3].u_cell.u_sram/addr1[0]    0.040000    0.169825   -0.129825 (VIOLATED)
yz_bram_ctrl_inst.yz_ram.u_mem.u_mem.g_2k[3].u_cell.u_sram/addr0[1]    0.040000    0.169776   -0.129776 (VIOLATED)
data_bram_ctrl_inst.data_ram.u_mem.g_2k[3].u_cell.u_sram/addr1[7]    0.040000    0.169730   -0.129730 (VIOLATED)
instr_bram_ctrl_inst.instr_ram.u_mem.g_2k[1].u_cell.u_sram/addr1[0]    0.040000    0.169646   -0.129646 (VIOLATED)
instr_bram_ctrl_inst.instr_ram.u_mem.g_2k[0].u_cell.u_sram/addr1[7]    0.040000    0.169469   -0.129469 (VIOLATED)
data_bram_ctrl_inst.data_ram.u_mem.g_2k[1].u_cell.u_sram/addr1[1]    0.040000    0.169329   -0.129329 (VIOLATED)
yz_bram_ctrl_inst.yz_ram.u_mem.u_mem.g_2k[2].u_cell.u_sram/wmask0[3]    0.040000    0.169286   -0.129286 (VIOLATED)
instr_bram_ctrl_inst.instr_ram.u_mem.g_2k[3].u_cell.u_sram/wmask0[2]    0.040000    0.169103   -0.129103 (VIOLATED)
conv_accelerator_inst.u_conv_buf_ram.u_mem.u_mem.g_2k[1].u_cell.u_sram/addr1[8]    0.040000    0.168904   -0.128904 (VIOLATED)
instr_bram_ctrl_inst.instr_ram.u_mem.g_2k[3].u_cell.u_sram/wmask0[3]    0.040000    0.168654   -0.128654 (VIOLATED)
yz_bram_ctrl_inst.yz_ram.u_mem.u_mem.g_2k[0].u_cell.u_sram/addr0[1]    0.040000    0.168406   -0.128406 (VIOLATED)
conv_accelerator_inst.u_conv_buf_ram.u_mem.u_mem.g_2k[0].u_cell.u_sram/wmask0[3]    0.040000    0.168320   -0.128320 (VIOLATED)
conv_accelerator_inst.u_conv_buf_ram.u_mem.u_mem.g_2k[0].u_cell.u_sram/addr0[0]    0.040000    0.168306   -0.128306 (VIOLATED)
yz_bram_ctrl_inst.yz_ram.u_mem.u_mem.g_2k[2].u_cell.u_sram/addr0[0]    0.040000    0.168281   -0.128281 (VIOLATED)
conv_accelerator_inst.u_conv_buf_ram.u_mem.u_mem.g_2k[1].u_cell.u_sram/addr0[2]    0.040000    0.168268   -0.128268 (VIOLATED)
instr_bram_ctrl_inst.instr_ram.u_mem.g_2k[0].u_cell.u_sram/addr0[1]    0.040000    0.168191   -0.128191 (VIOLATED)
yz_bram_ctrl_inst.yz_ram.u_mem.u_mem.g_1k.u_cell.u_sram/addr0[0]    0.040000    0.168135   -0.128135 (VIOLATED)
data_bram_ctrl_inst.data_ram.u_mem.g_2k[2].u_cell.u_sram/wmask0[2]    0.040000    0.168084   -0.128084 (VIOLATED)
instr_bram_ctrl_inst.instr_ram.u_mem.g_2k[2].u_cell.u_sram/wmask0[0]    0.040000    0.167983   -0.127983 (VIOLATED)
instr_bram_ctrl_inst.instr_ram.u_mem.g_2k[2].u_cell.u_sram/addr1[6]    0.040000    0.167974   -0.127974 (VIOLATED)
conv_accelerator_inst.u_conv_buf_ram.u_mem.u_mem.g_2k[0].u_cell.u_sram/addr0[7]    0.040000    0.167951   -0.127951 (VIOLATED)
conv_accelerator_inst.u_conv_buf_ram.u_mem.u_mem.g_2k[1].u_cell.u_sram/addr0[1]    0.040000    0.167901   -0.127901 (VIOLATED)
instr_bram_ctrl_inst.instr_ram.u_mem.g_2k[2].u_cell.u_sram/wmask0[1]    0.040000    0.167878   -0.127878 (VIOLATED)
data_bram_ctrl_inst.data_ram.u_mem.g_2k[1].u_cell.u_sram/addr0[4]    0.040000    0.167477   -0.127477 (VIOLATED)
conv_accelerator_inst.u_conv_buf_ram.u_mem.u_mem.g_2k[1].u_cell.u_sram/wmask0[2]    0.040000    0.167466   -0.127466 (VIOLATED)
conv_accelerator_inst.u_conv_buf_ram.u_mem.u_mem.g_2k[0].u_cell.u_sram/addr1[8]    0.040000    0.167463   -0.127463 (VIOLATED)
conv_accelerator_inst.u_conv_buf_ram.u_mem.u_mem.g_2k[0].u_cell.u_sram/addr0[4]    0.040000    0.167442   -0.127442 (VIOLATED)
data_bram_ctrl_inst.data_ram.u_mem.g_2k[1].u_cell.u_sram/addr1[0]    0.040000    0.167426   -0.127426 (VIOLATED)
conv_accelerator_inst.u_conv_buf_ram.u_mem.u_mem.g_2k[1].u_cell.u_sram/addr0[7]    0.040000    0.167293   -0.127293 (VIOLATED)
yz_bram_ctrl_inst.yz_ram.u_mem.u_mem.g_2k[0].u_cell.u_sram/wmask0[2]    0.040000    0.167204   -0.127204 (VIOLATED)
data_bram_ctrl_inst.data_ram.u_mem.g_2k[0].u_cell.u_sram/addr1[7]    0.040000    0.167180   -0.127180 (VIOLATED)
yz_bram_ctrl_inst.yz_ram.u_mem.u_mem.g_2k[1].u_cell.u_sram/addr1[1]    0.040000    0.167154   -0.127154 (VIOLATED)
data_bram_ctrl_inst.data_ram.u_mem.g_2k[1].u_cell.u_sram/addr1[5]    0.040000    0.167017   -0.127017 (VIOLATED)
yz_bram_ctrl_inst.yz_ram.u_mem.u_mem.g_1k.u_cell.u_sram/addr1[4]    0.040000    0.166860   -0.126860 (VIOLATED)
instr_bram_ctrl_inst.instr_ram.u_mem.g_2k[1].u_cell.u_sram/addr0[3]    0.040000    0.166796   -0.126796 (VIOLATED)
instr_bram_ctrl_inst.instr_ram.u_mem.g_2k[1].u_cell.u_sram/addr0[4]    0.040000    0.166745   -0.126745 (VIOLATED)
yz_bram_ctrl_inst.yz_ram.u_mem.u_mem.g_2k[3].u_cell.u_sram/addr0[2]    0.040000    0.166723   -0.126723 (VIOLATED)
instr_bram_ctrl_inst.instr_ram.u_mem.g_2k[1].u_cell.u_sram/addr1[3]    0.040000    0.166402   -0.126402 (VIOLATED)
yz_bram_ctrl_inst.yz_ram.u_mem.u_mem.g_2k[0].u_cell.u_sram/addr1[1]    0.040000    0.166249   -0.126249 (VIOLATED)
yz_bram_ctrl_inst.yz_ram.u_mem.u_mem.g_2k[1].u_cell.u_sram/wmask0[3]    0.040000    0.166232   -0.126232 (VIOLATED)
instr_bram_ctrl_inst.instr_ram.u_mem.g_2k[0].u_cell.u_sram/wmask0[0]    0.040000    0.166218   -0.126218 (VIOLATED)
data_bram_ctrl_inst.data_ram.u_mem.g_2k[2].u_cell.u_sram/addr1[2]    0.040000    0.166199   -0.126199 (VIOLATED)
instr_bram_ctrl_inst.instr_ram.u_mem.g_2k[1].u_cell.u_sram/addr1[5]    0.040000    0.166116   -0.126116 (VIOLATED)
instr_bram_ctrl_inst.instr_ram.u_mem.g_2k[3].u_cell.u_sram/wmask0[1]    0.040000    0.165887   -0.125887 (VIOLATED)
yz_bram_ctrl_inst.yz_ram.u_mem.u_mem.g_2k[0].u_cell.u_sram/wmask0[3]    0.040000    0.165815   -0.125815 (VIOLATED)
conv_accelerator_inst.u_conv_buf_ram.u_mem.u_mem.g_2k[1].u_cell.u_sram/addr1[7]    0.040000    0.165792   -0.125792 (VIOLATED)
yz_bram_ctrl_inst.yz_ram.u_mem.u_mem.g_2k[2].u_cell.u_sram/wmask0[2]    0.040000    0.165788   -0.125788 (VIOLATED)
conv_accelerator_inst.u_conv_buf_ram.u_mem.u_mem.g_2k[1].u_cell.u_sram/addr0[6]    0.040000    0.165723   -0.125723 (VIOLATED)
data_bram_ctrl_inst.data_ram.u_mem.g_2k[2].u_cell.u_sram/wmask0[1]    0.040000    0.165573   -0.125573 (VIOLATED)
yz_bram_ctrl_inst.yz_ram.u_mem.u_mem.g_2k[1].u_cell.u_sram/addr0[5]    0.040000    0.165572   -0.125572 (VIOLATED)
data_bram_ctrl_inst.data_ram.u_mem.g_2k[1].u_cell.u_sram/addr1[3]    0.040000    0.165519   -0.125519 (VIOLATED)
data_bram_ctrl_inst.data_ram.u_mem.g_2k[3].u_cell.u_sram/addr1[6]    0.040000    0.165493   -0.125493 (VIOLATED)
data_bram_ctrl_inst.data_ram.u_mem.g_2k[3].u_cell.u_sram/addr1[1]    0.040000    0.165452   -0.125452 (VIOLATED)
data_bram_ctrl_inst.data_ram.u_mem.g_2k[0].u_cell.u_sram/addr1[8]    0.040000    0.165270   -0.125270 (VIOLATED)
conv_accelerator_inst.u_conv_buf_ram.u_mem.u_mem.g_2k[0].u_cell.u_sram/addr1[3]    0.040000    0.165183   -0.125183 (VIOLATED)
data_bram_ctrl_inst.data_ram.u_mem.g_2k[3].u_cell.u_sram/addr1[2]    0.040000    0.164950   -0.124950 (VIOLATED)
yz_bram_ctrl_inst.yz_ram.u_mem.u_mem.g_2k[1].u_cell.u_sram/addr1[0]    0.040000    0.164922   -0.124922 (VIOLATED)
instr_bram_ctrl_inst.instr_ram.u_mem.g_2k[1].u_cell.u_sram/addr1[6]    0.040000    0.164916   -0.124916 (VIOLATED)
conv_accelerator_inst.u_conv_buf_ram.u_mem.u_mem.g_2k[0].u_cell.u_sram/addr0[6]    0.040000    0.164890   -0.124890 (VIOLATED)
conv_accelerator_inst.u_conv_buf_ram.u_mem.u_mem.g_2k[1].u_cell.u_sram/addr0[0]    0.040000    0.164888   -0.124888 (VIOLATED)
yz_bram_ctrl_inst.yz_ram.u_mem.u_mem.g_2k[1].u_cell.u_sram/addr0[0]    0.040000    0.164665   -0.124665 (VIOLATED)
instr_bram_ctrl_inst.instr_ram.u_mem.g_2k[1].u_cell.u_sram/wmask0[1]    0.040000    0.164492   -0.124492 (VIOLATED)
yz_bram_ctrl_inst.yz_ram.u_mem.u_mem.g_2k[3].u_cell.u_sram/addr0[5]    0.040000    0.164484   -0.124484 (VIOLATED)
yz_bram_ctrl_inst.yz_ram.u_mem.u_mem.g_2k[2].u_cell.u_sram/wmask0[1]    0.040000    0.164455   -0.124455 (VIOLATED)
yz_bram_ctrl_inst.yz_ram.u_mem.u_mem.g_2k[3].u_cell.u_sram/addr0[6]    0.040000    0.164424   -0.124424 (VIOLATED)
conv_accelerator_inst.u_conv_buf_ram.u_mem.u_mem.g_2k[1].u_cell.u_sram/addr0[3]    0.040000    0.164413   -0.124413 (VIOLATED)
data_bram_ctrl_inst.data_ram.u_mem.g_2k[0].u_cell.u_sram/addr1[4]    0.040000    0.164412   -0.124412 (VIOLATED)
instr_bram_ctrl_inst.instr_ram.u_mem.g_2k[1].u_cell.u_sram/addr1[4]    0.040000    0.164203   -0.124203 (VIOLATED)
conv_accelerator_inst.u_conv_buf_ram.u_mem.u_mem.g_2k[0].u_cell.u_sram/addr1[6]    0.040000    0.164197   -0.124197 (VIOLATED)
yz_bram_ctrl_inst.yz_ram.u_mem.u_mem.g_1k.u_cell.u_sram/wmask0[0]    0.040000    0.164074   -0.124074 (VIOLATED)
instr_bram_ctrl_inst.instr_ram.u_mem.g_2k[1].u_cell.u_sram/addr1[2]    0.040000    0.163974   -0.123974 (VIOLATED)
yz_bram_ctrl_inst.yz_ram.u_mem.u_mem.g_2k[0].u_cell.u_sram/addr1[0]    0.040000    0.163784   -0.123784 (VIOLATED)
conv_accelerator_inst.u_conv_buf_ram.u_mem.u_mem.g_2k[1].u_cell.u_sram/addr0[5]    0.040000    0.163749   -0.123749 (VIOLATED)
instr_bram_ctrl_inst.instr_ram.u_mem.g_2k[2].u_cell.u_sram/wmask0[2]    0.040000    0.163747   -0.123747 (VIOLATED)
instr_bram_ctrl_inst.instr_ram.u_mem.g_2k[3].u_cell.u_sram/addr1[1]    0.040000    0.163713   -0.123713 (VIOLATED)
conv_accelerator_inst.u_conv_buf_ram.u_mem.u_mem.g_2k[1].u_cell.u_sram/addr0[4]    0.040000    0.163579   -0.123579 (VIOLATED)
instr_bram_ctrl_inst.instr_ram.u_mem.g_2k[3].u_cell.u_sram/wmask0[0]    0.040000    0.163463   -0.123463 (VIOLATED)
yz_bram_ctrl_inst.yz_ram.u_mem.u_mem.g_2k[2].u_cell.u_sram/addr0[1]    0.040000    0.163460   -0.123460 (VIOLATED)
data_bram_ctrl_inst.data_ram.u_mem.g_2k[3].u_cell.u_sram/addr0[7]    0.040000    0.163253   -0.123253 (VIOLATED)
yz_bram_ctrl_inst.yz_ram.u_mem.u_mem.g_2k[3].u_cell.u_sram/addr1[3]    0.040000    0.163124   -0.123124 (VIOLATED)
instr_bram_ctrl_inst.instr_ram.u_mem.g_2k[2].u_cell.u_sram/addr0[6]    0.040000    0.163064   -0.123064 (VIOLATED)
yz_bram_ctrl_inst.yz_ram.u_mem.u_mem.g_2k[3].u_cell.u_sram/addr0[4]    0.040000    0.163002   -0.123002 (VIOLATED)
data_bram_ctrl_inst.data_ram.u_mem.g_2k[3].u_cell.u_sram/addr0[8]    0.040000    0.162902   -0.122902 (VIOLATED)
yz_bram_ctrl_inst.yz_ram.u_mem.u_mem.g_2k[0].u_cell.u_sram/wmask0[0]    0.040000    0.162774   -0.122774 (VIOLATED)
yz_bram_ctrl_inst.yz_ram.u_mem.u_mem.g_2k[3].u_cell.u_sram/addr0[3]    0.040000    0.162656   -0.122656 (VIOLATED)
data_bram_ctrl_inst.data_ram.u_mem.g_2k[1].u_cell.u_sram/addr0[6]    0.040000    0.162634   -0.122634 (VIOLATED)
conv_accelerator_inst.u_conv_buf_ram.u_mem.u_mem.g_2k[0].u_cell.u_sram/addr0[2]    0.040000    0.162595   -0.122595 (VIOLATED)
instr_bram_ctrl_inst.instr_ram.u_mem.g_2k[0].u_cell.u_sram/addr0[4]    0.040000    0.162557   -0.122557 (VIOLATED)
yz_bram_ctrl_inst.yz_ram.u_mem.u_mem.g_2k[2].u_cell.u_sram/addr0[4]    0.040000    0.162454   -0.122454 (VIOLATED)
data_bram_ctrl_inst.data_ram.u_mem.g_2k[0].u_cell.u_sram/addr0[6]    0.040000    0.162445   -0.122445 (VIOLATED)
conv_accelerator_inst.u_conv_buf_ram.u_mem.u_mem.g_2k[0].u_cell.u_sram/addr1[4]    0.040000    0.162404   -0.122404 (VIOLATED)
yz_bram_ctrl_inst.yz_ram.u_mem.u_mem.g_2k[2].u_cell.u_sram/addr0[6]    0.040000    0.162348   -0.122348 (VIOLATED)
instr_bram_ctrl_inst.instr_ram.u_mem.g_2k[0].u_cell.u_sram/addr0[6]    0.040000    0.162308   -0.122308 (VIOLATED)
yz_bram_ctrl_inst.yz_ram.u_mem.u_mem.g_2k[1].u_cell.u_sram/addr0[4]    0.040000    0.162287   -0.122287 (VIOLATED)
data_bram_ctrl_inst.data_ram.u_mem.g_2k[3].u_cell.u_sram/addr0[3]    0.040000    0.162258   -0.122258 (VIOLATED)
yz_bram_ctrl_inst.yz_ram.u_mem.u_mem.g_2k[2].u_cell.u_sram/wmask0[0]    0.040000    0.162201   -0.122201 (VIOLATED)
instr_bram_ctrl_inst.instr_ram.u_mem.g_2k[2].u_cell.u_sram/addr0[4]    0.040000    0.162148   -0.122148 (VIOLATED)
data_bram_ctrl_inst.data_ram.u_mem.g_2k[0].u_cell.u_sram/addr0[4]    0.040000    0.162092   -0.122093 (VIOLATED)
yz_bram_ctrl_inst.yz_ram.u_mem.u_mem.g_2k[0].u_cell.u_sram/addr1[5]    0.040000    0.162017   -0.122017 (VIOLATED)
data_bram_ctrl_inst.data_ram.u_mem.g_2k[3].u_cell.u_sram/addr0[4]    0.040000    0.161897   -0.121897 (VIOLATED)
data_bram_ctrl_inst.data_ram.u_mem.g_2k[1].u_cell.u_sram/addr0[3]    0.040000    0.161882   -0.121882 (VIOLATED)
instr_bram_ctrl_inst.instr_ram.u_mem.g_2k[3].u_cell.u_sram/addr1[5]    0.040000    0.161851   -0.121851 (VIOLATED)
data_bram_ctrl_inst.data_ram.u_mem.g_2k[1].u_cell.u_sram/addr1[2]    0.040000    0.161769   -0.121769 (VIOLATED)
yz_bram_ctrl_inst.yz_ram.u_mem.u_mem.g_2k[3].u_cell.u_sram/addr1[6]    0.040000    0.161603   -0.121603 (VIOLATED)
instr_bram_ctrl_inst.instr_ram.u_mem.g_2k[3].u_cell.u_sram/addr0[6]    0.040000    0.161602   -0.121602 (VIOLATED)
instr_bram_ctrl_inst.instr_ram.u_mem.g_2k[3].u_cell.u_sram/addr0[4]    0.040000    0.161534   -0.121534 (VIOLATED)
instr_bram_ctrl_inst.instr_ram.u_mem.g_2k[0].u_cell.u_sram/addr0[8]    0.040000    0.161479   -0.121479 (VIOLATED)
yz_bram_ctrl_inst.yz_ram.u_mem.u_mem.g_2k[0].u_cell.u_sram/addr1[6]    0.040000    0.161474   -0.121474 (VIOLATED)
data_bram_ctrl_inst.data_ram.u_mem.g_2k[1].u_cell.u_sram/addr0[7]    0.040000    0.161361   -0.121361 (VIOLATED)
data_bram_ctrl_inst.data_ram.u_mem.g_2k[0].u_cell.u_sram/addr1[6]    0.040000    0.161299   -0.121299 (VIOLATED)
conv_accelerator_inst.u_conv_buf_ram.u_mem.u_mem.g_2k[1].u_cell.u_sram/addr1[3]    0.040000    0.161239   -0.121239 (VIOLATED)
data_bram_ctrl_inst.data_ram.u_mem.g_2k[1].u_cell.u_sram/addr0[8]    0.040000    0.161224   -0.121224 (VIOLATED)
yz_bram_ctrl_inst.yz_ram.u_mem.u_mem.g_2k[3].u_cell.u_sram/addr1[5]    0.040000    0.161195   -0.121195 (VIOLATED)
yz_bram_ctrl_inst.yz_ram.u_mem.u_mem.g_2k[3].u_cell.u_sram/addr1[4]    0.040000    0.161137   -0.121137 (VIOLATED)
yz_bram_ctrl_inst.yz_ram.u_mem.u_mem.g_2k[1].u_cell.u_sram/addr1[5]    0.040000    0.161117   -0.121117 (VIOLATED)
yz_bram_ctrl_inst.yz_ram.u_mem.u_mem.g_2k[0].u_cell.u_sram/wmask0[1]    0.040000    0.161002   -0.121002 (VIOLATED)
yz_bram_ctrl_inst.yz_ram.u_mem.u_mem.g_2k[1].u_cell.u_sram/addr1[6]    0.040000    0.160964   -0.120964 (VIOLATED)
data_bram_ctrl_inst.data_ram.u_mem.g_2k[0].u_cell.u_sram/addr0[8]    0.040000    0.160875   -0.120875 (VIOLATED)
yz_bram_ctrl_inst.yz_ram.u_mem.u_mem.g_2k[3].u_cell.u_sram/addr0[7]    0.040000    0.160800   -0.120800 (VIOLATED)
yz_bram_ctrl_inst.yz_ram.u_mem.u_mem.g_2k[0].u_cell.u_sram/addr1[4]    0.040000    0.160722   -0.120722 (VIOLATED)
yz_bram_ctrl_inst.yz_ram.u_mem.u_mem.g_1k.u_cell.u_sram/addr1[2]    0.040000    0.160710   -0.120710 (VIOLATED)
data_bram_ctrl_inst.data_ram.u_mem.g_2k[1].u_cell.u_sram/addr1[4]    0.040000    0.160658   -0.120658 (VIOLATED)
yz_bram_ctrl_inst.yz_ram.u_mem.u_mem.g_2k[2].u_cell.u_sram/addr1[1]    0.040000    0.160608   -0.120608 (VIOLATED)
yz_bram_ctrl_inst.yz_ram.u_mem.u_mem.g_2k[2].u_cell.u_sram/addr0[2]    0.040000    0.160385   -0.120385 (VIOLATED)
conv_accelerator_inst.u_conv_buf_ram.u_mem.u_mem.g_2k[0].u_cell.u_sram/addr0[8]    0.040000    0.160383   -0.120383 (VIOLATED)
data_bram_ctrl_inst.data_ram.u_mem.g_2k[0].u_cell.u_sram/addr1[5]    0.040000    0.160368   -0.120368 (VIOLATED)
yz_bram_ctrl_inst.yz_ram.u_mem.u_mem.g_2k[1].u_cell.u_sram/addr0[2]    0.040000    0.160344   -0.120344 (VIOLATED)
conv_accelerator_inst.u_conv_buf_ram.u_mem.u_mem.g_2k[1].u_cell.u_sram/addr1[1]    0.040000    0.160305   -0.120305 (VIOLATED)
instr_bram_ctrl_inst.instr_ram.u_mem.g_2k[2].u_cell.u_sram/addr0[1]    0.040000    0.160268   -0.120268 (VIOLATED)
instr_bram_ctrl_inst.instr_ram.u_mem.g_2k[0].u_cell.u_sram/addr0[2]    0.040000    0.160262   -0.120262 (VIOLATED)
yz_bram_ctrl_inst.yz_ram.u_mem.u_mem.g_1k.u_cell.u_sram/addr0[7]    0.040000    0.160182   -0.120182 (VIOLATED)
instr_bram_ctrl_inst.instr_ram.u_mem.g_2k[3].u_cell.u_sram/addr1[6]    0.040000    0.160172   -0.120172 (VIOLATED)
conv_accelerator_inst.u_conv_buf_ram.u_mem.u_mem.g_2k[0].u_cell.u_sram/addr1[5]    0.040000    0.160150   -0.120150 (VIOLATED)
data_bram_ctrl_inst.data_ram.u_mem.g_2k[3].u_cell.u_sram/addr0[1]    0.040000    0.160115   -0.120115 (VIOLATED)
instr_bram_ctrl_inst.instr_ram.u_mem.g_2k[2].u_cell.u_sram/addr1[4]    0.040000    0.160059   -0.120059 (VIOLATED)
data_bram_ctrl_inst.data_ram.u_mem.g_2k[3].u_cell.u_sram/addr0[0]    0.040000    0.160003   -0.120003 (VIOLATED)
yz_bram_ctrl_inst.yz_ram.u_mem.u_mem.g_2k[1].u_cell.u_sram/addr1[4]    0.040000    0.159952   -0.119952 (VIOLATED)
instr_bram_ctrl_inst.instr_ram.u_mem.g_2k[2].u_cell.u_sram/addr0[8]    0.040000    0.159884   -0.119884 (VIOLATED)
instr_bram_ctrl_inst.instr_ram.u_mem.g_2k[0].u_cell.u_sram/addr1[5]    0.040000    0.159877   -0.119877 (VIOLATED)
yz_bram_ctrl_inst.yz_ram.u_mem.u_mem.g_2k[1].u_cell.u_sram/addr0[6]    0.040000    0.159871   -0.119871 (VIOLATED)
yz_bram_ctrl_inst.yz_ram.u_mem.u_mem.g_1k.u_cell.u_sram/addr1[3]    0.040000    0.159808   -0.119808 (VIOLATED)
instr_bram_ctrl_inst.instr_ram.u_mem.g_2k[0].u_cell.u_sram/addr0[3]    0.040000    0.159747   -0.119747 (VIOLATED)
yz_bram_ctrl_inst.yz_ram.u_mem.u_mem.g_2k[3].u_cell.u_sram/addr1[2]    0.040000    0.159745   -0.119745 (VIOLATED)
instr_bram_ctrl_inst.instr_ram.u_mem.g_2k[2].u_cell.u_sram/addr1[2]    0.040000    0.159732   -0.119732 (VIOLATED)
instr_bram_ctrl_inst.instr_ram.u_mem.g_2k[3].u_cell.u_sram/addr1[4]    0.040000    0.159581   -0.119581 (VIOLATED)
yz_bram_ctrl_inst.yz_ram.u_mem.u_mem.g_2k[0].u_cell.u_sram/addr0[4]    0.040000    0.159560   -0.119560 (VIOLATED)
data_bram_ctrl_inst.data_ram.u_mem.g_2k[3].u_cell.u_sram/wmask0[3]    0.040000    0.159505   -0.119505 (VIOLATED)
data_bram_ctrl_inst.data_ram.u_mem.g_2k[0].u_cell.u_sram/addr0[2]    0.040000    0.159462   -0.119462 (VIOLATED)
data_bram_ctrl_inst.data_ram.u_mem.g_2k[0].u_cell.u_sram/addr1[2]    0.040000    0.159386   -0.119386 (VIOLATED)
conv_accelerator_inst.u_conv_buf_ram.u_mem.u_mem.g_2k[1].u_cell.u_sram/addr1[4]    0.040000    0.159277   -0.119277 (VIOLATED)
data_bram_ctrl_inst.data_ram.u_mem.g_2k[3].u_cell.u_sram/wmask0[1]    0.040000    0.159266   -0.119266 (VIOLATED)
instr_bram_ctrl_inst.instr_ram.u_mem.g_2k[2].u_cell.u_sram/addr0[2]    0.040000    0.159158   -0.119158 (VIOLATED)
instr_bram_ctrl_inst.instr_ram.u_mem.g_2k[0].u_cell.u_sram/addr1[6]    0.040000    0.159099   -0.119099 (VIOLATED)
conv_accelerator_inst.u_conv_buf_ram.u_mem.u_mem.g_2k[0].u_cell.u_sram/addr1[2]    0.040000    0.159077   -0.119077 (VIOLATED)
yz_bram_ctrl_inst.yz_ram.u_mem.u_mem.g_2k[0].u_cell.u_sram/addr0[2]    0.040000    0.159007   -0.119006 (VIOLATED)
data_bram_ctrl_inst.data_ram.u_mem.g_2k[1].u_cell.u_sram/addr0[5]    0.040000    0.159001   -0.119001 (VIOLATED)
data_bram_ctrl_inst.data_ram.u_mem.g_2k[3].u_cell.u_sram/addr0[5]    0.040000    0.159001   -0.119001 (VIOLATED)
yz_bram_ctrl_inst.yz_ram.u_mem.u_mem.g_2k[0].u_cell.u_sram/addr0[6]    0.040000    0.158995   -0.118995 (VIOLATED)
conv_accelerator_inst.u_conv_buf_ram.u_mem.u_mem.g_2k[0].u_cell.u_sram/wmask0[0]    0.040000    0.158916   -0.118916 (VIOLATED)
instr_bram_ctrl_inst.instr_ram.u_mem.g_2k[0].u_cell.u_sram/addr1[4]    0.040000    0.158847   -0.118847 (VIOLATED)
conv_accelerator_inst.u_conv_buf_ram.u_mem.u_mem.g_2k[0].u_cell.u_sram/wmask0[1]    0.040000    0.158784   -0.118784 (VIOLATED)
instr_bram_ctrl_inst.instr_ram.u_mem.g_2k[3].u_cell.u_sram/addr0[2]    0.040000    0.158776   -0.118776 (VIOLATED)
data_bram_ctrl_inst.data_ram.u_mem.g_2k[0].u_cell.u_sram/addr0[3]    0.040000    0.158755   -0.118755 (VIOLATED)
instr_bram_ctrl_inst.instr_ram.u_mem.g_2k[3].u_cell.u_sram/addr1[2]    0.040000    0.158747   -0.118747 (VIOLATED)
data_bram_ctrl_inst.data_ram.u_mem.g_2k[3].u_cell.u_sram/addr0[6]    0.040000    0.158743   -0.118743 (VIOLATED)
yz_bram_ctrl_inst.yz_ram.u_mem.u_mem.g_2k[2].u_cell.u_sram/addr1[5]    0.040000    0.158725   -0.118725 (VIOLATED)
yz_bram_ctrl_inst.yz_ram.u_mem.u_mem.g_1k.u_cell.u_sram/addr0[1]    0.040000    0.158677   -0.118677 (VIOLATED)
instr_bram_ctrl_inst.instr_ram.u_mem.g_2k[0].u_cell.u_sram/addr1[1]    0.040000    0.158646   -0.118646 (VIOLATED)
data_bram_ctrl_inst.data_ram.u_mem.g_2k[3].u_cell.u_sram/wmask0[0]    0.040000    0.158636   -0.118636 (VIOLATED)
instr_bram_ctrl_inst.instr_ram.u_mem.g_2k[0].u_cell.u_sram/addr1[3]    0.040000    0.158636   -0.118636 (VIOLATED)
instr_bram_ctrl_inst.instr_ram.u_mem.g_2k[2].u_cell.u_sram/addr0[0]    0.040000    0.158636   -0.118636 (VIOLATED)
instr_bram_ctrl_inst.instr_ram.u_mem.g_2k[2].u_cell.u_sram/addr1[5]    0.040000    0.158613   -0.118613 (VIOLATED)
instr_bram_ctrl_inst.instr_ram.u_mem.g_2k[2].u_cell.u_sram/addr0[3]    0.040000    0.158545   -0.118545 (VIOLATED)
instr_bram_ctrl_inst.instr_ram.u_mem.g_2k[0].u_cell.u_sram/wmask0[1]    0.040000    0.158455   -0.118455 (VIOLATED)
yz_bram_ctrl_inst.yz_ram.u_mem.u_mem.g_1k.u_cell.u_sram/addr0[5]    0.040000    0.158313   -0.118313 (VIOLATED)
yz_bram_ctrl_inst.yz_ram.u_mem.u_mem.g_1k.u_cell.u_sram/addr0[4]    0.040000    0.158312   -0.118312 (VIOLATED)
yz_bram_ctrl_inst.yz_ram.u_mem.u_mem.g_1k.u_cell.u_sram/addr0[3]    0.040000    0.158295   -0.118295 (VIOLATED)
data_bram_ctrl_inst.data_ram.u_mem.g_2k[0].u_cell.u_sram/addr1[3]    0.040000    0.158269   -0.118269 (VIOLATED)
yz_bram_ctrl_inst.yz_ram.u_mem.u_mem.g_2k[3].u_cell.u_sram/addr1[1]    0.040000    0.158264   -0.118264 (VIOLATED)
data_bram_ctrl_inst.data_ram.u_mem.g_2k[0].u_cell.u_sram/addr0[5]    0.040000    0.158107   -0.118107 (VIOLATED)
yz_bram_ctrl_inst.yz_ram.u_mem.u_mem.g_2k[2].u_cell.u_sram/addr0[7]    0.040000    0.158080   -0.118080 (VIOLATED)
instr_bram_ctrl_inst.instr_ram.u_mem.g_2k[2].u_cell.u_sram/addr0[5]    0.040000    0.158073   -0.118073 (VIOLATED)
conv_accelerator_inst.u_conv_buf_ram.u_mem.u_mem.g_2k[0].u_cell.u_sram/addr0[1]    0.040000    0.158066   -0.118066 (VIOLATED)
instr_bram_ctrl_inst.instr_ram.u_mem.g_2k[0].u_cell.u_sram/addr0[5]    0.040000    0.158019   -0.118019 (VIOLATED)
yz_bram_ctrl_inst.yz_ram.u_mem.u_mem.g_2k[2].u_cell.u_sram/addr0[8]    0.040000    0.158013   -0.118013 (VIOLATED)
data_bram_ctrl_inst.data_ram.u_mem.g_2k[0].u_cell.u_sram/addr1[1]    0.040000    0.157949   -0.117949 (VIOLATED)
yz_bram_ctrl_inst.yz_ram.u_mem.u_mem.g_2k[3].u_cell.u_sram/addr0[8]    0.040000    0.157917   -0.117917 (VIOLATED)
instr_bram_ctrl_inst.instr_ram.u_mem.g_2k[3].u_cell.u_sram/addr0[3]    0.040000    0.157771   -0.117771 (VIOLATED)
instr_bram_ctrl_inst.instr_ram.u_mem.g_2k[2].u_cell.u_sram/addr1[1]    0.040000    0.157749   -0.117749 (VIOLATED)
instr_bram_ctrl_inst.instr_ram.u_mem.g_2k[3].u_cell.u_sram/addr1[3]    0.040000    0.157673   -0.117673 (VIOLATED)
yz_bram_ctrl_inst.yz_ram.u_mem.u_mem.g_2k[2].u_cell.u_sram/addr0[3]    0.040000    0.157602   -0.117602 (VIOLATED)
instr_bram_ctrl_inst.instr_ram.u_mem.g_2k[2].u_cell.u_sram/addr1[3]    0.040000    0.157590   -0.117590 (VIOLATED)
instr_bram_ctrl_inst.instr_ram.u_mem.g_2k[0].u_cell.u_sram/addr1[0]    0.040000    0.157558   -0.117558 (VIOLATED)
yz_bram_ctrl_inst.yz_ram.u_mem.u_mem.g_1k.u_cell.u_sram/addr0[2]    0.040000    0.157370   -0.117370 (VIOLATED)
yz_bram_ctrl_inst.yz_ram.u_mem.u_mem.g_1k.u_cell.u_sram/addr0[6]    0.040000    0.157367   -0.117367 (VIOLATED)
yz_bram_ctrl_inst.yz_ram.u_mem.u_mem.g_2k[2].u_cell.u_sram/addr1[6]    0.040000    0.157181   -0.117181 (VIOLATED)
data_bram_ctrl_inst.data_ram.u_mem.g_2k[3].u_cell.u_sram/addr0[2]    0.040000    0.157126   -0.117126 (VIOLATED)
conv_accelerator_inst.u_conv_buf_ram.u_mem.u_mem.g_2k[1].u_cell.u_sram/addr1[2]    0.040000    0.157081   -0.117081 (VIOLATED)
conv_accelerator_inst.u_conv_buf_ram.u_mem.u_mem.g_2k[1].u_cell.u_sram/addr1[0]    0.040000    0.157044   -0.117044 (VIOLATED)
yz_bram_ctrl_inst.yz_ram.u_mem.u_mem.g_1k.u_cell.u_sram/wmask0[1]    0.040000    0.157031   -0.117031 (VIOLATED)
data_bram_ctrl_inst.data_ram.u_mem.g_2k[1].u_cell.u_sram/addr0[2]    0.040000    0.157026   -0.117026 (VIOLATED)
yz_bram_ctrl_inst.yz_ram.u_mem.u_mem.g_1k.u_cell.u_sram/wmask0[2]    0.040000    0.157009   -0.117009 (VIOLATED)
yz_bram_ctrl_inst.yz_ram.u_mem.u_mem.g_1k.u_cell.u_sram/addr1[0]    0.040000    0.156925   -0.116925 (VIOLATED)
instr_bram_ctrl_inst.instr_ram.u_mem.g_2k[3].u_cell.u_sram/addr0[5]    0.040000    0.156895   -0.116895 (VIOLATED)
instr_bram_ctrl_inst.instr_ram.u_mem.g_2k[2].u_cell.u_sram/wmask0[3]    0.040000    0.156891   -0.116891 (VIOLATED)
yz_bram_ctrl_inst.yz_ram.u_mem.u_mem.g_2k[2].u_cell.u_sram/addr1[3]    0.040000    0.156872   -0.116872 (VIOLATED)
yz_bram_ctrl_inst.yz_ram.u_mem.u_mem.g_2k[1].u_cell.u_sram/addr0[7]    0.040000    0.156839   -0.116839 (VIOLATED)
data_bram_ctrl_inst.data_ram.u_mem.g_2k[3].u_cell.u_sram/wmask0[2]    0.040000    0.156699   -0.116699 (VIOLATED)
yz_bram_ctrl_inst.yz_ram.u_mem.u_mem.g_2k[2].u_cell.u_sram/addr1[4]    0.040000    0.156671   -0.116671 (VIOLATED)
instr_bram_ctrl_inst.instr_ram.u_mem.g_2k[0].u_cell.u_sram/addr0[0]    0.040000    0.156664   -0.116664 (VIOLATED)
yz_bram_ctrl_inst.yz_ram.u_mem.u_mem.g_2k[1].u_cell.u_sram/addr1[3]    0.040000    0.156600   -0.116600 (VIOLATED)
conv_accelerator_inst.u_conv_buf_ram.u_mem.u_mem.g_2k[0].u_cell.u_sram/addr1[1]    0.040000    0.156566   -0.116566 (VIOLATED)
yz_bram_ctrl_inst.yz_ram.u_mem.u_mem.g_2k[1].u_cell.u_sram/addr0[3]    0.040000    0.156516   -0.116516 (VIOLATED)
instr_bram_ctrl_inst.instr_ram.u_mem.g_2k[2].u_cell.u_sram/addr1[0]    0.040000    0.156452   -0.116452 (VIOLATED)
instr_bram_ctrl_inst.instr_ram.u_mem.g_2k[0].u_cell.u_sram/wmask0[3]    0.040000    0.156407   -0.116407 (VIOLATED)
yz_bram_ctrl_inst.yz_ram.u_mem.u_mem.g_2k[1].u_cell.u_sram/addr0[8]    0.040000    0.156403   -0.116403 (VIOLATED)
yz_bram_ctrl_inst.yz_ram.u_mem.u_mem.g_2k[0].u_cell.u_sram/addr0[8]    0.040000    0.156295   -0.116295 (VIOLATED)
yz_bram_ctrl_inst.yz_ram.u_mem.u_mem.g_2k[0].u_cell.u_sram/addr0[3]    0.040000    0.156280   -0.116280 (VIOLATED)
yz_bram_ctrl_inst.yz_ram.u_mem.u_mem.g_2k[2].u_cell.u_sram/addr0[5]    0.040000    0.156183   -0.116183 (VIOLATED)
yz_bram_ctrl_inst.yz_ram.u_mem.u_mem.g_2k[0].u_cell.u_sram/addr1[3]    0.040000    0.156161   -0.116161 (VIOLATED)
yz_bram_ctrl_inst.yz_ram.u_mem.u_mem.g_2k[0].u_cell.u_sram/addr0[7]    0.040000    0.156036   -0.116036 (VIOLATED)
instr_bram_ctrl_inst.instr_ram.u_mem.g_2k[3].u_cell.u_sram/addr0[8]    0.040000    0.156027   -0.116027 (VIOLATED)
data_bram_ctrl_inst.data_ram.u_mem.g_2k[0].u_cell.u_sram/addr1[0]    0.040000    0.156011   -0.116011 (VIOLATED)
instr_bram_ctrl_inst.instr_ram.u_mem.g_2k[0].u_cell.u_sram/addr0[7]    0.040000    0.155702   -0.115702 (VIOLATED)
conv_accelerator_inst.u_conv_buf_ram.u_mem.u_mem.g_2k[0].u_cell.u_sram/addr1[0]    0.040000    0.155572   -0.115572 (VIOLATED)
yz_bram_ctrl_inst.yz_ram.u_mem.u_mem.g_2k[0].u_cell.u_sram/addr1[2]    0.040000    0.155555   -0.115555 (VIOLATED)
yz_bram_ctrl_inst.yz_ram.u_mem.u_mem.g_1k.u_cell.u_sram/addr1[1]    0.040000    0.155551   -0.115551 (VIOLATED)
yz_bram_ctrl_inst.yz_ram.u_mem.u_mem.g_2k[2].u_cell.u_sram/addr1[2]    0.040000    0.155550   -0.115550 (VIOLATED)
yz_bram_ctrl_inst.yz_ram.u_mem.u_mem.g_2k[1].u_cell.u_sram/addr1[2]    0.040000    0.155378   -0.115378 (VIOLATED)
instr_bram_ctrl_inst.instr_ram.u_mem.g_2k[3].u_cell.u_sram/addr0[7]    0.040000    0.155332   -0.115332 (VIOLATED)
instr_bram_ctrl_inst.instr_ram.u_mem.g_2k[0].u_cell.u_sram/wmask0[2]    0.040000    0.155286   -0.115286 (VIOLATED)
instr_bram_ctrl_inst.instr_ram.u_mem.g_2k[2].u_cell.u_sram/addr0[7]    0.040000    0.155248   -0.115248 (VIOLATED)
instr_bram_ctrl_inst.instr_ram.u_mem.g_2k[0].u_cell.u_sram/addr1[2]    0.040000    0.155143   -0.115143 (VIOLATED)
data_bram_ctrl_inst.data_ram.u_mem.g_2k[0].u_cell.u_sram/addr0[7]    0.040000    0.154757   -0.114757 (VIOLATED)
yz_bram_ctrl_inst.yz_ram.u_mem.u_mem.g_2k[0].u_cell.u_sram/addr0[5]    0.040000    0.154052   -0.114052 (VIOLATED)
I2C_SDA                                 0.750000    0.779676   -0.029676 (VIOLATED)

max capacitance

Pin                                        Limit         Cap       Slack
------------------------------------------------------------------------
QSPI_IO3                                0.200000    0.319637   -0.119637 (VIOLATED)
_129789_/Z                              0.200000    0.319637   -0.119637 (VIOLATED)
QSPI_IO0                                0.200000    0.316212   -0.116212 (VIOLATED)
_129792_/Z                              0.200000    0.316212   -0.116212 (VIOLATED)
QSPI_IO2                                0.200000    0.315552   -0.115552 (VIOLATED)
_129790_/Z                              0.200000    0.315552   -0.115552 (VIOLATED)
QSPI_IO1                                0.200000    0.257335   -0.057335 (VIOLATED)
_129791_/Z                              0.200000    0.257335   -0.057335 (VIOLATED)
wire10533/X                             0.200000    0.244987   -0.044987 (VIOLATED)
clkbuf_6_1__f_clk_i_regs/X              0.200000    0.234930   -0.034930 (VIOLATED)
clkbuf_6_0__f_clk_i_regs/X              0.200000    0.222721   -0.022721 (VIOLATED)
clkbuf_6_36__f_clk_i_regs/X             0.200000    0.222199   -0.022199 (VIOLATED)
clkbuf_6_14__f_clk_i_regs/X             0.200000    0.213318   -0.013318 (VIOLATED)
clkbuf_6_15__f_clk_i_regs/X             0.200000    0.211728   -0.011728 (VIOLATED)
yz_bram_ctrl_inst.yz_ram.u_mem.u_mem.g_2k[2].u_cell.u_sram/dout1[24]    0.027560    0.035448   -0.007888 (VIOLATED)
yz_bram_ctrl_inst.yz_ram.u_mem.u_mem.g_2k[3].u_cell.u_sram/dout1[21]    0.027560    0.035236   -0.007676 (VIOLATED)
yz_bram_ctrl_inst.yz_ram.u_mem.u_mem.g_1k.u_cell.u_sram/dout1[11]    0.027560    0.033219   -0.005659 (VIOLATED)
yz_bram_ctrl_inst.yz_ram.u_mem.u_mem.g_2k[3].u_cell.u_sram/dout1[23]    0.027560    0.033196   -0.005636 (VIOLATED)
max_length30598/X                       0.200000    0.202511   -0.002511 (VIOLATED)
clkbuf_6_4__f_clk_i_regs/X              0.200000    0.200375   -0.000375 (VIOLATED)



===========================================================================
report_parasitic_annotation -report_unannotated
============================================================================
Found 872 unannotated drivers.
 _120461__30553/LO
 _129114__30554/LO
 _129788__30522/HI
 clkload0/Y
 clkload1/Y
 clkload10/Y
 clkload100/Y
 clkload101/X
 clkload102/X
 clkload103/X
 clkload104/Y
 clkload105/X
 clkload106/X
 clkload107/X
 clkload108/X
 clkload109/X
 clkload11/Y
 clkload110/X
 clkload111/Y
 clkload112/X
 clkload113/X
 clkload114/Y
 clkload115/Y
 clkload116/Y
 clkload117/Y
 clkload118/Y
 clkload119/Y
 clkload12/Y
 clkload120/Y
 clkload121/Y
 clkload122/Y
 clkload123/Y
 clkload124/X
 clkload125/Y
 clkload126/Y
 clkload127/Y
 clkload128/X
 clkload129/X
 clkload13/Y
 clkload130/Y
 clkload131/Y
 clkload132/Y
 clkload133/Y
 clkload134/X
 clkload135/X
 clkload136/X
 clkload137/X
 clkload138/Y
 clkload139/Y
 clkload14/X
 clkload140/Y
 clkload141/Y
 clkload142/Y
 clkload143/X
 clkload144/X
 clkload145/Y
 clkload146/Y
 clkload147/Y
 clkload148/Y
 clkload149/Y
 clkload15/Y
 clkload150/Y
 clkload151/X
 clkload152/Y
 clkload153/Y
 clkload154/Y
 clkload155/X
 clkload156/Y
 clkload157/X
 clkload158/Y
 clkload159/X
 clkload16/Y
 clkload160/Y
 clkload161/Y
 clkload162/Y
 clkload163/Y
 clkload164/Y
 clkload165/Y
 clkload166/Y
 clkload167/Y
 clkload168/X
 clkload169/Y
 clkload17/Y
 clkload170/Y
 clkload171/X
 clkload172/Y
 clkload173/Y
 clkload174/X
 clkload175/Y
 clkload176/X
 clkload177/X
 clkload178/Y
 clkload179/X
 clkload18/Y
 clkload180/Y
 clkload181/X
 clkload182/Y
 clkload183/Y
 clkload184/Y
 clkload185/Y
 clkload186/X
 clkload187/Y
 clkload188/X
 clkload189/Y
 clkload19/Y
 clkload190/Y
 clkload191/Y
 clkload192/Y
 clkload193/Y
 clkload194/Y
 clkload195/Y
 clkload196/X
 clkload197/X
 clkload198/X
 clkload199/X
 clkload2/Y
 clkload20/Y
 clkload200/X
 clkload201/Y
 clkload202/X
 clkload203/X
 clkload204/X
 clkload205/X
 clkload206/Y
 clkload207/Y
 clkload208/Y
 clkload209/Y
 clkload21/Y
 clkload210/X
 clkload211/Y
 clkload212/X
 clkload213/Y
 clkload214/Y
 clkload215/X
 clkload216/Y
 clkload217/Y
 clkload218/Y
 clkload219/Y
 clkload22/Y
 clkload220/Y
 clkload221/X
 clkload222/Y
 clkload223/Y
 clkload224/Y
 clkload225/Y
 clkload226/Y
 clkload227/Y
 clkload228/Y
 clkload229/Y
 clkload23/Y
 clkload230/Y
 clkload231/Y
 clkload232/Y
 clkload233/Y
 clkload234/Y
 clkload235/Y
 clkload236/Y
 clkload237/Y
 clkload238/Y
 clkload239/Y
 clkload24/Y
 clkload240/Y
 clkload241/Y
 clkload242/Y
 clkload243/Y
 clkload244/X
 clkload245/Y
 clkload246/Y
 clkload247/Y
 clkload248/Y
 clkload249/Y
 clkload25/Y
 clkload250/Y
 clkload251/X
 clkload252/Y
 clkload253/Y
 clkload254/Y
 clkload255/X
 clkload256/Y
 clkload257/X
 clkload258/Y
 clkload259/Y
 clkload26/X
 clkload260/Y
 clkload261/Y
 clkload262/Y
 clkload263/Y
 clkload264/Y
 clkload265/Y
 clkload266/X
 clkload267/X
 clkload268/Y
 clkload269/Y
 clkload27/X
 clkload270/Y
 clkload271/Y
 clkload272/X
 clkload273/Y
 clkload274/Y
 clkload275/Y
 clkload276/Y
 clkload277/Y
 clkload278/Y
 clkload279/Y
 clkload28/X
 clkload280/Y
 clkload281/Y
 clkload282/Y
 clkload283/Y
 clkload284/Y
 clkload285/Y
 clkload286/Y
 clkload287/Y
 clkload288/Y
 clkload289/Y
 clkload29/X
 clkload290/Y
 clkload291/Y
 clkload292/Y
 clkload293/Y
 clkload294/Y
 clkload295/Y
 clkload296/Y
 clkload297/Y
 clkload298/Y
 clkload299/Y
 clkload3/Y
 clkload30/Y
 clkload300/Y
 clkload301/Y
 clkload302/Y
 clkload303/Y
 clkload304/Y
 clkload305/Y
 clkload306/X
 clkload307/Y
 clkload308/Y
 clkload309/Y
 clkload31/Y
 clkload310/Y
 clkload311/Y
 clkload312/Y
 clkload313/Y
 clkload314/Y
 clkload315/Y
 clkload316/Y
 clkload317/Y
 clkload318/Y
 clkload319/Y
 clkload32/Y
 clkload320/Y
 clkload321/Y
 clkload322/Y
 clkload323/Y
 clkload324/Y
 clkload325/X
 clkload326/Y
 clkload327/X
 clkload328/Y
 clkload329/Y
 clkload33/X
 clkload330/Y
 clkload331/Y
 clkload332/Y
 clkload333/X
 clkload334/Y
 clkload335/Y
 clkload336/Y
 clkload337/Y
 clkload338/Y
 clkload339/Y
 clkload34/X
 clkload340/Y
 clkload341/X
 clkload342/Y
 clkload343/Y
 clkload344/Y
 clkload345/Y
 clkload346/Y
 clkload347/Y
 clkload348/Y
 clkload349/Y
 clkload35/Y
 clkload350/Y
 clkload351/Y
 clkload352/Y
 clkload353/Y
 clkload354/Y
 clkload355/Y
 clkload356/Y
 clkload357/Y
 clkload36/X
 clkload37/X
 clkload38/Y
 clkload39/X
 clkload4/Y
 clkload40/X
 clkload41/X
 clkload42/X
 clkload43/Y
 clkload44/Y
 clkload45/X
 clkload46/Y
 clkload47/X
 clkload48/X
 clkload49/X
 clkload5/Y
 clkload50/X
 clkload51/X
 clkload52/X
 clkload53/X
 clkload54/X
 clkload55/X
 clkload56/X
 clkload57/X
 clkload58/X
 clkload59/X
 clkload6/Y
 clkload60/Y
 clkload61/Y
 clkload62/X
 clkload63/X
 clkload64/X
 clkload65/Y
 clkload66/Y
 clkload67/Y
 clkload68/Y
 clkload69/Y
 clkload7/Y
 clkload70/Y
 clkload71/X
 clkload72/X
 clkload73/X
 clkload74/X
 clkload75/X
 clkload76/Y
 clkload77/X
 clkload78/X
 clkload79/X
 clkload8/X
 clkload80/X
 clkload81/Y
 clkload82/X
 clkload83/X
 clkload84/X
 clkload85/X
 clkload86/X
 clkload87/Y
 clkload88/Y
 clkload89/Y
 clkload9/Y
 clkload90/X
 clkload91/Y
 clkload92/X
 clkload93/Y
 clkload94/Y
 clkload95/Y
 clkload96/Y
 clkload97/Y
 clkload98/Y
 clkload99/Y
 conv_accelerator_inst.u_conv_buf_ram.u_mem.u_mem.g_2k\[0\].u_cell.u_sram/dout0[0]
 conv_accelerator_inst.u_conv_buf_ram.u_mem.u_mem.g_2k\[0\].u_cell.u_sram/dout0[10]
 conv_accelerator_inst.u_conv_buf_ram.u_mem.u_mem.g_2k\[0\].u_cell.u_sram/dout0[11]
 conv_accelerator_inst.u_conv_buf_ram.u_mem.u_mem.g_2k\[0\].u_cell.u_sram/dout0[12]
 conv_accelerator_inst.u_conv_buf_ram.u_mem.u_mem.g_2k\[0\].u_cell.u_sram/dout0[13]
 conv_accelerator_inst.u_conv_buf_ram.u_mem.u_mem.g_2k\[0\].u_cell.u_sram/dout0[14]
 conv_accelerator_inst.u_conv_buf_ram.u_mem.u_mem.g_2k\[0\].u_cell.u_sram/dout0[15]
 conv_accelerator_inst.u_conv_buf_ram.u_mem.u_mem.g_2k\[0\].u_cell.u_sram/dout0[16]
 conv_accelerator_inst.u_conv_buf_ram.u_mem.u_mem.g_2k\[0\].u_cell.u_sram/dout0[17]
 conv_accelerator_inst.u_conv_buf_ram.u_mem.u_mem.g_2k\[0\].u_cell.u_sram/dout0[18]
 conv_accelerator_inst.u_conv_buf_ram.u_mem.u_mem.g_2k\[0\].u_cell.u_sram/dout0[19]
 conv_accelerator_inst.u_conv_buf_ram.u_mem.u_mem.g_2k\[0\].u_cell.u_sram/dout0[1]
 conv_accelerator_inst.u_conv_buf_ram.u_mem.u_mem.g_2k\[0\].u_cell.u_sram/dout0[20]
 conv_accelerator_inst.u_conv_buf_ram.u_mem.u_mem.g_2k\[0\].u_cell.u_sram/dout0[21]
 conv_accelerator_inst.u_conv_buf_ram.u_mem.u_mem.g_2k\[0\].u_cell.u_sram/dout0[22]
 conv_accelerator_inst.u_conv_buf_ram.u_mem.u_mem.g_2k\[0\].u_cell.u_sram/dout0[23]
 conv_accelerator_inst.u_conv_buf_ram.u_mem.u_mem.g_2k\[0\].u_cell.u_sram/dout0[24]
 conv_accelerator_inst.u_conv_buf_ram.u_mem.u_mem.g_2k\[0\].u_cell.u_sram/dout0[25]
 conv_accelerator_inst.u_conv_buf_ram.u_mem.u_mem.g_2k\[0\].u_cell.u_sram/dout0[26]
 conv_accelerator_inst.u_conv_buf_ram.u_mem.u_mem.g_2k\[0\].u_cell.u_sram/dout0[27]
 conv_accelerator_inst.u_conv_buf_ram.u_mem.u_mem.g_2k\[0\].u_cell.u_sram/dout0[28]
 conv_accelerator_inst.u_conv_buf_ram.u_mem.u_mem.g_2k\[0\].u_cell.u_sram/dout0[29]
 conv_accelerator_inst.u_conv_buf_ram.u_mem.u_mem.g_2k\[0\].u_cell.u_sram/dout0[2]
 conv_accelerator_inst.u_conv_buf_ram.u_mem.u_mem.g_2k\[0\].u_cell.u_sram/dout0[30]
 conv_accelerator_inst.u_conv_buf_ram.u_mem.u_mem.g_2k\[0\].u_cell.u_sram/dout0[31]
 conv_accelerator_inst.u_conv_buf_ram.u_mem.u_mem.g_2k\[0\].u_cell.u_sram/dout0[3]
 conv_accelerator_inst.u_conv_buf_ram.u_mem.u_mem.g_2k\[0\].u_cell.u_sram/dout0[4]
 conv_accelerator_inst.u_conv_buf_ram.u_mem.u_mem.g_2k\[0\].u_cell.u_sram/dout0[5]
 conv_accelerator_inst.u_conv_buf_ram.u_mem.u_mem.g_2k\[0\].u_cell.u_sram/dout0[6]
 conv_accelerator_inst.u_conv_buf_ram.u_mem.u_mem.g_2k\[0\].u_cell.u_sram/dout0[7]
 conv_accelerator_inst.u_conv_buf_ram.u_mem.u_mem.g_2k\[0\].u_cell.u_sram/dout0[8]
 conv_accelerator_inst.u_conv_buf_ram.u_mem.u_mem.g_2k\[0\].u_cell.u_sram/dout0[9]
 conv_accelerator_inst.u_conv_buf_ram.u_mem.u_mem.g_2k\[0\].u_cell.u_sram_30523/HI
 conv_accelerator_inst.u_conv_buf_ram.u_mem.u_mem.g_2k\[1\].u_cell.u_sram/dout0[0]
 conv_accelerator_inst.u_conv_buf_ram.u_mem.u_mem.g_2k\[1\].u_cell.u_sram/dout0[10]
 conv_accelerator_inst.u_conv_buf_ram.u_mem.u_mem.g_2k\[1\].u_cell.u_sram/dout0[11]
 conv_accelerator_inst.u_conv_buf_ram.u_mem.u_mem.g_2k\[1\].u_cell.u_sram/dout0[12]
 conv_accelerator_inst.u_conv_buf_ram.u_mem.u_mem.g_2k\[1\].u_cell.u_sram/dout0[13]
 conv_accelerator_inst.u_conv_buf_ram.u_mem.u_mem.g_2k\[1\].u_cell.u_sram/dout0[14]
 conv_accelerator_inst.u_conv_buf_ram.u_mem.u_mem.g_2k\[1\].u_cell.u_sram/dout0[15]
 conv_accelerator_inst.u_conv_buf_ram.u_mem.u_mem.g_2k\[1\].u_cell.u_sram/dout0[16]
 conv_accelerator_inst.u_conv_buf_ram.u_mem.u_mem.g_2k\[1\].u_cell.u_sram/dout0[17]
 conv_accelerator_inst.u_conv_buf_ram.u_mem.u_mem.g_2k\[1\].u_cell.u_sram/dout0[18]
 conv_accelerator_inst.u_conv_buf_ram.u_mem.u_mem.g_2k\[1\].u_cell.u_sram/dout0[19]
 conv_accelerator_inst.u_conv_buf_ram.u_mem.u_mem.g_2k\[1\].u_cell.u_sram/dout0[1]
 conv_accelerator_inst.u_conv_buf_ram.u_mem.u_mem.g_2k\[1\].u_cell.u_sram/dout0[20]
 conv_accelerator_inst.u_conv_buf_ram.u_mem.u_mem.g_2k\[1\].u_cell.u_sram/dout0[21]
 conv_accelerator_inst.u_conv_buf_ram.u_mem.u_mem.g_2k\[1\].u_cell.u_sram/dout0[22]
 conv_accelerator_inst.u_conv_buf_ram.u_mem.u_mem.g_2k\[1\].u_cell.u_sram/dout0[23]
 conv_accelerator_inst.u_conv_buf_ram.u_mem.u_mem.g_2k\[1\].u_cell.u_sram/dout0[24]
 conv_accelerator_inst.u_conv_buf_ram.u_mem.u_mem.g_2k\[1\].u_cell.u_sram/dout0[25]
 conv_accelerator_inst.u_conv_buf_ram.u_mem.u_mem.g_2k\[1\].u_cell.u_sram/dout0[26]
 conv_accelerator_inst.u_conv_buf_ram.u_mem.u_mem.g_2k\[1\].u_cell.u_sram/dout0[27]
 conv_accelerator_inst.u_conv_buf_ram.u_mem.u_mem.g_2k\[1\].u_cell.u_sram/dout0[28]
 conv_accelerator_inst.u_conv_buf_ram.u_mem.u_mem.g_2k\[1\].u_cell.u_sram/dout0[29]
 conv_accelerator_inst.u_conv_buf_ram.u_mem.u_mem.g_2k\[1\].u_cell.u_sram/dout0[2]
 conv_accelerator_inst.u_conv_buf_ram.u_mem.u_mem.g_2k\[1\].u_cell.u_sram/dout0[30]
 conv_accelerator_inst.u_conv_buf_ram.u_mem.u_mem.g_2k\[1\].u_cell.u_sram/dout0[31]
 conv_accelerator_inst.u_conv_buf_ram.u_mem.u_mem.g_2k\[1\].u_cell.u_sram/dout0[3]
 conv_accelerator_inst.u_conv_buf_ram.u_mem.u_mem.g_2k\[1\].u_cell.u_sram/dout0[4]
 conv_accelerator_inst.u_conv_buf_ram.u_mem.u_mem.g_2k\[1\].u_cell.u_sram/dout0[5]
 conv_accelerator_inst.u_conv_buf_ram.u_mem.u_mem.g_2k\[1\].u_cell.u_sram/dout0[6]
 conv_accelerator_inst.u_conv_buf_ram.u_mem.u_mem.g_2k\[1\].u_cell.u_sram/dout0[7]
 conv_accelerator_inst.u_conv_buf_ram.u_mem.u_mem.g_2k\[1\].u_cell.u_sram/dout0[8]
 conv_accelerator_inst.u_conv_buf_ram.u_mem.u_mem.g_2k\[1\].u_cell.u_sram/dout0[9]
 conv_accelerator_inst.u_conv_buf_ram.u_mem.u_mem.g_2k\[1\].u_cell.u_sram_30524/HI
 data_bram_ctrl_inst.data_ram.u_mem.g_2k\[0\].u_cell.u_sram/dout0[0]
 data_bram_ctrl_inst.data_ram.u_mem.g_2k\[0\].u_cell.u_sram/dout0[10]
 data_bram_ctrl_inst.data_ram.u_mem.g_2k\[0\].u_cell.u_sram/dout0[11]
 data_bram_ctrl_inst.data_ram.u_mem.g_2k\[0\].u_cell.u_sram/dout0[12]
 data_bram_ctrl_inst.data_ram.u_mem.g_2k\[0\].u_cell.u_sram/dout0[13]
 data_bram_ctrl_inst.data_ram.u_mem.g_2k\[0\].u_cell.u_sram/dout0[14]
 data_bram_ctrl_inst.data_ram.u_mem.g_2k\[0\].u_cell.u_sram/dout0[15]
 data_bram_ctrl_inst.data_ram.u_mem.g_2k\[0\].u_cell.u_sram/dout0[16]
 data_bram_ctrl_inst.data_ram.u_mem.g_2k\[0\].u_cell.u_sram/dout0[17]
 data_bram_ctrl_inst.data_ram.u_mem.g_2k\[0\].u_cell.u_sram/dout0[18]
 data_bram_ctrl_inst.data_ram.u_mem.g_2k\[0\].u_cell.u_sram/dout0[19]
 data_bram_ctrl_inst.data_ram.u_mem.g_2k\[0\].u_cell.u_sram/dout0[1]
 data_bram_ctrl_inst.data_ram.u_mem.g_2k\[0\].u_cell.u_sram/dout0[20]
 data_bram_ctrl_inst.data_ram.u_mem.g_2k\[0\].u_cell.u_sram/dout0[21]
 data_bram_ctrl_inst.data_ram.u_mem.g_2k\[0\].u_cell.u_sram/dout0[22]
 data_bram_ctrl_inst.data_ram.u_mem.g_2k\[0\].u_cell.u_sram/dout0[23]
 data_bram_ctrl_inst.data_ram.u_mem.g_2k\[0\].u_cell.u_sram/dout0[24]
 data_bram_ctrl_inst.data_ram.u_mem.g_2k\[0\].u_cell.u_sram/dout0[25]
 data_bram_ctrl_inst.data_ram.u_mem.g_2k\[0\].u_cell.u_sram/dout0[26]
 data_bram_ctrl_inst.data_ram.u_mem.g_2k\[0\].u_cell.u_sram/dout0[27]
 data_bram_ctrl_inst.data_ram.u_mem.g_2k\[0\].u_cell.u_sram/dout0[28]
 data_bram_ctrl_inst.data_ram.u_mem.g_2k\[0\].u_cell.u_sram/dout0[29]
 data_bram_ctrl_inst.data_ram.u_mem.g_2k\[0\].u_cell.u_sram/dout0[2]
 data_bram_ctrl_inst.data_ram.u_mem.g_2k\[0\].u_cell.u_sram/dout0[30]
 data_bram_ctrl_inst.data_ram.u_mem.g_2k\[0\].u_cell.u_sram/dout0[31]
 data_bram_ctrl_inst.data_ram.u_mem.g_2k\[0\].u_cell.u_sram/dout0[3]
 data_bram_ctrl_inst.data_ram.u_mem.g_2k\[0\].u_cell.u_sram/dout0[4]
 data_bram_ctrl_inst.data_ram.u_mem.g_2k\[0\].u_cell.u_sram/dout0[5]
 data_bram_ctrl_inst.data_ram.u_mem.g_2k\[0\].u_cell.u_sram/dout0[6]
 data_bram_ctrl_inst.data_ram.u_mem.g_2k\[0\].u_cell.u_sram/dout0[7]
 data_bram_ctrl_inst.data_ram.u_mem.g_2k\[0\].u_cell.u_sram/dout0[8]
 data_bram_ctrl_inst.data_ram.u_mem.g_2k\[0\].u_cell.u_sram/dout0[9]
 data_bram_ctrl_inst.data_ram.u_mem.g_2k\[0\].u_cell.u_sram_30525/HI
 data_bram_ctrl_inst.data_ram.u_mem.g_2k\[1\].u_cell.u_sram/dout0[0]
 data_bram_ctrl_inst.data_ram.u_mem.g_2k\[1\].u_cell.u_sram/dout0[10]
 data_bram_ctrl_inst.data_ram.u_mem.g_2k\[1\].u_cell.u_sram/dout0[11]
 data_bram_ctrl_inst.data_ram.u_mem.g_2k\[1\].u_cell.u_sram/dout0[12]
 data_bram_ctrl_inst.data_ram.u_mem.g_2k\[1\].u_cell.u_sram/dout0[13]
 data_bram_ctrl_inst.data_ram.u_mem.g_2k\[1\].u_cell.u_sram/dout0[14]
 data_bram_ctrl_inst.data_ram.u_mem.g_2k\[1\].u_cell.u_sram/dout0[15]
 data_bram_ctrl_inst.data_ram.u_mem.g_2k\[1\].u_cell.u_sram/dout0[16]
 data_bram_ctrl_inst.data_ram.u_mem.g_2k\[1\].u_cell.u_sram/dout0[17]
 data_bram_ctrl_inst.data_ram.u_mem.g_2k\[1\].u_cell.u_sram/dout0[18]
 data_bram_ctrl_inst.data_ram.u_mem.g_2k\[1\].u_cell.u_sram/dout0[19]
 data_bram_ctrl_inst.data_ram.u_mem.g_2k\[1\].u_cell.u_sram/dout0[1]
 data_bram_ctrl_inst.data_ram.u_mem.g_2k\[1\].u_cell.u_sram/dout0[20]
 data_bram_ctrl_inst.data_ram.u_mem.g_2k\[1\].u_cell.u_sram/dout0[21]
 data_bram_ctrl_inst.data_ram.u_mem.g_2k\[1\].u_cell.u_sram/dout0[22]
 data_bram_ctrl_inst.data_ram.u_mem.g_2k\[1\].u_cell.u_sram/dout0[23]
 data_bram_ctrl_inst.data_ram.u_mem.g_2k\[1\].u_cell.u_sram/dout0[24]
 data_bram_ctrl_inst.data_ram.u_mem.g_2k\[1\].u_cell.u_sram/dout0[25]
 data_bram_ctrl_inst.data_ram.u_mem.g_2k\[1\].u_cell.u_sram/dout0[26]
 data_bram_ctrl_inst.data_ram.u_mem.g_2k\[1\].u_cell.u_sram/dout0[27]
 data_bram_ctrl_inst.data_ram.u_mem.g_2k\[1\].u_cell.u_sram/dout0[28]
 data_bram_ctrl_inst.data_ram.u_mem.g_2k\[1\].u_cell.u_sram/dout0[29]
 data_bram_ctrl_inst.data_ram.u_mem.g_2k\[1\].u_cell.u_sram/dout0[2]
 data_bram_ctrl_inst.data_ram.u_mem.g_2k\[1\].u_cell.u_sram/dout0[30]
 data_bram_ctrl_inst.data_ram.u_mem.g_2k\[1\].u_cell.u_sram/dout0[31]
 data_bram_ctrl_inst.data_ram.u_mem.g_2k\[1\].u_cell.u_sram/dout0[3]
 data_bram_ctrl_inst.data_ram.u_mem.g_2k\[1\].u_cell.u_sram/dout0[4]
 data_bram_ctrl_inst.data_ram.u_mem.g_2k\[1\].u_cell.u_sram/dout0[5]
 data_bram_ctrl_inst.data_ram.u_mem.g_2k\[1\].u_cell.u_sram/dout0[6]
 data_bram_ctrl_inst.data_ram.u_mem.g_2k\[1\].u_cell.u_sram/dout0[7]
 data_bram_ctrl_inst.data_ram.u_mem.g_2k\[1\].u_cell.u_sram/dout0[8]
 data_bram_ctrl_inst.data_ram.u_mem.g_2k\[1\].u_cell.u_sram/dout0[9]
 data_bram_ctrl_inst.data_ram.u_mem.g_2k\[1\].u_cell.u_sram_30526/HI
 data_bram_ctrl_inst.data_ram.u_mem.g_2k\[2\].u_cell.u_sram/dout0[0]
 data_bram_ctrl_inst.data_ram.u_mem.g_2k\[2\].u_cell.u_sram/dout0[10]
 data_bram_ctrl_inst.data_ram.u_mem.g_2k\[2\].u_cell.u_sram/dout0[11]
 data_bram_ctrl_inst.data_ram.u_mem.g_2k\[2\].u_cell.u_sram/dout0[12]
 data_bram_ctrl_inst.data_ram.u_mem.g_2k\[2\].u_cell.u_sram/dout0[13]
 data_bram_ctrl_inst.data_ram.u_mem.g_2k\[2\].u_cell.u_sram/dout0[14]
 data_bram_ctrl_inst.data_ram.u_mem.g_2k\[2\].u_cell.u_sram/dout0[15]
 data_bram_ctrl_inst.data_ram.u_mem.g_2k\[2\].u_cell.u_sram/dout0[16]
 data_bram_ctrl_inst.data_ram.u_mem.g_2k\[2\].u_cell.u_sram/dout0[17]
 data_bram_ctrl_inst.data_ram.u_mem.g_2k\[2\].u_cell.u_sram/dout0[18]
 data_bram_ctrl_inst.data_ram.u_mem.g_2k\[2\].u_cell.u_sram/dout0[19]
 data_bram_ctrl_inst.data_ram.u_mem.g_2k\[2\].u_cell.u_sram/dout0[1]
 data_bram_ctrl_inst.data_ram.u_mem.g_2k\[2\].u_cell.u_sram/dout0[20]
 data_bram_ctrl_inst.data_ram.u_mem.g_2k\[2\].u_cell.u_sram/dout0[21]
 data_bram_ctrl_inst.data_ram.u_mem.g_2k\[2\].u_cell.u_sram/dout0[22]
 data_bram_ctrl_inst.data_ram.u_mem.g_2k\[2\].u_cell.u_sram/dout0[23]
 data_bram_ctrl_inst.data_ram.u_mem.g_2k\[2\].u_cell.u_sram/dout0[24]
 data_bram_ctrl_inst.data_ram.u_mem.g_2k\[2\].u_cell.u_sram/dout0[25]
 data_bram_ctrl_inst.data_ram.u_mem.g_2k\[2\].u_cell.u_sram/dout0[26]
 data_bram_ctrl_inst.data_ram.u_mem.g_2k\[2\].u_cell.u_sram/dout0[27]
 data_bram_ctrl_inst.data_ram.u_mem.g_2k\[2\].u_cell.u_sram/dout0[28]
 data_bram_ctrl_inst.data_ram.u_mem.g_2k\[2\].u_cell.u_sram/dout0[29]
 data_bram_ctrl_inst.data_ram.u_mem.g_2k\[2\].u_cell.u_sram/dout0[2]
 data_bram_ctrl_inst.data_ram.u_mem.g_2k\[2\].u_cell.u_sram/dout0[30]
 data_bram_ctrl_inst.data_ram.u_mem.g_2k\[2\].u_cell.u_sram/dout0[31]
 data_bram_ctrl_inst.data_ram.u_mem.g_2k\[2\].u_cell.u_sram/dout0[3]
 data_bram_ctrl_inst.data_ram.u_mem.g_2k\[2\].u_cell.u_sram/dout0[4]
 data_bram_ctrl_inst.data_ram.u_mem.g_2k\[2\].u_cell.u_sram/dout0[5]
 data_bram_ctrl_inst.data_ram.u_mem.g_2k\[2\].u_cell.u_sram/dout0[6]
 data_bram_ctrl_inst.data_ram.u_mem.g_2k\[2\].u_cell.u_sram/dout0[7]
 data_bram_ctrl_inst.data_ram.u_mem.g_2k\[2\].u_cell.u_sram/dout0[8]
 data_bram_ctrl_inst.data_ram.u_mem.g_2k\[2\].u_cell.u_sram/dout0[9]
 data_bram_ctrl_inst.data_ram.u_mem.g_2k\[2\].u_cell.u_sram_30527/HI
 data_bram_ctrl_inst.data_ram.u_mem.g_2k\[3\].u_cell.u_sram/dout0[0]
 data_bram_ctrl_inst.data_ram.u_mem.g_2k\[3\].u_cell.u_sram/dout0[10]
 data_bram_ctrl_inst.data_ram.u_mem.g_2k\[3\].u_cell.u_sram/dout0[11]
 data_bram_ctrl_inst.data_ram.u_mem.g_2k\[3\].u_cell.u_sram/dout0[12]
 data_bram_ctrl_inst.data_ram.u_mem.g_2k\[3\].u_cell.u_sram/dout0[13]
 data_bram_ctrl_inst.data_ram.u_mem.g_2k\[3\].u_cell.u_sram/dout0[14]
 data_bram_ctrl_inst.data_ram.u_mem.g_2k\[3\].u_cell.u_sram/dout0[15]
 data_bram_ctrl_inst.data_ram.u_mem.g_2k\[3\].u_cell.u_sram/dout0[16]
 data_bram_ctrl_inst.data_ram.u_mem.g_2k\[3\].u_cell.u_sram/dout0[17]
 data_bram_ctrl_inst.data_ram.u_mem.g_2k\[3\].u_cell.u_sram/dout0[18]
 data_bram_ctrl_inst.data_ram.u_mem.g_2k\[3\].u_cell.u_sram/dout0[19]
 data_bram_ctrl_inst.data_ram.u_mem.g_2k\[3\].u_cell.u_sram/dout0[1]
 data_bram_ctrl_inst.data_ram.u_mem.g_2k\[3\].u_cell.u_sram/dout0[20]
 data_bram_ctrl_inst.data_ram.u_mem.g_2k\[3\].u_cell.u_sram/dout0[21]
 data_bram_ctrl_inst.data_ram.u_mem.g_2k\[3\].u_cell.u_sram/dout0[22]
 data_bram_ctrl_inst.data_ram.u_mem.g_2k\[3\].u_cell.u_sram/dout0[23]
 data_bram_ctrl_inst.data_ram.u_mem.g_2k\[3\].u_cell.u_sram/dout0[24]
 data_bram_ctrl_inst.data_ram.u_mem.g_2k\[3\].u_cell.u_sram/dout0[25]
 data_bram_ctrl_inst.data_ram.u_mem.g_2k\[3\].u_cell.u_sram/dout0[26]
 data_bram_ctrl_inst.data_ram.u_mem.g_2k\[3\].u_cell.u_sram/dout0[27]
 data_bram_ctrl_inst.data_ram.u_mem.g_2k\[3\].u_cell.u_sram/dout0[28]
 data_bram_ctrl_inst.data_ram.u_mem.g_2k\[3\].u_cell.u_sram/dout0[29]
 data_bram_ctrl_inst.data_ram.u_mem.g_2k\[3\].u_cell.u_sram/dout0[2]
 data_bram_ctrl_inst.data_ram.u_mem.g_2k\[3\].u_cell.u_sram/dout0[30]
 data_bram_ctrl_inst.data_ram.u_mem.g_2k\[3\].u_cell.u_sram/dout0[31]
 data_bram_ctrl_inst.data_ram.u_mem.g_2k\[3\].u_cell.u_sram/dout0[3]
 data_bram_ctrl_inst.data_ram.u_mem.g_2k\[3\].u_cell.u_sram/dout0[4]
 data_bram_ctrl_inst.data_ram.u_mem.g_2k\[3\].u_cell.u_sram/dout0[5]
 data_bram_ctrl_inst.data_ram.u_mem.g_2k\[3\].u_cell.u_sram/dout0[6]
 data_bram_ctrl_inst.data_ram.u_mem.g_2k\[3\].u_cell.u_sram/dout0[7]
 data_bram_ctrl_inst.data_ram.u_mem.g_2k\[3\].u_cell.u_sram/dout0[8]
 data_bram_ctrl_inst.data_ram.u_mem.g_2k\[3\].u_cell.u_sram/dout0[9]
 data_bram_ctrl_inst.data_ram.u_mem.g_2k\[3\].u_cell.u_sram_30528/HI
 instr_bram_ctrl_inst.instr_ram.u_mem.g_2k\[0\].u_cell.u_sram/dout0[0]
 instr_bram_ctrl_inst.instr_ram.u_mem.g_2k\[0\].u_cell.u_sram/dout0[10]
 instr_bram_ctrl_inst.instr_ram.u_mem.g_2k\[0\].u_cell.u_sram/dout0[11]
 instr_bram_ctrl_inst.instr_ram.u_mem.g_2k\[0\].u_cell.u_sram/dout0[12]
 instr_bram_ctrl_inst.instr_ram.u_mem.g_2k\[0\].u_cell.u_sram/dout0[13]
 instr_bram_ctrl_inst.instr_ram.u_mem.g_2k\[0\].u_cell.u_sram/dout0[14]
 instr_bram_ctrl_inst.instr_ram.u_mem.g_2k\[0\].u_cell.u_sram/dout0[15]
 instr_bram_ctrl_inst.instr_ram.u_mem.g_2k\[0\].u_cell.u_sram/dout0[16]
 instr_bram_ctrl_inst.instr_ram.u_mem.g_2k\[0\].u_cell.u_sram/dout0[17]
 instr_bram_ctrl_inst.instr_ram.u_mem.g_2k\[0\].u_cell.u_sram/dout0[18]
 instr_bram_ctrl_inst.instr_ram.u_mem.g_2k\[0\].u_cell.u_sram/dout0[19]
 instr_bram_ctrl_inst.instr_ram.u_mem.g_2k\[0\].u_cell.u_sram/dout0[1]
 instr_bram_ctrl_inst.instr_ram.u_mem.g_2k\[0\].u_cell.u_sram/dout0[20]
 instr_bram_ctrl_inst.instr_ram.u_mem.g_2k\[0\].u_cell.u_sram/dout0[21]
 instr_bram_ctrl_inst.instr_ram.u_mem.g_2k\[0\].u_cell.u_sram/dout0[22]
 instr_bram_ctrl_inst.instr_ram.u_mem.g_2k\[0\].u_cell.u_sram/dout0[23]
 instr_bram_ctrl_inst.instr_ram.u_mem.g_2k\[0\].u_cell.u_sram/dout0[24]
 instr_bram_ctrl_inst.instr_ram.u_mem.g_2k\[0\].u_cell.u_sram/dout0[25]
 instr_bram_ctrl_inst.instr_ram.u_mem.g_2k\[0\].u_cell.u_sram/dout0[26]
 instr_bram_ctrl_inst.instr_ram.u_mem.g_2k\[0\].u_cell.u_sram/dout0[27]
 instr_bram_ctrl_inst.instr_ram.u_mem.g_2k\[0\].u_cell.u_sram/dout0[28]
 instr_bram_ctrl_inst.instr_ram.u_mem.g_2k\[0\].u_cell.u_sram/dout0[29]
 instr_bram_ctrl_inst.instr_ram.u_mem.g_2k\[0\].u_cell.u_sram/dout0[2]
 instr_bram_ctrl_inst.instr_ram.u_mem.g_2k\[0\].u_cell.u_sram/dout0[30]
 instr_bram_ctrl_inst.instr_ram.u_mem.g_2k\[0\].u_cell.u_sram/dout0[31]
 instr_bram_ctrl_inst.instr_ram.u_mem.g_2k\[0\].u_cell.u_sram/dout0[3]
 instr_bram_ctrl_inst.instr_ram.u_mem.g_2k\[0\].u_cell.u_sram/dout0[4]
 instr_bram_ctrl_inst.instr_ram.u_mem.g_2k\[0\].u_cell.u_sram/dout0[5]
 instr_bram_ctrl_inst.instr_ram.u_mem.g_2k\[0\].u_cell.u_sram/dout0[6]
 instr_bram_ctrl_inst.instr_ram.u_mem.g_2k\[0\].u_cell.u_sram/dout0[7]
 instr_bram_ctrl_inst.instr_ram.u_mem.g_2k\[0\].u_cell.u_sram/dout0[8]
 instr_bram_ctrl_inst.instr_ram.u_mem.g_2k\[0\].u_cell.u_sram/dout0[9]
 instr_bram_ctrl_inst.instr_ram.u_mem.g_2k\[0\].u_cell.u_sram_30529/HI
 instr_bram_ctrl_inst.instr_ram.u_mem.g_2k\[1\].u_cell.u_sram/dout0[0]
 instr_bram_ctrl_inst.instr_ram.u_mem.g_2k\[1\].u_cell.u_sram/dout0[10]
 instr_bram_ctrl_inst.instr_ram.u_mem.g_2k\[1\].u_cell.u_sram/dout0[11]
 instr_bram_ctrl_inst.instr_ram.u_mem.g_2k\[1\].u_cell.u_sram/dout0[12]
 instr_bram_ctrl_inst.instr_ram.u_mem.g_2k\[1\].u_cell.u_sram/dout0[13]
 instr_bram_ctrl_inst.instr_ram.u_mem.g_2k\[1\].u_cell.u_sram/dout0[14]
 instr_bram_ctrl_inst.instr_ram.u_mem.g_2k\[1\].u_cell.u_sram/dout0[15]
 instr_bram_ctrl_inst.instr_ram.u_mem.g_2k\[1\].u_cell.u_sram/dout0[16]
 instr_bram_ctrl_inst.instr_ram.u_mem.g_2k\[1\].u_cell.u_sram/dout0[17]
 instr_bram_ctrl_inst.instr_ram.u_mem.g_2k\[1\].u_cell.u_sram/dout0[18]
 instr_bram_ctrl_inst.instr_ram.u_mem.g_2k\[1\].u_cell.u_sram/dout0[19]
 instr_bram_ctrl_inst.instr_ram.u_mem.g_2k\[1\].u_cell.u_sram/dout0[1]
 instr_bram_ctrl_inst.instr_ram.u_mem.g_2k\[1\].u_cell.u_sram/dout0[20]
 instr_bram_ctrl_inst.instr_ram.u_mem.g_2k\[1\].u_cell.u_sram/dout0[21]
 instr_bram_ctrl_inst.instr_ram.u_mem.g_2k\[1\].u_cell.u_sram/dout0[22]
 instr_bram_ctrl_inst.instr_ram.u_mem.g_2k\[1\].u_cell.u_sram/dout0[23]
 instr_bram_ctrl_inst.instr_ram.u_mem.g_2k\[1\].u_cell.u_sram/dout0[24]
 instr_bram_ctrl_inst.instr_ram.u_mem.g_2k\[1\].u_cell.u_sram/dout0[25]
 instr_bram_ctrl_inst.instr_ram.u_mem.g_2k\[1\].u_cell.u_sram/dout0[26]
 instr_bram_ctrl_inst.instr_ram.u_mem.g_2k\[1\].u_cell.u_sram/dout0[27]
 instr_bram_ctrl_inst.instr_ram.u_mem.g_2k\[1\].u_cell.u_sram/dout0[28]
 instr_bram_ctrl_inst.instr_ram.u_mem.g_2k\[1\].u_cell.u_sram/dout0[29]
 instr_bram_ctrl_inst.instr_ram.u_mem.g_2k\[1\].u_cell.u_sram/dout0[2]
 instr_bram_ctrl_inst.instr_ram.u_mem.g_2k\[1\].u_cell.u_sram/dout0[30]
 instr_bram_ctrl_inst.instr_ram.u_mem.g_2k\[1\].u_cell.u_sram/dout0[31]
 instr_bram_ctrl_inst.instr_ram.u_mem.g_2k\[1\].u_cell.u_sram/dout0[3]
 instr_bram_ctrl_inst.instr_ram.u_mem.g_2k\[1\].u_cell.u_sram/dout0[4]
 instr_bram_ctrl_inst.instr_ram.u_mem.g_2k\[1\].u_cell.u_sram/dout0[5]
 instr_bram_ctrl_inst.instr_ram.u_mem.g_2k\[1\].u_cell.u_sram/dout0[6]
 instr_bram_ctrl_inst.instr_ram.u_mem.g_2k\[1\].u_cell.u_sram/dout0[7]
 instr_bram_ctrl_inst.instr_ram.u_mem.g_2k\[1\].u_cell.u_sram/dout0[8]
 instr_bram_ctrl_inst.instr_ram.u_mem.g_2k\[1\].u_cell.u_sram/dout0[9]
 instr_bram_ctrl_inst.instr_ram.u_mem.g_2k\[1\].u_cell.u_sram_30530/HI
 instr_bram_ctrl_inst.instr_ram.u_mem.g_2k\[2\].u_cell.u_sram/dout0[0]
 instr_bram_ctrl_inst.instr_ram.u_mem.g_2k\[2\].u_cell.u_sram/dout0[10]
 instr_bram_ctrl_inst.instr_ram.u_mem.g_2k\[2\].u_cell.u_sram/dout0[11]
 instr_bram_ctrl_inst.instr_ram.u_mem.g_2k\[2\].u_cell.u_sram/dout0[12]
 instr_bram_ctrl_inst.instr_ram.u_mem.g_2k\[2\].u_cell.u_sram/dout0[13]
 instr_bram_ctrl_inst.instr_ram.u_mem.g_2k\[2\].u_cell.u_sram/dout0[14]
 instr_bram_ctrl_inst.instr_ram.u_mem.g_2k\[2\].u_cell.u_sram/dout0[15]
 instr_bram_ctrl_inst.instr_ram.u_mem.g_2k\[2\].u_cell.u_sram/dout0[16]
 instr_bram_ctrl_inst.instr_ram.u_mem.g_2k\[2\].u_cell.u_sram/dout0[17]
 instr_bram_ctrl_inst.instr_ram.u_mem.g_2k\[2\].u_cell.u_sram/dout0[18]
 instr_bram_ctrl_inst.instr_ram.u_mem.g_2k\[2\].u_cell.u_sram/dout0[19]
 instr_bram_ctrl_inst.instr_ram.u_mem.g_2k\[2\].u_cell.u_sram/dout0[1]
 instr_bram_ctrl_inst.instr_ram.u_mem.g_2k\[2\].u_cell.u_sram/dout0[20]
 instr_bram_ctrl_inst.instr_ram.u_mem.g_2k\[2\].u_cell.u_sram/dout0[21]
 instr_bram_ctrl_inst.instr_ram.u_mem.g_2k\[2\].u_cell.u_sram/dout0[22]
 instr_bram_ctrl_inst.instr_ram.u_mem.g_2k\[2\].u_cell.u_sram/dout0[23]
 instr_bram_ctrl_inst.instr_ram.u_mem.g_2k\[2\].u_cell.u_sram/dout0[24]
 instr_bram_ctrl_inst.instr_ram.u_mem.g_2k\[2\].u_cell.u_sram/dout0[25]
 instr_bram_ctrl_inst.instr_ram.u_mem.g_2k\[2\].u_cell.u_sram/dout0[26]
 instr_bram_ctrl_inst.instr_ram.u_mem.g_2k\[2\].u_cell.u_sram/dout0[27]
 instr_bram_ctrl_inst.instr_ram.u_mem.g_2k\[2\].u_cell.u_sram/dout0[28]
 instr_bram_ctrl_inst.instr_ram.u_mem.g_2k\[2\].u_cell.u_sram/dout0[29]
 instr_bram_ctrl_inst.instr_ram.u_mem.g_2k\[2\].u_cell.u_sram/dout0[2]
 instr_bram_ctrl_inst.instr_ram.u_mem.g_2k\[2\].u_cell.u_sram/dout0[30]
 instr_bram_ctrl_inst.instr_ram.u_mem.g_2k\[2\].u_cell.u_sram/dout0[31]
 instr_bram_ctrl_inst.instr_ram.u_mem.g_2k\[2\].u_cell.u_sram/dout0[3]
 instr_bram_ctrl_inst.instr_ram.u_mem.g_2k\[2\].u_cell.u_sram/dout0[4]
 instr_bram_ctrl_inst.instr_ram.u_mem.g_2k\[2\].u_cell.u_sram/dout0[5]
 instr_bram_ctrl_inst.instr_ram.u_mem.g_2k\[2\].u_cell.u_sram/dout0[6]
 instr_bram_ctrl_inst.instr_ram.u_mem.g_2k\[2\].u_cell.u_sram/dout0[7]
 instr_bram_ctrl_inst.instr_ram.u_mem.g_2k\[2\].u_cell.u_sram/dout0[8]
 instr_bram_ctrl_inst.instr_ram.u_mem.g_2k\[2\].u_cell.u_sram/dout0[9]
 instr_bram_ctrl_inst.instr_ram.u_mem.g_2k\[2\].u_cell.u_sram_30531/HI
 instr_bram_ctrl_inst.instr_ram.u_mem.g_2k\[3\].u_cell.u_sram/dout0[0]
 instr_bram_ctrl_inst.instr_ram.u_mem.g_2k\[3\].u_cell.u_sram/dout0[10]
 instr_bram_ctrl_inst.instr_ram.u_mem.g_2k\[3\].u_cell.u_sram/dout0[11]
 instr_bram_ctrl_inst.instr_ram.u_mem.g_2k\[3\].u_cell.u_sram/dout0[12]
 instr_bram_ctrl_inst.instr_ram.u_mem.g_2k\[3\].u_cell.u_sram/dout0[13]
 instr_bram_ctrl_inst.instr_ram.u_mem.g_2k\[3\].u_cell.u_sram/dout0[14]
 instr_bram_ctrl_inst.instr_ram.u_mem.g_2k\[3\].u_cell.u_sram/dout0[15]
 instr_bram_ctrl_inst.instr_ram.u_mem.g_2k\[3\].u_cell.u_sram/dout0[16]
 instr_bram_ctrl_inst.instr_ram.u_mem.g_2k\[3\].u_cell.u_sram/dout0[17]
 instr_bram_ctrl_inst.instr_ram.u_mem.g_2k\[3\].u_cell.u_sram/dout0[18]
 instr_bram_ctrl_inst.instr_ram.u_mem.g_2k\[3\].u_cell.u_sram/dout0[19]
 instr_bram_ctrl_inst.instr_ram.u_mem.g_2k\[3\].u_cell.u_sram/dout0[1]
 instr_bram_ctrl_inst.instr_ram.u_mem.g_2k\[3\].u_cell.u_sram/dout0[20]
 instr_bram_ctrl_inst.instr_ram.u_mem.g_2k\[3\].u_cell.u_sram/dout0[21]
 instr_bram_ctrl_inst.instr_ram.u_mem.g_2k\[3\].u_cell.u_sram/dout0[22]
 instr_bram_ctrl_inst.instr_ram.u_mem.g_2k\[3\].u_cell.u_sram/dout0[23]
 instr_bram_ctrl_inst.instr_ram.u_mem.g_2k\[3\].u_cell.u_sram/dout0[24]
 instr_bram_ctrl_inst.instr_ram.u_mem.g_2k\[3\].u_cell.u_sram/dout0[25]
 instr_bram_ctrl_inst.instr_ram.u_mem.g_2k\[3\].u_cell.u_sram/dout0[26]
 instr_bram_ctrl_inst.instr_ram.u_mem.g_2k\[3\].u_cell.u_sram/dout0[27]
 instr_bram_ctrl_inst.instr_ram.u_mem.g_2k\[3\].u_cell.u_sram/dout0[28]
 instr_bram_ctrl_inst.instr_ram.u_mem.g_2k\[3\].u_cell.u_sram/dout0[29]
 instr_bram_ctrl_inst.instr_ram.u_mem.g_2k\[3\].u_cell.u_sram/dout0[2]
 instr_bram_ctrl_inst.instr_ram.u_mem.g_2k\[3\].u_cell.u_sram/dout0[30]
 instr_bram_ctrl_inst.instr_ram.u_mem.g_2k\[3\].u_cell.u_sram/dout0[31]
 instr_bram_ctrl_inst.instr_ram.u_mem.g_2k\[3\].u_cell.u_sram/dout0[3]
 instr_bram_ctrl_inst.instr_ram.u_mem.g_2k\[3\].u_cell.u_sram/dout0[4]
 instr_bram_ctrl_inst.instr_ram.u_mem.g_2k\[3\].u_cell.u_sram/dout0[5]
 instr_bram_ctrl_inst.instr_ram.u_mem.g_2k\[3\].u_cell.u_sram/dout0[6]
 instr_bram_ctrl_inst.instr_ram.u_mem.g_2k\[3\].u_cell.u_sram/dout0[7]
 instr_bram_ctrl_inst.instr_ram.u_mem.g_2k\[3\].u_cell.u_sram/dout0[8]
 instr_bram_ctrl_inst.instr_ram.u_mem.g_2k\[3\].u_cell.u_sram/dout0[9]
 instr_bram_ctrl_inst.instr_ram.u_mem.g_2k\[3\].u_cell.u_sram_30532/HI
 top_module/HI
 top_module_30538/HI
 top_module_30539/HI
 top_module_30540/HI
 top_module_30541/HI
 top_module_30542/HI
 top_module_30543/HI
 top_module_30544/HI
 top_module_30545/HI
 top_module_30546/HI
 top_module_30547/HI
 top_module_30548/HI
 top_module_30549/HI
 top_module_30550/HI
 top_module_30551/HI
 top_module_30552/HI
 yz_bram_ctrl_inst.yz_ram.u_mem.u_mem.g_1k.u_cell.u_sram/dout0[0]
 yz_bram_ctrl_inst.yz_ram.u_mem.u_mem.g_1k.u_cell.u_sram/dout0[10]
 yz_bram_ctrl_inst.yz_ram.u_mem.u_mem.g_1k.u_cell.u_sram/dout0[11]
 yz_bram_ctrl_inst.yz_ram.u_mem.u_mem.g_1k.u_cell.u_sram/dout0[12]
 yz_bram_ctrl_inst.yz_ram.u_mem.u_mem.g_1k.u_cell.u_sram/dout0[13]
 yz_bram_ctrl_inst.yz_ram.u_mem.u_mem.g_1k.u_cell.u_sram/dout0[14]
 yz_bram_ctrl_inst.yz_ram.u_mem.u_mem.g_1k.u_cell.u_sram/dout0[15]
 yz_bram_ctrl_inst.yz_ram.u_mem.u_mem.g_1k.u_cell.u_sram/dout0[16]
 yz_bram_ctrl_inst.yz_ram.u_mem.u_mem.g_1k.u_cell.u_sram/dout0[17]
 yz_bram_ctrl_inst.yz_ram.u_mem.u_mem.g_1k.u_cell.u_sram/dout0[18]
 yz_bram_ctrl_inst.yz_ram.u_mem.u_mem.g_1k.u_cell.u_sram/dout0[19]
 yz_bram_ctrl_inst.yz_ram.u_mem.u_mem.g_1k.u_cell.u_sram/dout0[1]
 yz_bram_ctrl_inst.yz_ram.u_mem.u_mem.g_1k.u_cell.u_sram/dout0[20]
 yz_bram_ctrl_inst.yz_ram.u_mem.u_mem.g_1k.u_cell.u_sram/dout0[21]
 yz_bram_ctrl_inst.yz_ram.u_mem.u_mem.g_1k.u_cell.u_sram/dout0[22]
 yz_bram_ctrl_inst.yz_ram.u_mem.u_mem.g_1k.u_cell.u_sram/dout0[23]
 yz_bram_ctrl_inst.yz_ram.u_mem.u_mem.g_1k.u_cell.u_sram/dout0[24]
 yz_bram_ctrl_inst.yz_ram.u_mem.u_mem.g_1k.u_cell.u_sram/dout0[25]
 yz_bram_ctrl_inst.yz_ram.u_mem.u_mem.g_1k.u_cell.u_sram/dout0[26]
 yz_bram_ctrl_inst.yz_ram.u_mem.u_mem.g_1k.u_cell.u_sram/dout0[27]
 yz_bram_ctrl_inst.yz_ram.u_mem.u_mem.g_1k.u_cell.u_sram/dout0[28]
 yz_bram_ctrl_inst.yz_ram.u_mem.u_mem.g_1k.u_cell.u_sram/dout0[29]
 yz_bram_ctrl_inst.yz_ram.u_mem.u_mem.g_1k.u_cell.u_sram/dout0[2]
 yz_bram_ctrl_inst.yz_ram.u_mem.u_mem.g_1k.u_cell.u_sram/dout0[30]
 yz_bram_ctrl_inst.yz_ram.u_mem.u_mem.g_1k.u_cell.u_sram/dout0[31]
 yz_bram_ctrl_inst.yz_ram.u_mem.u_mem.g_1k.u_cell.u_sram/dout0[3]
 yz_bram_ctrl_inst.yz_ram.u_mem.u_mem.g_1k.u_cell.u_sram/dout0[4]
 yz_bram_ctrl_inst.yz_ram.u_mem.u_mem.g_1k.u_cell.u_sram/dout0[5]
 yz_bram_ctrl_inst.yz_ram.u_mem.u_mem.g_1k.u_cell.u_sram/dout0[6]
 yz_bram_ctrl_inst.yz_ram.u_mem.u_mem.g_1k.u_cell.u_sram/dout0[7]
 yz_bram_ctrl_inst.yz_ram.u_mem.u_mem.g_1k.u_cell.u_sram/dout0[8]
 yz_bram_ctrl_inst.yz_ram.u_mem.u_mem.g_1k.u_cell.u_sram/dout0[9]
 yz_bram_ctrl_inst.yz_ram.u_mem.u_mem.g_1k.u_cell.u_sram_30533/HI
 yz_bram_ctrl_inst.yz_ram.u_mem.u_mem.g_2k\[0\].u_cell.u_sram/dout0[0]
 yz_bram_ctrl_inst.yz_ram.u_mem.u_mem.g_2k\[0\].u_cell.u_sram/dout0[10]
 yz_bram_ctrl_inst.yz_ram.u_mem.u_mem.g_2k\[0\].u_cell.u_sram/dout0[11]
 yz_bram_ctrl_inst.yz_ram.u_mem.u_mem.g_2k\[0\].u_cell.u_sram/dout0[12]
 yz_bram_ctrl_inst.yz_ram.u_mem.u_mem.g_2k\[0\].u_cell.u_sram/dout0[13]
 yz_bram_ctrl_inst.yz_ram.u_mem.u_mem.g_2k\[0\].u_cell.u_sram/dout0[14]
 yz_bram_ctrl_inst.yz_ram.u_mem.u_mem.g_2k\[0\].u_cell.u_sram/dout0[15]
 yz_bram_ctrl_inst.yz_ram.u_mem.u_mem.g_2k\[0\].u_cell.u_sram/dout0[16]
 yz_bram_ctrl_inst.yz_ram.u_mem.u_mem.g_2k\[0\].u_cell.u_sram/dout0[17]
 yz_bram_ctrl_inst.yz_ram.u_mem.u_mem.g_2k\[0\].u_cell.u_sram/dout0[18]
 yz_bram_ctrl_inst.yz_ram.u_mem.u_mem.g_2k\[0\].u_cell.u_sram/dout0[19]
 yz_bram_ctrl_inst.yz_ram.u_mem.u_mem.g_2k\[0\].u_cell.u_sram/dout0[1]
 yz_bram_ctrl_inst.yz_ram.u_mem.u_mem.g_2k\[0\].u_cell.u_sram/dout0[20]
 yz_bram_ctrl_inst.yz_ram.u_mem.u_mem.g_2k\[0\].u_cell.u_sram/dout0[21]
 yz_bram_ctrl_inst.yz_ram.u_mem.u_mem.g_2k\[0\].u_cell.u_sram/dout0[22]
 yz_bram_ctrl_inst.yz_ram.u_mem.u_mem.g_2k\[0\].u_cell.u_sram/dout0[23]
 yz_bram_ctrl_inst.yz_ram.u_mem.u_mem.g_2k\[0\].u_cell.u_sram/dout0[24]
 yz_bram_ctrl_inst.yz_ram.u_mem.u_mem.g_2k\[0\].u_cell.u_sram/dout0[25]
 yz_bram_ctrl_inst.yz_ram.u_mem.u_mem.g_2k\[0\].u_cell.u_sram/dout0[26]
 yz_bram_ctrl_inst.yz_ram.u_mem.u_mem.g_2k\[0\].u_cell.u_sram/dout0[27]
 yz_bram_ctrl_inst.yz_ram.u_mem.u_mem.g_2k\[0\].u_cell.u_sram/dout0[28]
 yz_bram_ctrl_inst.yz_ram.u_mem.u_mem.g_2k\[0\].u_cell.u_sram/dout0[29]
 yz_bram_ctrl_inst.yz_ram.u_mem.u_mem.g_2k\[0\].u_cell.u_sram/dout0[2]
 yz_bram_ctrl_inst.yz_ram.u_mem.u_mem.g_2k\[0\].u_cell.u_sram/dout0[30]
 yz_bram_ctrl_inst.yz_ram.u_mem.u_mem.g_2k\[0\].u_cell.u_sram/dout0[31]
 yz_bram_ctrl_inst.yz_ram.u_mem.u_mem.g_2k\[0\].u_cell.u_sram/dout0[3]
 yz_bram_ctrl_inst.yz_ram.u_mem.u_mem.g_2k\[0\].u_cell.u_sram/dout0[4]
 yz_bram_ctrl_inst.yz_ram.u_mem.u_mem.g_2k\[0\].u_cell.u_sram/dout0[5]
 yz_bram_ctrl_inst.yz_ram.u_mem.u_mem.g_2k\[0\].u_cell.u_sram/dout0[6]
 yz_bram_ctrl_inst.yz_ram.u_mem.u_mem.g_2k\[0\].u_cell.u_sram/dout0[7]
 yz_bram_ctrl_inst.yz_ram.u_mem.u_mem.g_2k\[0\].u_cell.u_sram/dout0[8]
 yz_bram_ctrl_inst.yz_ram.u_mem.u_mem.g_2k\[0\].u_cell.u_sram/dout0[9]
 yz_bram_ctrl_inst.yz_ram.u_mem.u_mem.g_2k\[0\].u_cell.u_sram_30534/HI
 yz_bram_ctrl_inst.yz_ram.u_mem.u_mem.g_2k\[1\].u_cell.u_sram/dout0[0]
 yz_bram_ctrl_inst.yz_ram.u_mem.u_mem.g_2k\[1\].u_cell.u_sram/dout0[10]
 yz_bram_ctrl_inst.yz_ram.u_mem.u_mem.g_2k\[1\].u_cell.u_sram/dout0[11]
 yz_bram_ctrl_inst.yz_ram.u_mem.u_mem.g_2k\[1\].u_cell.u_sram/dout0[12]
 yz_bram_ctrl_inst.yz_ram.u_mem.u_mem.g_2k\[1\].u_cell.u_sram/dout0[13]
 yz_bram_ctrl_inst.yz_ram.u_mem.u_mem.g_2k\[1\].u_cell.u_sram/dout0[14]
 yz_bram_ctrl_inst.yz_ram.u_mem.u_mem.g_2k\[1\].u_cell.u_sram/dout0[15]
 yz_bram_ctrl_inst.yz_ram.u_mem.u_mem.g_2k\[1\].u_cell.u_sram/dout0[16]
 yz_bram_ctrl_inst.yz_ram.u_mem.u_mem.g_2k\[1\].u_cell.u_sram/dout0[17]
 yz_bram_ctrl_inst.yz_ram.u_mem.u_mem.g_2k\[1\].u_cell.u_sram/dout0[18]
 yz_bram_ctrl_inst.yz_ram.u_mem.u_mem.g_2k\[1\].u_cell.u_sram/dout0[19]
 yz_bram_ctrl_inst.yz_ram.u_mem.u_mem.g_2k\[1\].u_cell.u_sram/dout0[1]
 yz_bram_ctrl_inst.yz_ram.u_mem.u_mem.g_2k\[1\].u_cell.u_sram/dout0[20]
 yz_bram_ctrl_inst.yz_ram.u_mem.u_mem.g_2k\[1\].u_cell.u_sram/dout0[21]
 yz_bram_ctrl_inst.yz_ram.u_mem.u_mem.g_2k\[1\].u_cell.u_sram/dout0[22]
 yz_bram_ctrl_inst.yz_ram.u_mem.u_mem.g_2k\[1\].u_cell.u_sram/dout0[23]
 yz_bram_ctrl_inst.yz_ram.u_mem.u_mem.g_2k\[1\].u_cell.u_sram/dout0[24]
 yz_bram_ctrl_inst.yz_ram.u_mem.u_mem.g_2k\[1\].u_cell.u_sram/dout0[25]
 yz_bram_ctrl_inst.yz_ram.u_mem.u_mem.g_2k\[1\].u_cell.u_sram/dout0[26]
 yz_bram_ctrl_inst.yz_ram.u_mem.u_mem.g_2k\[1\].u_cell.u_sram/dout0[27]
 yz_bram_ctrl_inst.yz_ram.u_mem.u_mem.g_2k\[1\].u_cell.u_sram/dout0[28]
 yz_bram_ctrl_inst.yz_ram.u_mem.u_mem.g_2k\[1\].u_cell.u_sram/dout0[29]
 yz_bram_ctrl_inst.yz_ram.u_mem.u_mem.g_2k\[1\].u_cell.u_sram/dout0[2]
 yz_bram_ctrl_inst.yz_ram.u_mem.u_mem.g_2k\[1\].u_cell.u_sram/dout0[30]
 yz_bram_ctrl_inst.yz_ram.u_mem.u_mem.g_2k\[1\].u_cell.u_sram/dout0[31]
 yz_bram_ctrl_inst.yz_ram.u_mem.u_mem.g_2k\[1\].u_cell.u_sram/dout0[3]
 yz_bram_ctrl_inst.yz_ram.u_mem.u_mem.g_2k\[1\].u_cell.u_sram/dout0[4]
 yz_bram_ctrl_inst.yz_ram.u_mem.u_mem.g_2k\[1\].u_cell.u_sram/dout0[5]
 yz_bram_ctrl_inst.yz_ram.u_mem.u_mem.g_2k\[1\].u_cell.u_sram/dout0[6]
 yz_bram_ctrl_inst.yz_ram.u_mem.u_mem.g_2k\[1\].u_cell.u_sram/dout0[7]
 yz_bram_ctrl_inst.yz_ram.u_mem.u_mem.g_2k\[1\].u_cell.u_sram/dout0[8]
 yz_bram_ctrl_inst.yz_ram.u_mem.u_mem.g_2k\[1\].u_cell.u_sram/dout0[9]
 yz_bram_ctrl_inst.yz_ram.u_mem.u_mem.g_2k\[1\].u_cell.u_sram_30535/HI
 yz_bram_ctrl_inst.yz_ram.u_mem.u_mem.g_2k\[2\].u_cell.u_sram/dout0[0]
 yz_bram_ctrl_inst.yz_ram.u_mem.u_mem.g_2k\[2\].u_cell.u_sram/dout0[10]
 yz_bram_ctrl_inst.yz_ram.u_mem.u_mem.g_2k\[2\].u_cell.u_sram/dout0[11]
 yz_bram_ctrl_inst.yz_ram.u_mem.u_mem.g_2k\[2\].u_cell.u_sram/dout0[12]
 yz_bram_ctrl_inst.yz_ram.u_mem.u_mem.g_2k\[2\].u_cell.u_sram/dout0[13]
 yz_bram_ctrl_inst.yz_ram.u_mem.u_mem.g_2k\[2\].u_cell.u_sram/dout0[14]
 yz_bram_ctrl_inst.yz_ram.u_mem.u_mem.g_2k\[2\].u_cell.u_sram/dout0[15]
 yz_bram_ctrl_inst.yz_ram.u_mem.u_mem.g_2k\[2\].u_cell.u_sram/dout0[16]
 yz_bram_ctrl_inst.yz_ram.u_mem.u_mem.g_2k\[2\].u_cell.u_sram/dout0[17]
 yz_bram_ctrl_inst.yz_ram.u_mem.u_mem.g_2k\[2\].u_cell.u_sram/dout0[18]
 yz_bram_ctrl_inst.yz_ram.u_mem.u_mem.g_2k\[2\].u_cell.u_sram/dout0[19]
 yz_bram_ctrl_inst.yz_ram.u_mem.u_mem.g_2k\[2\].u_cell.u_sram/dout0[1]
 yz_bram_ctrl_inst.yz_ram.u_mem.u_mem.g_2k\[2\].u_cell.u_sram/dout0[20]
 yz_bram_ctrl_inst.yz_ram.u_mem.u_mem.g_2k\[2\].u_cell.u_sram/dout0[21]
 yz_bram_ctrl_inst.yz_ram.u_mem.u_mem.g_2k\[2\].u_cell.u_sram/dout0[22]
 yz_bram_ctrl_inst.yz_ram.u_mem.u_mem.g_2k\[2\].u_cell.u_sram/dout0[23]
 yz_bram_ctrl_inst.yz_ram.u_mem.u_mem.g_2k\[2\].u_cell.u_sram/dout0[24]
 yz_bram_ctrl_inst.yz_ram.u_mem.u_mem.g_2k\[2\].u_cell.u_sram/dout0[25]
 yz_bram_ctrl_inst.yz_ram.u_mem.u_mem.g_2k\[2\].u_cell.u_sram/dout0[26]
 yz_bram_ctrl_inst.yz_ram.u_mem.u_mem.g_2k\[2\].u_cell.u_sram/dout0[27]
 yz_bram_ctrl_inst.yz_ram.u_mem.u_mem.g_2k\[2\].u_cell.u_sram/dout0[28]
 yz_bram_ctrl_inst.yz_ram.u_mem.u_mem.g_2k\[2\].u_cell.u_sram/dout0[29]
 yz_bram_ctrl_inst.yz_ram.u_mem.u_mem.g_2k\[2\].u_cell.u_sram/dout0[2]
 yz_bram_ctrl_inst.yz_ram.u_mem.u_mem.g_2k\[2\].u_cell.u_sram/dout0[30]
 yz_bram_ctrl_inst.yz_ram.u_mem.u_mem.g_2k\[2\].u_cell.u_sram/dout0[31]
 yz_bram_ctrl_inst.yz_ram.u_mem.u_mem.g_2k\[2\].u_cell.u_sram/dout0[3]
 yz_bram_ctrl_inst.yz_ram.u_mem.u_mem.g_2k\[2\].u_cell.u_sram/dout0[4]
 yz_bram_ctrl_inst.yz_ram.u_mem.u_mem.g_2k\[2\].u_cell.u_sram/dout0[5]
 yz_bram_ctrl_inst.yz_ram.u_mem.u_mem.g_2k\[2\].u_cell.u_sram/dout0[6]
 yz_bram_ctrl_inst.yz_ram.u_mem.u_mem.g_2k\[2\].u_cell.u_sram/dout0[7]
 yz_bram_ctrl_inst.yz_ram.u_mem.u_mem.g_2k\[2\].u_cell.u_sram/dout0[8]
 yz_bram_ctrl_inst.yz_ram.u_mem.u_mem.g_2k\[2\].u_cell.u_sram/dout0[9]
 yz_bram_ctrl_inst.yz_ram.u_mem.u_mem.g_2k\[2\].u_cell.u_sram_30536/HI
 yz_bram_ctrl_inst.yz_ram.u_mem.u_mem.g_2k\[3\].u_cell.u_sram/dout0[0]
 yz_bram_ctrl_inst.yz_ram.u_mem.u_mem.g_2k\[3\].u_cell.u_sram/dout0[10]
 yz_bram_ctrl_inst.yz_ram.u_mem.u_mem.g_2k\[3\].u_cell.u_sram/dout0[11]
 yz_bram_ctrl_inst.yz_ram.u_mem.u_mem.g_2k\[3\].u_cell.u_sram/dout0[12]
 yz_bram_ctrl_inst.yz_ram.u_mem.u_mem.g_2k\[3\].u_cell.u_sram/dout0[13]
 yz_bram_ctrl_inst.yz_ram.u_mem.u_mem.g_2k\[3\].u_cell.u_sram/dout0[14]
 yz_bram_ctrl_inst.yz_ram.u_mem.u_mem.g_2k\[3\].u_cell.u_sram/dout0[15]
 yz_bram_ctrl_inst.yz_ram.u_mem.u_mem.g_2k\[3\].u_cell.u_sram/dout0[16]
 yz_bram_ctrl_inst.yz_ram.u_mem.u_mem.g_2k\[3\].u_cell.u_sram/dout0[17]
 yz_bram_ctrl_inst.yz_ram.u_mem.u_mem.g_2k\[3\].u_cell.u_sram/dout0[18]
 yz_bram_ctrl_inst.yz_ram.u_mem.u_mem.g_2k\[3\].u_cell.u_sram/dout0[19]
 yz_bram_ctrl_inst.yz_ram.u_mem.u_mem.g_2k\[3\].u_cell.u_sram/dout0[1]
 yz_bram_ctrl_inst.yz_ram.u_mem.u_mem.g_2k\[3\].u_cell.u_sram/dout0[20]
 yz_bram_ctrl_inst.yz_ram.u_mem.u_mem.g_2k\[3\].u_cell.u_sram/dout0[21]
 yz_bram_ctrl_inst.yz_ram.u_mem.u_mem.g_2k\[3\].u_cell.u_sram/dout0[22]
 yz_bram_ctrl_inst.yz_ram.u_mem.u_mem.g_2k\[3\].u_cell.u_sram/dout0[23]
 yz_bram_ctrl_inst.yz_ram.u_mem.u_mem.g_2k\[3\].u_cell.u_sram/dout0[24]
 yz_bram_ctrl_inst.yz_ram.u_mem.u_mem.g_2k\[3\].u_cell.u_sram/dout0[25]
 yz_bram_ctrl_inst.yz_ram.u_mem.u_mem.g_2k\[3\].u_cell.u_sram/dout0[26]
 yz_bram_ctrl_inst.yz_ram.u_mem.u_mem.g_2k\[3\].u_cell.u_sram/dout0[27]
 yz_bram_ctrl_inst.yz_ram.u_mem.u_mem.g_2k\[3\].u_cell.u_sram/dout0[28]
 yz_bram_ctrl_inst.yz_ram.u_mem.u_mem.g_2k\[3\].u_cell.u_sram/dout0[29]
 yz_bram_ctrl_inst.yz_ram.u_mem.u_mem.g_2k\[3\].u_cell.u_sram/dout0[2]
 yz_bram_ctrl_inst.yz_ram.u_mem.u_mem.g_2k\[3\].u_cell.u_sram/dout0[30]
 yz_bram_ctrl_inst.yz_ram.u_mem.u_mem.g_2k\[3\].u_cell.u_sram/dout0[31]
 yz_bram_ctrl_inst.yz_ram.u_mem.u_mem.g_2k\[3\].u_cell.u_sram/dout0[3]
 yz_bram_ctrl_inst.yz_ram.u_mem.u_mem.g_2k\[3\].u_cell.u_sram/dout0[4]
 yz_bram_ctrl_inst.yz_ram.u_mem.u_mem.g_2k\[3\].u_cell.u_sram/dout0[5]
 yz_bram_ctrl_inst.yz_ram.u_mem.u_mem.g_2k\[3\].u_cell.u_sram/dout0[6]
 yz_bram_ctrl_inst.yz_ram.u_mem.u_mem.g_2k\[3\].u_cell.u_sram/dout0[7]
 yz_bram_ctrl_inst.yz_ram.u_mem.u_mem.g_2k\[3\].u_cell.u_sram/dout0[8]
 yz_bram_ctrl_inst.yz_ram.u_mem.u_mem.g_2k\[3\].u_cell.u_sram/dout0[9]
 yz_bram_ctrl_inst.yz_ram.u_mem.u_mem.g_2k\[3\].u_cell.u_sram_30537/HI
Found 0 partially unannotated drivers.

===========================================================================
max slew violation count 341
max fanout violation count 0
max cap violation count 20
============================================================================

===========================================================================
check_setup -verbose -unconstrained_endpoints -multiple_clock -no_clock -no_input_delay -loops -generated_clocks
===========================================================================
